timestamp_absolute,timestamp_relative,shoulder_pan_joint_pos,shoulder_lift_joint_pos,elbow_joint_pos,wrist_1_joint_pos,wrist_2_joint_pos,wrist_3_joint_pos,shoulder_pan_joint_vel,shoulder_lift_joint_vel,elbow_joint_vel,wrist_1_joint_vel,wrist_2_joint_vel,wrist_3_joint_vel
1770743226.344777107,0.000000000,-2.089085881,-0.497043912,0.889037013,-0.363944832,0.961984992,1.557996035,0.000000000,-0.000000000,0.000000000,-0.000000000,0.000000000,0.000000000
1770743226.444777012,0.100000000,-2.087861385,-0.511255815,0.914036739,-0.376035422,0.963322936,1.581381959,0.024767475,-0.284636263,0.499971241,-0.241527709,0.027181266,0.470762681
1770743226.544777155,0.200000000,-2.083959620,-0.553561431,0.987693811,-0.411365048,0.967713686,1.653454547,0.054058132,-0.554254454,0.956331764,-0.455186760,0.062238112,0.970845347
1770743226.644777060,0.300000000,-2.076829070,-0.620579402,1.101601092,-0.464806650,0.976204706,1.775556530,0.090021994,-0.779105388,1.303626547,-0.601739391,0.110350456,1.471191168
1770743226.744777203,0.400000000,-2.065567288,-0.708232328,1.245034221,-0.529261187,0.990470777,1.947691719,0.137701598,-0.969886369,1.550030709,-0.674886119,0.179087553,1.971502642
1770743226.844777107,0.500000000,-2.049818117,-0.807478063,1.398995728,-0.593258854,1.011413889,2.155621333,0.171707890,-0.974479908,1.464109065,-0.575333939,0.232008840,2.094395352
1770743226.944777012,0.600000000,-2.031166041,-0.903282631,1.538046155,-0.644176541,1.036814106,2.365060857,0.202255917,-0.945171646,1.321731783,-0.443799123,0.276443902,2.094395276
1770743227.044777155,0.700000000,-2.009162743,-0.997108168,1.664050046,-0.682050339,1.066802537,2.574500378,0.238952765,-0.933852807,1.200826346,-0.313329480,0.323900149,2.094395164
1770743227.144777060,0.800000000,-1.983112348,-1.090481678,1.778532350,-0.706689241,1.101735532,2.783939899,0.283499844,-0.935378023,1.089726674,-0.178476435,0.375565061,2.094395194
1770743227.244777203,0.900000000,-1.952136562,-1.184466832,1.882058913,-0.717521779,1.142108812,2.993379420,0.337878366,-0.945384659,0.980583410,-0.036969657,0.433070531,2.094395104
1770743227.344777107,1.000000000,-1.917332855,-1.274419110,1.969737552,-0.714450228,1.185896960,3.191320696,0.349066032,-0.834772548,0.761262724,0.089552942,0.431210748,1.824404975
1770743227.444777012,1.100000000,-1.882426093,-1.352243660,2.036469215,-0.701219888,1.228289376,3.360511620,0.349066108,-0.726002779,0.582980469,0.168700110,0.417010974,1.571068798
1770743227.544777155,1.200000000,-1.847519493,-1.420302594,2.087885408,-0.681737263,1.269373149,3.507458403,0.349065946,-0.638015801,0.451704364,0.216840739,0.405032268,1.375983908
1770743227.644777060,1.300000000,-1.812612893,-1.480315635,2.127863799,-0.658527878,1.309363625,3.637073605,0.349065935,-0.564260925,0.352258009,0.244630328,0.395093767,1.222145971
1770743227.744777203,1.400000000,-1.777706299,-1.533489252,2.159079185,-0.633272333,1.348448573,3.752878132,0.349065910,-0.500720578,0.275205178,0.258642468,0.386867352,1.098261981
1770743227.844777107,1.500000000,-1.746980210,-1.575358923,2.180841512,-0.610258544,1.382228440,3.845475086,0.237432834,-0.307099788,0.150376940,0.179047502,0.259026992,0.685758442
1770743227.944777012,1.600000000,-1.731586734,-1.594766036,2.190069744,-0.598638813,1.398962207,3.889049193,0.066839286,-0.082279268,0.038034435,0.050472953,0.072424636,0.185728559
1770743228.044777155,1.700000000,-1.726539247,-1.600979494,2.192941989,-0.594827272,1.404431481,3.883282276,-0.000000024,0.000000121,0.000000092,-0.000000214,-0.000000026,-0.293677260
1770743228.144777060,1.800000000,-1.726539251,-1.600979472,2.192942006,-0.594827311,1.404431476,3.828914990,-0.000000066,0.000000327,0.000000250,-0.000000578,-0.000000071,-0.793670018
1770743228.244777203,1.900000000,-1.726539260,-1.600979429,2.192942039,-0.594827387,1.404431467,3.724548304,-0.000000108,0.000000533,0.000000407,-0.000000941,-0.000000115,-1.293663554
1770743228.344777107,2.000000000,-1.726539279,-1.600979369,2.192942089,-0.594827497,1.404431447,3.570182252,-0.000000386,0.000000586,0.000000642,-0.000001226,-0.000000396,-1.793657027
1770743228.444777012,2.100000000,-1.726539322,-1.600979304,2.192942161,-0.594827634,1.404431403,3.369787761,-0.000000451,0.000000684,0.000000749,-0.000001432,-0.000000462,-2.094395102
1770743228.544777155,2.200000000,-1.726539399,-1.600979248,2.192942233,-0.594827762,1.404431325,3.160348251,-0.000000840,0.000000529,0.000000716,-0.000001241,-0.000000850,-2.094395102
1770743228.644777060,2.300000000,-1.726539498,-1.600979204,2.192942301,-0.594827873,1.404431225,2.950908741,-0.000001160,0.000000331,0.000000625,-0.000000950,-0.000001168,-2.094395102
1770743228.744777203,2.400000000,-1.726539616,-1.600979173,2.192942362,-0.594827964,1.404431107,2.741469230,-0.000001387,0.000000107,0.000000483,-0.000000582,-0.000001392,-2.094395102
1770743228.844777107,2.500000000,-1.726539755,-1.600979163,2.192942410,-0.594828023,1.404430967,2.532029720,-0.000001387,0.000000107,0.000000483,-0.000000582,-0.000001392,-2.094395102
1770743228.944777012,2.600000000,-1.726539902,-1.600979169,2.192942445,-0.594828051,1.404430820,2.322590210,-0.000001502,-0.000000127,0.000000302,-0.000000167,-0.000001503,-2.094395102
1770743229.044777155,2.700000000,-1.726540052,-1.600979190,2.192942468,-0.594828052,1.404430670,2.113150700,-0.000001494,-0.000000350,0.000000097,0.000000261,-0.000001493,-2.094395102
1770743229.144777060,2.800000000,-1.726540201,-1.600979225,2.192942478,-0.594828026,1.404430521,1.903711190,-0.000001366,-0.000000545,-0.000000117,0.000000669,-0.000001361,-2.094395102
1770743229.244777203,2.900000000,-1.726540335,-1.600979278,2.192942466,-0.594827960,1.404430387,1.697797290,-0.000001244,-0.000000496,-0.000000106,0.000000609,-0.000001239,-1.906629021
1770743229.344777107,3.000000000,-1.726540434,-1.600979327,2.192942448,-0.594827893,1.404430289,1.532134388,-0.000000757,-0.000000467,-0.000000215,0.000000686,-0.000000752,-1.406629021
1770743229.444777012,3.100000000,-1.726540496,-1.600979366,2.192942431,-0.594827836,1.404430228,1.416471486,-0.000000488,-0.000000301,-0.000000139,0.000000442,-0.000000484,-0.906629021
1770743229.544777155,3.200000000,-1.726540531,-1.600979388,2.192942421,-0.594827804,1.404430192,1.350808584,-0.000000219,-0.000000135,-0.000000062,0.000000198,-0.000000217,-0.406629021
1770743229.644777060,3.300000000,-1.725490019,-1.595822352,2.187935211,-0.594979062,1.405482409,1.332921980,0.023024651,0.113028543,-0.109744555,-0.003315395,0.023061968,0.051897259
1770743229.744777203,3.400000000,-1.724936316,-1.593104256,2.185296100,-0.595058807,1.406036994,1.360348969,0.000000208,0.000000147,0.000000100,-0.000000321,-0.000000096,0.510759098
1770743229.844777107,3.500000000,-1.724936284,-1.593104234,2.185296116,-0.595058859,1.406036981,1.436424425,0.000000421,0.000000296,0.000000225,-0.000000735,-0.000000161,1.010750368
1770743229.944777012,3.600000000,-1.724936231,-1.593104196,2.185296145,-0.595058957,1.406036963,1.562499111,0.000000656,0.000000457,0.000000381,-0.000001265,-0.000000169,1.510743224
1770743230.044777155,3.700000000,-1.724936129,-1.593104148,2.185296166,-0.595059042,1.406037035,1.738573026,0.000001299,0.000000518,0.000000112,-0.000000639,0.000001295,2.010735007
1770743230.144777060,3.800000000,-1.724935991,-1.593104098,2.185296173,-0.595059100,1.406037172,1.947312009,0.000001479,0.000000346,-0.000000096,-0.000000258,0.000001478,2.094395102
1770743230.244777203,3.900000000,-1.724935843,-1.593104064,2.185296164,-0.595059126,1.406037319,2.156751520,0.000001479,0.000000346,-0.000000096,-0.000000258,0.000001478,2.094395102
1770743230.344777107,4.000000000,-1.724935695,-1.593104048,2.185296137,-0.595059116,1.406037468,2.366191030,0.000001487,0.000000124,-0.000000300,0.000000169,0.000001488,2.094395102
1770743230.444777012,4.100000000,-1.724935552,-1.593104047,2.185296098,-0.595059079,1.406037612,2.575630540,0.000001373,-0.000000108,-0.000000480,0.000000582,0.000001378,2.094395102
1770743230.544777155,4.200000000,-1.724935417,-1.593104060,2.185296049,-0.595059017,1.406037747,2.785070050,0.000001149,-0.000000332,-0.000000622,0.000000947,0.000001157,2.094395102
1770743230.644777060,4.300000000,-1.724935302,-1.593104093,2.185295987,-0.595058922,1.406037863,2.994509561,0.000001149,-0.000000332,-0.000000622,0.000000947,0.000001157,2.094395102
1770743230.744777203,4.400000000,-1.724935211,-1.593104141,2.185295918,-0.595058805,1.406037954,3.203949071,0.000000831,-0.000000528,-0.000000712,0.000001236,0.000000841,2.094395102
1770743230.844777107,4.500000000,-1.724935143,-1.593104200,2.185295845,-0.595058674,1.406038024,3.413388581,0.000000446,-0.000000682,-0.000000745,0.000001425,0.000000458,2.094395102
1770743230.944777012,4.600000000,-1.724935099,-1.593104269,2.185295771,-0.595058532,1.406038068,3.622828091,0.000000025,-0.000000780,-0.000000718,0.000001498,0.000000037,2.094395102
1770743231.044777155,4.700000000,-1.724935097,-1.593104345,2.185295700,-0.595058385,1.406038072,3.828256006,0.000000023,-0.000000705,-0.000000649,0.000001355,0.000000034,1.894105427
1770743231.144777060,4.800000000,-1.724935113,-1.593104408,2.185295647,-0.595058269,1.406038057,3.992666549,-0.000000265,-0.000000543,-0.000000421,0.000000965,-0.000000257,1.394105427
1770743231.244777203,4.900000000,-1.724935135,-1.593104452,2.185295613,-0.595058190,1.406038036,4.107077091,-0.000000170,-0.000000348,-0.000000270,0.000000619,-0.000000165,0.894105427
1770743231.344777107,5.000000000,-1.724935147,-1.593104477,2.185295593,-0.595058145,1.406038024,4.171487634,-0.000000075,-0.000000153,-0.000000119,0.000000273,-0.000000073,0.394105427
1770743231.444777012,5.100000000,-1.723851721,-1.587713081,2.180006022,-0.595161438,1.407123472,4.188185408,0.022191352,0.110429485,-0.108343560,-0.002116000,0.022232744,-0.064957041
1770743231.544777155,5.200000000,-1.723362698,-1.585279587,2.177618516,-0.595208097,1.407613393,4.159522786,0.000000051,0.000000190,0.000000214,-0.000000562,-0.000000226,-0.524247295
1770743231.644777060,5.300000000,-1.723362691,-1.585279560,2.177618547,-0.595208176,1.407613358,4.082098673,0.000000085,0.000000365,0.000000394,-0.000001006,-0.000000487,-1.024237181
1770743231.744777203,5.400000000,-1.723362681,-1.585279515,2.177618594,-0.595208294,1.407613294,3.954675323,0.000000104,0.000000529,0.000000540,-0.000001327,-0.000000785,-1.524230065
1770743231.844777107,5.500000000,-1.723362680,-1.585279450,2.177618655,-0.595208428,1.407613265,3.777252747,-0.000000024,0.000000750,0.000000690,-0.000001438,-0.000000036,-2.024221775
1770743231.944777012,5.600000000,-1.723362692,-1.585279375,2.177618727,-0.595208575,1.407613252,3.568306285,-0.000000442,0.000000679,0.000000741,-0.000001418,-0.000000453,-2.094395102
1770743232.044777155,5.700000000,-1.723362736,-1.585279307,2.177618801,-0.595208716,1.407613206,3.358866775,-0.000000442,0.000000679,0.000000741,-0.000001418,-0.000000453,-2.094395102
1770743232.144777060,5.800000000,-1.723362813,-1.585279253,2.177618872,-0.595208842,1.407613128,3.149427264,-0.000000823,0.000000526,0.000000709,-0.000001231,-0.000000833,-2.094395102
1770743232.244777203,5.900000000,-1.723362912,-1.585279210,2.177618939,-0.595208950,1.407613029,2.939987754,-0.000001137,0.000000332,0.000000618,-0.000000944,-0.000001145,-2.094395102
1770743232.344777107,6.000000000,-1.723363028,-1.585279180,2.177618998,-0.595209040,1.407612911,2.730548244,-0.000001360,0.000000110,0.000000478,-0.000000581,-0.000001365,-2.094395102
1770743232.444777012,6.100000000,-1.723363164,-1.585279169,2.177619046,-0.595209098,1.407612775,2.521108734,-0.000001360,0.000000110,0.000000478,-0.000000581,-0.000001365,-2.094395102
1770743232.544777155,6.200000000,-1.723363309,-1.585279176,2.177619080,-0.595209124,1.407612630,2.311669223,-0.000001472,-0.000000121,0.000000299,-0.000000170,-0.000001473,-2.094395102
1770743232.644777060,6.300000000,-1.723363456,-1.585279197,2.177619101,-0.595209123,1.407612483,2.102229713,-0.000001465,-0.000000342,0.000000095,0.000000254,-0.000001463,-2.094395102
1770743232.744777203,6.400000000,-1.723363602,-1.585279232,2.177619110,-0.595209096,1.407612337,1.892790203,-0.000001339,-0.000000535,-0.000000116,0.000000658,-0.000001334,-2.094395102
1770743232.844777107,6.500000000,-1.723363733,-1.585279285,2.177619099,-0.595209031,1.407612207,1.687910095,-0.000001203,-0.000000480,-0.000000104,0.000000591,-0.000001198,-1.880867541
1770743232.944777012,6.600000000,-1.723363827,-1.585279333,2.177619081,-0.595208964,1.407612114,1.524823341,-0.000000728,-0.000000451,-0.000000209,0.000000665,-0.000000723,-1.380867541
1770743233.044777155,6.700000000,-1.723363886,-1.585279370,2.177619063,-0.595208910,1.407612054,1.411736587,-0.000000465,-0.000000288,-0.000000133,0.000000424,-0.000000461,-0.880867541
1770743233.144777060,6.800000000,-1.723363920,-1.585279391,2.177619054,-0.595208880,1.407612021,1.348649833,-0.000000201,-0.000000124,-0.000000058,0.000000183,-0.000000199,-0.380867541
1770743233.244777203,6.900000000,-1.722237369,-1.579597090,2.171986651,-0.595260292,1.408740956,1.333184083,0.021034929,0.106098935,-0.105167085,-0.000960153,0.021079397,0.078756328
1770743233.344777107,7.000000000,-1.721822179,-1.577502947,2.169910914,-0.595279261,1.409157007,1.363162512,0.000000216,0.000000153,0.000000104,-0.000000333,-0.000000097,0.538802480
1770743233.444777012,7.100000000,-1.721822147,-1.577502924,2.169910930,-0.595279314,1.409156994,1.442042238,0.000000427,0.000000301,0.000000227,-0.000000741,-0.000000158,1.038793606
1770743233.544777155,7.200000000,-1.721822093,-1.577502886,2.169910960,-0.595279413,1.409156977,1.570921209,0.000000658,0.000000460,0.000000381,-0.000001264,-0.000000163,1.538786483
1770743233.644777060,7.300000000,-1.721821989,-1.577502839,2.169910979,-0.595279494,1.409157056,1.749799403,0.000001291,0.000000516,0.000000112,-0.000000637,0.000001287,2.038778079
1770743233.744777203,7.400000000,-1.721821853,-1.577502791,2.169910985,-0.595279549,1.409157191,1.958928969,0.000001450,0.000000338,-0.000000095,-0.000000251,0.000001448,2.094395102
1770743233.844777107,7.500000000,-1.721821708,-1.577502757,2.169910976,-0.595279574,1.409157336,2.168368479,0.000001450,0.000000338,-0.000000095,-0.000000251,0.000001448,2.094395102
1770743233.944777012,7.600000000,-1.721821563,-1.577502743,2.169910948,-0.595279561,1.409157482,2.377807989,0.000001457,0.000000118,-0.000000297,0.000000171,0.000001459,2.094395102
1770743234.044777155,7.700000000,-1.721821423,-1.577502744,2.169910909,-0.595279522,1.409157622,2.587247500,0.000001346,-0.000000111,-0.000000475,0.000000580,0.000001351,2.094395102
1770743234.144777060,7.800000000,-1.721821292,-1.577502759,2.169910859,-0.595279458,1.409157753,2.796687010,0.000001126,-0.000000332,-0.000000615,0.000000941,0.000001134,2.094395102
1770743234.244777203,7.900000000,-1.721821179,-1.577502792,2.169910797,-0.595279364,1.409157867,3.006126520,0.000001126,-0.000000332,-0.000000615,0.000000941,0.000001134,2.094395102
1770743234.344777107,8.000000000,-1.721821092,-1.577502841,2.169910729,-0.595279247,1.409157955,3.215566030,0.000000815,-0.000000525,-0.000000705,0.000001226,0.000000825,2.094395102
1770743234.444777012,8.100000000,-1.721821027,-1.577502900,2.169910657,-0.595279116,1.409158021,3.425005541,0.000000438,-0.000000676,-0.000000738,0.000001411,0.000000449,2.094395102
1770743234.544777155,8.200000000,-1.721820987,-1.577502968,2.169910583,-0.595278974,1.409158063,3.634445051,0.000000025,-0.000000772,-0.000000711,0.000001483,0.000000037,2.094395102
1770743234.644777060,8.300000000,-1.721820984,-1.577503043,2.169910514,-0.595278829,1.409158066,3.838679187,0.000000022,-0.000000688,-0.000000633,0.000001321,0.000000033,1.866242212
1770743234.744777203,8.400000000,-1.721821002,-1.577503105,2.169910463,-0.595278717,1.409158050,4.000303408,-0.000000254,-0.000000525,-0.000000408,0.000000935,-0.000000247,1.366242212
1770743234.844777107,8.500000000,-1.721821023,-1.577503147,2.169910430,-0.595278641,1.409158029,4.111927629,-0.000000161,-0.000000333,-0.000000259,0.000000593,-0.000000157,0.866242212
1770743234.944777012,8.600000000,-1.721821034,-1.577503171,2.169910411,-0.595278599,1.409158018,4.173551850,-0.000000068,-0.000000141,-0.000000109,0.000000251,-0.000000066,0.366242212
1770743235.044777155,8.700000000,-1.720659513,-1.571565104,2.163964834,-0.595272641,1.410322293,4.187638162,0.019902389,0.101747202,-0.101875642,0.000101830,0.019949519,-0.093741189
1770743235.144777060,8.800000000,-1.720309180,-1.569774099,2.162171591,-0.595270880,1.410673439,4.156251744,0.000000051,0.000000198,0.000000218,-0.000000565,-0.000000243,-0.554075360
1770743235.244777203,8.900000000,-1.720309173,-1.569774070,2.162171622,-0.595270960,1.410673403,4.075844453,0.000000088,0.000000372,0.000000400,-0.000001019,-0.000000487,-1.054069561
1770743235.344777107,9.000000000,-1.720309163,-1.569774025,2.162171670,-0.595271078,1.410673340,3.945437908,0.000000108,0.000000535,0.000000543,-0.000001333,-0.000000778,-1.554062465
1770743235.444777012,9.100000000,-1.720309162,-1.569773960,2.162171731,-0.595271211,1.410673316,3.765032141,-0.000000024,0.000000753,0.000000693,-0.000001444,-0.000000036,-2.054054056
1770743235.544777155,9.200000000,-1.720309176,-1.569773886,2.162171802,-0.595271356,1.410673301,3.555755982,-0.000000433,0.000000673,0.000000734,-0.000001405,-0.000000445,-2.094395102
1770743235.644777060,9.300000000,-1.720309220,-1.569773819,2.162171876,-0.595271497,1.410673256,3.346316472,-0.000000433,0.000000673,0.000000734,-0.000001405,-0.000000445,-2.094395102
1770743235.744777203,9.400000000,-1.720309298,-1.569773765,2.162171946,-0.595271620,1.410673177,3.136876962,-0.000000807,0.000000523,0.000000701,-0.000001220,-0.000000817,-2.094395102
1770743235.844777107,9.500000000,-1.720309396,-1.569773724,2.162172011,-0.595271726,1.410673078,2.927437452,-0.000001115,0.000000332,0.000000612,-0.000000937,-0.000001123,-2.094395102
1770743235.944777012,9.600000000,-1.720309512,-1.569773695,2.162172069,-0.595271812,1.410672961,2.717997941,-0.000001333,0.000000113,0.000000473,-0.000000578,-0.000001338,-2.094395102
1770743236.044777155,9.700000000,-1.720309645,-1.569773684,2.162172117,-0.595271870,1.410672828,2.508558431,-0.000001333,0.000000113,0.000000473,-0.000000578,-0.000001338,-2.094395102
1770743236.144777060,9.800000000,-1.720309788,-1.569773692,2.162172149,-0.595271894,1.410672685,2.299118921,-0.000001443,-0.000000115,0.000000296,-0.000000173,-0.000001445,-2.094395102
1770743236.244777203,9.900000000,-1.720309932,-1.569773713,2.162172169,-0.595271891,1.410672541,2.089679411,-0.000001436,-0.000000334,0.000000094,0.000000247,-0.000001434,-2.094395102
1770743236.344777107,10.000000000,-1.720310074,-1.569773749,2.162172176,-0.595271862,1.410672399,1.880239900,-0.000001313,-0.000000525,-0.000000114,0.000000647,-0.000001308,-2.094395102
1770743236.444777012,10.100000000,-1.720310202,-1.569773800,2.162172165,-0.595271799,1.410672272,1.676719245,-0.000001160,-0.000000464,-0.000000101,0.000000572,-0.000001156,-1.851108144
1770743236.544777155,10.200000000,-1.720310291,-1.569773847,2.162172147,-0.595271733,1.410672183,1.516608430,-0.000000699,-0.000000435,-0.000000203,0.000000641,-0.000000694,-1.351108144
1770743236.644777060,10.300000000,-1.720310348,-1.569773883,2.162172130,-0.595271681,1.410672127,1.406497616,-0.000000440,-0.000000274,-0.000000128,0.000000404,-0.000000437,-0.851108144
1770743236.744777203,10.400000000,-1.720310379,-1.569773902,2.162172121,-0.595271652,1.410672096,1.346386802,-0.000000182,-0.000000113,-0.000000053,0.000000167,-0.000000180,-0.351108144
1770743236.844777107,10.500000000,-1.719111606,-1.563562799,2.155891147,-0.595203370,1.411874020,1.333646328,0.018475469,0.095724768,-0.096801477,0.001052190,0.018523988,0.108186387
1770743236.944777012,10.600000000,-1.718827430,-1.562090484,2.154402285,-0.595187206,1.412158925,1.366317796,0.000000227,0.000000160,0.000000114,-0.000000367,-0.000000092,0.568075770
1770743237.044777155,10.700000000,-1.718827397,-1.562090460,2.154402302,-0.595187261,1.412158913,1.448125109,0.000000434,0.000000306,0.000000230,-0.000000748,-0.000000155,1.068069871
1770743237.144777060,10.800000000,-1.718827342,-1.562090422,2.154402332,-0.595187361,1.412158897,1.579931665,0.000000661,0.000000463,0.000000382,-0.000001264,-0.000000158,1.568062746
1770743237.244777203,10.900000000,-1.718827237,-1.562090375,2.154402350,-0.595187437,1.412158982,1.761737436,0.000001284,0.000000514,0.000000113,-0.000000636,0.000001280,2.068054342
1770743237.344777107,11.000000000,-1.718827103,-1.562090329,2.154402354,-0.595187488,1.412159116,1.971106943,0.000001422,0.000000330,-0.000000094,-0.000000244,0.000001420,2.094395102
1770743237.444777012,11.100000000,-1.718826960,-1.562090296,2.154402345,-0.595187513,1.412159258,2.180546453,0.000001422,0.000000330,-0.000000094,-0.000000244,0.000001420,2.094395102
1770743237.544777155,11.200000000,-1.718826817,-1.562090284,2.154402316,-0.595187497,1.412159401,2.389985963,0.000001429,0.000000112,-0.000000294,0.000000174,0.000001431,2.094395102
1770743237.644777060,11.300000000,-1.718826681,-1.562090286,2.154402277,-0.595187456,1.412159538,2.599425474,0.000001320,-0.000000114,-0.000000470,0.000000577,0.000001325,2.094395102
1770743237.744777203,11.400000000,-1.718826554,-1.562090303,2.154402226,-0.595187390,1.412159665,2.808864984,0.000001105,-0.000000331,-0.000000609,0.000000934,0.000001112,2.094395102
1770743237.844777107,11.500000000,-1.718826443,-1.562090336,2.154402165,-0.595187296,1.412159776,3.018304494,0.000001105,-0.000000331,-0.000000609,0.000000934,0.000001112,2.094395102
1770743237.944777012,11.600000000,-1.718826360,-1.562090385,2.154402097,-0.595187178,1.412159861,3.227744004,0.000000799,-0.000000522,-0.000000698,0.000001215,0.000000809,2.094395102
1770743238.044777155,11.700000000,-1.718826298,-1.562090445,2.154402025,-0.595187048,1.412159924,3.437183515,0.000000429,-0.000000670,-0.000000730,0.000001398,0.000000441,2.094395102
1770743238.144777060,11.800000000,-1.718826261,-1.562090513,2.154401953,-0.595186907,1.412159962,3.646623025,0.000000024,-0.000000764,-0.000000703,0.000001467,0.000000036,2.094395102
1770743238.244777203,11.900000000,-1.718826259,-1.562090587,2.154401885,-0.595186765,1.412159966,3.849430279,0.000000021,-0.000000670,-0.000000617,0.000001287,0.000000032,1.836863430
1770743238.344777107,12.000000000,-1.718826277,-1.562090647,2.154401836,-0.595186656,1.412159948,4.008116622,-0.000000244,-0.000000508,-0.000000395,0.000000905,-0.000000237,1.336863430
1770743238.444777012,12.100000000,-1.718826297,-1.562090688,2.154401804,-0.595186583,1.412159929,4.116802965,-0.000000153,-0.000000318,-0.000000248,0.000000566,-0.000000148,0.836863430
1770743238.544777155,12.200000000,-1.718826308,-1.562090710,2.154401786,-0.595186543,1.412159918,4.175489308,-0.000000062,-0.000000128,-0.000000100,0.000000228,-0.000000060,0.336863430
1770743238.644777060,12.300000000,-1.717605630,-1.555681219,2.147856582,-0.595052439,1.413384128,4.186943463,0.017210030,0.090365665,-0.092278836,0.001890471,0.017259763,-0.121725370
1770743238.744777203,12.400000000,-1.717371513,-1.554451936,2.146601298,-0.595026755,1.413618904,4.153082995,0.000000054,0.000000206,0.000000225,-0.000000583,-0.000000247,-0.580867538
1770743238.844777107,12.500000000,-1.717371506,-1.554451907,2.146601330,-0.595026836,1.413618868,4.069996520,0.000000091,0.000000378,0.000000404,-0.000001029,-0.000000486,-1.080861661
1770743238.944777012,12.600000000,-1.717371496,-1.554451861,2.146601377,-0.595026955,1.413618805,3.936910803,0.000000112,0.000000540,0.000000545,-0.000001336,-0.000000769,-1.580854543
1770743239.044777155,12.700000000,-1.717371495,-1.554451795,2.146601439,-0.595027087,1.413618786,3.753825874,-0.000000024,0.000000755,0.000000695,-0.000001448,-0.000000036,-2.080846138
1770743239.144777060,12.800000000,-1.717371512,-1.554451722,2.146601509,-0.595027230,1.413618768,3.544405339,-0.000000425,0.000000667,0.000000726,-0.000001391,-0.000000437,-2.094395102
1770743239.244777203,12.900000000,-1.717371554,-1.554451656,2.146601582,-0.595027369,1.413618725,3.334965829,-0.000000425,0.000000667,0.000000726,-0.000001391,-0.000000437,-2.094395102
1770743239.344777107,13.000000000,-1.717371633,-1.554451603,2.146601651,-0.595027490,1.413618645,3.125526318,-0.000000792,0.000000520,0.000000694,-0.000001210,-0.000000802,-2.094395102
1770743239.444777012,13.100000000,-1.717371731,-1.554451563,2.146601715,-0.595027594,1.413618546,2.916086808,-0.000001094,0.000000331,0.000000606,-0.000000931,-0.000001102,-2.094395102
1770743239.544777155,13.200000000,-1.717371845,-1.554451536,2.146601772,-0.595027678,1.413618431,2.706647298,-0.000001308,0.000000115,0.000000468,-0.000000576,-0.000001313,-2.094395102
1770743239.644777060,13.300000000,-1.717371976,-1.554451524,2.146601819,-0.595027736,1.413618299,2.497207788,-0.000001308,0.000000115,0.000000468,-0.000000576,-0.000001313,-2.094395102
1770743239.744777203,13.400000000,-1.717372117,-1.554451533,2.146601850,-0.595027757,1.413618159,2.287768277,-0.000001416,-0.000000110,0.000000293,-0.000000175,-0.000001417,-2.094395102
1770743239.844777107,13.500000000,-1.717372258,-1.554451555,2.146601869,-0.595027753,1.413618017,2.078328767,-0.000001409,-0.000000326,0.000000093,0.000000241,-0.000001407,-2.094395102
1770743239.944777012,13.600000000,-1.717372397,-1.554451591,2.146601875,-0.595027722,1.413617879,1.868889257,-0.000001288,-0.000000516,-0.000000113,0.000000637,-0.000001283,-2.094395102
1770743240.044777155,13.700000000,-1.717372521,-1.554451641,2.146601864,-0.595027661,1.413617755,1.666753833,-0.000001122,-0.000000449,-0.000000099,0.000000554,-0.000001117,-1.824134379
1770743240.144777060,13.800000000,-1.717372606,-1.554451687,2.146601845,-0.595027595,1.413617670,1.509340395,-0.000000672,-0.000000420,-0.000000196,0.000000620,-0.000000667,-1.324134379
1770743240.244777203,13.900000000,-1.717372661,-1.554451721,2.146601829,-0.595027545,1.413617616,1.401926957,-0.000000418,-0.000000261,-0.000000122,0.000000386,-0.000000415,-0.824134379
1770743240.344777107,14.000000000,-1.717372690,-1.554451739,2.146601821,-0.595027518,1.413617588,1.344513519,-0.000000164,-0.000000103,-0.000000048,0.000000152,-0.000000163,-0.324134379
1770743240.444777012,14.100000000,-1.716131683,-1.547848489,2.139793629,-0.594824200,1.414862518,1.334178913,0.015752494,0.083816576,-0.086417817,0.002580623,0.015802229,0.133780204
1770743240.544777155,14.200000000,-1.715945136,-1.546855963,2.138770316,-0.594793661,1.415049635,1.369103753,0.000000234,0.000000165,0.000000117,-0.000000376,-0.000000092,0.592527329
1770743240.644777060,14.300000000,-1.715945103,-1.546855940,2.138770334,-0.594793717,1.415049622,1.453356192,0.000000438,0.000000309,0.000000232,-0.000000752,-0.000000151,1.092521376
1770743240.744777203,14.400000000,-1.715945048,-1.546855901,2.138770364,-0.594793818,1.415049607,1.587607860,0.000000669,0.000000467,0.000000392,-0.000001299,-0.000000131,1.592512443
1770743240.844777107,14.500000000,-1.715944941,-1.546855855,2.138770380,-0.594793889,1.415049698,1.771858730,0.000001275,0.000000511,0.000000113,-0.000000633,0.000001270,2.092264817
1770743240.944777012,14.600000000,-1.715944809,-1.546855810,2.138770384,-0.594793938,1.415049830,1.981297271,0.000001396,0.000000323,-0.000000093,-0.000000238,0.000001394,2.094395102
1770743241.044777155,14.700000000,-1.715944670,-1.546855778,2.138770374,-0.594793961,1.415049969,2.190736781,0.000001402,0.000000107,-0.000000291,0.000000176,0.000001404,2.094395102
1770743241.144777060,14.800000000,-1.715944529,-1.546855768,2.138770345,-0.594793944,1.415050110,2.400176291,0.000001402,0.000000107,-0.000000291,0.000000176,0.000001404,2.094395102
1770743241.244777203,14.900000000,-1.715944396,-1.546855771,2.138770305,-0.594793900,1.415050243,2.609615801,0.000001296,-0.000000116,-0.000000466,0.000000575,0.000001300,2.094395102
1770743241.344777107,15.000000000,-1.715944272,-1.546855789,2.138770255,-0.594793833,1.415050368,2.819055311,0.000001084,-0.000000331,-0.000000602,0.000000927,0.000001092,2.094395102
1770743241.444777012,15.100000000,-1.715944164,-1.546855822,2.138770194,-0.594793740,1.415050477,3.028494822,0.000001084,-0.000000331,-0.000000602,0.000000927,0.000001092,2.094395102
1770743241.544777155,15.200000000,-1.715944083,-1.546855872,2.138770126,-0.594793622,1.415050559,3.237934332,0.000000784,-0.000000518,-0.000000691,0.000001205,0.000000794,2.094395102
1770743241.644777060,15.300000000,-1.715944025,-1.546855932,2.138770055,-0.594793492,1.415050618,3.447373842,0.000000421,-0.000000664,-0.000000723,0.000001384,0.000000433,2.094395102
1770743241.744777203,15.400000000,-1.715943990,-1.546856000,2.138769983,-0.594793352,1.415050654,3.656813352,0.000000024,-0.000000756,-0.000000696,0.000001452,0.000000036,2.094395102
1770743241.844777107,15.500000000,-1.715943988,-1.546856073,2.138769917,-0.594793212,1.415050657,3.858291467,0.000000021,-0.000000654,-0.000000602,0.000001256,0.000000031,1.812235660
1770743241.944777012,15.600000000,-1.715944007,-1.546856131,2.138769869,-0.594793107,1.415050639,4.014515033,-0.000000235,-0.000000493,-0.000000384,0.000000878,-0.000000228,1.312235660
1770743242.044777155,15.700000000,-1.715944026,-1.546856171,2.138769838,-0.594793036,1.415050620,4.120738599,-0.000000145,-0.000000305,-0.000000238,0.000000544,-0.000000141,0.812235660
1770743242.144777060,15.800000000,-1.715944036,-1.546856192,2.138769821,-0.594792998,1.415050610,4.176962165,-0.000000056,-0.000000117,-0.000000091,0.000000209,-0.000000054,0.312235660
1770743242.244777203,15.900000000,-1.714695045,-1.540122029,2.131760651,-0.594519613,1.416303892,4.186229305,0.014514751,0.078258795,-0.081454519,0.003176836,0.014564548,-0.145005354
1770743242.344777107,16.000000000,-1.714543038,-1.539302464,2.130907645,-0.594486379,1.416456403,4.150329803,0.000000056,0.000000211,0.000000231,-0.000000595,-0.000000250,-0.603055235
1770743242.444777012,16.100000000,-1.714543031,-1.539302435,2.130907677,-0.594486461,1.416456367,4.065024585,0.000000093,0.000000382,0.000000407,-0.000001034,-0.000000482,-1.103049300
1770743242.544777155,16.200000000,-1.714543020,-1.539302389,2.130907725,-0.594486579,1.416456305,3.929720143,0.000000111,0.000000539,0.000000534,-0.000001293,-0.000000769,-1.603040373
1770743242.644777060,16.300000000,-1.714543020,-1.539302323,2.130907786,-0.594486710,1.416456289,3.744424568,-0.000000024,0.000000752,0.000000692,-0.000001442,-0.000000036,-2.094395102
1770743242.744777203,16.400000000,-1.714543038,-1.539302251,2.130907857,-0.594486852,1.416456270,3.534985057,-0.000000417,0.000000661,0.000000719,-0.000001378,-0.000000429,-2.094395102
1770743242.844777107,16.500000000,-1.714543081,-1.539302185,2.130907928,-0.594486989,1.416456226,3.325545547,-0.000000777,0.000000516,0.000000687,-0.000001199,-0.000000787,-2.094395102
1770743242.944777012,16.600000000,-1.714543159,-1.539302134,2.130907997,-0.594487109,1.416456147,3.116106037,-0.000000777,0.000000516,0.000000687,-0.000001199,-0.000000787,-2.094395102
1770743243.044777155,16.700000000,-1.714543256,-1.539302094,2.130908060,-0.594487210,1.416456049,2.906666527,-0.000001074,0.000000330,0.000000600,-0.000000924,-0.000001081,-2.094395102
1770743243.144777060,16.800000000,-1.714543370,-1.539302068,2.130908116,-0.594487292,1.416455935,2.697227016,-0.000001283,0.000000117,0.000000463,-0.000000574,-0.000001288,-2.094395102
1770743243.244777203,16.900000000,-1.714543498,-1.539302056,2.130908162,-0.594487350,1.416455806,2.487787506,-0.000001283,0.000000117,0.000000463,-0.000000574,-0.000001288,-2.094395102
1770743243.344777107,17.000000000,-1.714543636,-1.539302065,2.130908192,-0.594487370,1.416455667,2.278347996,-0.000001389,-0.000000105,0.000000290,-0.000000177,-0.000001391,-2.094395102
1770743243.444777012,17.100000000,-1.714543775,-1.539302088,2.130908210,-0.594487364,1.416455529,2.068908486,-0.000001382,-0.000000319,0.000000093,0.000000234,-0.000001381,-2.094395102
1770743243.544777155,17.200000000,-1.714543911,-1.539302124,2.130908215,-0.594487332,1.416455394,1.859468975,-0.000001264,-0.000000507,-0.000000112,0.000000627,-0.000001259,-2.094395102
1770743243.644777060,17.300000000,-1.714544032,-1.539302173,2.130908204,-0.594487272,1.416455273,1.658592122,-0.000001087,-0.000000436,-0.000000096,0.000000539,-0.000001083,-1.801774933
1770743243.744777203,17.400000000,-1.714544113,-1.539302218,2.130908185,-0.594487207,1.416455192,1.503414629,-0.000000648,-0.000000407,-0.000000191,0.000000602,-0.000000643,-1.301774933
1770743243.844777107,17.500000000,-1.714544166,-1.539302251,2.130908170,-0.594487158,1.416455140,1.398237135,-0.000000399,-0.000000250,-0.000000118,0.000000371,-0.000000396,-0.801774933
1770743243.944777012,17.600000000,-1.714544193,-1.539302268,2.130908161,-0.594487133,1.416455113,1.343059642,-0.000000150,-0.000000094,-0.000000044,0.000000139,-0.000000149,-0.301774933
1770743244.044777155,17.700000000,-1.713288143,-1.532440378,2.123699217,-0.594141698,1.417715827,1.334700328,0.013121151,0.071681238,-0.075306551,0.003608376,0.013169803,0.154806752
1770743244.144777060,17.800000000,-1.713168899,-1.531789010,2.123014923,-0.594108930,1.417835494,1.371458458,0.000000239,0.000000169,0.000000119,-0.000000383,-0.000000090,0.612519514
1770743244.244777203,17.900000000,-1.713168865,-1.531788986,2.123014940,-0.594108987,1.417835482,1.457710092,0.000000440,0.000000311,0.000000233,-0.000000753,-0.000000146,1.112513524
1770743244.344777107,18.000000000,-1.713168810,-1.531788947,2.123014971,-0.594109088,1.417835468,1.593960938,0.000000668,0.000000467,0.000000391,-0.000001291,-0.000000125,1.612504576
1770743244.444777012,18.100000000,-1.713168703,-1.531788901,2.123014985,-0.594109155,1.417835563,1.780177608,0.000001252,0.000000503,0.000000112,-0.000000624,0.000001248,2.094395102
1770743244.544777155,18.200000000,-1.713168573,-1.531788859,2.123014988,-0.594109201,1.417835692,1.989617119,0.000001370,0.000000316,-0.000000092,-0.000000231,0.000001368,2.094395102
1770743244.644777060,18.300000000,-1.713168436,-1.531788828,2.123014978,-0.594109223,1.417835829,2.199056629,0.000001376,0.000000103,-0.000000288,0.000000178,0.000001378,2.094395102
1770743244.744777203,18.400000000,-1.713168298,-1.531788818,2.123014949,-0.594109205,1.417835967,2.408496139,0.000001376,0.000000103,-0.000000288,0.000000178,0.000001378,2.094395102
1770743244.844777107,18.500000000,-1.713168168,-1.531788823,2.123014909,-0.594109160,1.417836098,2.617935649,0.000001272,-0.000000118,-0.000000461,0.000000572,0.000001276,2.094395102
1770743244.944777012,18.600000000,-1.713168047,-1.531788842,2.123014858,-0.594109092,1.417836219,2.827375160,0.000001064,-0.000000330,-0.000000597,0.000000920,0.000001071,2.094395102
1770743245.044777155,18.700000000,-1.713167941,-1.531788874,2.123014799,-0.594109000,1.417836326,3.036814670,0.000001064,-0.000000330,-0.000000597,0.000000920,0.000001071,2.094395102
1770743245.144777060,18.800000000,-1.713167862,-1.531788925,2.123014731,-0.594108881,1.417836405,3.246254180,0.000000770,-0.000000515,-0.000000684,0.000001194,0.000000780,2.094395102
1770743245.244777203,18.900000000,-1.713167807,-1.531788985,2.123014660,-0.594108752,1.417836462,3.455693690,0.000000414,-0.000000658,-0.000000716,0.000001371,0.000000425,2.094395102
1770743245.344777107,19.000000000,-1.713167774,-1.531789053,2.123014589,-0.594108613,1.417836496,3.665133200,0.000000024,-0.000000748,-0.000000689,0.000001437,0.000000036,2.094395102
1770743245.444777012,19.100000000,-1.713167772,-1.531789124,2.123014523,-0.594108475,1.417836499,3.865433170,0.000000020,-0.000000640,-0.000000590,0.000001230,0.000000030,1.792078372
1770743245.544777155,19.200000000,-1.713167792,-1.531789181,2.123014477,-0.594108373,1.417836480,4.019641007,-0.000000227,-0.000000479,-0.000000375,0.000000855,-0.000000220,1.292078372
1770743245.644777060,19.300000000,-1.713167810,-1.531789220,2.123014447,-0.594108304,1.417836462,4.123848844,-0.000000139,-0.000000294,-0.000000230,0.000000524,-0.000000135,0.792078372
1770743245.744777203,19.400000000,-1.713167820,-1.531789240,2.123014431,-0.594108268,1.417836453,4.178056682,-0.000000051,-0.000000108,-0.000000085,0.000000193,-0.000000050,0.292078372
1770743245.844777107,19.500000000,-1.711914245,-1.524850487,2.115657589,-0.593691783,1.419095039,4.185552252,0.011997692,0.066409191,-0.070410460,0.003985865,0.012045579,-0.163873690
1770743245.944777012,19.600000000,-1.711817601,-1.524315556,2.115090455,-0.593659714,1.419192050,4.148019220,0.000000057,0.000000215,0.000000234,-0.000000604,-0.000000251,-0.620918324
1770743246.044777155,19.700000000,-1.711817593,-1.524315526,2.115090487,-0.593659796,1.419192014,4.060927716,0.000000091,0.000000382,0.000000401,-0.000001007,-0.000000488,-1.120909628
1770743246.144777060,19.800000000,-1.711817583,-1.524315480,2.115090534,-0.593659913,1.419191952,3.923837001,0.000000114,0.000000540,0.000000534,-0.000001289,-0.000000756,-1.620903405
1770743246.244777203,19.900000000,-1.711817583,-1.524315414,2.115090596,-0.593660043,1.419191940,3.736817921,-0.000000024,0.000000744,0.000000685,-0.000001427,-0.000000036,-2.094395102
1770743246.344777107,20.000000000,-1.711817602,-1.524315344,2.115090665,-0.593660183,1.419191920,3.527378411,-0.000000410,0.000000655,0.000000712,-0.000001365,-0.000000421,-2.094395102
1770743246.444777012,20.100000000,-1.711817645,-1.524315279,2.115090736,-0.593660319,1.419191875,3.317938900,-0.000000763,0.000000513,0.000000680,-0.000001189,-0.000000773,-2.094395102
1770743246.544777155,20.200000000,-1.711817722,-1.524315228,2.115090804,-0.593660438,1.419191798,3.108499390,-0.000000763,0.000000513,0.000000680,-0.000001189,-0.000000773,-2.094395102
1770743246.644777060,20.300000000,-1.711817818,-1.524315189,2.115090866,-0.593660537,1.419191701,2.899059880,-0.000001054,0.000000329,0.000000594,-0.000000917,-0.000001062,-2.094395102
1770743246.744777203,20.400000000,-1.711817931,-1.524315163,2.115090921,-0.593660617,1.419191587,2.689620370,-0.000001260,0.000000119,0.000000459,-0.000000571,-0.000001265,-2.094395102
1770743246.844777107,20.500000000,-1.711818057,-1.524315152,2.115090967,-0.593660675,1.419191461,2.480180859,-0.000001260,0.000000119,0.000000459,-0.000000571,-0.000001265,-2.094395102
1770743246.944777012,20.600000000,-1.711818193,-1.524315161,2.115090996,-0.593660693,1.419191325,2.270741349,-0.000001364,-0.000000101,0.000000287,-0.000000178,-0.000001365,-2.094395102
1770743247.044777155,20.700000000,-1.711818329,-1.524315184,2.115091013,-0.593660686,1.419191189,2.061301839,-0.000001357,-0.000000312,0.000000092,0.000000229,-0.000001355,-2.094395102
1770743247.144777060,20.800000000,-1.711818462,-1.524315220,2.115091017,-0.593660654,1.419191056,1.851862329,-0.000001240,-0.000000499,-0.000000111,0.000000617,-0.000001235,-2.094395102
1770743247.244777203,20.900000000,-1.711818579,-1.524315267,2.115091007,-0.593660596,1.419190940,1.654258731,-0.000001037,-0.000000417,-0.000000093,0.000000516,-0.000001032,-1.750361493
1770743247.344777107,21.000000000,-1.711818656,-1.524315310,2.115090988,-0.593660533,1.419190863,1.504222582,-0.000000611,-0.000000385,-0.000000182,0.000000570,-0.000000606,-1.250361493
1770743247.444777012,21.100000000,-1.711818705,-1.524315341,2.115090974,-0.593660488,1.419190815,1.404186433,-0.000000367,-0.000000231,-0.000000109,0.000000342,-0.000000364,-0.750361493
1770743247.544777155,21.200000000,-1.711818729,-1.524315357,2.115090966,-0.593660465,1.419190790,1.354150283,-0.000000122,-0.000000077,-0.000000036,0.000000114,-0.000000121,-0.250361493
1770743247.644777060,21.300000000,-1.711916387,-1.524849330,2.115681509,-0.593716910,1.419092563,1.353111648,-0.001070974,-0.005856468,0.006477016,-0.000619191,-0.001077223,0.229059469
1770743247.744777203,21.400000000,-1.712140899,-1.526074948,2.117035469,-0.593844967,1.418866750,1.401017234,-0.003420051,-0.018657085,0.020601257,-0.001939834,-0.003439810,0.729053291
1770743247.844777107,21.500000000,-1.712602129,-1.528583347,2.119799651,-0.594100165,1.418402889,1.498921941,-0.005804149,-0.031510372,0.034683068,-0.003165319,-0.005837023,1.229044783
1770743247.944777012,21.600000000,-1.713304345,-1.532380965,2.123968957,-0.594470959,1.417696758,1.646826010,-0.008257096,-0.044467556,0.048683239,-0.004205147,-0.008302315,1.729037317
1770743248.044777155,21.700000000,-1.714245772,-1.537431569,2.129484270,-0.594934463,1.416750258,1.842916170,-0.010114946,-0.054034724,0.058838076,-0.004790394,-0.010168462,2.094395102
1770743248.144777060,21.800000000,-1.715264542,-1.542846056,2.135359713,-0.595394112,1.415726217,2.052355681,-0.010253261,-0.054244185,0.058679612,-0.004422230,-0.010305250,2.094395102
1770743248.244777203,21.900000000,-1.716297328,-1.548281791,2.141219292,-0.595816623,1.414688315,2.261795192,-0.010394525,-0.054458561,0.058521410,-0.004049406,-0.010444969,2.094395102
1770743248.344777107,22.000000000,-1.717344429,-1.553739273,2.147063030,-0.596201522,1.413636252,2.471234703,-0.010538824,-0.054677943,0.058363437,-0.003671800,-0.010587705,2.094395102
1770743248.444777012,22.100000000,-1.718406156,-1.559219010,2.152890949,-0.596548321,1.412569721,2.680674214,-0.010686247,-0.054902423,0.058205662,-0.003289288,-0.010733545,2.094395102
1770743248.544777155,22.200000000,-1.719482828,-1.564721518,2.158703067,-0.596856521,1.411488405,2.890113725,-0.010836886,-0.055132098,0.058048054,-0.002901741,-0.010882581,2.094395102
1770743248.644777060,22.300000000,-1.720574771,-1.570247326,2.164499400,-0.597125611,1.410391980,3.099553236,-0.010990835,-0.055367065,0.057890580,-0.002509028,-0.011034907,2.094395102
1770743248.744777203,22.400000000,-1.721682325,-1.575796969,2.170279959,-0.597355063,1.409280108,3.308992747,-0.011148194,-0.055607429,0.057733207,-0.002111015,-0.011190621,2.094395102
1770743248.844777107,22.500000000,-1.722805836,-1.581370995,2.176044752,-0.597544338,1.408152444,3.518432258,-0.011309066,-0.055853294,0.057575904,-0.001707562,-0.011349825,2.094395102
1770743248.944777012,22.600000000,-1.723945664,-1.586969962,2.181793784,-0.597692882,1.407008632,3.727871770,-0.011473556,-0.056104769,0.057418637,-0.001298529,-0.011512626,2.094395102
1770743249.044777155,22.700000000,-1.724971750,-1.591962999,2.186885540,-0.597790227,1.405979150,3.913847087,-0.008949218,-0.043326341,0.044017730,-0.000679368,-0.008977936,1.609994875
1770743249.144777060,22.800000000,-1.725730578,-1.595627247,2.190601163,-0.597840581,1.405217926,4.049846490,-0.006230503,-0.029963450,0.030291959,-0.000320114,-0.006249690,1.109992978
1770743249.244777203,22.900000000,-1.726214245,-1.597950178,2.192947244,-0.597863080,1.404732782,4.135845758,-0.003440780,-0.016492025,0.016631557,-0.000134888,-0.003451155,0.609992350
1770743249.344777107,23.000000000,-1.726417555,-1.598923850,2.193928545,-0.597870433,1.404528862,4.171844982,-0.000621958,-0.002976130,0.002997581,-0.000020610,-0.000623814,0.109992182
1770743249.444777012,23.100000000,-1.726512765,-1.599379374,2.194387312,-0.597873547,1.404433368,4.159159547,-0.000000244,-0.000000336,-0.000000172,0.000000508,-0.000000243,-0.372519397
1770743249.544777155,23.200000000,-1.726512806,-1.599379431,2.194387283,-0.597873462,1.404433327,4.096908198,-0.000000573,-0.000000787,-0.000000403,0.000001190,-0.000000570,-0.872512299
1770743249.644777060,23.300000000,-1.726512880,-1.599379532,2.194387231,-0.597873309,1.404433254,3.984657323,-0.000000901,-0.000001239,-0.000000634,0.000001874,-0.000000897,-1.372505218
1770743249.744777203,23.400000000,-1.726512934,-1.599379575,2.194387221,-0.597873255,1.404433199,3.822406987,-0.000000023,0.000000705,0.000000643,-0.000001348,-0.000000033,-1.872500632
1770743249.844777107,23.500000000,-1.726512937,-1.599379498,2.194387291,-0.597873403,1.404433195,3.617891603,-0.000000025,0.000000788,0.000000719,-0.000001508,-0.000000037,-2.094395102
1770743249.944777012,23.600000000,-1.726512982,-1.599379429,2.194387366,-0.597873546,1.404433149,3.408452093,-0.000000451,0.000000688,0.000000747,-0.000001433,-0.000000462,-2.094395102
1770743250.044777155,23.700000000,-1.726513052,-1.599379370,2.194387439,-0.597873677,1.404433078,3.199012583,-0.000000840,0.000000533,0.000000714,-0.000001243,-0.000000850,-2.094395102
1770743250.144777060,23.800000000,-1.726513144,-1.599379323,2.194387508,-0.597873794,1.404432985,2.989573072,-0.000001160,0.000000334,0.000000623,-0.000000952,-0.000001168,-2.094395102
1770743250.244777203,23.900000000,-1.726513260,-1.599379289,2.194387570,-0.597873889,1.404432868,2.780133562,-0.000001160,0.000000334,0.000000623,-0.000000952,-0.000001168,-2.094395102
1770743250.344777107,24.000000000,-1.726513397,-1.599379276,2.194387619,-0.597873951,1.404432731,2.570694052,-0.000001387,0.000000109,0.000000482,-0.000000584,-0.000001392,-2.094395102
1770743250.444777012,24.100000000,-1.726513542,-1.599379278,2.194387658,-0.597873986,1.404432586,2.361254542,-0.000001502,-0.000000126,0.000000302,-0.000000168,-0.000001503,-2.094395102
1770743250.544777155,24.200000000,-1.726513692,-1.599379295,2.194387684,-0.597873996,1.404432435,2.151815031,-0.000001494,-0.000000350,0.000000097,0.000000261,-0.000001492,-2.094395102
1770743250.644777060,24.300000000,-1.726513841,-1.599379330,2.194387694,-0.597873969,1.404432286,1.942375521,-0.000001494,-0.000000350,0.000000097,0.000000261,-0.000001492,-2.094395102
1770743250.744777203,24.400000000,-1.726513980,-1.599379380,2.194387686,-0.597873910,1.404432148,1.733847328,-0.000001304,-0.000000521,-0.000000110,0.000000639,-0.000001299,-1.998932186
1770743250.844777107,24.500000000,-1.726514087,-1.599379430,2.194387671,-0.597873844,1.404432041,1.558954110,-0.000000807,-0.000000500,-0.000000228,0.000000732,-0.000000801,-1.498932186
1770743250.944777012,24.600000000,-1.726514154,-1.599379472,2.194387652,-0.597873783,1.404431975,1.434060891,-0.000000538,-0.000000333,-0.000000152,0.000000488,-0.000000534,-0.998932186
1770743251.044777155,24.700000000,-1.726514195,-1.599379497,2.194387641,-0.597873747,1.404431935,1.359167673,-0.000000269,-0.000000166,-0.000000076,0.000000244,-0.000000267,-0.498932186
1770743251.144777060,24.800000000,-1.725900848,-1.596370925,2.191460420,-0.597955930,1.405046303,1.332818875,0.023470272,0.115123494,-0.112010100,-0.003145219,0.023509344,-0.040231509
1770743251.244777203,24.900000000,-1.724910374,-1.591512611,2.186733504,-0.598088674,1.406038414,1.351793068,0.000000170,0.000000121,0.000000082,-0.000000264,-0.000000078,0.418701430
1770743251.344777107,25.000000000,-1.724910346,-1.591512591,2.186733518,-0.598088719,1.406038402,1.418662886,0.000000380,0.000000269,0.000000196,-0.000000642,-0.000000155,0.918694524
1770743251.444777012,25.100000000,-1.724910297,-1.591512557,2.186733545,-0.598088807,1.406038385,1.535531922,0.000000610,0.000000428,0.000000346,-0.000001151,-0.000000176,1.418686739
1770743251.544777155,25.200000000,-1.724910207,-1.591512510,2.186733570,-0.598088904,1.406038430,1.702400215,0.000001239,0.000000496,0.000000106,-0.000000610,0.000001235,1.918678633
1770743251.644777060,25.300000000,-1.724910073,-1.591512457,2.186733581,-0.598088968,1.406038564,1.908751428,0.000001479,0.000000346,-0.000000097,-0.000000257,0.000001477,2.094395102
1770743251.744777203,25.400000000,-1.724909925,-1.591512422,2.186733571,-0.598088994,1.406038711,2.118190939,0.000001479,0.000000346,-0.000000097,-0.000000257,0.000001477,2.094395102
1770743251.844777107,25.500000000,-1.724909777,-1.591512402,2.186733548,-0.598088992,1.406038860,2.327630449,0.000001487,0.000000123,-0.000000300,0.000000169,0.000001488,2.094395102
1770743251.944777012,25.600000000,-1.724909632,-1.591512397,2.186733513,-0.598088962,1.406039005,2.537069959,0.000001373,-0.000000110,-0.000000480,0.000000583,0.000001378,2.094395102
1770743252.044777155,25.700000000,-1.724909494,-1.591512408,2.186733465,-0.598088904,1.406039143,2.746509469,0.000001373,-0.000000110,-0.000000480,0.000000583,0.000001378,2.094395102
1770743252.144777060,25.800000000,-1.724909378,-1.591512440,2.186733404,-0.598088812,1.406039260,2.955948980,0.000001149,-0.000000334,-0.000000620,0.000000949,0.000001157,2.094395102
1770743252.244777203,25.900000000,-1.724909281,-1.591512485,2.186733337,-0.598088701,1.406039358,3.165388490,0.000000831,-0.000000532,-0.000000710,0.000001238,0.000000841,2.094395102
1770743252.344777107,26.000000000,-1.724909206,-1.591512541,2.186733265,-0.598088573,1.406039434,3.374828000,0.000000446,-0.000000686,-0.000000743,0.000001426,0.000000458,2.094395102
1770743252.444777012,26.100000000,-1.724909161,-1.591512610,2.186733191,-0.598088430,1.406039480,3.584267510,0.000000446,-0.000000686,-0.000000743,0.000001426,0.000000458,2.094395102
1770743252.544777155,26.200000000,-1.724909152,-1.591512686,2.186733119,-0.598088282,1.406039490,3.792536020,0.000000024,-0.000000744,-0.000000678,0.000001422,0.000000035,1.986182321
1770743252.644777060,26.300000000,-1.724909163,-1.591512752,2.186733062,-0.598088159,1.406039481,3.966154252,-0.000000282,-0.000000581,-0.000000447,0.000001030,-0.000000274,1.486182321
1770743252.744777203,26.400000000,-1.724909186,-1.591512800,2.186733025,-0.598088074,1.406039458,4.089772484,-0.000000187,-0.000000386,-0.000000297,0.000000683,-0.000000182,0.986182321
1770743252.844777107,26.500000000,-1.724909200,-1.591512829,2.186733003,-0.598088023,1.406039444,4.163390716,-0.000000092,-0.000000190,-0.000000146,0.000000337,-0.000000090,0.486182321
1770743252.944777012,26.600000000,-1.724251441,-1.588242326,2.183517649,-0.598144057,1.406698459,4.188540649,0.023224320,0.115475292,-0.113527519,-0.001979046,0.023268674,0.026758164
1770743253.044777155,26.700000000,-1.723337132,-1.583696225,2.179048245,-0.598221991,1.407614505,4.168316209,0.000000042,0.000000158,0.000000176,-0.000000464,-0.000000186,-0.432419019
1770743253.144777060,26.800000000,-1.723337125,-1.583696200,2.179048272,-0.598222062,1.407614474,4.100074760,0.000000081,0.000000336,0.000000364,-0.000000943,-0.000000431,-0.932410675
1770743253.244777203,26.900000000,-1.723337116,-1.583696158,2.179048316,-0.598222174,1.407614416,3.981834120,0.000000102,0.000000503,0.000000517,-0.000001289,-0.000000724,-1.432403006
1770743253.344777107,27.000000000,-1.723337112,-1.583696097,2.179048374,-0.598222306,1.407614374,3.813594222,-0.000000023,0.000000720,0.000000656,-0.000001374,-0.000000035,-1.932394918
1770743253.444777012,27.100000000,-1.723337116,-1.583696021,2.179048444,-0.598222453,1.407614368,3.606779780,-0.000000442,0.000000683,0.000000739,-0.000001420,-0.000000453,-2.094395102
1770743253.544777155,27.200000000,-1.723337161,-1.583695953,2.179048518,-0.598222595,1.407614323,3.397340270,-0.000000442,0.000000683,0.000000739,-0.000001420,-0.000000453,-2.094395102
1770743253.644777060,27.300000000,-1.723337231,-1.583695895,2.179048590,-0.598222724,1.407614252,3.187900760,-0.000000823,0.000000530,0.000000706,-0.000001232,-0.000000833,-2.094395102
1770743253.744777203,27.400000000,-1.723337323,-1.583695848,2.179048658,-0.598222838,1.407614158,2.978461249,-0.000001137,0.000000335,0.000000617,-0.000000945,-0.000001145,-2.094395102
1770743253.844777107,27.500000000,-1.723337437,-1.583695815,2.179048719,-0.598222932,1.407614044,2.769021739,-0.000001137,0.000000335,0.000000617,-0.000000945,-0.000001145,-2.094395102
1770743253.944777012,27.600000000,-1.723337572,-1.583695802,2.179048767,-0.598222992,1.407613908,2.559582229,-0.000001360,0.000000112,0.000000477,-0.000000582,-0.000001365,-2.094395102
1770743254.044777155,27.700000000,-1.723337715,-1.583695805,2.179048805,-0.598223026,1.407613765,2.350142719,-0.000001472,-0.000000120,0.000000299,-0.000000171,-0.000001473,-2.094395102
1770743254.144777060,27.800000000,-1.723337862,-1.583695822,2.179048830,-0.598223033,1.407613618,2.140703208,-0.000001465,-0.000000342,0.000000096,0.000000254,-0.000001463,-2.094395102
1770743254.244777203,27.900000000,-1.723338008,-1.583695856,2.179048839,-0.598223008,1.407613472,1.931263698,-0.000001465,-0.000000342,0.000000096,0.000000254,-0.000001463,-2.094395102
1770743254.344777107,28.000000000,-1.723338143,-1.583695907,2.179048831,-0.598222948,1.407613338,1.723304780,-0.000001261,-0.000000505,-0.000000108,0.000000620,-0.000001256,-1.972715557
1770743254.444777012,28.100000000,-1.723338246,-1.583695956,2.179048815,-0.598222882,1.407613236,1.551033224,-0.000000777,-0.000000483,-0.000000222,0.000000709,-0.000000771,-1.472715557
1770743254.544777155,28.200000000,-1.723338310,-1.583695996,2.179048796,-0.598222823,1.407613172,1.428761668,-0.000000513,-0.000000319,-0.000000146,0.000000468,-0.000000509,-0.972715557
1770743254.644777060,28.300000000,-1.723338348,-1.583696020,2.179048786,-0.598222788,1.407613134,1.356490112,-0.000000249,-0.000000155,-0.000000071,0.000000228,-0.000000248,-0.472715557
1770743254.744777203,28.400000000,-1.722624087,-1.580096255,2.175473311,-0.598248034,1.408328938,1.332584042,0.023098306,0.116410014,-0.115624140,-0.000816759,0.023148189,-0.012905288
1770743254.844777107,28.500000000,-1.721796985,-1.575927895,2.171333102,-0.598277294,1.409157814,1.354131369,0.000000180,0.000000128,0.000000086,-0.000000277,-0.000000080,0.447206390
1770743254.944777012,28.600000000,-1.721796956,-1.575927875,2.171333116,-0.598277340,1.409157802,1.423851627,0.000000387,0.000000274,0.000000199,-0.000000650,-0.000000152,0.947199259
1770743255.044777155,28.700000000,-1.721796907,-1.575927840,2.171333143,-0.598277430,1.409157785,1.543571100,0.000000613,0.000000431,0.000000347,-0.000001151,-0.000000170,1.447191563
1770743255.144777060,28.800000000,-1.721796814,-1.575927793,2.171333167,-0.598277521,1.409157838,1.713289830,0.000001233,0.000000494,0.000000106,-0.000000609,0.000001229,1.947182077
1770743255.244777203,28.900000000,-1.721796682,-1.575927742,2.171333176,-0.598277583,1.409157970,1.920561550,0.000001450,0.000000338,-0.000000096,-0.000000250,0.000001448,2.094395102
1770743255.344777107,29.000000000,-1.721796537,-1.575927708,2.171333167,-0.598277608,1.409158115,2.130001060,0.000001450,0.000000338,-0.000000096,-0.000000250,0.000001448,2.094395102
1770743255.444777012,29.100000000,-1.721796391,-1.575927690,2.171333143,-0.598277603,1.409158260,2.339440570,0.000001457,0.000000117,-0.000000297,0.000000172,0.000001459,2.094395102
1770743255.544777155,29.200000000,-1.721796250,-1.575927687,2.171333107,-0.598277571,1.409158402,2.548880080,0.000001346,-0.000000113,-0.000000474,0.000000580,0.000001351,2.094395102
1770743255.644777060,29.300000000,-1.721796115,-1.575927698,2.171333059,-0.598277513,1.409158537,2.758319590,0.000001346,-0.000000113,-0.000000474,0.000000580,0.000001351,2.094395102
1770743255.744777203,29.400000000,-1.721796002,-1.575927731,2.171332998,-0.598277419,1.409158651,2.967759101,0.000001126,-0.000000334,-0.000000613,0.000000942,0.000001134,2.094395102
1770743255.844777107,29.500000000,-1.721795909,-1.575927777,2.171332931,-0.598277307,1.409158745,3.177198611,0.000000815,-0.000000529,-0.000000703,0.000001227,0.000000825,2.094395102
1770743255.944777012,29.600000000,-1.721795837,-1.575927834,2.171332860,-0.598277179,1.409158818,3.386638121,0.000000438,-0.000000680,-0.000000735,0.000001413,0.000000449,2.094395102
1770743256.044777155,29.700000000,-1.721795794,-1.575927902,2.171332787,-0.598277038,1.409158863,3.596077631,0.000000438,-0.000000680,-0.000000735,0.000001413,0.000000449,2.094395102
1770743256.144777060,29.800000000,-1.721795787,-1.575927978,2.171332716,-0.598276892,1.409158871,3.803652376,0.000000023,-0.000000725,-0.000000662,0.000001387,0.000000034,1.957838689
1770743256.244777203,29.900000000,-1.721795799,-1.575928042,2.171332662,-0.598276772,1.409158859,3.974436245,-0.000000272,-0.000000563,-0.000000434,0.000000999,-0.000000263,1.457838689
1770743256.344777107,30.000000000,-1.721795822,-1.575928089,2.171332626,-0.598276690,1.409158838,4.095220114,-0.000000178,-0.000000370,-0.000000285,0.000000656,-0.000000173,0.957838689
1770743256.444777012,30.100000000,-1.721795835,-1.575928116,2.171332604,-0.598276641,1.409158825,4.166003983,-0.000000085,-0.000000177,-0.000000136,0.000000314,-0.000000083,0.457838689
1770743256.544777155,30.200000000,-1.721032613,-1.572029553,2.167421144,-0.598264757,1.409923890,4.188522221,0.022896643,0.116956369,-0.117342829,0.000356060,0.022951918,-0.002342608
1770743256.644777060,30.300000000,-1.720284345,-1.568207393,2.163586372,-0.598253145,1.410673952,4.165586657,0.000000045,0.000000167,0.000000185,-0.000000488,-0.000000193,-0.462232566
1770743256.744777203,30.400000000,-1.720284338,-1.568207367,2.163586399,-0.598253217,1.410673921,4.094363886,0.000000084,0.000000344,0.000000370,-0.000000957,-0.000000432,-0.962224426
1770743256.844777107,30.500000000,-1.720284329,-1.568207325,2.163586444,-0.598253330,1.410673863,3.973141910,0.000000106,0.000000510,0.000000520,-0.000001296,-0.000000718,-1.462216820
1770743256.944777012,30.600000000,-1.720284325,-1.568207263,2.163586502,-0.598253461,1.410673826,3.801920683,-0.000000023,0.000000723,0.000000659,-0.000001381,-0.000000035,-1.962207282
1770743257.044777155,30.700000000,-1.720284332,-1.568207188,2.163586572,-0.598253606,1.410673818,3.594229149,-0.000000433,0.000000677,0.000000731,-0.000001406,-0.000000445,-2.094395102
1770743257.144777060,30.800000000,-1.720284375,-1.568207120,2.163586645,-0.598253747,1.410673774,3.384789639,-0.000000433,0.000000677,0.000000731,-0.000001406,-0.000000445,-2.094395102
1770743257.244777203,30.900000000,-1.720284446,-1.568207063,2.163586716,-0.598253873,1.410673702,3.175350129,-0.000000807,0.000000527,0.000000699,-0.000001222,-0.000000817,-2.094395102
1770743257.344777107,31.000000000,-1.720284539,-1.568207018,2.163586783,-0.598253985,1.410673608,2.965910619,-0.000001115,0.000000334,0.000000610,-0.000000939,-0.000001123,-2.094395102
1770743257.444777012,31.100000000,-1.720284651,-1.568206985,2.163586843,-0.598254078,1.410673495,2.756471108,-0.000001333,0.000000115,0.000000472,-0.000000579,-0.000001338,-2.094395102
1770743257.544777155,31.200000000,-1.720284784,-1.568206974,2.163586891,-0.598254136,1.410673362,2.547031598,-0.000001333,0.000000115,0.000000472,-0.000000579,-0.000001338,-2.094395102
1770743257.644777060,31.300000000,-1.720284925,-1.568206977,2.163586926,-0.598254167,1.410673221,2.337592088,-0.000001443,-0.000000114,0.000000295,-0.000000173,-0.000001445,-2.094395102
1770743257.744777203,31.400000000,-1.720285069,-1.568206995,2.163586950,-0.598254172,1.410673077,2.128152578,-0.000001436,-0.000000334,0.000000095,0.000000247,-0.000001434,-2.094395102
1770743257.844777107,31.500000000,-1.720285212,-1.568207028,2.163586959,-0.598254148,1.410672933,1.918713067,-0.000001436,-0.000000334,0.000000095,0.000000247,-0.000001434,-2.094395102
1770743257.944777012,31.600000000,-1.720285343,-1.568207079,2.163586950,-0.598254086,1.410672803,1.711567532,-0.000001218,-0.000000489,-0.000000105,0.000000600,-0.000001213,-1.942936366
1770743258.044777155,31.700000000,-1.720285441,-1.568207127,2.163586933,-0.598254022,1.410672706,1.542273896,-0.000000746,-0.000000466,-0.000000215,0.000000685,-0.000000741,-1.442936366
1770743258.144777060,31.800000000,-1.720285503,-1.568207166,2.163586916,-0.598253965,1.410672644,1.422980259,-0.000000488,-0.000000305,-0.000000140,0.000000448,-0.000000484,-0.942936366
1770743258.244777203,31.900000000,-1.720285538,-1.568207188,2.163586905,-0.598253932,1.410672609,1.353686622,-0.000000229,-0.000000143,-0.000000066,0.000000210,-0.000000227,-0.442936366
1770743258.344777107,32.000000000,-1.719468660,-1.563978334,2.159301802,-0.598198759,1.411491672,1.332504758,0.022095507,0.114383599,-0.115904772,0.001492043,0.022154568,0.016390613
1770743258.444777012,32.100000000,-1.718802950,-1.560532143,2.155809792,-0.598153821,1.412159147,1.356712786,0.000000189,0.000000134,0.000000090,-0.000000290,-0.000000081,0.476002756
1770743258.544777155,32.200000000,-1.718802921,-1.560532122,2.155809806,-0.598153869,1.412159136,1.429312847,0.000000396,0.000000281,0.000000209,-0.000000684,-0.000000140,0.975996153
1770743258.644777060,32.300000000,-1.718802870,-1.560532087,2.155809834,-0.598153960,1.412159120,1.551912160,0.000000616,0.000000435,0.000000348,-0.000001152,-0.000000165,1.475990364
1770743258.744777203,32.400000000,-1.718802776,-1.560532040,2.155809856,-0.598154046,1.412159180,1.724510714,0.000001227,0.000000493,0.000000107,-0.000000608,0.000001223,1.975980810
1770743258.844777107,32.500000000,-1.718802645,-1.560531991,2.155809864,-0.598154105,1.412159310,1.932547407,0.000001422,0.000000330,-0.000000095,-0.000000244,0.000001420,2.094395102
1770743258.944777012,32.600000000,-1.718802503,-1.560531958,2.155809855,-0.598154129,1.412159452,2.141986917,0.000001422,0.000000330,-0.000000095,-0.000000244,0.000001420,2.094395102
1770743259.044777155,32.700000000,-1.718802360,-1.560531942,2.155809830,-0.598154121,1.412159595,2.351426428,0.000001429,0.000000112,-0.000000294,0.000000174,0.000001431,2.094395102
1770743259.144777060,32.800000000,-1.718802222,-1.560531940,2.155809793,-0.598154087,1.412159734,2.560865938,0.000001320,-0.000000116,-0.000000470,0.000000578,0.000001325,2.094395102
1770743259.244777203,32.900000000,-1.718802091,-1.560531953,2.155809746,-0.598154028,1.412159866,2.770305448,0.000001105,-0.000000334,-0.000000607,0.000000935,0.000001112,2.094395102
1770743259.344777107,33.000000000,-1.718801980,-1.560531986,2.155809685,-0.598153934,1.412159977,2.979744958,0.000001105,-0.000000334,-0.000000607,0.000000935,0.000001112,2.094395102
1770743259.444777012,33.100000000,-1.718801891,-1.560532033,2.155809618,-0.598153821,1.412160067,3.189184469,0.000000799,-0.000000525,-0.000000695,0.000001216,0.000000809,2.094395102
1770743259.544777155,33.200000000,-1.718801823,-1.560532090,2.155809548,-0.598153694,1.412160136,3.398623979,0.000000429,-0.000000674,-0.000000727,0.000001399,0.000000441,2.094395102
1770743259.644777060,33.300000000,-1.718801780,-1.560532157,2.155809475,-0.598153554,1.412160181,3.608063489,0.000000429,-0.000000674,-0.000000727,0.000001399,0.000000441,2.094395102
1770743259.744777203,33.400000000,-1.718801776,-1.560532233,2.155809406,-0.598153409,1.412160186,3.814764765,0.000000022,-0.000000707,-0.000000645,0.000001353,0.000000033,1.928918991
1770743259.844777107,33.500000000,-1.718801789,-1.560532296,2.155809353,-0.598153294,1.412160173,3.982656664,-0.000000261,-0.000000546,-0.000000421,0.000000968,-0.000000253,1.428918991
1770743259.944777012,33.600000000,-1.718801811,-1.560532341,2.155809318,-0.598153214,1.412160152,4.100548563,-0.000000170,-0.000000355,-0.000000274,0.000000629,-0.000000165,0.928918991
1770743260.044777155,33.700000000,-1.718801823,-1.560532366,2.155809298,-0.598153168,1.412160140,4.168440462,-0.000000078,-0.000000164,-0.000000126,0.000000291,-0.000000076,0.428918991
1770743260.144777060,33.800000000,-1.717947920,-1.556052578,2.151225424,-0.598050200,1.413016552,4.188344557,0.021587886,0.113255138,-0.115886196,0.002602794,0.021651289,-0.029750602
1770743260.244777203,33.900000000,-1.717347376,-1.552901988,2.148001660,-0.597977820,1.413618847,4.162953942,0.000000048,0.000000175,0.000000193,-0.000000507,-0.000000198,-0.488573695
1770743260.344777107,34.000000000,-1.717347370,-1.552901962,2.148001688,-0.597977893,1.413618815,4.089096808,0.000000083,0.000000348,0.000000368,-0.000000942,-0.000000443,-0.988567072
1770743260.444777012,34.100000000,-1.717347360,-1.552901918,2.148001733,-0.597978006,1.413618758,3.965240418,0.000000106,0.000000511,0.000000512,-0.000001260,-0.000000722,-1.488559951
1770743260.544777155,34.200000000,-1.717347357,-1.552901856,2.148001792,-0.597978135,1.413618726,3.791384795,-0.000000023,0.000000725,0.000000661,-0.000001385,-0.000000035,-1.988551736
1770743260.644777060,34.300000000,-1.717347366,-1.552901782,2.148001861,-0.597978279,1.413618715,3.583066187,-0.000000425,0.000000671,0.000000724,-0.000001392,-0.000000437,-2.094395102
1770743260.744777203,34.400000000,-1.717347408,-1.552901715,2.148001934,-0.597978419,1.413618672,3.373626677,-0.000000425,0.000000671,0.000000724,-0.000001392,-0.000000437,-2.094395102
1770743260.844777107,34.500000000,-1.717347480,-1.552901659,2.148002003,-0.597978543,1.413618599,3.164187167,-0.000000792,0.000000524,0.000000692,-0.000001211,-0.000000802,-2.094395102
1770743260.944777012,34.600000000,-1.717347572,-1.552901615,2.148002069,-0.597978652,1.413618506,2.954747656,-0.000001094,0.000000334,0.000000604,-0.000000932,-0.000001102,-2.094395102
1770743261.044777155,34.700000000,-1.717347683,-1.552901584,2.148002128,-0.597978743,1.413618394,2.745308146,-0.000001308,0.000000117,0.000000467,-0.000000577,-0.000001313,-2.094395102
1770743261.144777060,34.800000000,-1.717347814,-1.552901572,2.148002175,-0.597978801,1.413618263,2.535868636,-0.000001308,0.000000117,0.000000467,-0.000000577,-0.000001313,-2.094395102
1770743261.244777203,34.900000000,-1.717347953,-1.552901576,2.148002209,-0.597978830,1.413618124,2.326429126,-0.000001416,-0.000000109,0.000000292,-0.000000175,-0.000001417,-2.094395102
1770743261.344777107,35.000000000,-1.717348094,-1.552901595,2.148002232,-0.597978833,1.413617983,2.116989615,-0.000001409,-0.000000327,0.000000094,0.000000240,-0.000001407,-2.094395102
1770743261.444777012,35.100000000,-1.717348235,-1.552901627,2.148002241,-0.597978809,1.413617842,1.907550105,-0.000001409,-0.000000327,0.000000094,0.000000240,-0.000001407,-2.094395102
1770743261.544777155,35.200000000,-1.717348362,-1.552901678,2.148002230,-0.597978747,1.413617715,1.701278416,-0.000001178,-0.000000474,-0.000000102,0.000000583,-0.000001174,-1.916411366
1770743261.644777060,35.300000000,-1.717348455,-1.552901725,2.148002214,-0.597978683,1.413617622,1.534637279,-0.000000719,-0.000000451,-0.000000209,0.000000664,-0.000000713,-1.416411366
1770743261.744777203,35.400000000,-1.717348514,-1.552901762,2.148002196,-0.597978628,1.413617564,1.417996143,-0.000000465,-0.000000292,-0.000000135,0.000000429,-0.000000461,-0.916411366
1770743261.844777107,35.500000000,-1.717348548,-1.552901783,2.148002187,-0.597978597,1.413617530,1.351355006,-0.000000211,-0.000000133,-0.000000061,0.000000195,-0.000000210,-0.416411366
1770743261.944777012,35.600000000,-1.716455381,-1.548153458,2.143096671,-0.597822566,1.414513561,1.332561772,0.020864885,0.110922441,-0.114594246,0.003644686,0.020931767,0.041643878
1770743262.044777155,35.700000000,-1.715921340,-1.545314420,2.140163665,-0.597729297,1.415049300,1.359004470,0.000000196,0.000000140,0.000000093,-0.000000299,-0.000000081,0.500019764
1770743262.144777060,35.800000000,-1.715921310,-1.545314399,2.140163680,-0.597729345,1.415049289,1.434005984,0.000000401,0.000000285,0.000000211,-0.000000689,-0.000000136,1.000010722
1770743262.244777203,35.900000000,-1.715921259,-1.545314363,2.140163708,-0.597729437,1.415049274,1.559006721,0.000000624,0.000000439,0.000000358,-0.000001187,-0.000000140,1.500003574
1770743262.344777107,36.000000000,-1.715921164,-1.545314317,2.140163728,-0.597729520,1.415049339,1.734006688,0.000001218,0.000000490,0.000000107,-0.000000605,0.000001214,1.999995357
1770743262.444777012,36.100000000,-1.715921035,-1.545314269,2.140163736,-0.597729575,1.415049468,1.942554441,0.000001395,0.000000323,-0.000000094,-0.000000237,0.000001394,2.094395102
1770743262.544777155,36.200000000,-1.715920895,-1.545314237,2.140163726,-0.597729599,1.415049608,2.151993951,0.000001395,0.000000323,-0.000000094,-0.000000237,0.000001394,2.094395102
1770743262.644777060,36.300000000,-1.715920755,-1.545314222,2.140163701,-0.597729589,1.415049748,2.361433462,0.000001402,0.000000107,-0.000000291,0.000000176,0.000001404,2.094395102
1770743262.744777203,36.400000000,-1.715920620,-1.545314222,2.140163663,-0.597729553,1.415049883,2.570872972,0.000001296,-0.000000118,-0.000000465,0.000000576,0.000001300,2.094395102
1770743262.844777107,36.500000000,-1.715920492,-1.545314236,2.140163616,-0.597729492,1.415050012,2.780312482,0.000001084,-0.000000333,-0.000000601,0.000000928,0.000001092,2.094395102
1770743262.944777012,36.600000000,-1.715920384,-1.545314269,2.140163556,-0.597729399,1.415050121,2.989751992,0.000001084,-0.000000333,-0.000000601,0.000000928,0.000001092,2.094395102
1770743263.044777155,36.700000000,-1.715920297,-1.545314316,2.140163489,-0.597729286,1.415050208,3.199191503,0.000000784,-0.000000522,-0.000000688,0.000001206,0.000000794,2.094395102
1770743263.144777060,36.800000000,-1.715920232,-1.545314374,2.140163419,-0.597729159,1.415050274,3.408631013,0.000000421,-0.000000668,-0.000000720,0.000001386,0.000000433,2.094395102
1770743263.244777203,36.900000000,-1.715920190,-1.545314441,2.140163347,-0.597729020,1.415050317,3.618070523,0.000000024,-0.000000760,-0.000000693,0.000001453,0.000000036,2.094395102
1770743263.344777107,37.000000000,-1.715920188,-1.545314515,2.140163279,-0.597728877,1.415050321,3.823912717,0.000000022,-0.000000691,-0.000000631,0.000001322,0.000000033,1.904729193
1770743263.444777012,37.100000000,-1.715920203,-1.545314577,2.140163228,-0.597728764,1.415050307,3.989385636,-0.000000252,-0.000000530,-0.000000410,0.000000941,-0.000000244,1.404729193
1770743263.544777155,37.200000000,-1.715920223,-1.545314620,2.140163194,-0.597728687,1.415050287,4.104858556,-0.000000162,-0.000000341,-0.000000264,0.000000606,-0.000000157,0.904729193
1770743263.644777060,37.300000000,-1.715920235,-1.545314645,2.140163175,-0.597728643,1.415050276,4.170331475,-0.000000072,-0.000000153,-0.000000118,0.000000271,-0.000000070,0.404729193
1770743263.744777203,37.400000000,-1.715003240,-1.540374842,2.135011388,-0.597517842,1.415970462,4.188065354,0.020268868,0.109187074,-0.113872368,0.004659129,0.020339389,-0.052712783
1770743263.844777107,37.500000000,-1.714519570,-1.537769345,2.132294107,-0.597406690,1.416455803,4.160654024,0.000000050,0.000000181,0.000000199,-0.000000521,-0.000000202,-0.510336725
1770743263.944777012,37.600000000,-1.714519563,-1.537769318,2.132294135,-0.597406764,1.416455771,4.084620810,0.000000086,0.000000352,0.000000372,-0.000000948,-0.000000440,-1.010327938
1770743264.044777155,37.700000000,-1.714519553,-1.537769275,2.132294180,-0.597406876,1.416455714,3.958588366,0.000000109,0.000000514,0.000000513,-0.000001260,-0.000000712,-1.510320798
1770743264.144777060,37.800000000,-1.714519550,-1.537769212,2.132294238,-0.597407005,1.416455685,3.782556693,-0.000000023,0.000000725,0.000000662,-0.000001385,-0.000000035,-2.010312582
1770743264.244777203,37.900000000,-1.714519561,-1.537769139,2.132294308,-0.597407148,1.416455673,3.573824795,-0.000000417,0.000000665,0.000000716,-0.000001379,-0.000000429,-2.094395102
1770743264.344777107,38.000000000,-1.714519603,-1.537769073,2.132294379,-0.597407285,1.416455631,3.364385285,-0.000000417,0.000000665,0.000000716,-0.000001379,-0.000000429,-2.094395102
1770743264.444777012,38.100000000,-1.714519675,-1.537769018,2.132294448,-0.597407408,1.416455558,3.154945774,-0.000000777,0.000000520,0.000000685,-0.000001201,-0.000000787,-2.094395102
1770743264.544777155,38.200000000,-1.714519767,-1.537768975,2.132294513,-0.597407515,1.416455465,2.945506264,-0.000001074,0.000000333,0.000000598,-0.000000925,-0.000001081,-2.094395102
1770743264.644777060,38.300000000,-1.714519876,-1.537768944,2.132294571,-0.597407604,1.416455354,2.736066754,-0.000001283,0.000000119,0.000000462,-0.000000574,-0.000001288,-2.094395102
1770743264.744777203,38.400000000,-1.714520005,-1.537768933,2.132294617,-0.597407661,1.416455225,2.526627244,-0.000001283,0.000000119,0.000000462,-0.000000574,-0.000001288,-2.094395102
1770743264.844777107,38.500000000,-1.714520141,-1.537768937,2.132294650,-0.597407689,1.416455089,2.317187733,-0.000001389,-0.000000104,0.000000290,-0.000000177,-0.000001391,-2.094395102
1770743264.944777012,38.600000000,-1.714520280,-1.537768956,2.132294672,-0.597407690,1.416454950,2.107748223,-0.000001382,-0.000000320,0.000000093,0.000000234,-0.000001381,-2.094395102
1770743265.044777155,38.700000000,-1.714520418,-1.537768989,2.132294680,-0.597407666,1.416454812,1.898308713,-0.000001264,-0.000000509,-0.000000111,0.000000627,-0.000001259,-2.094395102
1770743265.144777060,38.800000000,-1.714520542,-1.537769039,2.132294670,-0.597407604,1.416454689,1.692865821,-0.000001143,-0.000000460,-0.000000100,0.000000567,-0.000001138,-1.894479660
1770743265.244777203,38.900000000,-1.714520631,-1.537769085,2.132294653,-0.597407541,1.416454600,1.528417855,-0.000000694,-0.000000437,-0.000000204,0.000000645,-0.000000689,-1.394479660
1770743265.344777107,39.000000000,-1.714520688,-1.537769121,2.132294636,-0.597407488,1.416454543,1.413969889,-0.000000445,-0.000000280,-0.000000131,0.000000414,-0.000000442,-0.894479660
1770743265.444777012,39.100000000,-1.714520720,-1.537769141,2.132294626,-0.597407458,1.416454511,1.349521924,-0.000000196,-0.000000124,-0.000000058,0.000000182,-0.000000195,-0.394479660
1770743265.544777155,39.200000000,-1.713577777,-1.532622322,2.126876780,-0.597137638,1.417401000,1.332687893,0.019497864,0.106423214,-0.112027181,0.005578984,0.019571131,0.062370207
1770743265.644777060,39.300000000,-1.713145757,-1.530264320,2.124394625,-0.597014042,1.417834628,1.360945694,0.000000201,0.000000143,0.000000096,-0.000000306,-0.000000080,0.519597500
1770743265.744777203,39.400000000,-1.713145727,-1.530264299,2.124394640,-0.597014091,1.417834618,1.437904762,0.000000403,0.000000287,0.000000212,-0.000000690,-0.000000132,1.019586470
1770743265.844777107,39.500000000,-1.713145676,-1.530264262,2.124394668,-0.597014183,1.417834603,1.564863046,0.000000623,0.000000439,0.000000357,-0.000001181,-0.000000134,1.519579305
1770743265.944777012,39.600000000,-1.713145580,-1.530264217,2.124394687,-0.597014262,1.417834673,1.741820554,0.000001207,0.000000486,0.000000107,-0.000000602,0.000001203,2.019571087
1770743266.044777155,39.700000000,-1.713145452,-1.530264171,2.124394694,-0.597014315,1.417834800,1.950699573,0.000001370,0.000000316,-0.000000093,-0.000000231,0.000001368,2.094395102
1770743266.144777060,39.800000000,-1.713145315,-1.530264140,2.124394684,-0.597014338,1.417834937,2.160139083,0.000001370,0.000000316,-0.000000093,-0.000000231,0.000001368,2.094395102
1770743266.244777203,39.900000000,-1.713145178,-1.530264126,2.124394658,-0.597014326,1.417835075,2.369578593,0.000001376,0.000000102,-0.000000288,0.000000178,0.000001378,2.094395102
1770743266.344777107,40.000000000,-1.713145045,-1.530264127,2.124394621,-0.597014289,1.417835207,2.579018103,0.000001272,-0.000000120,-0.000000460,0.000000573,0.000001276,2.094395102
1770743266.444777012,40.100000000,-1.713144921,-1.530264142,2.124394573,-0.597014227,1.417835332,2.788457614,0.000001064,-0.000000332,-0.000000595,0.000000922,0.000001071,2.094395102
1770743266.544777155,40.200000000,-1.713144814,-1.530264175,2.124394514,-0.597014135,1.417835439,2.997897124,0.000001064,-0.000000332,-0.000000595,0.000000922,0.000001071,2.094395102
1770743266.644777060,40.300000000,-1.713144731,-1.530264223,2.124394447,-0.597014021,1.417835524,3.207336634,0.000000770,-0.000000518,-0.000000682,0.000001195,0.000000780,2.094395102
1770743266.744777203,40.400000000,-1.713144668,-1.530264281,2.124394378,-0.597013895,1.417835588,3.416776144,0.000000414,-0.000000661,-0.000000713,0.000001372,0.000000425,2.094395102
1770743266.844777107,40.500000000,-1.713144629,-1.530264347,2.124394307,-0.597013757,1.417835628,3.626215655,0.000000024,-0.000000751,-0.000000687,0.000001438,0.000000036,2.094395102
1770743266.944777012,40.600000000,-1.713144626,-1.530264421,2.124394240,-0.597013616,1.417835632,3.831270088,0.000000021,-0.000000676,-0.000000618,0.000001294,0.000000032,1.884989353
1770743267.044777155,40.700000000,-1.713144642,-1.530264481,2.124394190,-0.597013506,1.417835617,3.994769023,-0.000000243,-0.000000516,-0.000000400,0.000000918,-0.000000236,1.384989353
1770743267.144777060,40.800000000,-1.713144662,-1.530264523,2.124394157,-0.597013431,1.417835598,4.108267958,-0.000000156,-0.000000330,-0.000000255,0.000000586,-0.000000151,0.884989353
1770743267.244777203,40.900000000,-1.713144673,-1.530264547,2.124394138,-0.597013389,1.417835587,4.171766893,-0.000000068,-0.000000143,-0.000000111,0.000000255,-0.000000066,0.384989353
1770743267.344777107,41.000000000,-1.712189175,-1.524980431,2.118780595,-0.596685176,1.418794948,4.187744901,0.018893901,0.104487292,-0.111001078,0.006489739,0.018970261,-0.071285880
1770743267.444777012,41.100000000,-1.711794773,-1.522799309,2.116463522,-0.596549735,1.419190931,4.158717764,0.000000052,0.000000185,0.000000203,-0.000000531,-0.000000203,-0.527795426
1770743267.544777155,41.200000000,-1.711794766,-1.522799282,2.116463550,-0.596549809,1.419190899,4.080938900,0.000000087,0.000000354,0.000000373,-0.000000950,-0.000000436,-1.027784640
1770743267.644777060,41.300000000,-1.711794756,-1.522799238,2.116463595,-0.596549921,1.419190843,3.953160811,0.000000112,0.000000515,0.000000513,-0.000001257,-0.000000700,-1.527777482
1770743267.744777203,41.400000000,-1.711794754,-1.522799176,2.116463653,-0.596550048,1.419190817,3.775383499,-0.000000023,0.000000724,0.000000661,-0.000001383,-0.000000035,-2.027769085
1770743267.844777107,41.500000000,-1.711794766,-1.522799103,2.116463722,-0.596550189,1.419190804,3.566388516,-0.000000410,0.000000658,0.000000710,-0.000001366,-0.000000421,-2.094395102
1770743267.944777012,41.600000000,-1.711794806,-1.522799038,2.116463793,-0.596550326,1.419190762,3.356949006,-0.000000410,0.000000658,0.000000710,-0.000001366,-0.000000421,-2.094395102
1770743268.044777155,41.700000000,-1.711794878,-1.522798984,2.116463861,-0.596550447,1.419190689,3.147509495,-0.000000763,0.000000516,0.000000678,-0.000001190,-0.000000773,-2.094395102
1770743268.144777060,41.800000000,-1.711794970,-1.522798942,2.116463925,-0.596550552,1.419190597,2.938069985,-0.000001054,0.000000332,0.000000592,-0.000000918,-0.000001062,-2.094395102
1770743268.244777203,41.900000000,-1.711795078,-1.522798912,2.116463982,-0.596550639,1.419190488,2.728630475,-0.000001260,0.000000121,0.000000458,-0.000000572,-0.000001265,-2.094395102
1770743268.344777107,42.000000000,-1.711795204,-1.522798900,2.116464028,-0.596550696,1.419190361,2.519190965,-0.000001260,0.000000121,0.000000458,-0.000000572,-0.000001265,-2.094395102
1770743268.444777012,42.100000000,-1.711795338,-1.522798905,2.116464060,-0.596550722,1.419190227,2.309751454,-0.000001364,-0.000000100,0.000000287,-0.000000179,-0.000001365,-2.094395102
1770743268.544777155,42.200000000,-1.711795475,-1.522798924,2.116464080,-0.596550723,1.419190091,2.100311944,-0.000001357,-0.000000313,0.000000092,0.000000228,-0.000001355,-2.094395102
1770743268.644777060,42.300000000,-1.711795610,-1.522798957,2.116464088,-0.596550698,1.419189956,1.890872434,-0.000001240,-0.000000500,-0.000000110,0.000000617,-0.000001235,-2.094395102
1770743268.744777203,42.400000000,-1.711795730,-1.522799005,2.116464078,-0.596550638,1.419189836,1.687728722,-0.000001092,-0.000000440,-0.000000097,0.000000543,-0.000001087,-1.843480818
1770743268.844777107,42.500000000,-1.711795815,-1.522799050,2.116464061,-0.596550576,1.419189752,1.528380640,-0.000000656,-0.000000415,-0.000000194,0.000000613,-0.000000651,-1.343480818
1770743268.944777012,42.600000000,-1.711795868,-1.522799083,2.116464045,-0.596550526,1.419189699,1.419032558,-0.000000412,-0.000000261,-0.000000122,0.000000385,-0.000000409,-0.843480818
1770743269.044777155,42.700000000,-1.711795897,-1.522799102,2.116464037,-0.596550499,1.419189670,1.359684476,-0.000000168,-0.000000106,-0.000000050,0.000000157,-0.000000167,-0.343480818
1770743269.144777060,42.800000000,-1.711877642,-1.523245586,2.116958810,-0.596598685,1.419107445,1.349715940,-0.000635231,-0.003470102,0.003845503,-0.000374602,-0.000638966,0.135894848
1770743269.244777203,42.900000000,-1.712058355,-1.524231467,2.118050391,-0.596704159,1.418925675,1.388305178,-0.002982307,-0.016252406,0.017982099,-0.001725937,-0.002999674,0.635888632
1770743269.344777107,43.000000000,-1.712475092,-1.526497553,2.120554035,-0.596941191,1.418506533,1.476893577,-0.005362919,-0.029085136,0.032078205,-0.002986300,-0.005393539,1.135880126
1770743269.444777012,43.100000000,-1.713131817,-1.530049822,2.124465003,-0.597299060,1.417846098,1.615481298,-0.007792876,-0.041992342,0.046115991,-0.004113781,-0.007836198,1.635873932
1770743269.544777155,43.200000000,-1.714034121,-1.534893526,2.129770922,-0.597760130,1.416938858,1.803895829,-0.010089795,-0.053932572,0.058910143,-0.004964745,-0.010144009,2.094395102
1770743269.644777060,43.300000000,-1.715050072,-1.540297334,2.135653921,-0.598238026,1.415917562,2.013335340,-0.010227588,-0.054141168,0.058752311,-0.004598079,-0.010280283,2.094395102
1770743269.744777203,43.400000000,-1.716079981,-1.545722295,2.141521119,-0.598678945,1.414882462,2.222774850,-0.010368317,-0.054354675,0.058594752,-0.004226770,-0.010419475,2.094395102
1770743269.844777107,43.500000000,-1.717124145,-1.551168904,2.147372540,-0.599082413,1.413833262,2.432214361,-0.010512065,-0.054573182,0.058437433,-0.003850694,-0.010561667,2.094395102
1770743269.944777012,43.600000000,-1.718182872,-1.556637671,2.153208209,-0.599447946,1.412769655,2.641653872,-0.010658920,-0.054796783,0.058280323,-0.003469727,-0.010706948,2.094395102
1770743270.044777155,43.700000000,-1.719256479,-1.562129111,2.159028143,-0.599775046,1.411691327,2.851093383,-0.010808975,-0.055025574,0.058123391,-0.003083742,-0.010855408,2.094395102
1770743270.144777060,43.800000000,-1.720345293,-1.567643750,2.164832360,-0.600063203,1.410597953,3.060532894,-0.010962323,-0.055259654,0.057966604,-0.002692606,-0.011007142,2.094395102
1770743270.244777203,43.900000000,-1.721449648,-1.573182124,2.170620872,-0.600311892,1.409489201,3.269972405,-0.011119064,-0.055499125,0.057809930,-0.002296186,-0.011162246,2.094395102
1770743270.344777107,44.000000000,-1.722569892,-1.578744781,2.176393690,-0.600520575,1.408364726,3.479411917,-0.011279298,-0.055744094,0.057653338,-0.001894342,-0.011320822,2.094395102
1770743270.444777012,44.100000000,-1.723706379,-1.584332279,2.182150818,-0.600688701,1.407224174,3.688851428,-0.011443131,-0.055994668,0.057496793,-0.001486934,-0.011482975,2.094395102
1770743270.544777155,44.200000000,-1.724774624,-1.589534088,2.187473203,-0.600807855,1.406152313,3.882984547,-0.009441788,-0.045743221,0.046629041,-0.000873225,-0.009472804,1.703159835
1770743270.644777060,44.300000000,-1.725583790,-1.593442437,2.191448364,-0.600873587,1.405340537,4.028300427,-0.006735314,-0.032414250,0.032880053,-0.000456790,-0.006756564,1.203157789
1770743270.744777203,44.400000000,-1.726118995,-1.596012822,2.194051691,-0.600905812,1.404803664,4.123616154,-0.003965333,-0.018988148,0.019189678,-0.000196211,-0.003977460,0.703156756
1770743270.844777107,44.500000000,-1.726374755,-1.597236853,2.195288202,-0.600917948,1.404547126,4.168931821,-0.001148485,-0.005490380,0.005541765,-0.000049843,-0.001151961,0.203156588
1770743270.944777012,44.600000000,-1.726486432,-1.597770680,2.195826993,-0.600922763,1.404435110,4.165240327,-0.000000183,-0.000000252,-0.000000128,0.000000380,-0.000000182,-0.279294717
1770743271.044777155,44.700000000,-1.726486467,-1.597770727,2.195826969,-0.600922691,1.404435076,4.112311308,-0.000000511,-0.000000702,-0.000000358,0.000001060,-0.000000509,-0.779287699
1770743271.144777060,44.800000000,-1.726486534,-1.597770820,2.195826921,-0.600922551,1.404435008,4.009382775,-0.000000839,-0.000001153,-0.000000588,0.000001741,-0.000000836,-1.279282164
1770743271.244777203,44.900000000,-1.726486605,-1.597770898,2.195826888,-0.600922439,1.404434938,3.856454809,-0.000000021,0.000000673,0.000000609,-0.000001282,-0.000000032,-1.779277072
1770743271.344777107,45.000000000,-1.726486607,-1.597770823,2.195826957,-0.600922583,1.404434935,3.656945703,-0.000000025,0.000000793,0.000000717,-0.000001509,-0.000000037,-2.094395102
1770743271.444777012,45.100000000,-1.726486644,-1.597770751,2.195827030,-0.600922728,1.404434896,3.447506193,-0.000000451,0.000000693,0.000000744,-0.000001435,-0.000000462,-2.094395102
1770743271.544777155,45.200000000,-1.726486707,-1.597770689,2.195827103,-0.600922863,1.404434833,3.238066683,-0.000000839,0.000000537,0.000000712,-0.000001245,-0.000000850,-2.094395102
1770743271.644777060,45.300000000,-1.726486793,-1.597770637,2.195827174,-0.600922985,1.404434745,3.028627172,-0.000001160,0.000000337,0.000000622,-0.000000953,-0.000001168,-2.094395102
1770743271.744777203,45.400000000,-1.726486909,-1.597770603,2.195827236,-0.600923080,1.404434628,2.819187662,-0.000001160,0.000000337,0.000000622,-0.000000953,-0.000001168,-2.094395102
1770743271.844777107,45.500000000,-1.726487042,-1.597770586,2.195827288,-0.600923149,1.404434495,2.609748152,-0.000001387,0.000000111,0.000000481,-0.000000585,-0.000001392,-2.094395102
1770743271.944777012,45.600000000,-1.726487184,-1.597770583,2.195827330,-0.600923193,1.404434352,2.400308642,-0.000001502,-0.000000125,0.000000302,-0.000000169,-0.000001503,-2.094395102
1770743272.044777155,45.700000000,-1.726487335,-1.597770596,2.195827360,-0.600923210,1.404434202,2.190869131,-0.000001502,-0.000000125,0.000000302,-0.000000169,-0.000001503,-2.094395102
1770743272.144777060,45.800000000,-1.726487484,-1.597770631,2.195827370,-0.600923184,1.404434053,1.981429621,-0.000001494,-0.000000351,0.000000098,0.000000261,-0.000001492,-2.094395102
1770743272.244777203,45.900000000,-1.726487625,-1.597770678,2.195827366,-0.600923132,1.404433912,1.771990608,-0.000001365,-0.000000547,-0.000000114,0.000000669,-0.000001359,-2.092165472
1770743272.344777107,46.000000000,-1.726487742,-1.597770729,2.195827353,-0.600923068,1.404433796,1.587774020,-0.000000857,-0.000000533,-0.000000241,0.000000778,-0.000000851,-1.592165885
1770743272.444777012,46.100000000,-1.726487814,-1.597770774,2.195827333,-0.600923002,1.404433724,1.453557431,-0.000000588,-0.000000365,-0.000000165,0.000000534,-0.000000584,-1.092165885
1770743272.544777155,46.200000000,-1.726487860,-1.597770802,2.195827320,-0.600922961,1.404433679,1.369340843,-0.000000319,-0.000000198,-0.000000090,0.000000289,-0.000000316,-0.592165885
1770743272.644777060,46.300000000,-1.726269888,-1.596702431,2.194785658,-0.600949963,1.404652023,1.334437831,0.017866920,0.087566827,-0.085376452,-0.002214463,0.017897430,-0.133094367
1770743272.744777203,46.400000000,-1.724884434,-1.589912283,2.188165367,-0.601121690,1.406039835,1.344871572,0.000000133,0.000000095,0.000000063,-0.000000206,-0.000000061,0.325716297
1770743272.844777107,46.500000000,-1.724884411,-1.589912266,2.188165378,-0.601121728,1.406039825,1.402442996,0.000000342,0.000000243,0.000000176,-0.000000578,-0.000000138,0.825709223
1770743272.944777012,46.600000000,-1.724884366,-1.589912234,2.188165402,-0.601121807,1.406039809,1.510013636,0.000000564,0.000000399,0.000000312,-0.000001040,-0.000000179,1.325702658
1770743273.044777155,46.700000000,-1.724884287,-1.589912188,2.188165432,-0.601121913,1.406039828,1.667583549,0.000001179,0.000000473,0.000000099,-0.000000581,0.000001175,1.825694989
1770743273.144777060,46.800000000,-1.724884156,-1.589912136,2.188165443,-0.601121977,1.406039958,1.869802340,0.000001353,0.000000543,0.000000114,-0.000000666,0.000001349,2.094395102
1770743273.244777203,46.900000000,-1.724884010,-1.589912098,2.188165437,-0.601122010,1.406040104,2.079241850,0.000001479,0.000000347,-0.000000097,-0.000000257,0.000001477,2.094395102
1770743273.344777107,47.000000000,-1.724883862,-1.589912074,2.188165417,-0.601122015,1.406040252,2.288681360,0.000001487,0.000000122,-0.000000300,0.000000170,0.000001488,2.094395102
1770743273.444777012,47.100000000,-1.724883715,-1.589912065,2.188165385,-0.601121994,1.406040400,2.498120871,0.000001373,-0.000000112,-0.000000479,0.000000584,0.000001378,2.094395102
1770743273.544777155,47.200000000,-1.724883577,-1.589912076,2.188165337,-0.601121935,1.406040538,2.707560381,0.000001373,-0.000000112,-0.000000479,0.000000584,0.000001378,2.094395102
1770743273.644777060,47.300000000,-1.724883457,-1.589912104,2.188165279,-0.601121850,1.406040659,2.916999891,0.000001149,-0.000000337,-0.000000618,0.000000950,0.000001156,2.094395102
1770743273.744777203,47.400000000,-1.724883354,-1.589912145,2.188165214,-0.601121744,1.406040762,3.126439401,0.000000831,-0.000000535,-0.000000708,0.000001239,0.000000841,2.094395102
1770743273.844777107,47.500000000,-1.724883272,-1.589912199,2.188165143,-0.601121619,1.406040846,3.335878912,0.000000446,-0.000000690,-0.000000740,0.000001428,0.000000458,2.094395102
1770743273.944777012,47.600000000,-1.724883227,-1.589912268,2.188165069,-0.601121476,1.406040892,3.545318422,0.000000446,-0.000000690,-0.000000740,0.000001428,0.000000458,2.094395102
1770743274.044777155,47.700000000,-1.724883210,-1.589912343,2.188164997,-0.601121329,1.406040910,3.754734803,0.000000025,-0.000000783,-0.000000707,0.000001490,0.000000037,2.079186950
1770743274.144777060,47.800000000,-1.724883215,-1.589912413,2.188164936,-0.601121199,1.406040906,3.937653498,-0.000000300,-0.000000621,-0.000000473,0.000001095,-0.000000291,1.579186950
1770743274.244777203,47.900000000,-1.724883240,-1.589912465,2.188164896,-0.601121106,1.406040882,4.070572193,-0.000000205,-0.000000424,-0.000000323,0.000000749,-0.000000199,1.079186950
1770743274.344777107,48.000000000,-1.724883256,-1.589912498,2.188164871,-0.601121049,1.406040866,4.153490888,-0.000000110,-0.000000228,-0.000000173,0.000000402,-0.000000107,0.579186950
1770743274.444777012,48.100000000,-1.724624174,-1.588625356,2.186896791,-0.601140457,1.406300454,4.187186737,0.018646915,0.092638371,-0.091264900,-0.001398433,0.018683334,0.119439595
1770743274.544777155,48.200000000,-1.723311568,-1.582104298,2.180472430,-0.601238915,1.407615617,4.175486151,0.000000033,0.000000125,0.000000138,-0.000000365,-0.000000145,-0.339666051
1770743274.644777060,48.300000000,-1.723311562,-1.582104276,2.180472453,-0.601238977,1.407615591,4.116519851,0.000000073,0.000000305,0.000000327,-0.000000850,-0.000000387,-0.839657589
1770743274.744777203,48.400000000,-1.723311554,-1.582104237,2.180472494,-0.601239083,1.407615539,4.007554385,0.000000101,0.000000477,0.000000492,-0.000001245,-0.000000662,-1.339651117
1770743274.844777107,48.500000000,-1.723311547,-1.582104180,2.180472550,-0.601239213,1.407615484,3.848589643,-0.000000022,0.000000689,0.000000622,-0.000001310,-0.000000033,-1.839643488
1770743274.944777012,48.600000000,-1.723311549,-1.582104104,2.180472618,-0.601239358,1.407615481,3.645640710,-0.000000025,0.000000785,0.000000708,-0.000001491,-0.000000037,-2.094395102
1770743275.044777155,48.700000000,-1.723311588,-1.582104034,2.180472692,-0.601239501,1.407615441,3.436201200,-0.000000442,0.000000687,0.000000736,-0.000001421,-0.000000453,-2.094395102
1770743275.144777060,48.800000000,-1.723311651,-1.582103973,2.180472764,-0.601239633,1.407615377,3.226761689,-0.000000823,0.000000534,0.000000704,-0.000001234,-0.000000833,-2.094395102
1770743275.244777203,48.900000000,-1.723311738,-1.582103922,2.180472833,-0.601239753,1.407615289,3.017322179,-0.000001137,0.000000337,0.000000615,-0.000000947,-0.000001145,-2.094395102
1770743275.344777107,49.000000000,-1.723311852,-1.582103888,2.180472894,-0.601239848,1.407615175,2.807882669,-0.000001137,0.000000337,0.000000615,-0.000000947,-0.000001145,-2.094395102
1770743275.444777012,49.100000000,-1.723311983,-1.582103872,2.180472945,-0.601239914,1.407615043,2.598443159,-0.000001360,0.000000114,0.000000476,-0.000000583,-0.000001364,-2.094395102
1770743275.544777155,49.200000000,-1.723312123,-1.582103870,2.180472985,-0.601239955,1.407614902,2.389003648,-0.000001472,-0.000000119,0.000000299,-0.000000171,-0.000001473,-2.094395102
1770743275.644777060,49.300000000,-1.723312270,-1.582103883,2.180473014,-0.601239971,1.407614755,2.179564138,-0.000001465,-0.000000342,0.000000097,0.000000254,-0.000001463,-2.094395102
1770743275.744777203,49.400000000,-1.723312417,-1.582103917,2.180473024,-0.601239945,1.407614609,1.970124628,-0.000001465,-0.000000342,0.000000097,0.000000254,-0.000001463,-2.094395102
1770743275.844777107,49.500000000,-1.723312555,-1.582103965,2.180473019,-0.601239892,1.407614471,1.760768677,-0.000001320,-0.000000531,-0.000000111,0.000000649,-0.000001315,-2.065488539
1770743275.944777012,49.600000000,-1.723312666,-1.582104014,2.180473006,-0.601239829,1.407614360,1.579219823,-0.000000826,-0.000000516,-0.000000234,0.000000754,-0.000000820,-1.565488539
1770743276.044777155,49.700000000,-1.723312736,-1.582104058,2.180472986,-0.601239765,1.407614291,1.447670969,-0.000000562,-0.000000351,-0.000000159,0.000000513,-0.000000558,-1.065488539
1770743276.144777060,49.800000000,-1.723312779,-1.582104085,2.180472974,-0.601239726,1.407614248,1.366122115,-0.000000298,-0.000000186,-0.000000085,0.000000273,-0.000000296,-0.565488539
1770743276.244777203,49.900000000,-1.723001862,-1.580538390,2.178914622,-0.601247483,1.407925850,1.333684659,0.019493789,0.098161238,-0.097699921,-0.000487226,0.019536737,-0.105383581
1770743276.344777107,50.000000000,-1.721771793,-1.574344394,2.172749746,-0.601278238,1.409158621,1.346712695,0.000000143,0.000000102,0.000000068,-0.000000220,-0.000000063,0.354688362
1770743276.444777012,50.100000000,-1.721771768,-1.574344377,2.172749758,-0.601278277,1.409158611,1.407181271,0.000000349,0.000000248,0.000000179,-0.000000587,-0.000000136,0.854681062
1770743276.544777155,50.200000000,-1.721771722,-1.574344344,2.172749782,-0.601278358,1.409158595,1.517649064,0.000000568,0.000000403,0.000000314,-0.000001043,-0.000000174,1.354674569
1770743276.644777060,50.300000000,-1.721771641,-1.574344299,2.172749810,-0.601278459,1.409158623,1.678116127,0.000001174,0.000000472,0.000000100,-0.000000580,0.000001170,1.854666930
1770743276.744777203,50.400000000,-1.721771512,-1.574344247,2.172749821,-0.601278523,1.409158751,1.881807937,0.000001326,0.000000533,0.000000113,-0.000000655,0.000001322,2.094395102
1770743276.844777107,50.500000000,-1.721771369,-1.574344211,2.172749814,-0.601278552,1.409158895,2.091247447,0.000001450,0.000000338,-0.000000096,-0.000000250,0.000001448,2.094395102
1770743276.944777012,50.600000000,-1.721771223,-1.574344189,2.172749793,-0.601278555,1.409159040,2.300686958,0.000001457,0.000000116,-0.000000297,0.000000173,0.000001459,2.094395102
1770743277.044777155,50.700000000,-1.721771079,-1.574344181,2.172749761,-0.601278531,1.409159184,2.510126468,0.000001346,-0.000000115,-0.000000474,0.000000581,0.000001351,2.094395102
1770743277.144777060,50.800000000,-1.721770945,-1.574344193,2.172749713,-0.601278473,1.409159319,2.719565978,0.000001346,-0.000000115,-0.000000474,0.000000581,0.000001351,2.094395102
1770743277.244777203,50.900000000,-1.721770828,-1.574344222,2.172749655,-0.601278385,1.409159437,2.929005488,0.000001126,-0.000000337,-0.000000612,0.000000943,0.000001134,2.094395102
1770743277.344777107,51.000000000,-1.721770729,-1.574344265,2.172749590,-0.601278278,1.409159537,3.138444999,0.000000815,-0.000000532,-0.000000701,0.000001228,0.000000825,2.094395102
1770743277.444777012,51.100000000,-1.721770650,-1.574344319,2.172749519,-0.601278154,1.409159616,3.347884509,0.000000438,-0.000000684,-0.000000732,0.000001414,0.000000449,2.094395102
1770743277.544777155,51.200000000,-1.721770607,-1.574344387,2.172749446,-0.601278013,1.409159661,3.557324019,0.000000438,-0.000000684,-0.000000732,0.000001414,0.000000449,2.094395102
1770743277.644777060,51.300000000,-1.721770592,-1.574344462,2.172749375,-0.601277866,1.409159677,3.766569596,0.000000024,-0.000000764,-0.000000690,0.000001454,0.000000036,2.050357234
1770743277.744777203,51.400000000,-1.721770599,-1.574344530,2.172749316,-0.601277740,1.409159671,3.946605319,-0.000000289,-0.000000602,-0.000000459,0.000001063,-0.000000280,1.550357234
1770743277.844777107,51.500000000,-1.721770623,-1.574344581,2.172749278,-0.601277651,1.409159648,4.076641043,-0.000000196,-0.000000408,-0.000000311,0.000000720,-0.000000190,1.050357234
1770743277.944777012,51.600000000,-1.721770638,-1.574344612,2.172749254,-0.601277596,1.409159633,4.156676766,-0.000000103,-0.000000214,-0.000000163,0.000000377,-0.000000099,0.550357234
1770743278.044777155,51.700000000,-1.721410780,-1.572508008,2.170902775,-0.601268196,1.409520376,4.187711801,0.020002991,0.102088090,-0.102635842,0.000521356,0.020052159,0.090227090
1770743278.144777060,51.800000000,-1.720259511,-1.566632351,2.164995608,-0.601238209,1.410674467,4.173301908,0.000000036,0.000000134,0.000000147,-0.000000390,-0.000000154,-0.369484703
1770743278.244777203,51.900000000,-1.720259506,-1.566632329,2.164995632,-0.601238272,1.410674440,4.111353763,0.000000077,0.000000312,0.000000333,-0.000000865,-0.000000389,-0.869476708
1770743278.344777107,52.000000000,-1.720259496,-1.566632289,2.164995674,-0.601238379,1.410674388,3.999406420,0.000000104,0.000000483,0.000000496,-0.000001253,-0.000000658,-1.369470273
1770743278.444777012,52.100000000,-1.720259490,-1.566632231,2.164995729,-0.601238508,1.410674339,3.837459809,-0.000000022,0.000000693,0.000000626,-0.000001317,-0.000000033,-1.869461015
1770743278.544777155,52.200000000,-1.720259493,-1.566632155,2.164995797,-0.601238652,1.410674335,3.633080492,-0.000000024,0.000000776,0.000000701,-0.000001475,-0.000000037,-2.094395102
1770743278.644777060,52.300000000,-1.720259533,-1.566632087,2.164995870,-0.601238793,1.410674294,3.423640982,-0.000000433,0.000000681,0.000000729,-0.000001407,-0.000000445,-2.094395102
1770743278.744777203,52.400000000,-1.720259597,-1.566632027,2.164995941,-0.601238923,1.410674228,3.214201472,-0.000000807,0.000000531,0.000000697,-0.000001223,-0.000000817,-2.094395102
1770743278.844777107,52.500000000,-1.720259684,-1.566631978,2.164996009,-0.601239040,1.410674141,3.004761961,-0.000001115,0.000000337,0.000000609,-0.000000940,-0.000001123,-2.094395102
1770743278.944777012,52.600000000,-1.720259796,-1.566631944,2.164996070,-0.601239134,1.410674028,2.795322451,-0.000001115,0.000000337,0.000000609,-0.000000940,-0.000001123,-2.094395102
1770743279.044777155,52.700000000,-1.720259925,-1.566631929,2.164996119,-0.601239198,1.410673898,2.585882941,-0.000001333,0.000000116,0.000000471,-0.000000580,-0.000001338,-2.094395102
1770743279.144777060,52.800000000,-1.720260064,-1.566631928,2.164996158,-0.601239237,1.410673759,2.376443431,-0.000001443,-0.000000114,0.000000295,-0.000000174,-0.000001445,-2.094395102
1770743279.244777203,52.900000000,-1.720260208,-1.566631942,2.164996186,-0.601239250,1.410673615,2.167003920,-0.000001436,-0.000000335,0.000000096,0.000000247,-0.000001434,-2.094395102
1770743279.344777107,53.000000000,-1.720260352,-1.566631975,2.164996195,-0.601239225,1.410673471,1.957564410,-0.000001436,-0.000000335,0.000000096,0.000000247,-0.000001434,-2.094395102
1770743279.444777012,53.100000000,-1.720260486,-1.566632023,2.164996189,-0.601239171,1.410673338,1.748469795,-0.000001276,-0.000000514,-0.000000108,0.000000629,-0.000001271,-2.035667311
1770743279.544777155,53.200000000,-1.720260593,-1.566632071,2.164996175,-0.601239108,1.410673231,1.569903064,-0.000000794,-0.000000498,-0.000000227,0.000000730,-0.000000788,-1.535667311
1770743279.644777060,53.300000000,-1.720260659,-1.566632113,2.164996156,-0.601239047,1.410673165,1.441336333,-0.000000536,-0.000000336,-0.000000153,0.000000492,-0.000000532,-1.035667311
1770743279.744777203,53.400000000,-1.720260700,-1.566632139,2.164996145,-0.601239009,1.410673125,1.362769602,-0.000000277,-0.000000174,-0.000000079,0.000000255,-0.000000275,-0.535667311
1770743279.844777107,53.500000000,-1.719847919,-1.564497043,2.162828221,-0.601206722,1.411087028,1.333066519,0.020464672,0.105849498,-0.107476292,0.001599983,0.020520288,-0.076387398
1770743279.944777012,53.600000000,-1.718778472,-1.558965578,2.157211753,-0.601123122,1.412159372,1.348734065,0.000000152,0.000000109,0.000000072,-0.000000233,-0.000000065,0.383025607
1770743280.044777155,53.700000000,-1.718778447,-1.558965560,2.157211766,-0.601123163,1.412159362,1.412036522,0.000000356,0.000000254,0.000000182,-0.000000596,-0.000000134,0.883021250
1770743280.144777060,53.800000000,-1.718778400,-1.558965527,2.157211790,-0.601123245,1.412159346,1.525338291,0.000000578,0.000000409,0.000000325,-0.000001081,-0.000000152,1.383013518
1770743280.244777203,53.900000000,-1.718778318,-1.558965482,2.157211817,-0.601123342,1.412159381,1.688639320,0.000001169,0.000000471,0.000000100,-0.000000579,0.000001165,1.883005421
1770743280.344777107,54.000000000,-1.718778190,-1.558965430,2.157211828,-0.601123405,1.412159508,1.893609604,0.000001301,0.000000524,0.000000111,-0.000000644,0.000001297,2.094395102
1770743280.444777012,54.100000000,-1.718778049,-1.558965396,2.157211819,-0.601123431,1.412159649,2.103049114,0.000001422,0.000000331,-0.000000095,-0.000000243,0.000001420,2.094395102
1770743280.544777155,54.200000000,-1.718777906,-1.558965376,2.157211798,-0.601123431,1.412159792,2.312488624,0.000001429,0.000000111,-0.000000294,0.000000175,0.000001431,2.094395102
1770743280.644777060,54.300000000,-1.718777765,-1.558965370,2.157211765,-0.601123404,1.412159933,2.521928134,0.000001320,-0.000000118,-0.000000469,0.000000579,0.000001325,2.094395102
1770743280.744777203,54.400000000,-1.718777633,-1.558965382,2.157211718,-0.601123346,1.412160065,2.731367645,0.000001320,-0.000000118,-0.000000469,0.000000579,0.000001325,2.094395102
1770743280.844777107,54.500000000,-1.718777520,-1.558965413,2.157211659,-0.601123258,1.412160180,2.940807155,0.000001105,-0.000000337,-0.000000605,0.000000936,0.000001112,2.094395102
1770743280.944777012,54.600000000,-1.718777425,-1.558965456,2.157211594,-0.601123150,1.412160276,3.150246665,0.000000799,-0.000000529,-0.000000693,0.000001218,0.000000809,2.094395102
1770743281.044777155,54.700000000,-1.718777350,-1.558965511,2.157211524,-0.601123026,1.412160352,3.359686175,0.000000429,-0.000000678,-0.000000725,0.000001401,0.000000441,2.094395102
1770743281.144777060,54.800000000,-1.718777307,-1.558965579,2.157211452,-0.601122886,1.412160396,3.569125686,0.000000429,-0.000000678,-0.000000725,0.000001401,0.000000441,2.094395102
1770743281.244777203,54.900000000,-1.718777295,-1.558965653,2.157211382,-0.601122741,1.412160409,3.778039318,0.000000024,-0.000000745,-0.000000674,0.000001419,0.000000035,2.021877698
1770743281.344777107,55.000000000,-1.718777303,-1.558965719,2.157211325,-0.601122617,1.412160402,3.955227088,-0.000000278,-0.000000584,-0.000000446,0.000001032,-0.000000270,1.521877698
1770743281.444777012,55.100000000,-1.718777326,-1.558965768,2.157211287,-0.601122531,1.412160379,4.082414858,-0.000000187,-0.000000392,-0.000000300,0.000000693,-0.000000181,1.021877698
1770743281.544777155,55.200000000,-1.718777341,-1.558965798,2.157211265,-0.601122479,1.412160365,4.159602628,-0.000000095,-0.000000200,-0.000000153,0.000000354,-0.000000092,0.521877698
1770743281.644777060,55.300000000,-1.718323034,-1.556584472,2.154769649,-0.601062780,1.412616027,4.188039106,0.020564486,0.107791622,-0.110519824,0.002701456,0.020625812,0.063090717
1770743281.744777203,55.400000000,-1.717323241,-1.551343923,2.149396477,-0.600931462,1.413618792,4.171192811,0.000000039,0.000000142,0.000000156,-0.000000411,-0.000000160,-0.395375146
1770743281.844777107,55.500000000,-1.717323235,-1.551343900,2.149396502,-0.600931527,1.413618765,4.106655414,0.000000079,0.000000319,0.000000339,-0.000000877,-0.000000390,-0.895370728
1770743281.944777012,55.600000000,-1.717323226,-1.551343860,2.149396544,-0.600931634,1.413618713,3.992118715,0.000000103,0.000000485,0.000000488,-0.000001220,-0.000000664,-1.395363026
1770743282.044777155,55.700000000,-1.717323221,-1.551343802,2.149396599,-0.600931762,1.413618668,3.827582755,-0.000000022,0.000000695,0.000000628,-0.000001321,-0.000000033,-1.895354933
1770743282.144777060,55.800000000,-1.717323223,-1.551343726,2.149396667,-0.600931905,1.413618665,3.622105608,-0.000000024,0.000000768,0.000000694,-0.000001460,-0.000000036,-2.094395102
1770743282.244777203,55.900000000,-1.717323265,-1.551343659,2.149396740,-0.600932044,1.413618622,3.412666098,-0.000000425,0.000000675,0.000000721,-0.000001394,-0.000000437,-2.094395102
1770743282.344777107,56.000000000,-1.717323330,-1.551343600,2.149396810,-0.600932173,1.413618556,3.203226588,-0.000000792,0.000000527,0.000000690,-0.000001212,-0.000000802,-2.094395102
1770743282.444777012,56.100000000,-1.717323416,-1.551343552,2.149396877,-0.600932287,1.413618468,2.993787077,-0.000001094,0.000000337,0.000000602,-0.000000933,-0.000001102,-2.094395102
1770743282.544777155,56.200000000,-1.717323526,-1.551343519,2.149396937,-0.600932380,1.413618358,2.784347567,-0.000001094,0.000000337,0.000000602,-0.000000933,-0.000001102,-2.094395102
1770743282.644777060,56.300000000,-1.717323654,-1.551343504,2.149396985,-0.600932442,1.413618229,2.574908057,-0.000001308,0.000000119,0.000000466,-0.000000578,-0.000001313,-2.094395102
1770743282.744777203,56.400000000,-1.717323790,-1.551343504,2.149397022,-0.600932479,1.413618093,2.365468547,-0.000001416,-0.000000109,0.000000292,-0.000000176,-0.000001417,-2.094395102
1770743282.844777107,56.500000000,-1.717323932,-1.551343518,2.149397049,-0.600932490,1.413617951,2.156029036,-0.000001409,-0.000000327,0.000000095,0.000000240,-0.000001407,-2.094395102
1770743282.944777012,56.600000000,-1.717324073,-1.551343551,2.149397058,-0.600932466,1.413617810,1.946589526,-0.000001409,-0.000000327,0.000000095,0.000000240,-0.000001407,-2.094395102
1770743283.044777155,56.700000000,-1.717324204,-1.551343599,2.149397051,-0.600932410,1.413617680,1.737869172,-0.000001236,-0.000000498,-0.000000106,0.000000611,-0.000001231,-2.009592029
1770743283.144777060,56.800000000,-1.717324306,-1.551343647,2.149397037,-0.600932348,1.413617578,1.561909969,-0.000000766,-0.000000482,-0.000000221,0.000000708,-0.000000760,-1.509592029
1770743283.244777203,56.900000000,-1.717324370,-1.551343687,2.149397018,-0.600932289,1.413617515,1.435950766,-0.000000512,-0.000000323,-0.000000148,0.000000473,-0.000000508,-1.009592029
1770743283.344777107,57.000000000,-1.717324408,-1.551343711,2.149397007,-0.600932253,1.413617477,1.359991563,-0.000000259,-0.000000163,-0.000000075,0.000000239,-0.000000257,-0.509592029
1770743283.444777012,57.100000000,-1.716826985,-1.548701573,2.146661882,-0.600839909,1.414116517,1.332659071,0.020674335,0.109812310,-0.113676480,0.003837476,0.020741556,-0.051601985
1770743283.544777155,57.200000000,-1.715897546,-1.543764866,2.141551468,-0.600667404,1.415048969,1.350543224,0.000000159,0.000000114,0.000000076,-0.000000244,-0.000000065,0.406605091
1770743283.644777060,57.300000000,-1.715897520,-1.543764847,2.141551481,-0.600667446,1.415048959,1.416203402,0.000000361,0.000000257,0.000000184,-0.000000601,-0.000000130,0.906597857
1770743283.744777203,57.400000000,-1.715897473,-1.543764814,2.141551506,-0.600667528,1.415048944,1.531862788,0.000000579,0.000000411,0.000000325,-0.000001079,-0.000000146,1.406590044
1770743283.844777107,57.500000000,-1.715897389,-1.543764769,2.141551531,-0.600667621,1.415048985,1.697521430,0.000001161,0.000000468,0.000000101,-0.000000577,0.000001157,1.906581934
1770743283.944777012,57.600000000,-1.715897263,-1.543764719,2.141551542,-0.600667683,1.415049110,1.903432892,0.000001276,0.000000515,0.000000110,-0.000000634,0.000001272,2.094395102
1770743284.044777155,57.700000000,-1.715897124,-1.543764686,2.141551532,-0.600667707,1.415049249,2.112872402,0.000001395,0.000000323,-0.000000094,-0.000000237,0.000001394,2.094395102
1770743284.144777060,57.800000000,-1.715896984,-1.543764668,2.141551510,-0.600667704,1.415049389,2.322311913,0.000001402,0.000000106,-0.000000291,0.000000177,0.000001404,2.094395102
1770743284.244777203,57.900000000,-1.715896846,-1.543764663,2.141551477,-0.600667676,1.415049527,2.531751423,0.000001296,-0.000000120,-0.000000464,0.000000577,0.000001300,2.094395102
1770743284.344777107,58.000000000,-1.715896717,-1.543764675,2.141551430,-0.600667618,1.415049657,2.741190933,0.000001296,-0.000000120,-0.000000464,0.000000577,0.000001300,2.094395102
1770743284.444777012,58.100000000,-1.715896606,-1.543764707,2.141551372,-0.600667528,1.415049768,2.950630443,0.000001084,-0.000000336,-0.000000599,0.000000929,0.000001091,2.094395102
1770743284.544777155,58.200000000,-1.715896514,-1.543764751,2.141551307,-0.600667420,1.415049861,3.160069954,0.000000784,-0.000000525,-0.000000686,0.000001207,0.000000794,2.094395102
1770743284.644777060,58.300000000,-1.715896442,-1.543764806,2.141551238,-0.600667296,1.415049934,3.369509464,0.000000421,-0.000000672,-0.000000717,0.000001387,0.000000433,2.094395102
1770743284.744777203,58.400000000,-1.715896400,-1.543764873,2.141551166,-0.600667158,1.415049977,3.578948974,0.000000421,-0.000000672,-0.000000717,0.000001387,0.000000433,2.094395102
1770743284.844777107,58.500000000,-1.715896391,-1.543764947,2.141551097,-0.600667014,1.415049988,3.787461728,0.000000023,-0.000000729,-0.000000659,0.000001388,0.000000034,1.998126947
1770743284.944777012,58.600000000,-1.715896400,-1.543765012,2.141551041,-0.600666894,1.415049979,3.962274423,-0.000000268,-0.000000568,-0.000000435,0.000001004,-0.000000260,1.498126947
1770743285.044777155,58.700000000,-1.715896422,-1.543765059,2.141551005,-0.600666810,1.415049958,4.087087118,-0.000000179,-0.000000378,-0.000000290,0.000000669,-0.000000173,0.998126947
1770743285.144777060,58.800000000,-1.715896436,-1.543765088,2.141550983,-0.600666760,1.415049945,4.161899812,-0.000000089,-0.000000189,-0.000000145,0.000000334,-0.000000086,0.498126947
1770743285.244777203,58.900000000,-1.715368175,-1.540921907,2.138579829,-0.600539464,1.415580069,4.188183073,0.020508164,0.110377415,-0.115344908,0.004941206,0.020580468,0.040572936
1770743285.344777107,59.000000000,-1.714496103,-1.536228319,2.133675023,-0.600329369,1.416455205,4.169334357,0.000000041,0.000000148,0.000000162,-0.000000426,-0.000000164,-0.416710834
1770743285.444777012,59.100000000,-1.714496097,-1.536228295,2.133675049,-0.600329435,1.416455177,4.102663602,0.000000081,0.000000323,0.000000342,-0.000000884,-0.000000388,-0.916703827
1770743285.544777155,59.200000000,-1.714496088,-1.536228254,2.133675090,-0.600329541,1.416455126,3.985993633,0.000000106,0.000000488,0.000000490,-0.000001221,-0.000000655,-1.416696045
1770743285.644777060,59.300000000,-1.714496083,-1.536228196,2.133675146,-0.600329668,1.416455085,3.819324406,-0.000000022,0.000000695,0.000000628,-0.000001322,-0.000000033,-1.916687940
1770743285.744777203,59.400000000,-1.714496086,-1.536228121,2.133675214,-0.600329810,1.416455081,3.613043548,-0.000000417,0.000000668,0.000000714,-0.000001380,-0.000000429,-2.094395102
1770743285.844777107,59.500000000,-1.714496127,-1.536228054,2.133675285,-0.600329948,1.416455038,3.403604038,-0.000000417,0.000000668,0.000000714,-0.000001380,-0.000000429,-2.094395102
1770743285.944777012,59.600000000,-1.714496193,-1.536227997,2.133675354,-0.600330075,1.416454971,3.194164528,-0.000000777,0.000000523,0.000000683,-0.000001202,-0.000000787,-2.094395102
1770743286.044777155,59.700000000,-1.714496279,-1.536227950,2.133675420,-0.600330187,1.416454884,2.984725017,-0.000001074,0.000000336,0.000000596,-0.000000926,-0.000001081,-2.094395102
1770743286.144777060,59.800000000,-1.714496387,-1.536227917,2.133675480,-0.600330279,1.416454776,2.775285507,-0.000001074,0.000000336,0.000000596,-0.000000926,-0.000001081,-2.094395102
1770743286.244777203,59.900000000,-1.714496513,-1.536227903,2.133675527,-0.600330339,1.416454649,2.565845997,-0.000001283,0.000000121,0.000000462,-0.000000575,-0.000001288,-2.094395102
1770743286.344777107,60.000000000,-1.714496648,-1.536227904,2.133675563,-0.600330375,1.416454514,2.356406487,-0.000001389,-0.000000104,0.000000289,-0.000000178,-0.000001391,-2.094395102
1770743286.444777012,60.100000000,-1.714496786,-1.536227918,2.133675588,-0.600330384,1.416454375,2.146966976,-0.000001382,-0.000000320,0.000000094,0.000000234,-0.000001381,-2.094395102
1770743286.544777155,60.200000000,-1.714496925,-1.536227950,2.133675598,-0.600330361,1.416454237,1.937527466,-0.000001382,-0.000000320,0.000000094,0.000000234,-0.000001381,-2.094395102
1770743286.644777060,60.300000000,-1.714497052,-1.536227998,2.133675590,-0.600330305,1.416454110,1.729218052,-0.000001200,-0.000000484,-0.000000104,0.000000595,-0.000001195,-1.988089123
1770743286.744777203,60.400000000,-1.714497151,-1.536228045,2.133675575,-0.600330242,1.416454012,1.555409140,-0.000000741,-0.000000468,-0.000000216,0.000000688,-0.000000735,-1.488089123
1770743286.844777107,60.500000000,-1.714497212,-1.536228084,2.133675557,-0.600330185,1.416453951,1.431600228,-0.000000492,-0.000000311,-0.000000143,0.000000457,-0.000000488,-0.988089123
1770743286.944777012,60.600000000,-1.714497249,-1.536228107,2.133675546,-0.600330151,1.416453915,1.357791315,-0.000000243,-0.000000154,-0.000000071,0.000000226,-0.000000241,-0.488089123
1770743287.044777155,60.700000000,-1.713936115,-1.533168026,2.130447890,-0.600163290,1.417017183,1.332400756,0.020415545,0.111331792,-0.117428076,0.006070307,0.020493222,-0.031292121
1770743287.144777060,60.800000000,-1.713122617,-1.528731825,2.125768783,-0.599921421,1.417833767,1.352082825,0.000000165,0.000000118,0.000000078,-0.000000251,-0.000000065,0.425765321
1770743287.244777203,60.900000000,-1.713122590,-1.528731806,2.125768796,-0.599921463,1.417833757,1.419658858,0.000000364,0.000000260,0.000000186,-0.000000604,-0.000000127,0.925756273
1770743287.344777107,61.000000000,-1.713122543,-1.528731772,2.125768821,-0.599921546,1.417833743,1.537234050,0.000000579,0.000000411,0.000000324,-0.000001074,-0.000000140,1.425748387
1770743287.444777012,61.100000000,-1.713122458,-1.528731728,2.125768844,-0.599921635,1.417833788,1.704808494,0.000001151,0.000000465,0.000000101,-0.000000574,0.000001147,1.925740265
1770743287.544777155,61.200000000,-1.713122334,-1.528731679,2.125768855,-0.599921695,1.417833912,1.911402888,0.000001370,0.000000316,-0.000000093,-0.000000231,0.000001368,2.094395102
1770743287.644777060,61.300000000,-1.713122197,-1.528731647,2.125768845,-0.599921719,1.417834048,2.120842398,0.000001370,0.000000316,-0.000000093,-0.000000231,0.000001368,2.094395102
1770743287.744777203,61.400000000,-1.713122060,-1.528731630,2.125768823,-0.599921714,1.417834186,2.330281908,0.000001376,0.000000101,-0.000000288,0.000000179,0.000001378,2.094395102
1770743287.844777107,61.500000000,-1.713121925,-1.528731627,2.125768789,-0.599921684,1.417834320,2.539721419,0.000001272,-0.000000122,-0.000000459,0.000000574,0.000001276,2.094395102
1770743287.944777012,61.600000000,-1.713121798,-1.528731639,2.125768743,-0.599921627,1.417834448,2.749160929,0.000001272,-0.000000122,-0.000000459,0.000000574,0.000001276,2.094395102
1770743288.044777155,61.700000000,-1.713121691,-1.528731671,2.125768684,-0.599921536,1.417834556,2.958600439,0.000001064,-0.000000335,-0.000000593,0.000000923,0.000001071,2.094395102
1770743288.144777060,61.800000000,-1.713121602,-1.528731716,2.125768620,-0.599921428,1.417834646,3.168039949,0.000000770,-0.000000521,-0.000000679,0.000001197,0.000000780,2.094395102
1770743288.244777203,61.900000000,-1.713121532,-1.528731771,2.125768551,-0.599921304,1.417834717,3.377479460,0.000000413,-0.000000665,-0.000000710,0.000001374,0.000000425,2.094395102
1770743288.344777107,62.000000000,-1.713121491,-1.528731837,2.125768480,-0.599921167,1.417834759,3.586918970,0.000000413,-0.000000665,-0.000000710,0.000001374,0.000000425,2.094395102
1770743288.444777012,62.100000000,-1.713121483,-1.528731911,2.125768412,-0.599921025,1.417834768,3.795022385,0.000000022,-0.000000714,-0.000000646,0.000001360,0.000000034,1.978805555
1770743288.544777155,62.200000000,-1.713121493,-1.528731974,2.125768358,-0.599920908,1.417834759,3.967902941,-0.000000260,-0.000000554,-0.000000425,0.000000980,-0.000000252,1.478805555
1770743288.644777060,62.300000000,-1.713121515,-1.528732020,2.125768322,-0.599920826,1.417834738,4.090783496,-0.000000172,-0.000000366,-0.000000281,0.000000649,-0.000000167,0.978805555
1770743288.744777203,62.400000000,-1.713121528,-1.528732048,2.125768302,-0.599920778,1.417834726,4.163664052,-0.000000084,-0.000000179,-0.000000138,0.000000317,-0.000000082,0.478805555
1770743288.844777107,62.500000000,-1.712539955,-1.525518736,2.122347884,-0.599714407,1.418418677,4.188207763,0.020101174,0.111062708,-0.118220397,0.007132298,0.020183366,0.022398106
1770743288.944777012,62.600000000,-1.711771947,-1.521275355,2.117831045,-0.599441924,1.419189815,4.167760425,0.000000042,0.000000153,0.000000166,-0.000000437,-0.000000166,-0.433763240
1770743289.044777155,62.700000000,-1.711771941,-1.521275331,2.117831071,-0.599441991,1.419189787,4.099384598,0.000000083,0.000000326,0.000000344,-0.000000886,-0.000000384,-0.933754396
1770743289.144777060,62.800000000,-1.711771931,-1.521275290,2.117831113,-0.599442097,1.419189736,3.981009604,0.000000109,0.000000489,0.000000489,-0.000001218,-0.000000644,-1.433746541
1770743289.244777203,62.900000000,-1.711771926,-1.521275232,2.117831168,-0.599442222,1.419189699,3.812635356,-0.000000022,0.000000694,0.000000628,-0.000001320,-0.000000033,-1.933738425
1770743289.344777107,63.000000000,-1.711771931,-1.521275158,2.117831235,-0.599442363,1.419189693,3.605777574,-0.000000410,0.000000662,0.000000707,-0.000001367,-0.000000421,-2.094395102
1770743289.444777012,63.100000000,-1.711771972,-1.521275092,2.117831306,-0.599442500,1.419189651,3.396338063,-0.000000410,0.000000662,0.000000707,-0.000001367,-0.000000421,-2.094395102
1770743289.544777155,63.200000000,-1.711772037,-1.521275035,2.117831374,-0.599442624,1.419189585,3.186898553,-0.000000763,0.000000519,0.000000676,-0.000001191,-0.000000773,-2.094395102
1770743289.644777060,63.300000000,-1.711772123,-1.521274989,2.117831439,-0.599442735,1.419189498,2.977459043,-0.000001054,0.000000334,0.000000590,-0.000000919,-0.000001062,-2.094395102
1770743289.744777203,63.400000000,-1.711772228,-1.521274956,2.117831498,-0.599442826,1.419189392,2.768019533,-0.000001054,0.000000334,0.000000590,-0.000000919,-0.000001062,-2.094395102
1770743289.844777107,63.500000000,-1.711772354,-1.521274943,2.117831544,-0.599442885,1.419189266,2.558580022,-0.000001260,0.000000123,0.000000457,-0.000000572,-0.000001265,-2.094395102
1770743289.944777012,63.600000000,-1.711772486,-1.521274944,2.117831580,-0.599442919,1.419189133,2.349140512,-0.000001364,-0.000000099,0.000000287,-0.000000179,-0.000001365,-2.094395102
1770743290.044777155,63.700000000,-1.711772622,-1.521274959,2.117831604,-0.599442927,1.419188997,2.139701002,-0.000001357,-0.000000313,0.000000093,0.000000228,-0.000001355,-2.094395102
1770743290.144777060,63.800000000,-1.711772758,-1.521274990,2.117831613,-0.599442904,1.419188862,1.930261492,-0.000001357,-0.000000313,0.000000093,0.000000228,-0.000001355,-2.094395102
1770743290.244777203,63.900000000,-1.711772882,-1.521275038,2.117831605,-0.599442848,1.419188737,1.722250377,-0.000001170,-0.000000473,-0.000000102,0.000000582,-0.000001165,-1.974879607
1770743290.344777107,64.000000000,-1.711772977,-1.521275084,2.117831590,-0.599442786,1.419188643,1.549762416,-0.000000721,-0.000000457,-0.000000212,0.000000673,-0.000000715,-1.474879607
1770743290.444777012,64.100000000,-1.711773037,-1.521275122,2.117831572,-0.599442730,1.419188583,1.427274456,-0.000000476,-0.000000302,-0.000000140,0.000000445,-0.000000473,-0.974879607
1770743290.544777155,64.200000000,-1.711773073,-1.521275144,2.117831562,-0.599442697,1.419188548,1.354786495,-0.000000232,-0.000000147,-0.000000068,0.000000217,-0.000000230,-0.474879607
1770743290.639753103,64.294975921,-1.711773084,-1.521275151,2.117831559,-0.599442687,1.419188537,1.332235431,0.000000000,0.000000000,0.000000000,-0.000000000,0.000000000,0.000000000
