timestamp_absolute,timestamp_relative,shoulder_pan_joint_pos,shoulder_lift_joint_pos,elbow_joint_pos,wrist_1_joint_pos,wrist_2_joint_pos,wrist_3_joint_pos,shoulder_pan_joint_vel,shoulder_lift_joint_vel,elbow_joint_vel,wrist_1_joint_vel,wrist_2_joint_vel,wrist_3_joint_vel
1770918672.310258389,0.000000000,-2.089083020,-0.497082059,0.889043987,-0.363972966,0.961946011,1.558029056,0.000000000,-0.000000000,0.000000000,-0.000000000,0.000000000,0.000000000
1770918672.410258293,0.100000000,-2.087858456,-0.511293673,0.914043713,-0.376064106,0.963284813,1.581415115,0.024768847,-0.284630440,0.499971242,-0.241538668,0.027198589,0.470765315
1770918672.510258436,0.200000000,-2.083956475,-0.553598371,0.987700734,-0.411395264,0.967678245,1.653487978,0.054061165,-0.554242170,0.956331157,-0.455205775,0.062274647,0.970848116
1770918672.610258341,0.300000000,-2.076825511,-0.620614875,1.101608050,-0.464838953,0.976173939,1.775590238,0.090027385,-0.779088704,1.303628313,-0.601760839,0.110407638,1.471193930
1770918672.710258484,0.400000000,-2.065563029,-0.708266001,1.245041559,-0.529295352,0.990446798,1.947725703,0.137710396,-0.969867399,1.550036661,-0.674899792,0.179166089,1.971505400
1770918672.810258389,0.500000000,-2.049812848,-0.807509826,1.399003672,-0.593293396,1.011398181,2.155655385,0.171718961,-0.974462134,1.464115646,-0.575327425,0.232091629,2.094395351
1770918672.910258293,0.600000000,-2.031159578,-0.903312766,1.538054771,-0.644209416,1.036806521,2.365094910,0.202268689,-0.945156649,1.321738194,-0.443772409,0.276523008,2.094395276
1770918673.010258436,0.700000000,-2.009154936,-0.997136894,1.664059206,-0.682079594,1.066802536,2.574534431,0.238966806,-0.933839461,1.200830495,-0.313284135,0.323972166,2.094395162
1770918673.110258341,0.800000000,-1.983103109,-1.090509089,1.778541750,-0.706713168,1.101742227,2.783973951,0.283514318,-0.935364831,1.089727161,-0.178415869,0.375626402,2.094395197
1770918673.210258484,0.900000000,-1.952125893,-1.184492865,1.882068153,-0.717539087,1.142120965,2.993413472,0.337892279,-0.945369968,0.980579687,-0.036898798,0.433117810,2.094395110
1770918673.310258389,1.000000000,-1.917321934,-1.274441278,1.969744143,-0.714460875,1.185911621,3.191349647,0.349066043,-0.834735702,0.761239966,0.089612229,0.431225304,1.824359349
1770918673.410258293,1.100000000,-1.882415172,-1.352262772,2.036474257,-0.701225233,1.228304920,3.360537509,0.349066105,-0.725977424,0.582970823,0.168747409,0.417014752,1.571050704
1770918673.510258436,1.200000000,-1.847508571,-1.420319591,2.087889917,-0.681738349,1.269388684,3.507483456,0.349065938,-0.637998223,0.451702569,0.216879015,0.405028726,1.375983724
1770918673.610258341,1.300000000,-1.812601975,-1.480331115,2.127868362,-0.658525523,1.309378530,3.637099194,0.349065942,-0.564248310,0.352260756,0.244661390,0.395085143,1.222156701
1770918673.710258484,1.400000000,-1.777695381,-1.533503618,2.159084163,-0.633267200,1.348462425,3.752905122,0.349065918,-0.500711056,0.275210623,0.258667431,0.386855169,1.098279121
1770918673.810258389,1.500000000,-1.746973179,-1.575367507,2.180844581,-0.610254355,1.382236876,3.845492520,0.237381137,-0.307031758,0.150353184,0.179022263,0.258961279,0.685630268
1770918673.910258293,1.600000000,-1.731584821,-1.594768269,2.190070500,-0.598637638,1.398964473,3.889053812,0.066789854,-0.082220015,0.038010701,0.050439186,0.072368498,0.185600410
1770918674.010258436,1.700000000,-1.726539247,-1.600979494,2.192941989,-0.594827272,1.404431481,3.883274590,-0.000000024,0.000000121,0.000000092,-0.000000214,-0.000000026,-0.293805435
1770918674.110258341,1.800000000,-1.726539251,-1.600979472,2.192942006,-0.594827311,1.404431476,3.828894487,-0.000000066,0.000000327,0.000000250,-0.000000578,-0.000000071,-0.793798192
1770918674.210258484,1.900000000,-1.726539260,-1.600979429,2.192942039,-0.594827387,1.404431467,3.724514984,-0.000000108,0.000000533,0.000000407,-0.000000941,-0.000000115,-1.293791728
1770918674.310258389,2.000000000,-1.726539279,-1.600979369,2.192942089,-0.594827497,1.404431447,3.570136114,-0.000000386,0.000000586,0.000000642,-0.000001226,-0.000000396,-1.793785201
1770918674.410258293,2.100000000,-1.726539322,-1.600979304,2.192942161,-0.594827634,1.404431403,3.369733916,-0.000000451,0.000000684,0.000000749,-0.000001432,-0.000000462,-2.094395102
1770918674.510258436,2.200000000,-1.726539399,-1.600979248,2.192942233,-0.594827762,1.404431325,3.160294406,-0.000000840,0.000000529,0.000000716,-0.000001241,-0.000000850,-2.094395102
1770918674.610258341,2.300000000,-1.726539498,-1.600979204,2.192942301,-0.594827873,1.404431225,2.950854895,-0.000001160,0.000000331,0.000000625,-0.000000950,-0.000001168,-2.094395102
1770918674.710258484,2.400000000,-1.726539616,-1.600979173,2.192942362,-0.594827964,1.404431106,2.741415385,-0.000001387,0.000000107,0.000000483,-0.000000582,-0.000001392,-2.094395102
1770918674.810258389,2.500000000,-1.726539755,-1.600979163,2.192942410,-0.594828023,1.404430967,2.531975875,-0.000001387,0.000000107,0.000000483,-0.000000582,-0.000001392,-2.094395102
1770918674.910258293,2.600000000,-1.726539902,-1.600979169,2.192942445,-0.594828051,1.404430820,2.322536365,-0.000001502,-0.000000127,0.000000302,-0.000000167,-0.000001503,-2.094395102
1770918675.010258436,2.700000000,-1.726540052,-1.600979190,2.192942468,-0.594828052,1.404430670,2.113096854,-0.000001494,-0.000000350,0.000000097,0.000000261,-0.000001493,-2.094395102
1770918675.110258341,2.800000000,-1.726540201,-1.600979225,2.192942477,-0.594828026,1.404430521,1.903657344,-0.000001366,-0.000000545,-0.000000117,0.000000669,-0.000001361,-2.094395102
1770918675.210258484,2.900000000,-1.726540335,-1.600979278,2.192942466,-0.594827960,1.404430387,1.697748273,-0.000001244,-0.000000496,-0.000000106,0.000000609,-0.000001239,-1.906500474
1770918675.310258389,3.000000000,-1.726540434,-1.600979327,2.192942448,-0.594827892,1.404430289,1.532098226,-0.000000757,-0.000000467,-0.000000215,0.000000686,-0.000000752,-1.406500474
1770918675.410258293,3.100000000,-1.726540496,-1.600979366,2.192942431,-0.594827836,1.404430228,1.416448178,-0.000000488,-0.000000301,-0.000000139,0.000000442,-0.000000484,-0.906500474
1770918675.510258436,3.200000000,-1.726540531,-1.600979388,2.192942421,-0.594827804,1.404430192,1.350798131,-0.000000219,-0.000000135,-0.000000062,0.000000198,-0.000000217,-0.406500474
1770918675.610258341,3.300000000,-1.725489427,-1.595819447,2.187932390,-0.594979147,1.405483002,1.332923316,0.023020263,0.113007000,-0.109723637,-0.003314763,0.023057572,0.052025682
1770918675.710258484,3.400000000,-1.724936316,-1.593104256,2.185296100,-0.595058807,1.406036994,1.360362102,0.000000208,0.000000147,0.000000100,-0.000000321,-0.000000096,0.510887645
1770918675.810258389,3.500000000,-1.724936284,-1.593104234,2.185296116,-0.595058859,1.406036981,1.436450412,0.000000421,0.000000297,0.000000225,-0.000000735,-0.000000161,1.010878915
1770918675.910258293,3.600000000,-1.724936231,-1.593104196,2.185296145,-0.595058957,1.406036963,1.562537953,0.000000656,0.000000457,0.000000381,-0.000001266,-0.000000169,1.510871770
1770918676.010258436,3.700000000,-1.724936129,-1.593104148,2.185296166,-0.595059042,1.406037035,1.738624722,0.000001299,0.000000518,0.000000112,-0.000000639,0.000001295,2.010863553
1770918676.110258341,3.800000000,-1.724935991,-1.593104098,2.185296173,-0.595059100,1.406037172,1.947365855,0.000001479,0.000000346,-0.000000096,-0.000000258,0.000001478,2.094395102
1770918676.210258484,3.900000000,-1.724935843,-1.593104064,2.185296164,-0.595059126,1.406037320,2.156805365,0.000001479,0.000000346,-0.000000096,-0.000000258,0.000001478,2.094395102
1770918676.310258389,4.000000000,-1.724935695,-1.593104048,2.185296137,-0.595059116,1.406037468,2.366244875,0.000001487,0.000000124,-0.000000300,0.000000169,0.000001488,2.094395102
1770918676.410258293,4.100000000,-1.724935551,-1.593104047,2.185296098,-0.595059079,1.406037612,2.575684385,0.000001373,-0.000000108,-0.000000480,0.000000582,0.000001378,2.094395102
1770918676.510258436,4.200000000,-1.724935417,-1.593104060,2.185296049,-0.595059017,1.406037747,2.785123896,0.000001149,-0.000000332,-0.000000622,0.000000947,0.000001157,2.094395102
1770918676.610258341,4.300000000,-1.724935302,-1.593104093,2.185295986,-0.595058922,1.406037863,2.994563406,0.000001149,-0.000000332,-0.000000622,0.000000947,0.000001157,2.094395102
1770918676.710258484,4.400000000,-1.724935211,-1.593104141,2.185295917,-0.595058805,1.406037954,3.204002916,0.000000831,-0.000000528,-0.000000712,0.000001236,0.000000841,2.094395102
1770918676.810258389,4.500000000,-1.724935143,-1.593104200,2.185295845,-0.595058674,1.406038024,3.413442426,0.000000446,-0.000000682,-0.000000745,0.000001425,0.000000458,2.094395102
1770918676.910258293,4.600000000,-1.724935099,-1.593104269,2.185295771,-0.595058532,1.406038068,3.622881937,0.000000025,-0.000000780,-0.000000718,0.000001498,0.000000037,2.094395102
1770918677.010258436,4.700000000,-1.724935097,-1.593104345,2.185295700,-0.595058385,1.406038072,3.828304700,0.000000023,-0.000000705,-0.000000649,0.000001355,0.000000034,1.893976881
1770918677.110258341,4.800000000,-1.724935113,-1.593104408,2.185295647,-0.595058269,1.406038057,3.992702389,-0.000000265,-0.000000542,-0.000000421,0.000000965,-0.000000257,1.393976881
1770918677.210258484,4.900000000,-1.724935135,-1.593104452,2.185295613,-0.595058190,1.406038036,4.107100077,-0.000000170,-0.000000348,-0.000000270,0.000000619,-0.000000165,0.893976881
1770918677.310258389,5.000000000,-1.724935147,-1.593104477,2.185295593,-0.595058145,1.406038024,4.171497765,-0.000000075,-0.000000153,-0.000000119,0.000000273,-0.000000073,0.393976881
1770918677.410258293,5.100000000,-1.723851151,-1.587710242,2.180003237,-0.595161493,1.407124044,4.188183736,0.022185847,0.110402094,-0.108316687,-0.002115475,0.022227230,-0.065085217
1770918677.510258436,5.200000000,-1.723362698,-1.585279587,2.177618516,-0.595208097,1.407613393,4.159509306,0.000000051,0.000000190,0.000000214,-0.000000563,-0.000000226,-0.524375842
1770918677.610258341,5.300000000,-1.723362691,-1.585279560,2.177618547,-0.595208176,1.407613358,4.082072339,0.000000085,0.000000365,0.000000394,-0.000001007,-0.000000487,-1.024365727
1770918677.710258484,5.400000000,-1.723362681,-1.585279515,2.177618594,-0.595208294,1.407613294,3.954636135,0.000000104,0.000000529,0.000000540,-0.000001327,-0.000000785,-1.524358611
1770918677.810258389,5.500000000,-1.723362680,-1.585279450,2.177618655,-0.595208428,1.407613265,3.777200704,-0.000000024,0.000000750,0.000000690,-0.000001438,-0.000000036,-2.024350317
1770918677.910258293,5.600000000,-1.723362692,-1.585279375,2.177618727,-0.595208575,1.407613252,3.568252439,-0.000000442,0.000000679,0.000000741,-0.000001418,-0.000000453,-2.094395102
1770918678.010258436,5.700000000,-1.723362736,-1.585279307,2.177618801,-0.595208716,1.407613206,3.358812929,-0.000000442,0.000000679,0.000000741,-0.000001418,-0.000000453,-2.094395102
1770918678.110258341,5.800000000,-1.723362813,-1.585279253,2.177618872,-0.595208842,1.407613128,3.149373419,-0.000000823,0.000000526,0.000000709,-0.000001231,-0.000000833,-2.094395102
1770918678.210258484,5.900000000,-1.723362912,-1.585279210,2.177618939,-0.595208950,1.407613029,2.939933909,-0.000001137,0.000000332,0.000000618,-0.000000944,-0.000001145,-2.094395102
1770918678.310258389,6.000000000,-1.723363029,-1.585279180,2.177618998,-0.595209040,1.407612911,2.730494398,-0.000001360,0.000000110,0.000000478,-0.000000581,-0.000001365,-2.094395102
1770918678.410258293,6.100000000,-1.723363165,-1.585279169,2.177619046,-0.595209098,1.407612775,2.521054888,-0.000001360,0.000000110,0.000000478,-0.000000581,-0.000001365,-2.094395102
1770918678.510258436,6.200000000,-1.723363309,-1.585279176,2.177619080,-0.595209124,1.407612630,2.311615378,-0.000001472,-0.000000121,0.000000299,-0.000000170,-0.000001473,-2.094395102
1770918678.610258341,6.300000000,-1.723363456,-1.585279197,2.177619101,-0.595209123,1.407612483,2.102175868,-0.000001465,-0.000000342,0.000000095,0.000000254,-0.000001463,-2.094395102
1770918678.710258484,6.400000000,-1.723363602,-1.585279232,2.177619110,-0.595209095,1.407612337,1.892736357,-0.000001339,-0.000000535,-0.000000116,0.000000658,-0.000001334,-2.094395102
1770918678.810258389,6.500000000,-1.723363733,-1.585279285,2.177619099,-0.595209031,1.407612207,1.687861741,-0.000001202,-0.000000480,-0.000000104,0.000000591,-0.000001198,-1.880738994
1770918678.910258293,6.600000000,-1.723363827,-1.585279333,2.177619081,-0.595208964,1.407612114,1.524787842,-0.000000728,-0.000000451,-0.000000209,0.000000665,-0.000000723,-1.380738994
1770918679.010258436,6.700000000,-1.723363886,-1.585279370,2.177619063,-0.595208910,1.407612054,1.411713942,-0.000000465,-0.000000288,-0.000000133,0.000000424,-0.000000461,-0.880738994
1770918679.110258341,6.800000000,-1.723363920,-1.585279391,2.177619054,-0.595208880,1.407612021,1.348640043,-0.000000201,-0.000000124,-0.000000058,0.000000183,-0.000000199,-0.380738994
1770918679.210258484,6.900000000,-1.722236828,-1.579594363,2.171983947,-0.595260317,1.408741498,1.333186110,0.021028257,0.106065284,-0.105133729,-0.000959849,0.021072712,0.078884441
1770918679.310258389,7.000000000,-1.721822179,-1.577502947,2.169910914,-0.595279261,1.409157007,1.363176366,0.000000216,0.000000153,0.000000104,-0.000000333,-0.000000097,0.538931026
1770918679.410258293,7.100000000,-1.721822147,-1.577502924,2.169910930,-0.595279314,1.409156994,1.442068946,0.000000427,0.000000301,0.000000227,-0.000000741,-0.000000158,1.038922152
1770918679.510258436,7.200000000,-1.721822093,-1.577502886,2.169910960,-0.595279413,1.409156977,1.570960772,0.000000659,0.000000460,0.000000381,-0.000001264,-0.000000163,1.538915029
1770918679.610258341,7.300000000,-1.721821989,-1.577502839,2.169910979,-0.595279494,1.409157056,1.749851820,0.000001291,0.000000516,0.000000112,-0.000000637,0.000001287,2.038906625
1770918679.710258484,7.400000000,-1.721821853,-1.577502791,2.169910985,-0.595279549,1.409157191,1.958982814,0.000001450,0.000000338,-0.000000095,-0.000000251,0.000001448,2.094395102
1770918679.810258389,7.500000000,-1.721821708,-1.577502757,2.169910976,-0.595279574,1.409157336,2.168422325,0.000001450,0.000000338,-0.000000095,-0.000000251,0.000001448,2.094395102
1770918679.910258293,7.600000000,-1.721821562,-1.577502743,2.169910948,-0.595279561,1.409157482,2.377861835,0.000001457,0.000000118,-0.000000297,0.000000171,0.000001459,2.094395102
1770918680.010258436,7.700000000,-1.721821423,-1.577502744,2.169910909,-0.595279522,1.409157622,2.587301345,0.000001346,-0.000000111,-0.000000475,0.000000580,0.000001351,2.094395102
1770918680.110258341,7.800000000,-1.721821292,-1.577502759,2.169910859,-0.595279458,1.409157753,2.796740855,0.000001126,-0.000000332,-0.000000615,0.000000941,0.000001134,2.094395102
1770918680.210258484,7.900000000,-1.721821179,-1.577502792,2.169910797,-0.595279364,1.409157867,3.006180366,0.000001126,-0.000000332,-0.000000615,0.000000941,0.000001134,2.094395102
1770918680.310258389,8.000000000,-1.721821092,-1.577502841,2.169910729,-0.595279246,1.409157955,3.215619876,0.000000815,-0.000000525,-0.000000705,0.000001226,0.000000825,2.094395102
1770918680.410258293,8.100000000,-1.721821027,-1.577502900,2.169910657,-0.595279116,1.409158021,3.425059386,0.000000438,-0.000000676,-0.000000738,0.000001411,0.000000449,2.094395102
1770918680.510258436,8.200000000,-1.721820987,-1.577502968,2.169910583,-0.595278974,1.409158063,3.634498896,0.000000025,-0.000000772,-0.000000711,0.000001483,0.000000037,2.094395102
1770918680.610258341,8.300000000,-1.721820984,-1.577503043,2.169910514,-0.595278829,1.409158066,3.838727165,0.000000022,-0.000000688,-0.000000633,0.000001321,0.000000033,1.866113666
1770918680.710258484,8.400000000,-1.721821002,-1.577503105,2.169910463,-0.595278717,1.409158050,4.000338531,-0.000000254,-0.000000525,-0.000000408,0.000000935,-0.000000247,1.366113666
1770918680.810258389,8.500000000,-1.721821023,-1.577503147,2.169910430,-0.595278641,1.409158029,4.111949898,-0.000000161,-0.000000333,-0.000000259,0.000000593,-0.000000157,0.866113666
1770918680.910258293,8.600000000,-1.721821034,-1.577503171,2.169910411,-0.595278599,1.409158018,4.173561264,-0.000000068,-0.000000141,-0.000000109,0.000000251,-0.000000066,0.366113666
1770918681.010258436,8.700000000,-1.720659001,-1.571562488,2.163962215,-0.595272638,1.410322805,4.187635751,0.019894483,0.101706783,-0.101835172,0.000101789,0.019941594,-0.093869272
1770918681.110258341,8.800000000,-1.720309180,-1.569774099,2.162171591,-0.595270880,1.410673439,4.156237498,0.000000051,0.000000198,0.000000218,-0.000000565,-0.000000243,-0.554203907
1770918681.210258484,8.900000000,-1.720309173,-1.569774070,2.162171622,-0.595270960,1.410673403,4.075817352,0.000000088,0.000000372,0.000000400,-0.000001019,-0.000000487,-1.054198107
1770918681.310258389,9.000000000,-1.720309163,-1.569774025,2.162171670,-0.595271079,1.410673340,3.945397952,0.000000108,0.000000535,0.000000543,-0.000001333,-0.000000778,-1.554191011
1770918681.410258293,9.100000000,-1.720309162,-1.569773960,2.162171731,-0.595271211,1.410673316,3.764979331,-0.000000024,0.000000753,0.000000693,-0.000001444,-0.000000036,-2.054182603
1770918681.510258436,9.200000000,-1.720309176,-1.569773886,2.162171802,-0.595271356,1.410673301,3.555702137,-0.000000433,0.000000673,0.000000734,-0.000001405,-0.000000445,-2.094395102
1770918681.610258341,9.300000000,-1.720309220,-1.569773818,2.162171876,-0.595271497,1.410673256,3.346262627,-0.000000433,0.000000673,0.000000734,-0.000001405,-0.000000445,-2.094395102
1770918681.710258484,9.400000000,-1.720309298,-1.569773765,2.162171946,-0.595271620,1.410673177,3.136823116,-0.000000807,0.000000523,0.000000701,-0.000001220,-0.000000817,-2.094395102
1770918681.810258389,9.500000000,-1.720309396,-1.569773724,2.162172011,-0.595271726,1.410673078,2.927383606,-0.000001115,0.000000332,0.000000612,-0.000000937,-0.000001123,-2.094395102
1770918681.910258293,9.600000000,-1.720309512,-1.569773695,2.162172069,-0.595271812,1.410672961,2.717944096,-0.000001333,0.000000113,0.000000473,-0.000000578,-0.000001338,-2.094395102
1770918682.010258436,9.700000000,-1.720309645,-1.569773684,2.162172117,-0.595271870,1.410672828,2.508504586,-0.000001333,0.000000113,0.000000473,-0.000000578,-0.000001338,-2.094395102
1770918682.110258341,9.800000000,-1.720309788,-1.569773692,2.162172149,-0.595271894,1.410672685,2.299065075,-0.000001443,-0.000000115,0.000000296,-0.000000173,-0.000001445,-2.094395102
1770918682.210258484,9.900000000,-1.720309932,-1.569773713,2.162172169,-0.595271891,1.410672541,2.089625565,-0.000001436,-0.000000334,0.000000094,0.000000247,-0.000001434,-2.094395102
1770918682.310258389,10.000000000,-1.720310074,-1.569773749,2.162172176,-0.595271862,1.410672399,1.880186055,-0.000001313,-0.000000525,-0.000000114,0.000000647,-0.000001308,-2.094395102
1770918682.410258293,10.100000000,-1.720310202,-1.569773800,2.162172165,-0.595271799,1.410672272,1.676671656,-0.000001160,-0.000000464,-0.000000101,0.000000572,-0.000001156,-1.850979598
1770918682.510258436,10.200000000,-1.720310291,-1.569773847,2.162172147,-0.595271733,1.410672183,1.516573696,-0.000000699,-0.000000435,-0.000000203,0.000000641,-0.000000694,-1.350979598
1770918682.610258341,10.300000000,-1.720310348,-1.569773883,2.162172130,-0.595271681,1.410672127,1.406475736,-0.000000440,-0.000000274,-0.000000128,0.000000404,-0.000000437,-0.850979598
1770918682.710258484,10.400000000,-1.720310379,-1.569773902,2.162172121,-0.595271652,1.410672096,1.346377776,-0.000000182,-0.000000113,-0.000000053,0.000000167,-0.000000180,-0.350979598
1770918682.810258389,10.500000000,-1.719111131,-1.563560339,2.155888658,-0.595203343,1.411874496,1.333649111,0.018466229,0.095676893,-0.096753064,0.001051664,0.018514724,0.108314300
1770918682.910258293,10.600000000,-1.718827429,-1.562090484,2.154402285,-0.595187206,1.412158925,1.366332402,0.000000227,0.000000160,0.000000114,-0.000000367,-0.000000092,0.568204317
1770918683.010258436,10.700000000,-1.718827397,-1.562090460,2.154402302,-0.595187261,1.412158913,1.448152570,0.000000434,0.000000306,0.000000230,-0.000000748,-0.000000155,1.068198418
1770918683.110258341,10.800000000,-1.718827342,-1.562090422,2.154402332,-0.595187361,1.412158897,1.579971980,0.000000661,0.000000463,0.000000382,-0.000001264,-0.000000158,1.568191293
1770918683.210258484,10.900000000,-1.718827237,-1.562090375,2.154402350,-0.595187437,1.412158982,1.761790606,0.000001284,0.000000514,0.000000113,-0.000000636,0.000001280,2.068182889
1770918683.310258389,11.000000000,-1.718827103,-1.562090329,2.154402354,-0.595187488,1.412159116,1.971160788,0.000001422,0.000000330,-0.000000094,-0.000000244,0.000001420,2.094395102
1770918683.410258293,11.100000000,-1.718826960,-1.562090296,2.154402345,-0.595187513,1.412159258,2.180600299,0.000001422,0.000000330,-0.000000094,-0.000000244,0.000001420,2.094395102
1770918683.510258436,11.200000000,-1.718826817,-1.562090284,2.154402316,-0.595187497,1.412159401,2.390039809,0.000001429,0.000000112,-0.000000294,0.000000174,0.000001431,2.094395102
1770918683.610258341,11.300000000,-1.718826681,-1.562090286,2.154402277,-0.595187456,1.412159538,2.599479319,0.000001320,-0.000000114,-0.000000470,0.000000577,0.000001325,2.094395102
1770918683.710258484,11.400000000,-1.718826554,-1.562090303,2.154402226,-0.595187390,1.412159665,2.808918829,0.000001105,-0.000000331,-0.000000609,0.000000934,0.000001112,2.094395102
1770918683.810258389,11.500000000,-1.718826443,-1.562090336,2.154402165,-0.595187296,1.412159776,3.018358340,0.000001105,-0.000000331,-0.000000609,0.000000934,0.000001112,2.094395102
1770918683.910258293,11.600000000,-1.718826359,-1.562090385,2.154402097,-0.595187178,1.412159861,3.227797850,0.000000799,-0.000000522,-0.000000698,0.000001215,0.000000809,2.094395102
1770918684.010258436,11.700000000,-1.718826298,-1.562090445,2.154402025,-0.595187048,1.412159924,3.437237360,0.000000429,-0.000000670,-0.000000730,0.000001398,0.000000441,2.094395102
1770918684.110258341,11.800000000,-1.718826261,-1.562090513,2.154401953,-0.595186907,1.412159962,3.646676870,0.000000024,-0.000000764,-0.000000703,0.000001467,0.000000036,2.094395102
1770918684.210258484,11.900000000,-1.718826259,-1.562090587,2.154401885,-0.595186765,1.412159966,3.849477502,0.000000021,-0.000000670,-0.000000617,0.000001287,0.000000032,1.836734883
1770918684.310258389,12.000000000,-1.718826277,-1.562090647,2.154401836,-0.595186656,1.412159948,4.008150990,-0.000000244,-0.000000508,-0.000000395,0.000000905,-0.000000237,1.336734883
1770918684.410258293,12.100000000,-1.718826297,-1.562090688,2.154401804,-0.595186583,1.412159929,4.116824478,-0.000000153,-0.000000318,-0.000000247,0.000000566,-0.000000148,0.836734883
1770918684.510258436,12.200000000,-1.718826308,-1.562090710,2.154401786,-0.595186543,1.412159918,4.175497966,-0.000000061,-0.000000128,-0.000000100,0.000000228,-0.000000060,0.336734883
1770918684.610258341,12.300000000,-1.717605187,-1.555678896,2.147854211,-0.595052390,1.413384571,4.186940332,0.017199651,0.090311165,-0.092223182,0.001889330,0.017249354,-0.121853613
1770918684.710258484,12.400000000,-1.717371513,-1.554451936,2.146601298,-0.595026755,1.413618904,4.153068060,0.000000054,0.000000206,0.000000225,-0.000000583,-0.000000248,-0.580996084
1770918684.810258389,12.500000000,-1.717371506,-1.554451907,2.146601330,-0.595026837,1.413618868,4.069968730,0.000000091,0.000000378,0.000000404,-0.000001029,-0.000000486,-1.080990207
1770918684.910258293,12.600000000,-1.717371496,-1.554451861,2.146601377,-0.595026955,1.413618805,3.936870159,0.000000112,0.000000540,0.000000545,-0.000001336,-0.000000769,-1.580983089
1770918685.010258436,12.700000000,-1.717371495,-1.554451795,2.146601439,-0.595027087,1.413618786,3.753772375,-0.000000024,0.000000755,0.000000695,-0.000001448,-0.000000036,-2.080974684
1770918685.110258341,12.800000000,-1.717371512,-1.554451722,2.146601509,-0.595027230,1.413618768,3.544351493,-0.000000425,0.000000667,0.000000726,-0.000001391,-0.000000437,-2.094395102
1770918685.210258484,12.900000000,-1.717371554,-1.554451656,2.146601582,-0.595027369,1.413618724,3.334911983,-0.000000425,0.000000667,0.000000726,-0.000001391,-0.000000437,-2.094395102
1770918685.310258389,13.000000000,-1.717371633,-1.554451603,2.146601651,-0.595027490,1.413618645,3.125472473,-0.000000792,0.000000520,0.000000694,-0.000001210,-0.000000802,-2.094395102
1770918685.410258293,13.100000000,-1.717371731,-1.554451563,2.146601715,-0.595027594,1.413618546,2.916032963,-0.000001094,0.000000331,0.000000606,-0.000000931,-0.000001102,-2.094395102
1770918685.510258436,13.200000000,-1.717371846,-1.554451536,2.146601772,-0.595027678,1.413618431,2.706593452,-0.000001308,0.000000115,0.000000468,-0.000000576,-0.000001313,-2.094395102
1770918685.610258341,13.300000000,-1.717371976,-1.554451524,2.146601819,-0.595027736,1.413618299,2.497153942,-0.000001308,0.000000115,0.000000468,-0.000000576,-0.000001313,-2.094395102
1770918685.710258484,13.400000000,-1.717372117,-1.554451533,2.146601850,-0.595027757,1.413618159,2.287714432,-0.000001416,-0.000000110,0.000000293,-0.000000175,-0.000001417,-2.094395102
1770918685.810258389,13.500000000,-1.717372258,-1.554451555,2.146601869,-0.595027753,1.413618017,2.078274922,-0.000001409,-0.000000326,0.000000093,0.000000241,-0.000001407,-2.094395102
1770918685.910258293,13.600000000,-1.717372397,-1.554451591,2.146601875,-0.595027722,1.413617879,1.868835412,-0.000001288,-0.000000516,-0.000000113,0.000000637,-0.000001283,-2.094395102
1770918686.010258436,13.700000000,-1.717372521,-1.554451641,2.146601864,-0.595027661,1.413617755,1.666706937,-0.000001122,-0.000000449,-0.000000099,0.000000554,-0.000001117,-1.824005833
1770918686.110258341,13.800000000,-1.717372606,-1.554451687,2.146601845,-0.595027595,1.413617670,1.509306354,-0.000000672,-0.000000420,-0.000000196,0.000000620,-0.000000667,-1.324005833
1770918686.210258484,13.900000000,-1.717372661,-1.554451721,2.146601829,-0.595027545,1.413617616,1.401905770,-0.000000418,-0.000000261,-0.000000122,0.000000386,-0.000000415,-0.824005833
1770918686.310258389,14.000000000,-1.717372690,-1.554451739,2.146601821,-0.595027518,1.413617588,1.344505187,-0.000000164,-0.000000103,-0.000000048,0.000000152,-0.000000163,-0.324005833
1770918686.410258293,14.100000000,-1.716131278,-1.547846334,2.139791408,-0.594824133,1.414862924,1.334182354,0.015740799,0.083754352,-0.086353662,0.002578707,0.015790498,0.133907567
1770918686.510258436,14.200000000,-1.715945136,-1.546855963,2.138770316,-0.594793661,1.415049635,1.369118988,0.000000234,0.000000165,0.000000117,-0.000000376,-0.000000092,0.592655876
1770918686.610258341,14.300000000,-1.715945103,-1.546855940,2.138770334,-0.594793717,1.415049622,1.453384282,0.000000438,0.000000309,0.000000232,-0.000000752,-0.000000151,1.092649922
1770918686.710258484,14.400000000,-1.715945048,-1.546855901,2.138770364,-0.594793818,1.415049607,1.587648804,0.000000669,0.000000467,0.000000392,-0.000001299,-0.000000131,1.592640989
1770918686.810258389,14.500000000,-1.715944941,-1.546855854,2.138770380,-0.594793889,1.415049698,1.771912521,0.000001275,0.000000511,0.000000113,-0.000000633,0.000001270,2.092325002
1770918686.910258293,14.600000000,-1.715944809,-1.546855810,2.138770384,-0.594793938,1.415049830,1.981351116,0.000001396,0.000000323,-0.000000093,-0.000000238,0.000001394,2.094395102
1770918687.010258436,14.700000000,-1.715944670,-1.546855778,2.138770374,-0.594793961,1.415049969,2.190790626,0.000001402,0.000000107,-0.000000291,0.000000176,0.000001404,2.094395102
1770918687.110258341,14.800000000,-1.715944529,-1.546855768,2.138770345,-0.594793944,1.415050110,2.400230136,0.000001402,0.000000107,-0.000000291,0.000000176,0.000001404,2.094395102
1770918687.210258484,14.900000000,-1.715944396,-1.546855771,2.138770305,-0.594793900,1.415050243,2.609669647,0.000001296,-0.000000116,-0.000000466,0.000000575,0.000001300,2.094395102
1770918687.310258389,15.000000000,-1.715944272,-1.546855789,2.138770255,-0.594793833,1.415050368,2.819109157,0.000001084,-0.000000331,-0.000000602,0.000000927,0.000001092,2.094395102
1770918687.410258293,15.100000000,-1.715944164,-1.546855822,2.138770194,-0.594793740,1.415050477,3.028548667,0.000001084,-0.000000331,-0.000000602,0.000000927,0.000001092,2.094395102
1770918687.510258436,15.200000000,-1.715944083,-1.546855872,2.138770126,-0.594793622,1.415050559,3.237988177,0.000000784,-0.000000518,-0.000000691,0.000001205,0.000000794,2.094395102
1770918687.610258341,15.300000000,-1.715944025,-1.546855932,2.138770055,-0.594793492,1.415050618,3.447427688,0.000000421,-0.000000664,-0.000000723,0.000001384,0.000000433,2.094395102
1770918687.710258484,15.400000000,-1.715943990,-1.546856000,2.138769983,-0.594793352,1.415050654,3.656867198,0.000000024,-0.000000756,-0.000000696,0.000001452,0.000000036,2.094395102
1770918687.810258389,15.500000000,-1.715943988,-1.546856073,2.138769916,-0.594793212,1.415050657,3.858338057,0.000000021,-0.000000654,-0.000000602,0.000001256,0.000000031,1.812107114
1770918687.910258293,15.600000000,-1.715944007,-1.546856131,2.138769869,-0.594793107,1.415050639,4.014548768,-0.000000235,-0.000000493,-0.000000384,0.000000878,-0.000000228,1.312107114
1770918688.010258436,15.700000000,-1.715944026,-1.546856171,2.138769838,-0.594793036,1.415050620,4.120759480,-0.000000145,-0.000000305,-0.000000238,0.000000544,-0.000000141,0.812107114
1770918688.110258341,15.800000000,-1.715944036,-1.546856192,2.138769821,-0.594792998,1.415050610,4.176970191,-0.000000056,-0.000000117,-0.000000091,0.000000209,-0.000000054,0.312107114
1770918688.210258484,15.900000000,-1.714694672,-1.540120018,2.131758558,-0.594519531,1.416304267,4.186225575,0.014501966,0.078189862,-0.081382771,0.003174037,0.014551719,-0.145132277
1770918688.310258389,16.000000000,-1.714543038,-1.539302464,2.130907645,-0.594486379,1.416456403,4.150314297,0.000000056,0.000000211,0.000000231,-0.000000596,-0.000000250,-0.603183782
1770918688.410258293,16.100000000,-1.714543031,-1.539302435,2.130907677,-0.594486461,1.416456367,4.064996224,0.000000093,0.000000382,0.000000407,-0.000001034,-0.000000482,-1.103177847
1770918688.510258436,16.200000000,-1.714543020,-1.539302389,2.130907725,-0.594486579,1.416456305,3.929678928,0.000000111,0.000000539,0.000000534,-0.000001293,-0.000000769,-1.603168919
1770918688.610258341,16.300000000,-1.714543020,-1.539302323,2.130907786,-0.594486710,1.416456289,3.744370722,-0.000000024,0.000000752,0.000000692,-0.000001442,-0.000000036,-2.094395102
1770918688.710258484,16.400000000,-1.714543038,-1.539302251,2.130907857,-0.594486852,1.416456270,3.534931212,-0.000000417,0.000000661,0.000000719,-0.000001378,-0.000000429,-2.094395102
1770918688.810258389,16.500000000,-1.714543081,-1.539302185,2.130907928,-0.594486989,1.416456226,3.325491702,-0.000000777,0.000000516,0.000000687,-0.000001199,-0.000000787,-2.094395102
1770918688.910258293,16.600000000,-1.714543159,-1.539302134,2.130907997,-0.594487109,1.416456147,3.116052191,-0.000000777,0.000000516,0.000000687,-0.000001199,-0.000000787,-2.094395102
1770918689.010258436,16.700000000,-1.714543256,-1.539302094,2.130908060,-0.594487210,1.416456049,2.906612681,-0.000001074,0.000000330,0.000000600,-0.000000924,-0.000001081,-2.094395102
1770918689.110258341,16.800000000,-1.714543370,-1.539302068,2.130908116,-0.594487292,1.416455935,2.697173171,-0.000001283,0.000000117,0.000000463,-0.000000574,-0.000001288,-2.094395102
1770918689.210258484,16.900000000,-1.714543498,-1.539302056,2.130908162,-0.594487350,1.416455806,2.487733661,-0.000001283,0.000000117,0.000000463,-0.000000574,-0.000001288,-2.094395102
1770918689.310258389,17.000000000,-1.714543636,-1.539302065,2.130908192,-0.594487370,1.416455667,2.278294151,-0.000001389,-0.000000105,0.000000290,-0.000000177,-0.000001391,-2.094395102
1770918689.410258293,17.100000000,-1.714543775,-1.539302088,2.130908210,-0.594487364,1.416455529,2.068854640,-0.000001382,-0.000000319,0.000000093,0.000000234,-0.000001381,-2.094395102
1770918689.510258436,17.200000000,-1.714543911,-1.539302124,2.130908215,-0.594487332,1.416455393,1.859415130,-0.000001264,-0.000000507,-0.000000112,0.000000627,-0.000001259,-2.094395102
1770918689.610258341,17.300000000,-1.714544032,-1.539302173,2.130908204,-0.594487272,1.416455273,1.658545801,-0.000001087,-0.000000436,-0.000000096,0.000000539,-0.000001083,-1.801646387
1770918689.710258484,17.400000000,-1.714544113,-1.539302218,2.130908185,-0.594487207,1.416455192,1.503381162,-0.000000648,-0.000000407,-0.000000191,0.000000602,-0.000000643,-1.301646387
1770918689.810258389,17.500000000,-1.714544166,-1.539302251,2.130908170,-0.594487158,1.416455140,1.398216524,-0.000000399,-0.000000250,-0.000000118,0.000000371,-0.000000396,-0.801646387
1770918689.910258293,17.600000000,-1.714544193,-1.539302268,2.130908161,-0.594487133,1.416455113,1.343051885,-0.000000150,-0.000000094,-0.000000044,0.000000139,-0.000000149,-0.301646387
1770918690.010258436,17.700000000,-1.713287805,-1.532438536,2.123697282,-0.594141605,1.417716166,1.334704310,0.013107411,0.071606172,-0.075227688,0.003604597,0.013156011,0.154935176
1770918690.110258341,17.800000000,-1.713168899,-1.531789010,2.123014923,-0.594108930,1.417835494,1.371474207,0.000000239,0.000000169,0.000000119,-0.000000383,-0.000000090,0.612648060
1770918690.210258484,17.900000000,-1.713168865,-1.531788986,2.123014940,-0.594108987,1.417835482,1.457738695,0.000000440,0.000000311,0.000000233,-0.000000753,-0.000000146,1.112642070
1770918690.310258389,18.000000000,-1.713168810,-1.531788947,2.123014971,-0.594109088,1.417835468,1.594002396,0.000000668,0.000000467,0.000000391,-0.000001292,-0.000000125,1.612633123
1770918690.410258293,18.100000000,-1.713168703,-1.531788901,2.123014985,-0.594109155,1.417835563,1.780231454,0.000001252,0.000000503,0.000000112,-0.000000624,0.000001248,2.094395102
1770918690.510258436,18.200000000,-1.713168573,-1.531788859,2.123014988,-0.594109201,1.417835692,1.989670964,0.000001370,0.000000316,-0.000000092,-0.000000231,0.000001368,2.094395102
1770918690.610258341,18.300000000,-1.713168436,-1.531788828,2.123014978,-0.594109223,1.417835829,2.199110474,0.000001376,0.000000103,-0.000000288,0.000000178,0.000001378,2.094395102
1770918690.710258484,18.400000000,-1.713168298,-1.531788818,2.123014949,-0.594109205,1.417835967,2.408549984,0.000001376,0.000000103,-0.000000288,0.000000178,0.000001378,2.094395102
1770918690.810258389,18.500000000,-1.713168167,-1.531788823,2.123014909,-0.594109160,1.417836098,2.617989495,0.000001272,-0.000000118,-0.000000461,0.000000572,0.000001276,2.094395102
1770918690.910258293,18.600000000,-1.713168047,-1.531788842,2.123014858,-0.594109092,1.417836219,2.827429005,0.000001064,-0.000000330,-0.000000597,0.000000920,0.000001071,2.094395102
1770918691.010258436,18.700000000,-1.713167941,-1.531788875,2.123014799,-0.594109000,1.417836326,3.036868515,0.000001064,-0.000000330,-0.000000597,0.000000920,0.000001071,2.094395102
1770918691.110258341,18.800000000,-1.713167862,-1.531788925,2.123014731,-0.594108881,1.417836405,3.246308025,0.000000770,-0.000000515,-0.000000684,0.000001194,0.000000780,2.094395102
1770918691.210258484,18.900000000,-1.713167806,-1.531788985,2.123014660,-0.594108752,1.417836462,3.455747536,0.000000414,-0.000000658,-0.000000716,0.000001371,0.000000425,2.094395102
1770918691.310258389,19.000000000,-1.713167774,-1.531789053,2.123014589,-0.594108613,1.417836496,3.665187046,0.000000024,-0.000000748,-0.000000689,0.000001437,0.000000036,2.094395102
1770918691.410258293,19.100000000,-1.713167772,-1.531789124,2.123014523,-0.594108475,1.417836499,3.865479241,0.000000020,-0.000000640,-0.000000590,0.000001230,0.000000030,1.791949826
1770918691.510258436,19.200000000,-1.713167792,-1.531789181,2.123014477,-0.594108372,1.417836480,4.019674224,-0.000000227,-0.000000479,-0.000000375,0.000000855,-0.000000220,1.291949826
1770918691.610258341,19.300000000,-1.713167810,-1.531789220,2.123014447,-0.594108304,1.417836462,4.123869206,-0.000000139,-0.000000294,-0.000000230,0.000000524,-0.000000135,0.791949826
1770918691.710258484,19.400000000,-1.713167820,-1.531789240,2.123014431,-0.594108268,1.417836453,4.178064189,-0.000000051,-0.000000108,-0.000000085,0.000000193,-0.000000050,0.291949826
1770918691.810258389,19.500000000,-1.711913936,-1.524848781,2.115655780,-0.593691681,1.419095348,4.185548038,0.011982919,0.066327420,-0.070323762,0.003980957,0.012030747,-0.164000447
1770918691.910258293,19.600000000,-1.711817601,-1.524315556,2.115090455,-0.593659714,1.419192050,4.148003255,0.000000057,0.000000215,0.000000234,-0.000000604,-0.000000251,-0.621046870
1770918692.010258436,19.700000000,-1.711817593,-1.524315526,2.115090487,-0.593659796,1.419192014,4.060898897,0.000000091,0.000000382,0.000000401,-0.000001007,-0.000000488,-1.121038175
1770918692.110258341,19.800000000,-1.711817583,-1.524315480,2.115090534,-0.593659913,1.419191952,3.923795327,0.000000114,0.000000540,0.000000534,-0.000001290,-0.000000756,-1.621031952
1770918692.210258484,19.900000000,-1.711817583,-1.524315414,2.115090596,-0.593660043,1.419191940,3.736764075,-0.000000024,0.000000744,0.000000685,-0.000001427,-0.000000036,-2.094395102
1770918692.310258389,20.000000000,-1.711817602,-1.524315343,2.115090665,-0.593660183,1.419191920,3.527324565,-0.000000410,0.000000655,0.000000712,-0.000001365,-0.000000421,-2.094395102
1770918692.410258293,20.100000000,-1.711817646,-1.524315279,2.115090736,-0.593660319,1.419191875,3.317885055,-0.000000763,0.000000513,0.000000680,-0.000001189,-0.000000773,-2.094395102
1770918692.510258436,20.200000000,-1.711817722,-1.524315228,2.115090804,-0.593660438,1.419191798,3.108445545,-0.000000763,0.000000513,0.000000680,-0.000001189,-0.000000773,-2.094395102
1770918692.610258341,20.300000000,-1.711817819,-1.524315189,2.115090866,-0.593660537,1.419191700,2.899006034,-0.000001054,0.000000329,0.000000594,-0.000000917,-0.000001062,-2.094395102
1770918692.710258484,20.400000000,-1.711817931,-1.524315163,2.115090921,-0.593660617,1.419191587,2.689566524,-0.000001260,0.000000119,0.000000459,-0.000000571,-0.000001265,-2.094395102
1770918692.810258389,20.500000000,-1.711818057,-1.524315152,2.115090967,-0.593660675,1.419191461,2.480127014,-0.000001260,0.000000119,0.000000459,-0.000000571,-0.000001265,-2.094395102
1770918692.910258293,20.600000000,-1.711818193,-1.524315161,2.115090996,-0.593660693,1.419191325,2.270687504,-0.000001364,-0.000000101,0.000000287,-0.000000178,-0.000001365,-2.094395102
1770918693.010258436,20.700000000,-1.711818329,-1.524315184,2.115091013,-0.593660686,1.419191189,2.061247993,-0.000001357,-0.000000312,0.000000092,0.000000229,-0.000001355,-2.094395102
1770918693.110258341,20.800000000,-1.711818462,-1.524315220,2.115091017,-0.593660654,1.419191056,1.851808483,-0.000001240,-0.000000499,-0.000000111,0.000000617,-0.000001235,-2.094395102
1770918693.210258484,20.900000000,-1.711818579,-1.524315267,2.115091007,-0.593660596,1.419190940,1.654213732,-0.000001037,-0.000000417,-0.000000093,0.000000516,-0.000001032,-1.750232946
1770918693.310258389,21.000000000,-1.711818656,-1.524315310,2.115090988,-0.593660533,1.419190863,1.504190438,-0.000000611,-0.000000385,-0.000000182,0.000000570,-0.000000606,-1.250232946
1770918693.410258293,21.100000000,-1.711818705,-1.524315341,2.115090974,-0.593660488,1.419190815,1.404167143,-0.000000367,-0.000000231,-0.000000109,0.000000342,-0.000000364,-0.750232946
1770918693.510258436,21.200000000,-1.711818729,-1.524315357,2.115090966,-0.593660465,1.419190790,1.354143849,-0.000000122,-0.000000077,-0.000000036,0.000000114,-0.000000121,-0.250232946
1770918693.610258341,21.300000000,-1.711916414,-1.524849481,2.115681676,-0.593716926,1.419092536,1.353117538,-0.001071575,-0.005859754,0.006480650,-0.000619539,-0.001077827,0.229188016
1770918693.710258484,21.400000000,-1.712140987,-1.526075428,2.117035998,-0.593845017,1.418866662,1.401035979,-0.003420654,-0.018660375,0.020604889,-0.001940176,-0.003440417,0.729181837
1770918693.810258389,21.500000000,-1.712602278,-1.528584157,2.119800543,-0.594100246,1.418402739,1.498953540,-0.005804756,-0.031513667,0.034686695,-0.003165650,-0.005837634,1.229173329
1770918693.910258293,21.600000000,-1.713304558,-1.532382108,2.123970208,-0.594471067,1.417696545,1.646870464,-0.008257710,-0.044470862,0.048686859,-0.004205459,-0.008302932,1.729165863
1770918694.010258436,21.700000000,-1.714246033,-1.537432959,2.129485782,-0.594934587,1.416749997,1.842970016,-0.010114946,-0.054034724,0.058838076,-0.004790394,-0.010168462,2.094395102
1770918694.110258341,21.800000000,-1.715264806,-1.542847450,2.135361222,-0.595394226,1.415725952,2.052409526,-0.010253261,-0.054244185,0.058679612,-0.004422230,-0.010305250,2.094395102
1770918694.210258484,21.900000000,-1.716297595,-1.548283191,2.141220796,-0.595816727,1.414688046,2.261849037,-0.010394525,-0.054458561,0.058521410,-0.004049406,-0.010444969,2.094395102
1770918694.310258389,22.000000000,-1.717344700,-1.553740678,2.147064530,-0.596201616,1.413635980,2.471288548,-0.010538824,-0.054677943,0.058363437,-0.003671800,-0.010587705,2.094395102
1770918694.410258293,22.100000000,-1.718406431,-1.559220421,2.152892445,-0.596548405,1.412569445,2.680728059,-0.010686247,-0.054902423,0.058205662,-0.003289288,-0.010733545,2.094395102
1770918694.510258436,22.200000000,-1.719483106,-1.564722936,2.158704560,-0.596856596,1.411488126,2.890167570,-0.010836886,-0.055132098,0.058048054,-0.002901741,-0.010882581,2.094395102
1770918694.610258341,22.300000000,-1.720575054,-1.570248749,2.164500888,-0.597125675,1.410391696,3.099607081,-0.010990835,-0.055367065,0.057890580,-0.002509028,-0.011034907,2.094395102
1770918694.710258484,22.400000000,-1.721682612,-1.575798398,2.170281443,-0.597355117,1.409279820,3.309046593,-0.011148194,-0.055607429,0.057733207,-0.002111015,-0.011190621,2.094395102
1770918694.810258389,22.500000000,-1.722806127,-1.581372431,2.176046232,-0.597544382,1.408152152,3.518486104,-0.011309066,-0.055853294,0.057575904,-0.001707562,-0.011349825,2.094395102
1770918694.910258293,22.600000000,-1.723945959,-1.586971405,2.181795261,-0.597692916,1.407008336,3.727925615,-0.011473556,-0.056104769,0.057418637,-0.001298529,-0.011512626,2.094395102
1770918695.010258436,22.700000000,-1.724971981,-1.591964113,2.186886672,-0.597790244,1.405978919,3.913888477,-0.008948504,-0.043322881,0.044014215,-0.000679314,-0.008977219,1.609866328
1770918695.110258341,22.800000000,-1.725730738,-1.595628017,2.190601941,-0.597840589,1.405217765,4.049875026,-0.006229781,-0.029959980,0.030288451,-0.000320077,-0.006248966,1.109864432
1770918695.210258484,22.900000000,-1.726214333,-1.597950602,2.192947672,-0.597863083,1.404732693,4.135861439,-0.003440055,-0.016488550,0.016628052,-0.000134859,-0.003450427,0.609863804
1770918695.310258389,23.000000000,-1.726417571,-1.598923927,2.193928622,-0.597870433,1.404528846,4.171847808,-0.000621231,-0.002972652,0.002994077,-0.000020586,-0.000623085,0.109863635
1770918695.410258293,23.100000000,-1.726512765,-1.599379374,2.194387312,-0.597873547,1.404433368,4.159149968,-0.000000244,-0.000000336,-0.000000172,0.000000508,-0.000000243,-0.372647943
1770918695.510258436,23.200000000,-1.726512806,-1.599379431,2.194387283,-0.597873462,1.404433327,4.096885765,-0.000000573,-0.000000788,-0.000000403,0.000001190,-0.000000570,-0.872640846
1770918695.610258341,23.300000000,-1.726512880,-1.599379532,2.194387231,-0.597873309,1.404433254,3.984622036,-0.000000901,-0.000001239,-0.000000634,0.000001874,-0.000000897,-1.372633764
1770918695.710258484,23.400000000,-1.726512934,-1.599379575,2.194387221,-0.597873256,1.404433199,3.822358845,-0.000000023,0.000000705,0.000000643,-0.000001348,-0.000000033,-1.872629179
1770918695.810258389,23.500000000,-1.726512937,-1.599379498,2.194387291,-0.597873403,1.404433195,3.617837758,-0.000000025,0.000000788,0.000000719,-0.000001508,-0.000000037,-2.094395102
1770918695.910258293,23.600000000,-1.726512982,-1.599379429,2.194387366,-0.597873546,1.404433149,3.408398247,-0.000000451,0.000000688,0.000000747,-0.000001433,-0.000000462,-2.094395102
1770918696.010258436,23.700000000,-1.726513052,-1.599379370,2.194387439,-0.597873677,1.404433078,3.198958737,-0.000000840,0.000000533,0.000000714,-0.000001243,-0.000000850,-2.094395102
1770918696.110258341,23.800000000,-1.726513144,-1.599379322,2.194387508,-0.597873794,1.404432985,2.989519227,-0.000001160,0.000000334,0.000000623,-0.000000952,-0.000001168,-2.094395102
1770918696.210258484,23.900000000,-1.726513260,-1.599379289,2.194387570,-0.597873889,1.404432868,2.780079717,-0.000001160,0.000000334,0.000000623,-0.000000952,-0.000001168,-2.094395102
1770918696.310258389,24.000000000,-1.726513397,-1.599379276,2.194387619,-0.597873951,1.404432731,2.570640207,-0.000001387,0.000000109,0.000000482,-0.000000584,-0.000001392,-2.094395102
1770918696.410258293,24.100000000,-1.726513542,-1.599379278,2.194387658,-0.597873986,1.404432586,2.361200696,-0.000001502,-0.000000126,0.000000302,-0.000000168,-0.000001503,-2.094395102
1770918696.510258436,24.200000000,-1.726513692,-1.599379295,2.194387684,-0.597873996,1.404432435,2.151761186,-0.000001494,-0.000000350,0.000000097,0.000000261,-0.000001492,-2.094395102
1770918696.610258341,24.300000000,-1.726513841,-1.599379330,2.194387694,-0.597873969,1.404432286,1.942321676,-0.000001494,-0.000000350,0.000000097,0.000000261,-0.000001492,-2.094395102
1770918696.710258484,24.400000000,-1.726513980,-1.599379380,2.194387686,-0.597873910,1.404432148,1.733795939,-0.000001304,-0.000000521,-0.000000110,0.000000639,-0.000001299,-1.998803639
1770918696.810258389,24.500000000,-1.726514087,-1.599379430,2.194387671,-0.597873844,1.404432041,1.558915575,-0.000000807,-0.000000499,-0.000000228,0.000000732,-0.000000801,-1.498803639
1770918696.910258293,24.600000000,-1.726514154,-1.599379472,2.194387652,-0.597873783,1.404431975,1.434035211,-0.000000538,-0.000000333,-0.000000152,0.000000488,-0.000000534,-0.998803639
1770918697.010258436,24.700000000,-1.726514195,-1.599379497,2.194387641,-0.597873747,1.404431935,1.359154847,-0.000000268,-0.000000166,-0.000000076,0.000000244,-0.000000267,-0.498803639
1770918697.110258341,24.800000000,-1.725900244,-1.596367965,2.191457540,-0.597956011,1.405046907,1.332817842,0.023473573,0.115139685,-0.112025853,-0.003145662,0.023512651,-0.040102971
1770918697.210258484,24.900000000,-1.724910374,-1.591512611,2.186733504,-0.598088674,1.406038414,1.351803834,0.000000170,0.000000121,0.000000082,-0.000000264,-0.000000078,0.418829976
1770918697.310258389,25.000000000,-1.724910346,-1.591512591,2.186733518,-0.598088719,1.406038402,1.418686506,0.000000380,0.000000269,0.000000196,-0.000000642,-0.000000155,0.918823070
1770918697.410258293,25.100000000,-1.724910297,-1.591512557,2.186733545,-0.598088807,1.406038385,1.535568397,0.000000610,0.000000428,0.000000346,-0.000001151,-0.000000176,1.418815285
1770918697.510258436,25.200000000,-1.724910207,-1.591512510,2.186733570,-0.598088904,1.406038430,1.702449544,0.000001239,0.000000496,0.000000106,-0.000000610,0.000001235,1.918807179
1770918697.610258341,25.300000000,-1.724910073,-1.591512457,2.186733581,-0.598088968,1.406038564,1.908805274,0.000001479,0.000000346,-0.000000097,-0.000000257,0.000001477,2.094395102
1770918697.710258484,25.400000000,-1.724909925,-1.591512422,2.186733571,-0.598088994,1.406038711,2.118244784,0.000001479,0.000000346,-0.000000097,-0.000000257,0.000001477,2.094395102
1770918697.810258389,25.500000000,-1.724909777,-1.591512402,2.186733548,-0.598088992,1.406038860,2.327684294,0.000001487,0.000000123,-0.000000300,0.000000169,0.000001488,2.094395102
1770918697.910258293,25.600000000,-1.724909632,-1.591512397,2.186733513,-0.598088962,1.406039005,2.537123804,0.000001373,-0.000000110,-0.000000480,0.000000583,0.000001378,2.094395102
1770918698.010258436,25.700000000,-1.724909494,-1.591512408,2.186733465,-0.598088904,1.406039143,2.746563315,0.000001373,-0.000000110,-0.000000480,0.000000583,0.000001378,2.094395102
1770918698.110258341,25.800000000,-1.724909378,-1.591512440,2.186733404,-0.598088812,1.406039260,2.956002825,0.000001149,-0.000000334,-0.000000620,0.000000949,0.000001157,2.094395102
1770918698.210258484,25.900000000,-1.724909281,-1.591512485,2.186733337,-0.598088700,1.406039358,3.165442335,0.000000831,-0.000000532,-0.000000710,0.000001238,0.000000841,2.094395102
1770918698.310258389,26.000000000,-1.724909206,-1.591512541,2.186733265,-0.598088573,1.406039434,3.374881845,0.000000446,-0.000000686,-0.000000743,0.000001426,0.000000458,2.094395102
1770918698.410258293,26.100000000,-1.724909161,-1.591512610,2.186733191,-0.598088430,1.406039480,3.584321356,0.000000446,-0.000000686,-0.000000743,0.000001426,0.000000458,2.094395102
1770918698.510258436,26.200000000,-1.724909152,-1.591512686,2.186733119,-0.598088282,1.406039490,3.792587081,0.000000024,-0.000000744,-0.000000678,0.000001422,0.000000035,1.986053774
1770918698.610258341,26.300000000,-1.724909163,-1.591512752,2.186733062,-0.598088159,1.406039481,3.966192459,-0.000000282,-0.000000581,-0.000000447,0.000001030,-0.000000274,1.486053774
1770918698.710258484,26.400000000,-1.724909186,-1.591512800,2.186733025,-0.598088074,1.406039458,4.089797836,-0.000000187,-0.000000386,-0.000000297,0.000000683,-0.000000182,0.986053774
1770918698.810258389,26.500000000,-1.724909200,-1.591512829,2.186733003,-0.598088023,1.406039444,4.163403214,-0.000000092,-0.000000190,-0.000000146,0.000000337,-0.000000090,0.486053774
1770918698.910258293,26.600000000,-1.724250844,-1.588239357,2.183514730,-0.598144108,1.406699058,4.188541335,0.023226500,0.115486131,-0.113538175,-0.001979232,0.023270858,0.026629665
1770918699.010258436,26.700000000,-1.723337132,-1.583696225,2.179048245,-0.598221991,1.407614505,4.168305090,0.000000042,0.000000158,0.000000176,-0.000000464,-0.000000186,-0.432547565
1770918699.110258341,26.800000000,-1.723337125,-1.583696200,2.179048272,-0.598222062,1.407614474,4.100050787,0.000000081,0.000000336,0.000000364,-0.000000943,-0.000000431,-0.932539221
1770918699.210258484,26.900000000,-1.723337116,-1.583696158,2.179048316,-0.598222174,1.407614416,3.981797292,0.000000102,0.000000504,0.000000517,-0.000001290,-0.000000724,-1.432531552
1770918699.310258389,27.000000000,-1.723337112,-1.583696097,2.179048374,-0.598222306,1.407614374,3.813544539,-0.000000023,0.000000720,0.000000656,-0.000001374,-0.000000035,-1.932523465
1770918699.410258293,27.100000000,-1.723337116,-1.583696021,2.179048444,-0.598222453,1.407614368,3.606725935,-0.000000442,0.000000683,0.000000739,-0.000001420,-0.000000453,-2.094395102
1770918699.510258436,27.200000000,-1.723337161,-1.583695952,2.179048518,-0.598222595,1.407614323,3.397286424,-0.000000442,0.000000683,0.000000739,-0.000001420,-0.000000453,-2.094395102
1770918699.610258341,27.300000000,-1.723337231,-1.583695895,2.179048590,-0.598222724,1.407614252,3.187846914,-0.000000823,0.000000530,0.000000706,-0.000001232,-0.000000833,-2.094395102
1770918699.710258484,27.400000000,-1.723337324,-1.583695848,2.179048658,-0.598222838,1.407614158,2.978407404,-0.000001137,0.000000335,0.000000617,-0.000000945,-0.000001145,-2.094395102
1770918699.810258389,27.500000000,-1.723337437,-1.583695815,2.179048719,-0.598222932,1.407614044,2.768967894,-0.000001137,0.000000335,0.000000617,-0.000000945,-0.000001145,-2.094395102
1770918699.910258293,27.600000000,-1.723337572,-1.583695802,2.179048767,-0.598222992,1.407613908,2.559528383,-0.000001360,0.000000112,0.000000477,-0.000000582,-0.000001365,-2.094395102
1770918700.010258436,27.700000000,-1.723337715,-1.583695805,2.179048805,-0.598223026,1.407613765,2.350088873,-0.000001472,-0.000000120,0.000000299,-0.000000171,-0.000001473,-2.094395102
1770918700.110258341,27.800000000,-1.723337862,-1.583695822,2.179048830,-0.598223033,1.407613618,2.140649363,-0.000001465,-0.000000342,0.000000096,0.000000254,-0.000001463,-2.094395102
1770918700.210258484,27.900000000,-1.723338008,-1.583695856,2.179048839,-0.598223008,1.407613472,1.931209853,-0.000001465,-0.000000342,0.000000096,0.000000254,-0.000001463,-2.094395102
1770918700.310258389,28.000000000,-1.723338143,-1.583695907,2.179048831,-0.598222947,1.407613338,1.723254064,-0.000001261,-0.000000505,-0.000000108,0.000000620,-0.000001256,-1.972587011
1770918700.410258293,28.100000000,-1.723338246,-1.583695956,2.179048815,-0.598222882,1.407613236,1.550995363,-0.000000777,-0.000000483,-0.000000222,0.000000709,-0.000000771,-1.472587011
1770918700.510258436,28.200000000,-1.723338310,-1.583695996,2.179048796,-0.598222823,1.407613172,1.428736662,-0.000000513,-0.000000319,-0.000000146,0.000000468,-0.000000509,-0.972587011
1770918700.610258341,28.300000000,-1.723338348,-1.583696020,2.179048786,-0.598222788,1.407613134,1.356477961,-0.000000249,-0.000000155,-0.000000071,0.000000228,-0.000000247,-0.472587011
1770918700.710258484,28.400000000,-1.722623493,-1.580093262,2.175470338,-0.598248055,1.408329533,1.332583712,0.023101785,0.116427549,-0.115641556,-0.000816882,0.023151675,-0.012777670
1770918700.810258389,28.500000000,-1.721796985,-1.575927895,2.171333102,-0.598277294,1.409157814,1.354142868,0.000000180,0.000000128,0.000000086,-0.000000277,-0.000000080,0.447334936
1770918700.910258293,28.600000000,-1.721796956,-1.575927875,2.171333116,-0.598277340,1.409157802,1.423875980,0.000000387,0.000000274,0.000000199,-0.000000650,-0.000000152,0.947327806
1770918701.010258436,28.700000000,-1.721796907,-1.575927840,2.171333143,-0.598277430,1.409157785,1.543608308,0.000000613,0.000000431,0.000000347,-0.000001152,-0.000000170,1.447320110
1770918701.110258341,28.800000000,-1.721796814,-1.575927793,2.171333167,-0.598277521,1.409157838,1.713339892,0.000001233,0.000000494,0.000000106,-0.000000609,0.000001229,1.947310566
1770918701.210258484,28.900000000,-1.721796682,-1.575927742,2.171333176,-0.598277583,1.409157970,1.920615395,0.000001450,0.000000338,-0.000000096,-0.000000250,0.000001448,2.094395102
1770918701.310258389,29.000000000,-1.721796537,-1.575927708,2.171333167,-0.598277608,1.409158115,2.130054905,0.000001450,0.000000338,-0.000000096,-0.000000250,0.000001448,2.094395102
1770918701.410258293,29.100000000,-1.721796391,-1.575927690,2.171333143,-0.598277603,1.409158260,2.339494415,0.000001457,0.000000117,-0.000000297,0.000000172,0.000001459,2.094395102
1770918701.510258436,29.200000000,-1.721796250,-1.575927687,2.171333107,-0.598277571,1.409158402,2.548933926,0.000001346,-0.000000113,-0.000000474,0.000000580,0.000001351,2.094395102
1770918701.610258341,29.300000000,-1.721796115,-1.575927698,2.171333059,-0.598277513,1.409158538,2.758373436,0.000001346,-0.000000113,-0.000000474,0.000000580,0.000001351,2.094395102
1770918701.710258484,29.400000000,-1.721796002,-1.575927731,2.171332998,-0.598277419,1.409158651,2.967812946,0.000001126,-0.000000334,-0.000000613,0.000000942,0.000001134,2.094395102
1770918701.810258389,29.500000000,-1.721795909,-1.575927777,2.171332931,-0.598277307,1.409158745,3.177252456,0.000000815,-0.000000529,-0.000000703,0.000001227,0.000000825,2.094395102
1770918701.910258293,29.600000000,-1.721795837,-1.575927834,2.171332860,-0.598277179,1.409158818,3.386691967,0.000000438,-0.000000680,-0.000000735,0.000001413,0.000000449,2.094395102
1770918702.010258436,29.700000000,-1.721795794,-1.575927902,2.171332787,-0.598277038,1.409158863,3.596131477,0.000000438,-0.000000680,-0.000000735,0.000001413,0.000000449,2.094395102
1770918702.110258341,29.800000000,-1.721795787,-1.575927978,2.171332716,-0.598276892,1.409158871,3.803702709,0.000000023,-0.000000725,-0.000000662,0.000001387,0.000000034,1.957710143
1770918702.210258484,29.900000000,-1.721795799,-1.575928042,2.171332661,-0.598276772,1.409158859,3.974473723,-0.000000272,-0.000000563,-0.000000434,0.000000999,-0.000000263,1.457710143
1770918702.310258389,30.000000000,-1.721795822,-1.575928089,2.171332626,-0.598276690,1.409158838,4.095244738,-0.000000178,-0.000000370,-0.000000285,0.000000656,-0.000000173,0.957710143
1770918702.410258293,30.100000000,-1.721795835,-1.575928116,2.171332604,-0.598276641,1.409158825,4.166015752,-0.000000085,-0.000000177,-0.000000136,0.000000314,-0.000000083,0.457710143
1770918702.510258436,30.200000000,-1.721032024,-1.572026547,2.167418128,-0.598264748,1.409924480,4.188522159,0.022883072,0.116887048,-0.117273279,0.000355848,0.022938314,-0.002472108
1770918702.610258341,30.300000000,-1.720284345,-1.568207393,2.163586372,-0.598253145,1.410673952,4.165574771,0.000000045,0.000000167,0.000000185,-0.000000488,-0.000000193,-0.462361112
1770918702.710258484,30.400000000,-1.720284338,-1.568207367,2.163586399,-0.598253217,1.410673921,4.094339146,0.000000084,0.000000344,0.000000370,-0.000000957,-0.000000432,-0.962352973
1770918702.810258389,30.500000000,-1.720284329,-1.568207325,2.163586444,-0.598253330,1.410673863,3.973104316,0.000000106,0.000000510,0.000000520,-0.000001296,-0.000000718,-1.462345366
1770918702.910258293,30.600000000,-1.720284325,-1.568207263,2.163586502,-0.598253461,1.410673826,3.801870234,-0.000000023,0.000000723,0.000000659,-0.000001381,-0.000000035,-1.962335828
1770918703.010258436,30.700000000,-1.720284332,-1.568207188,2.163586572,-0.598253606,1.410673818,3.594175304,-0.000000433,0.000000677,0.000000731,-0.000001406,-0.000000445,-2.094395102
1770918703.110258341,30.800000000,-1.720284375,-1.568207120,2.163586645,-0.598253747,1.410673774,3.384735794,-0.000000433,0.000000677,0.000000731,-0.000001406,-0.000000445,-2.094395102
1770918703.210258484,30.900000000,-1.720284446,-1.568207063,2.163586716,-0.598253874,1.410673701,3.175296283,-0.000000807,0.000000527,0.000000699,-0.000001222,-0.000000817,-2.094395102
1770918703.310258389,31.000000000,-1.720284539,-1.568207018,2.163586783,-0.598253985,1.410673608,2.965856773,-0.000001115,0.000000334,0.000000610,-0.000000939,-0.000001123,-2.094395102
1770918703.410258293,31.100000000,-1.720284651,-1.568206985,2.163586843,-0.598254078,1.410673495,2.756417263,-0.000001333,0.000000115,0.000000472,-0.000000579,-0.000001338,-2.094395102
1770918703.510258436,31.200000000,-1.720284784,-1.568206974,2.163586891,-0.598254136,1.410673362,2.546977753,-0.000001333,0.000000115,0.000000472,-0.000000579,-0.000001338,-2.094395102
1770918703.610258341,31.300000000,-1.720284925,-1.568206977,2.163586926,-0.598254167,1.410673221,2.337538242,-0.000001443,-0.000000114,0.000000295,-0.000000173,-0.000001445,-2.094395102
1770918703.710258484,31.400000000,-1.720285069,-1.568206995,2.163586950,-0.598254172,1.410673077,2.128098732,-0.000001436,-0.000000334,0.000000095,0.000000247,-0.000001434,-2.094395102
1770918703.810258389,31.500000000,-1.720285212,-1.568207028,2.163586959,-0.598254148,1.410672933,1.918659222,-0.000001436,-0.000000334,0.000000095,0.000000247,-0.000001434,-2.094395102
1770918703.910258293,31.600000000,-1.720285343,-1.568207079,2.163586950,-0.598254086,1.410672803,1.711517582,-0.000001218,-0.000000489,-0.000000105,0.000000600,-0.000001213,-1.942807820
1770918704.010258436,31.700000000,-1.720285441,-1.568207127,2.163586933,-0.598254022,1.410672706,1.542236800,-0.000000746,-0.000000466,-0.000000215,0.000000685,-0.000000741,-1.442807820
1770918704.110258341,31.800000000,-1.720285503,-1.568207166,2.163586916,-0.598253965,1.410672644,1.422956018,-0.000000488,-0.000000305,-0.000000140,0.000000448,-0.000000484,-0.942807820
1770918704.210258484,31.900000000,-1.720285539,-1.568207188,2.163586905,-0.598253932,1.410672609,1.353675236,-0.000000229,-0.000000143,-0.000000066,0.000000210,-0.000000227,-0.442807820
1770918704.310258389,32.000000000,-1.719468092,-1.563975393,2.159298822,-0.598198721,1.411492241,1.332505181,0.022094240,0.114377039,-0.115898125,0.001491958,0.022153298,0.016519137
1770918704.410258293,32.100000000,-1.718802950,-1.560532143,2.155809792,-0.598153821,1.412159147,1.356725026,0.000000189,0.000000134,0.000000090,-0.000000290,-0.000000081,0.476131302
1770918704.510258436,32.200000000,-1.718802921,-1.560532122,2.155809806,-0.598153869,1.412159136,1.429337941,0.000000396,0.000000281,0.000000209,-0.000000685,-0.000000140,0.976124700
1770918704.610258341,32.300000000,-1.718802870,-1.560532087,2.155809834,-0.598153960,1.412159120,1.551950108,0.000000616,0.000000435,0.000000348,-0.000001152,-0.000000165,1.476118910
1770918704.710258484,32.400000000,-1.718802776,-1.560532040,2.155809856,-0.598154046,1.412159180,1.724561517,0.000001227,0.000000493,0.000000107,-0.000000608,0.000001223,1.976109356
1770918704.810258389,32.500000000,-1.718802645,-1.560531991,2.155809864,-0.598154105,1.412159310,1.932601253,0.000001422,0.000000330,-0.000000095,-0.000000244,0.000001420,2.094395102
1770918704.910258293,32.600000000,-1.718802503,-1.560531958,2.155809855,-0.598154129,1.412159452,2.142040763,0.000001422,0.000000330,-0.000000095,-0.000000244,0.000001420,2.094395102
1770918705.010258436,32.700000000,-1.718802360,-1.560531942,2.155809830,-0.598154121,1.412159595,2.351480273,0.000001429,0.000000112,-0.000000294,0.000000174,0.000001431,2.094395102
1770918705.110258341,32.800000000,-1.718802222,-1.560531940,2.155809793,-0.598154087,1.412159734,2.560919783,0.000001320,-0.000000116,-0.000000470,0.000000578,0.000001325,2.094395102
1770918705.210258484,32.900000000,-1.718802091,-1.560531953,2.155809746,-0.598154028,1.412159866,2.770359294,0.000001105,-0.000000334,-0.000000607,0.000000935,0.000001112,2.094395102
1770918705.310258389,33.000000000,-1.718801980,-1.560531986,2.155809685,-0.598153934,1.412159977,2.979798804,0.000001105,-0.000000334,-0.000000607,0.000000935,0.000001112,2.094395102
1770918705.410258293,33.100000000,-1.718801891,-1.560532033,2.155809618,-0.598153821,1.412160067,3.189238314,0.000000799,-0.000000525,-0.000000695,0.000001216,0.000000809,2.094395102
1770918705.510258436,33.200000000,-1.718801823,-1.560532090,2.155809548,-0.598153694,1.412160136,3.398677824,0.000000429,-0.000000674,-0.000000727,0.000001399,0.000000441,2.094395102
1770918705.610258341,33.300000000,-1.718801780,-1.560532157,2.155809475,-0.598153554,1.412160181,3.608117334,0.000000429,-0.000000674,-0.000000727,0.000001399,0.000000441,2.094395102
1770918705.710258484,33.400000000,-1.718801776,-1.560532233,2.155809406,-0.598153409,1.412160186,3.814814354,0.000000022,-0.000000707,-0.000000645,0.000001352,0.000000033,1.928790445
1770918705.810258389,33.500000000,-1.718801789,-1.560532296,2.155809353,-0.598153294,1.412160173,3.982693399,-0.000000261,-0.000000546,-0.000000421,0.000000968,-0.000000253,1.428790445
1770918705.910258293,33.600000000,-1.718801811,-1.560532341,2.155809318,-0.598153214,1.412160152,4.100572443,-0.000000170,-0.000000355,-0.000000274,0.000000629,-0.000000164,0.928790445
1770918706.010258436,33.700000000,-1.718801823,-1.560532366,2.155809298,-0.598153168,1.412160140,4.168451488,-0.000000078,-0.000000164,-0.000000126,0.000000291,-0.000000076,0.428790445
1770918706.110258341,33.800000000,-1.717947365,-1.556049667,2.151222445,-0.598050133,1.413017109,4.188343791,0.021585660,0.113243460,-0.115874247,0.002602526,0.021649056,-0.029879066
1770918706.210258484,33.900000000,-1.717347376,-1.552901988,2.148001660,-0.597977820,1.413618847,4.162941379,0.000000048,0.000000175,0.000000193,-0.000000507,-0.000000198,-0.488702242
1770918706.310258389,34.000000000,-1.717347370,-1.552901962,2.148001688,-0.597977893,1.413618815,4.089071391,0.000000083,0.000000348,0.000000368,-0.000000942,-0.000000443,-0.988695618
1770918706.410258293,34.100000000,-1.717347360,-1.552901918,2.148001733,-0.597978006,1.413618758,3.965202147,0.000000106,0.000000511,0.000000512,-0.000001260,-0.000000722,-1.488688498
1770918706.510258436,34.200000000,-1.717347357,-1.552901856,2.148001792,-0.597978135,1.413618726,3.791333669,-0.000000023,0.000000725,0.000000661,-0.000001385,-0.000000035,-1.988680282
1770918706.610258341,34.300000000,-1.717347366,-1.552901782,2.148001861,-0.597978279,1.413618715,3.583012342,-0.000000425,0.000000671,0.000000724,-0.000001392,-0.000000437,-2.094395102
1770918706.710258484,34.400000000,-1.717347408,-1.552901715,2.148001934,-0.597978419,1.413618672,3.373572831,-0.000000425,0.000000671,0.000000724,-0.000001392,-0.000000437,-2.094395102
1770918706.810258389,34.500000000,-1.717347480,-1.552901659,2.148002003,-0.597978543,1.413618599,3.164133321,-0.000000792,0.000000524,0.000000692,-0.000001211,-0.000000802,-2.094395102
1770918706.910258293,34.600000000,-1.717347572,-1.552901615,2.148002069,-0.597978652,1.413618506,2.954693811,-0.000001094,0.000000334,0.000000604,-0.000000932,-0.000001102,-2.094395102
1770918707.010258436,34.700000000,-1.717347683,-1.552901584,2.148002128,-0.597978743,1.413618394,2.745254301,-0.000001308,0.000000117,0.000000467,-0.000000577,-0.000001313,-2.094395102
1770918707.110258341,34.800000000,-1.717347814,-1.552901572,2.148002175,-0.597978801,1.413618263,2.535814790,-0.000001308,0.000000117,0.000000467,-0.000000577,-0.000001313,-2.094395102
1770918707.210258484,34.900000000,-1.717347953,-1.552901576,2.148002209,-0.597978830,1.413618124,2.326375280,-0.000001416,-0.000000109,0.000000292,-0.000000175,-0.000001417,-2.094395102
1770918707.310258389,35.000000000,-1.717348094,-1.552901595,2.148002232,-0.597978833,1.413617983,2.116935770,-0.000001409,-0.000000327,0.000000094,0.000000240,-0.000001407,-2.094395102
1770918707.410258293,35.100000000,-1.717348235,-1.552901627,2.148002241,-0.597978809,1.413617842,1.907496260,-0.000001409,-0.000000327,0.000000094,0.000000240,-0.000001407,-2.094395102
1770918707.510258436,35.200000000,-1.717348362,-1.552901678,2.148002230,-0.597978747,1.413617715,1.701229148,-0.000001178,-0.000000474,-0.000000102,0.000000583,-0.000001174,-1.916282820
1770918707.610258341,35.300000000,-1.717348455,-1.552901725,2.148002214,-0.597978683,1.413617622,1.534600866,-0.000000718,-0.000000451,-0.000000209,0.000000664,-0.000000713,-1.416282820
1770918707.710258484,35.400000000,-1.717348514,-1.552901762,2.148002196,-0.597978628,1.413617564,1.417972584,-0.000000465,-0.000000292,-0.000000135,0.000000429,-0.000000461,-0.916282820
1770918707.810258389,35.500000000,-1.717348548,-1.552901783,2.148002187,-0.597978597,1.413617530,1.351344302,-0.000000211,-0.000000132,-0.000000061,0.000000195,-0.000000210,-0.416282820
1770918707.910258293,35.600000000,-1.716454845,-1.548150607,2.143093725,-0.597822473,1.414514099,1.332562844,0.020861731,0.110905673,-0.114576923,0.003644135,0.020928603,0.041772342
1770918708.010258436,35.700000000,-1.715921340,-1.545314420,2.140163665,-0.597729297,1.415049300,1.359017326,0.000000196,0.000000140,0.000000094,-0.000000299,-0.000000081,0.500148311
1770918708.110258341,35.800000000,-1.715921310,-1.545314399,2.140163680,-0.597729345,1.415049289,1.434031695,0.000000401,0.000000285,0.000000211,-0.000000689,-0.000000136,1.000139268
1770918708.210258484,35.900000000,-1.715921259,-1.545314363,2.140163708,-0.597729437,1.415049274,1.559045287,0.000000624,0.000000439,0.000000358,-0.000001187,-0.000000140,1.500132121
1770918708.310258389,36.000000000,-1.715921164,-1.545314317,2.140163728,-0.597729520,1.415049339,1.734058108,0.000001218,0.000000490,0.000000107,-0.000000605,0.000001214,2.000123904
1770918708.410258293,36.100000000,-1.715921035,-1.545314269,2.140163736,-0.597729575,1.415049468,1.942608287,0.000001395,0.000000323,-0.000000094,-0.000000237,0.000001394,2.094395102
1770918708.510258436,36.200000000,-1.715920895,-1.545314237,2.140163726,-0.597729599,1.415049608,2.152047797,0.000001395,0.000000323,-0.000000094,-0.000000237,0.000001394,2.094395102
1770918708.610258341,36.300000000,-1.715920755,-1.545314222,2.140163701,-0.597729589,1.415049748,2.361487307,0.000001402,0.000000107,-0.000000291,0.000000176,0.000001404,2.094395102
1770918708.710258484,36.400000000,-1.715920620,-1.545314222,2.140163663,-0.597729553,1.415049884,2.570926817,0.000001296,-0.000000118,-0.000000465,0.000000576,0.000001300,2.094395102
1770918708.810258389,36.500000000,-1.715920492,-1.545314236,2.140163616,-0.597729492,1.415050012,2.780366327,0.000001084,-0.000000333,-0.000000601,0.000000928,0.000001092,2.094395102
1770918708.910258293,36.600000000,-1.715920384,-1.545314269,2.140163556,-0.597729399,1.415050121,2.989805838,0.000001084,-0.000000333,-0.000000601,0.000000928,0.000001092,2.094395102
1770918709.010258436,36.700000000,-1.715920297,-1.545314316,2.140163489,-0.597729286,1.415050208,3.199245348,0.000000784,-0.000000522,-0.000000688,0.000001206,0.000000794,2.094395102
1770918709.110258341,36.800000000,-1.715920232,-1.545314374,2.140163419,-0.597729159,1.415050274,3.408684858,0.000000421,-0.000000668,-0.000000720,0.000001386,0.000000433,2.094395102
1770918709.210258484,36.900000000,-1.715920190,-1.545314441,2.140163347,-0.597729020,1.415050317,3.618124368,0.000000024,-0.000000760,-0.000000693,0.000001453,0.000000036,2.094395102
1770918709.310258389,37.000000000,-1.715920188,-1.545314515,2.140163279,-0.597728877,1.415050321,3.823961685,0.000000022,-0.000000691,-0.000000631,0.000001322,0.000000033,1.904600646
1770918709.410258293,37.100000000,-1.715920203,-1.545314577,2.140163228,-0.597728764,1.415050307,3.989421749,-0.000000252,-0.000000530,-0.000000409,0.000000941,-0.000000244,1.404600646
1770918709.510258436,37.200000000,-1.715920223,-1.545314620,2.140163194,-0.597728687,1.415050287,4.104881814,-0.000000162,-0.000000341,-0.000000264,0.000000606,-0.000000157,0.904600646
1770918709.610258341,37.300000000,-1.715920235,-1.545314645,2.140163175,-0.597728643,1.415050276,4.170341879,-0.000000072,-0.000000153,-0.000000118,0.000000271,-0.000000070,0.404600646
1770918709.710258484,37.400000000,-1.715002719,-1.540372035,2.135008461,-0.597517722,1.415970985,4.188063998,0.020264928,0.109165852,-0.113850235,0.004658223,0.020335436,-0.052841197
1770918709.810258389,37.500000000,-1.714519570,-1.537769345,2.132294107,-0.597406690,1.416455803,4.160640902,0.000000050,0.000000181,0.000000199,-0.000000522,-0.000000202,-0.510465272
1770918709.910258293,37.600000000,-1.714519563,-1.537769318,2.132294135,-0.597406764,1.416455771,4.084594834,0.000000086,0.000000352,0.000000372,-0.000000948,-0.000000440,-1.010456485
1770918710.010258436,37.700000000,-1.714519553,-1.537769275,2.132294180,-0.597406876,1.416455714,3.958549535,0.000000109,0.000000514,0.000000513,-0.000001260,-0.000000712,-1.510449345
1770918710.110258341,37.800000000,-1.714519550,-1.537769212,2.132294238,-0.597407005,1.416455685,3.782505008,-0.000000023,0.000000725,0.000000662,-0.000001385,-0.000000035,-2.010441128
1770918710.210258484,37.900000000,-1.714519561,-1.537769139,2.132294308,-0.597407148,1.416455673,3.573770949,-0.000000417,0.000000665,0.000000716,-0.000001379,-0.000000429,-2.094395102
1770918710.310258389,38.000000000,-1.714519603,-1.537769073,2.132294379,-0.597407285,1.416455631,3.364331439,-0.000000417,0.000000665,0.000000716,-0.000001379,-0.000000429,-2.094395102
1770918710.410258293,38.100000000,-1.714519675,-1.537769018,2.132294448,-0.597407408,1.416455558,3.154891929,-0.000000777,0.000000520,0.000000685,-0.000001201,-0.000000787,-2.094395102
1770918710.510258436,38.200000000,-1.714519767,-1.537768975,2.132294513,-0.597407515,1.416455465,2.945452419,-0.000001074,0.000000333,0.000000598,-0.000000925,-0.000001081,-2.094395102
1770918710.610258341,38.300000000,-1.714519876,-1.537768944,2.132294571,-0.597407604,1.416455354,2.736012909,-0.000001283,0.000000119,0.000000462,-0.000000574,-0.000001288,-2.094395102
1770918710.710258484,38.400000000,-1.714520005,-1.537768933,2.132294617,-0.597407661,1.416455225,2.526573398,-0.000001283,0.000000119,0.000000462,-0.000000574,-0.000001288,-2.094395102
1770918710.810258389,38.500000000,-1.714520141,-1.537768937,2.132294650,-0.597407689,1.416455089,2.317133888,-0.000001389,-0.000000104,0.000000290,-0.000000177,-0.000001391,-2.094395102
1770918710.910258293,38.600000000,-1.714520280,-1.537768956,2.132294672,-0.597407690,1.416454950,2.107694378,-0.000001382,-0.000000320,0.000000093,0.000000234,-0.000001381,-2.094395102
1770918711.010258436,38.700000000,-1.714520418,-1.537768989,2.132294680,-0.597407666,1.416454812,1.898254868,-0.000001264,-0.000000509,-0.000000111,0.000000627,-0.000001259,-2.094395102
1770918711.110258341,38.800000000,-1.714520542,-1.537769039,2.132294670,-0.597407604,1.416454689,1.692817117,-0.000001143,-0.000000460,-0.000000100,0.000000567,-0.000001138,-1.894351113
1770918711.210258484,38.900000000,-1.714520631,-1.537769085,2.132294653,-0.597407541,1.416454600,1.528382006,-0.000000694,-0.000000437,-0.000000204,0.000000645,-0.000000689,-1.394351113
1770918711.310258389,39.000000000,-1.714520688,-1.537769121,2.132294636,-0.597407488,1.416454543,1.413946895,-0.000000445,-0.000000280,-0.000000131,0.000000414,-0.000000442,-0.894351113
1770918711.410258293,39.100000000,-1.714520720,-1.537769141,2.132294626,-0.597407458,1.416454511,1.349511783,-0.000000196,-0.000000124,-0.000000058,0.000000182,-0.000000195,-0.394351113
1770918711.510258436,39.200000000,-1.713577276,-1.532619586,2.126873900,-0.597137495,1.417401503,1.332689498,0.019493205,0.106397788,-0.112000416,0.005577651,0.019566455,0.062498554
1770918711.610258341,39.300000000,-1.713145757,-1.530264320,2.124394625,-0.597014042,1.417834628,1.360959054,0.000000201,0.000000143,0.000000096,-0.000000306,-0.000000080,0.519726046
1770918711.710258484,39.400000000,-1.713145727,-1.530264299,2.124394640,-0.597014091,1.417834618,1.437930977,0.000000403,0.000000287,0.000000212,-0.000000691,-0.000000132,1.019715017
1770918711.810258389,39.500000000,-1.713145676,-1.530264262,2.124394668,-0.597014183,1.417834603,1.564902115,0.000000623,0.000000439,0.000000357,-0.000001181,-0.000000134,1.519707851
1770918711.910258293,39.600000000,-1.713145580,-1.530264217,2.124394687,-0.597014262,1.417834673,1.741872477,0.000001207,0.000000486,0.000000107,-0.000000602,0.000001203,2.019699634
1770918712.010258436,39.700000000,-1.713145452,-1.530264171,2.124394694,-0.597014315,1.417834800,1.950753418,0.000001370,0.000000316,-0.000000093,-0.000000231,0.000001368,2.094395102
1770918712.110258341,39.800000000,-1.713145315,-1.530264140,2.124394684,-0.597014338,1.417834937,2.160192928,0.000001370,0.000000316,-0.000000093,-0.000000231,0.000001368,2.094395102
1770918712.210258484,39.900000000,-1.713145178,-1.530264126,2.124394658,-0.597014326,1.417835075,2.369632439,0.000001376,0.000000102,-0.000000288,0.000000178,0.000001378,2.094395102
1770918712.310258389,40.000000000,-1.713145045,-1.530264127,2.124394621,-0.597014289,1.417835207,2.579071949,0.000001272,-0.000000120,-0.000000460,0.000000573,0.000001276,2.094395102
1770918712.410258293,40.100000000,-1.713144921,-1.530264142,2.124394573,-0.597014227,1.417835332,2.788511459,0.000001064,-0.000000332,-0.000000595,0.000000922,0.000001071,2.094395102
1770918712.510258436,40.200000000,-1.713144814,-1.530264175,2.124394514,-0.597014135,1.417835439,2.997950969,0.000001064,-0.000000332,-0.000000595,0.000000922,0.000001071,2.094395102
1770918712.610258341,40.300000000,-1.713144731,-1.530264223,2.124394447,-0.597014021,1.417835524,3.207390480,0.000000770,-0.000000518,-0.000000682,0.000001195,0.000000780,2.094395102
1770918712.710258484,40.400000000,-1.713144668,-1.530264281,2.124394378,-0.597013895,1.417835588,3.416829990,0.000000414,-0.000000661,-0.000000713,0.000001372,0.000000425,2.094395102
1770918712.810258389,40.500000000,-1.713144629,-1.530264347,2.124394307,-0.597013757,1.417835628,3.626269500,0.000000024,-0.000000751,-0.000000687,0.000001438,0.000000036,2.094395102
1770918712.910258293,40.600000000,-1.713144626,-1.530264421,2.124394240,-0.597013616,1.417835632,3.831318548,0.000000021,-0.000000676,-0.000000618,0.000001294,0.000000032,1.884860806
1770918713.010258436,40.700000000,-1.713144642,-1.530264481,2.124394190,-0.597013506,1.417835617,3.994804628,-0.000000243,-0.000000516,-0.000000400,0.000000917,-0.000000236,1.384860806
1770918713.110258341,40.800000000,-1.713144662,-1.530264523,2.124394157,-0.597013431,1.417835598,4.108290709,-0.000000156,-0.000000330,-0.000000255,0.000000586,-0.000000151,0.884860806
1770918713.210258484,40.900000000,-1.713144673,-1.530264547,2.124394138,-0.597013389,1.417835587,4.171776790,-0.000000068,-0.000000143,-0.000000111,0.000000255,-0.000000066,0.384860806
1770918713.310258389,41.000000000,-1.712188689,-1.524977745,2.118777741,-0.596685010,1.418795436,4.187743066,0.018888693,0.104458489,-0.110970480,0.006487950,0.018965032,-0.071414359
1770918713.410258293,41.100000000,-1.711794773,-1.522799309,2.116463522,-0.596549735,1.419190931,4.158704193,0.000000052,0.000000185,0.000000203,-0.000000531,-0.000000203,-0.527923972
1770918713.510258436,41.200000000,-1.711794766,-1.522799282,2.116463550,-0.596549809,1.419190899,4.080912474,0.000000088,0.000000354,0.000000373,-0.000000950,-0.000000436,-1.027913187
1770918713.610258341,41.300000000,-1.711794756,-1.522799238,2.116463595,-0.596549921,1.419190843,3.953121531,0.000000112,0.000000515,0.000000513,-0.000001257,-0.000000700,-1.527906029
1770918713.710258484,41.400000000,-1.711794754,-1.522799176,2.116463653,-0.596550048,1.419190817,3.775331364,-0.000000023,0.000000724,0.000000661,-0.000001383,-0.000000035,-2.027897631
1770918713.810258389,41.500000000,-1.711794766,-1.522799103,2.116463722,-0.596550189,1.419190804,3.566334670,-0.000000410,0.000000658,0.000000710,-0.000001366,-0.000000421,-2.094395102
1770918713.910258293,41.600000000,-1.711794806,-1.522799038,2.116463793,-0.596550326,1.419190762,3.356895160,-0.000000410,0.000000658,0.000000710,-0.000001366,-0.000000421,-2.094395102
1770918714.010258436,41.700000000,-1.711794878,-1.522798984,2.116463861,-0.596550447,1.419190689,3.147455650,-0.000000763,0.000000516,0.000000678,-0.000001190,-0.000000773,-2.094395102
1770918714.110258341,41.800000000,-1.711794970,-1.522798942,2.116463925,-0.596550552,1.419190597,2.938016140,-0.000001054,0.000000332,0.000000592,-0.000000918,-0.000001062,-2.094395102
1770918714.210258484,41.900000000,-1.711795078,-1.522798912,2.116463982,-0.596550639,1.419190488,2.728576629,-0.000001260,0.000000121,0.000000458,-0.000000572,-0.000001265,-2.094395102
1770918714.310258389,42.000000000,-1.711795204,-1.522798900,2.116464028,-0.596550696,1.419190361,2.519137119,-0.000001260,0.000000121,0.000000458,-0.000000572,-0.000001265,-2.094395102
1770918714.410258293,42.100000000,-1.711795338,-1.522798905,2.116464060,-0.596550722,1.419190227,2.309697609,-0.000001364,-0.000000100,0.000000287,-0.000000179,-0.000001365,-2.094395102
1770918714.510258436,42.200000000,-1.711795475,-1.522798924,2.116464080,-0.596550723,1.419190091,2.100258099,-0.000001357,-0.000000313,0.000000092,0.000000228,-0.000001355,-2.094395102
1770918714.610258341,42.300000000,-1.711795610,-1.522798957,2.116464088,-0.596550698,1.419189956,1.890818588,-0.000001240,-0.000000500,-0.000000110,0.000000617,-0.000001235,-2.094395102
1770918714.710258484,42.400000000,-1.711795730,-1.522799005,2.116464078,-0.596550638,1.419189836,1.687681329,-0.000001092,-0.000000440,-0.000000097,0.000000543,-0.000001087,-1.843352272
1770918714.810258389,42.500000000,-1.711795815,-1.522799050,2.116464061,-0.596550576,1.419189752,1.528346102,-0.000000656,-0.000000415,-0.000000194,0.000000613,-0.000000651,-1.343352272
1770918714.910258293,42.600000000,-1.711795868,-1.522799083,2.116464045,-0.596550526,1.419189699,1.419010875,-0.000000412,-0.000000261,-0.000000122,0.000000385,-0.000000409,-0.843352272
1770918715.010258436,42.700000000,-1.711795897,-1.522799102,2.116464037,-0.596550499,1.419189670,1.359675647,-0.000000168,-0.000000106,-0.000000050,0.000000157,-0.000000166,-0.343352272
1770918715.110258341,42.800000000,-1.711877658,-1.523245676,2.116958909,-0.596598694,1.419107428,1.349719435,-0.000635832,-0.003473384,0.003849140,-0.000374956,-0.000639571,0.136023394
1770918715.210258484,42.900000000,-1.712058432,-1.524231885,2.118050854,-0.596704203,1.418925597,1.388321527,-0.002982910,-0.016255691,0.017985734,-0.001726286,-0.003000280,0.636017179
1770918715.310258389,43.000000000,-1.712475229,-1.526498301,2.120554860,-0.596941267,1.418506394,1.476922781,-0.005363526,-0.029088428,0.032081835,-0.002986637,-0.005394150,1.136008673
1770918715.410258293,43.100000000,-1.713132018,-1.530050901,2.124466189,-0.597299165,1.417845897,1.615523357,-0.007793488,-0.041995642,0.046119614,-0.004114104,-0.007836814,1.636002478
1770918715.510258436,43.200000000,-1.714034380,-1.534894913,2.129772436,-0.597760257,1.416938597,1.803949674,-0.010089795,-0.053932572,0.058910143,-0.004964745,-0.010144009,2.094395102
1770918715.610258341,43.300000000,-1.715050335,-1.540298726,2.135655431,-0.598238144,1.415917297,2.013389185,-0.010227588,-0.054141168,0.058752311,-0.004598079,-0.010280283,2.094395102
1770918715.710258484,43.400000000,-1.716080247,-1.545723692,2.141522625,-0.598679053,1.414882194,2.222828696,-0.010368317,-0.054354675,0.058594752,-0.004226770,-0.010419475,2.094395102
1770918715.810258389,43.500000000,-1.717124415,-1.551170308,2.147374043,-0.599082512,1.413832990,2.432268207,-0.010512065,-0.054573182,0.058437433,-0.003850694,-0.010561667,2.094395102
1770918715.910258293,43.600000000,-1.718183146,-1.556639080,2.153209707,-0.599448035,1.412769380,2.641707718,-0.010658920,-0.054796783,0.058280323,-0.003469727,-0.010706948,2.094395102
1770918716.010258436,43.700000000,-1.719256757,-1.562130525,2.159029638,-0.599775126,1.411691048,2.851147229,-0.010808975,-0.055025574,0.058123391,-0.003083742,-0.010855408,2.094395102
1770918716.110258341,43.800000000,-1.720345575,-1.567645170,2.164833851,-0.600063272,1.410597670,3.060586740,-0.010962323,-0.055259654,0.057966604,-0.002692606,-0.011007142,2.094395102
1770918716.210258484,43.900000000,-1.721449934,-1.573183551,2.170622359,-0.600311951,1.409488914,3.270026251,-0.011119064,-0.055499125,0.057809930,-0.002296186,-0.011162246,2.094395102
1770918716.310258389,44.000000000,-1.722570182,-1.578746214,2.176395172,-0.600520624,1.408364435,3.479465762,-0.011279298,-0.055744094,0.057653338,-0.001894342,-0.011320822,2.094395102
1770918716.410258293,44.100000000,-1.723706673,-1.584333718,2.182152296,-0.600688739,1.407223879,3.688905274,-0.011443131,-0.055994668,0.057496793,-0.001486934,-0.011482975,2.094395102
1770918716.510258436,44.200000000,-1.724774867,-1.589535264,2.187474402,-0.600807878,1.406152069,3.883028332,-0.009441076,-0.045739768,0.046625522,-0.000873159,-0.009472089,1.703031288
1770918716.610258341,44.300000000,-1.725583963,-1.593443270,2.191449210,-0.600873598,1.405340363,4.028331357,-0.006734594,-0.032410787,0.032876540,-0.000456741,-0.006755842,1.203029242
1770918716.710258484,44.400000000,-1.726119097,-1.596013310,2.194052184,-0.600905817,1.404803562,4.123634230,-0.003964608,-0.018984677,0.019186170,-0.000196175,-0.003976733,0.703028210
1770918716.810258389,44.500000000,-1.726374784,-1.597236994,2.195288344,-0.600917950,1.404547096,4.168937043,-0.001147758,-0.005486906,0.005538259,-0.000049812,-0.001151232,0.203028042
1770918716.910258293,44.600000000,-1.726486432,-1.597770680,2.195826993,-0.600922763,1.404435110,4.165233145,-0.000000183,-0.000000252,-0.000000128,0.000000380,-0.000000182,-0.279423263
1770918717.010258436,44.700000000,-1.726486467,-1.597770727,2.195826969,-0.600922691,1.404435076,4.112291271,-0.000000511,-0.000000702,-0.000000358,0.000001060,-0.000000509,-0.779416245
1770918717.110258341,44.800000000,-1.726486534,-1.597770820,2.195826921,-0.600922551,1.404435008,4.009349883,-0.000000839,-0.000001153,-0.000000588,0.000001741,-0.000000836,-1.279410711
1770918717.210258484,44.900000000,-1.726486605,-1.597770898,2.195826888,-0.600922439,1.404434938,3.856409063,-0.000000021,0.000000673,0.000000609,-0.000001282,-0.000000032,-1.779405619
1770918717.310258389,45.000000000,-1.726486607,-1.597770823,2.195826957,-0.600922583,1.404434935,3.656891858,-0.000000025,0.000000793,0.000000717,-0.000001509,-0.000000037,-2.094395102
1770918717.410258293,45.100000000,-1.726486644,-1.597770751,2.195827031,-0.600922728,1.404434896,3.447452347,-0.000000451,0.000000693,0.000000744,-0.000001435,-0.000000462,-2.094395102
1770918717.510258436,45.200000000,-1.726486707,-1.597770689,2.195827103,-0.600922863,1.404434833,3.238012837,-0.000000839,0.000000537,0.000000712,-0.000001245,-0.000000850,-2.094395102
1770918717.610258341,45.300000000,-1.726486793,-1.597770637,2.195827174,-0.600922985,1.404434745,3.028573327,-0.000001160,0.000000337,0.000000622,-0.000000953,-0.000001168,-2.094395102
1770918717.710258484,45.400000000,-1.726486909,-1.597770603,2.195827236,-0.600923080,1.404434628,2.819133817,-0.000001160,0.000000337,0.000000622,-0.000000953,-0.000001168,-2.094395102
1770918717.810258389,45.500000000,-1.726487042,-1.597770586,2.195827288,-0.600923149,1.404434495,2.609694306,-0.000001387,0.000000111,0.000000481,-0.000000585,-0.000001392,-2.094395102
1770918717.910258293,45.600000000,-1.726487185,-1.597770583,2.195827330,-0.600923193,1.404434352,2.400254796,-0.000001502,-0.000000125,0.000000302,-0.000000169,-0.000001503,-2.094395102
1770918718.010258436,45.700000000,-1.726487335,-1.597770596,2.195827360,-0.600923210,1.404434202,2.190815286,-0.000001502,-0.000000125,0.000000302,-0.000000169,-0.000001503,-2.094395102
1770918718.110258341,45.800000000,-1.726487484,-1.597770631,2.195827370,-0.600923184,1.404434053,1.981375776,-0.000001494,-0.000000351,0.000000098,0.000000261,-0.000001492,-2.094395102
1770918718.210258484,45.900000000,-1.726487626,-1.597770678,2.195827366,-0.600923132,1.404433912,1.771936822,-0.000001365,-0.000000547,-0.000000114,0.000000669,-0.000001359,-2.092036955
1770918718.310258389,46.000000000,-1.726487742,-1.597770729,2.195827353,-0.600923068,1.404433795,1.587733088,-0.000000857,-0.000000533,-0.000000241,0.000000778,-0.000000851,-1.592037339
1770918718.410258293,46.100000000,-1.726487814,-1.597770774,2.195827333,-0.600923002,1.404433724,1.453529354,-0.000000588,-0.000000365,-0.000000165,0.000000534,-0.000000583,-1.092037339
1770918718.510258436,46.200000000,-1.726487860,-1.597770802,2.195827320,-0.600922961,1.404433679,1.369325620,-0.000000319,-0.000000198,-0.000000090,0.000000289,-0.000000316,-0.592037339
1770918718.610258341,46.300000000,-1.726269428,-1.596700179,2.194783462,-0.600950020,1.404652483,1.334434411,0.017879637,0.087629152,-0.085437218,-0.002216039,0.017910169,-0.132966727
1770918718.710258484,46.400000000,-1.724884434,-1.589912283,2.188165367,-0.601121690,1.406039835,1.344879948,0.000000133,0.000000095,0.000000063,-0.000000206,-0.000000061,0.325844843
1770918718.810258389,46.500000000,-1.724884411,-1.589912266,2.188165378,-0.601121728,1.406039825,1.402464226,0.000000342,0.000000243,0.000000176,-0.000000578,-0.000000138,0.825837769
1770918718.910258293,46.600000000,-1.724884366,-1.589912234,2.188165402,-0.601121807,1.406039809,1.510047720,0.000000564,0.000000399,0.000000312,-0.000001040,-0.000000179,1.325831204
1770918719.010258436,46.700000000,-1.724884287,-1.589912188,2.188165432,-0.601121913,1.406039828,1.667630488,0.000001179,0.000000473,0.000000099,-0.000000581,0.000001175,1.825823535
1770918719.110258341,46.800000000,-1.724884156,-1.589912136,2.188165443,-0.601121977,1.406039958,1.869856185,0.000001353,0.000000543,0.000000114,-0.000000666,0.000001349,2.094395102
1770918719.210258484,46.900000000,-1.724884010,-1.589912098,2.188165437,-0.601122010,1.406040104,2.079295696,0.000001479,0.000000347,-0.000000097,-0.000000257,0.000001477,2.094395102
1770918719.310258389,47.000000000,-1.724883862,-1.589912074,2.188165417,-0.601122015,1.406040252,2.288735206,0.000001487,0.000000122,-0.000000300,0.000000170,0.000001488,2.094395102
1770918719.410258293,47.100000000,-1.724883715,-1.589912065,2.188165385,-0.601121994,1.406040400,2.498174716,0.000001373,-0.000000112,-0.000000479,0.000000584,0.000001378,2.094395102
1770918719.510258436,47.200000000,-1.724883577,-1.589912076,2.188165337,-0.601121935,1.406040538,2.707614226,0.000001373,-0.000000112,-0.000000479,0.000000584,0.000001378,2.094395102
1770918719.610258341,47.300000000,-1.724883457,-1.589912104,2.188165279,-0.601121850,1.406040659,2.917053737,0.000001149,-0.000000337,-0.000000618,0.000000950,0.000001156,2.094395102
1770918719.710258484,47.400000000,-1.724883354,-1.589912145,2.188165214,-0.601121744,1.406040762,3.126493247,0.000000831,-0.000000535,-0.000000708,0.000001239,0.000000841,2.094395102
1770918719.810258389,47.500000000,-1.724883272,-1.589912199,2.188165143,-0.601121619,1.406040846,3.335932757,0.000000446,-0.000000690,-0.000000740,0.000001428,0.000000458,2.094395102
1770918719.910258293,47.600000000,-1.724883227,-1.589912268,2.188165069,-0.601121476,1.406040892,3.545372267,0.000000446,-0.000000690,-0.000000740,0.000001428,0.000000458,2.094395102
1770918720.010258436,47.700000000,-1.724883210,-1.589912343,2.188164997,-0.601121329,1.406040910,3.754788256,0.000000025,-0.000000783,-0.000000707,0.000001490,0.000000037,2.079058404
1770918720.110258341,47.800000000,-1.724883215,-1.589912413,2.188164936,-0.601121199,1.406040906,3.937694096,-0.000000300,-0.000000621,-0.000000473,0.000001095,-0.000000291,1.579058404
1770918720.210258484,47.900000000,-1.724883240,-1.589912465,2.188164896,-0.601121106,1.406040882,4.070599937,-0.000000205,-0.000000424,-0.000000323,0.000000749,-0.000000199,1.079058404
1770918720.310258389,48.000000000,-1.724883256,-1.589912498,2.188164871,-0.601121049,1.406040866,4.153505777,-0.000000110,-0.000000228,-0.000000173,0.000000402,-0.000000107,0.579058404
1770918720.410258293,48.100000000,-1.724623695,-1.588622974,2.186894444,-0.601140493,1.406300934,4.187189806,0.018657901,0.092692948,-0.091318668,-0.001399257,0.018694341,0.119312070
1770918720.510258436,48.200000000,-1.723311568,-1.582104298,2.180472430,-0.601238915,1.407615617,4.175477417,0.000000033,0.000000125,0.000000138,-0.000000365,-0.000000145,-0.339794598
1770918720.610258341,48.300000000,-1.723311562,-1.582104276,2.180472453,-0.601238977,1.407615591,4.116498262,0.000000073,0.000000305,0.000000327,-0.000000850,-0.000000387,-0.839786135
1770918720.710258484,48.400000000,-1.723311554,-1.582104237,2.180472494,-0.601239083,1.407615539,4.007519942,0.000000101,0.000000477,0.000000492,-0.000001245,-0.000000662,-1.339779663
1770918720.810258389,48.500000000,-1.723311547,-1.582104180,2.180472550,-0.601239213,1.407615484,3.848542346,-0.000000022,0.000000689,0.000000622,-0.000001310,-0.000000033,-1.839772034
1770918720.910258293,48.600000000,-1.723311549,-1.582104104,2.180472618,-0.601239358,1.407615481,3.645586864,-0.000000025,0.000000785,0.000000708,-0.000001491,-0.000000037,-2.094395102
1770918721.010258436,48.700000000,-1.723311588,-1.582104034,2.180472692,-0.601239501,1.407615441,3.436147354,-0.000000442,0.000000687,0.000000736,-0.000001421,-0.000000453,-2.094395102
1770918721.110258341,48.800000000,-1.723311651,-1.582103973,2.180472764,-0.601239633,1.407615377,3.226707844,-0.000000823,0.000000534,0.000000704,-0.000001234,-0.000000833,-2.094395102
1770918721.210258484,48.900000000,-1.723311738,-1.582103922,2.180472833,-0.601239753,1.407615289,3.017268334,-0.000001137,0.000000337,0.000000615,-0.000000947,-0.000001145,-2.094395102
1770918721.310258389,49.000000000,-1.723311852,-1.582103888,2.180472894,-0.601239848,1.407615175,2.807828823,-0.000001137,0.000000337,0.000000615,-0.000000947,-0.000001145,-2.094395102
1770918721.410258293,49.100000000,-1.723311983,-1.582103872,2.180472945,-0.601239914,1.407615043,2.598389313,-0.000001360,0.000000114,0.000000476,-0.000000583,-0.000001364,-2.094395102
1770918721.510258436,49.200000000,-1.723312123,-1.582103870,2.180472985,-0.601239955,1.407614902,2.388949803,-0.000001472,-0.000000119,0.000000299,-0.000000171,-0.000001473,-2.094395102
1770918721.610258341,49.300000000,-1.723312270,-1.582103883,2.180473014,-0.601239971,1.407614755,2.179510293,-0.000001465,-0.000000342,0.000000097,0.000000254,-0.000001463,-2.094395102
1770918721.710258484,49.400000000,-1.723312417,-1.582103917,2.180473024,-0.601239945,1.407614609,1.970070782,-0.000001465,-0.000000342,0.000000097,0.000000254,-0.000001463,-2.094395102
1770918721.810258389,49.500000000,-1.723312555,-1.582103965,2.180473019,-0.601239892,1.407614471,1.760715576,-0.000001320,-0.000000531,-0.000000111,0.000000649,-0.000001315,-2.065359993
1770918721.910258293,49.600000000,-1.723312666,-1.582104014,2.180473006,-0.601239829,1.407614360,1.579179577,-0.000000826,-0.000000516,-0.000000234,0.000000754,-0.000000820,-1.565359993
1770918722.010258436,49.700000000,-1.723312736,-1.582104058,2.180472986,-0.601239765,1.407614291,1.447643578,-0.000000562,-0.000000351,-0.000000159,0.000000513,-0.000000558,-1.065359993
1770918722.110258341,49.800000000,-1.723312779,-1.582104085,2.180472974,-0.601239726,1.407614248,1.366107579,-0.000000298,-0.000000186,-0.000000085,0.000000272,-0.000000296,-0.565359993
1770918722.210258484,49.900000000,-1.723001361,-1.580535865,2.178912110,-0.601247495,1.407926352,1.333681951,0.019502894,0.098207087,-0.097745555,-0.000487454,0.019545862,-0.105255115
1770918722.310258389,50.000000000,-1.721771793,-1.574344394,2.172749746,-0.601278238,1.409158621,1.346721815,0.000000143,0.000000102,0.000000068,-0.000000220,-0.000000063,0.354816908
1770918722.410258293,50.100000000,-1.721771768,-1.574344377,2.172749758,-0.601278278,1.409158611,1.407203246,0.000000349,0.000000248,0.000000179,-0.000000587,-0.000000136,0.854809608
1770918722.510258436,50.200000000,-1.721771722,-1.574344344,2.172749782,-0.601278358,1.409158595,1.517683893,0.000000568,0.000000403,0.000000314,-0.000001043,-0.000000174,1.354803115
1770918722.610258341,50.300000000,-1.721771641,-1.574344299,2.172749810,-0.601278459,1.409158623,1.678163810,0.000001174,0.000000472,0.000000100,-0.000000580,0.000001170,1.854795477
1770918722.710258484,50.400000000,-1.721771512,-1.574344247,2.172749821,-0.601278523,1.409158751,1.881861783,0.000001326,0.000000533,0.000000113,-0.000000655,0.000001322,2.094395102
1770918722.810258389,50.500000000,-1.721771369,-1.574344211,2.172749814,-0.601278552,1.409158895,2.091301293,0.000001450,0.000000338,-0.000000096,-0.000000250,0.000001448,2.094395102
1770918722.910258293,50.600000000,-1.721771223,-1.574344189,2.172749793,-0.601278555,1.409159040,2.300740803,0.000001457,0.000000116,-0.000000297,0.000000173,0.000001459,2.094395102
1770918723.010258436,50.700000000,-1.721771079,-1.574344181,2.172749761,-0.601278531,1.409159184,2.510180313,0.000001346,-0.000000115,-0.000000474,0.000000581,0.000001351,2.094395102
1770918723.110258341,50.800000000,-1.721770945,-1.574344193,2.172749713,-0.601278473,1.409159319,2.719619824,0.000001346,-0.000000115,-0.000000474,0.000000581,0.000001351,2.094395102
1770918723.210258484,50.900000000,-1.721770828,-1.574344222,2.172749655,-0.601278385,1.409159437,2.929059334,0.000001126,-0.000000337,-0.000000612,0.000000943,0.000001134,2.094395102
1770918723.310258389,51.000000000,-1.721770729,-1.574344265,2.172749590,-0.601278278,1.409159537,3.138498844,0.000000815,-0.000000532,-0.000000701,0.000001228,0.000000825,2.094395102
1770918723.410258293,51.100000000,-1.721770650,-1.574344319,2.172749519,-0.601278154,1.409159616,3.347938354,0.000000438,-0.000000684,-0.000000732,0.000001414,0.000000449,2.094395102
1770918723.510258436,51.200000000,-1.721770607,-1.574344387,2.172749446,-0.601278013,1.409159661,3.557377865,0.000000438,-0.000000684,-0.000000732,0.000001414,0.000000449,2.094395102
1770918723.610258341,51.300000000,-1.721770592,-1.574344463,2.172749375,-0.601277866,1.409159677,3.766622307,0.000000024,-0.000000764,-0.000000690,0.000001454,0.000000036,2.050228687
1770918723.710258484,51.400000000,-1.721770599,-1.574344530,2.172749316,-0.601277740,1.409159671,3.946645176,-0.000000289,-0.000000602,-0.000000459,0.000001063,-0.000000280,1.550228687
1770918723.810258389,51.500000000,-1.721770623,-1.574344581,2.172749278,-0.601277651,1.409159648,4.076668045,-0.000000196,-0.000000408,-0.000000311,0.000000720,-0.000000190,1.050228687
1770918723.910258293,51.600000000,-1.721770638,-1.574344612,2.172749254,-0.601277596,1.409159633,4.156690914,-0.000000102,-0.000000214,-0.000000163,0.000000377,-0.000000099,0.550228687
1770918724.010258436,51.700000000,-1.721410265,-1.572505383,2.170900136,-0.601268183,1.409520892,4.187714119,0.020010493,0.102126375,-0.102674332,0.000521551,0.020059679,0.090098579
1770918724.110258341,51.800000000,-1.720259511,-1.566632351,2.164995608,-0.601238209,1.410674467,4.173292407,0.000000036,0.000000134,0.000000148,-0.000000391,-0.000000154,-0.369613250
1770918724.210258484,51.900000000,-1.720259506,-1.566632329,2.164995632,-0.601238272,1.410674440,4.111331408,0.000000077,0.000000313,0.000000333,-0.000000866,-0.000000389,-0.869605254
1770918724.310258389,52.000000000,-1.720259496,-1.566632289,2.164995674,-0.601238379,1.410674388,3.999371210,0.000000104,0.000000483,0.000000496,-0.000001253,-0.000000658,-1.369598820
1770918724.410258293,52.100000000,-1.720259490,-1.566632231,2.164995729,-0.601238508,1.410674339,3.837411745,-0.000000022,0.000000693,0.000000626,-0.000001317,-0.000000033,-1.869589561
1770918724.510258436,52.200000000,-1.720259493,-1.566632155,2.164995797,-0.601238652,1.410674335,3.633026647,-0.000000024,0.000000776,0.000000701,-0.000001475,-0.000000037,-2.094395102
1770918724.610258341,52.300000000,-1.720259533,-1.566632087,2.164995870,-0.601238793,1.410674294,3.423587136,-0.000000433,0.000000681,0.000000729,-0.000001407,-0.000000445,-2.094395102
1770918724.710258484,52.400000000,-1.720259597,-1.566632027,2.164995941,-0.601238923,1.410674228,3.214147626,-0.000000807,0.000000531,0.000000697,-0.000001223,-0.000000817,-2.094395102
1770918724.810258389,52.500000000,-1.720259684,-1.566631978,2.164996009,-0.601239040,1.410674141,3.004708116,-0.000001115,0.000000337,0.000000609,-0.000000940,-0.000001123,-2.094395102
1770918724.910258293,52.600000000,-1.720259796,-1.566631944,2.164996070,-0.601239134,1.410674028,2.795268606,-0.000001115,0.000000337,0.000000609,-0.000000940,-0.000001123,-2.094395102
1770918725.010258436,52.700000000,-1.720259925,-1.566631929,2.164996119,-0.601239198,1.410673898,2.585829095,-0.000001333,0.000000116,0.000000471,-0.000000580,-0.000001338,-2.094395102
1770918725.110258341,52.800000000,-1.720260064,-1.566631928,2.164996158,-0.601239237,1.410673759,2.376389585,-0.000001443,-0.000000114,0.000000295,-0.000000174,-0.000001445,-2.094395102
1770918725.210258484,52.900000000,-1.720260208,-1.566631942,2.164996186,-0.601239250,1.410673615,2.166950075,-0.000001436,-0.000000335,0.000000096,0.000000247,-0.000001434,-2.094395102
1770918725.310258389,53.000000000,-1.720260352,-1.566631975,2.164996195,-0.601239225,1.410673471,1.957510565,-0.000001436,-0.000000335,0.000000096,0.000000247,-0.000001434,-2.094395102
1770918725.410258293,53.100000000,-1.720260486,-1.566632023,2.164996189,-0.601239171,1.410673338,1.748417461,-0.000001276,-0.000000514,-0.000000108,0.000000629,-0.000001271,-2.035538765
1770918725.510258436,53.200000000,-1.720260593,-1.566632071,2.164996175,-0.601239108,1.410673231,1.569863585,-0.000000794,-0.000000498,-0.000000227,0.000000730,-0.000000788,-1.535538765
1770918725.610258341,53.300000000,-1.720260659,-1.566632113,2.164996156,-0.601239047,1.410673165,1.441309708,-0.000000536,-0.000000336,-0.000000153,0.000000492,-0.000000532,-1.035538765
1770918725.710258484,53.400000000,-1.720260700,-1.566632139,2.164996145,-0.601239009,1.410673125,1.362755832,-0.000000277,-0.000000174,-0.000000079,0.000000255,-0.000000275,-0.535538765
1770918725.810258389,53.500000000,-1.719847392,-1.564494321,2.162825457,-0.601206681,1.411087556,1.333064557,0.020470800,0.105881195,-0.107508475,0.001600462,0.020526432,-0.076258995
1770918725.910258293,53.600000000,-1.718778472,-1.558965578,2.157211753,-0.601123122,1.412159372,1.348743914,0.000000152,0.000000109,0.000000072,-0.000000233,-0.000000065,0.383154154
1770918726.010258436,53.700000000,-1.718778447,-1.558965560,2.157211766,-0.601123163,1.412159362,1.412059226,0.000000356,0.000000254,0.000000182,-0.000000596,-0.000000134,0.883149796
1770918726.110258341,53.800000000,-1.718778400,-1.558965527,2.157211790,-0.601123245,1.412159346,1.525373849,0.000000578,0.000000409,0.000000325,-0.000001081,-0.000000152,1.383142064
1770918726.210258484,53.900000000,-1.718778317,-1.558965482,2.157211817,-0.601123342,1.412159381,1.688687732,0.000001169,0.000000471,0.000000100,-0.000000579,0.000001165,1.883133967
1770918726.310258389,54.000000000,-1.718778190,-1.558965430,2.157211828,-0.601123405,1.412159508,1.893663449,0.000001301,0.000000524,0.000000111,-0.000000644,0.000001297,2.094395102
1770918726.410258293,54.100000000,-1.718778049,-1.558965396,2.157211819,-0.601123431,1.412159649,2.103102959,0.000001422,0.000000331,-0.000000095,-0.000000243,0.000001420,2.094395102
1770918726.510258436,54.200000000,-1.718777906,-1.558965376,2.157211798,-0.601123431,1.412159792,2.312542470,0.000001429,0.000000111,-0.000000294,0.000000175,0.000001431,2.094395102
1770918726.610258341,54.300000000,-1.718777765,-1.558965370,2.157211765,-0.601123404,1.412159933,2.521981980,0.000001320,-0.000000118,-0.000000469,0.000000579,0.000001325,2.094395102
1770918726.710258484,54.400000000,-1.718777633,-1.558965382,2.157211718,-0.601123346,1.412160065,2.731421490,0.000001320,-0.000000118,-0.000000469,0.000000579,0.000001325,2.094395102
1770918726.810258389,54.500000000,-1.718777520,-1.558965413,2.157211659,-0.601123258,1.412160180,2.940861000,0.000001105,-0.000000337,-0.000000605,0.000000936,0.000001112,2.094395102
1770918726.910258293,54.600000000,-1.718777425,-1.558965456,2.157211594,-0.601123150,1.412160276,3.150300511,0.000000799,-0.000000529,-0.000000693,0.000001218,0.000000809,2.094395102
1770918727.010258436,54.700000000,-1.718777350,-1.558965511,2.157211524,-0.601123026,1.412160352,3.359740021,0.000000429,-0.000000678,-0.000000725,0.000001401,0.000000441,2.094395102
1770918727.110258341,54.800000000,-1.718777307,-1.558965579,2.157211452,-0.601122886,1.412160396,3.569179531,0.000000429,-0.000000678,-0.000000725,0.000001401,0.000000441,2.094395102
1770918727.210258484,54.900000000,-1.718777295,-1.558965653,2.157211382,-0.601122741,1.412160409,3.778091298,0.000000024,-0.000000745,-0.000000674,0.000001419,0.000000035,2.021749152
1770918727.310258389,55.000000000,-1.718777303,-1.558965720,2.157211325,-0.601122617,1.412160402,3.955266213,-0.000000278,-0.000000584,-0.000000446,0.000001032,-0.000000269,1.521749152
1770918727.410258293,55.100000000,-1.718777326,-1.558965768,2.157211287,-0.601122531,1.412160379,4.082441128,-0.000000187,-0.000000392,-0.000000300,0.000000693,-0.000000181,1.021749152
1770918727.510258436,55.200000000,-1.718777341,-1.558965798,2.157211265,-0.601122479,1.412160365,4.159616043,-0.000000095,-0.000000200,-0.000000153,0.000000354,-0.000000092,0.521749152
1770918727.610258341,55.300000000,-1.718322505,-1.556581700,2.154766807,-0.601062710,1.412616557,4.188040727,0.020569454,0.107817666,-0.110546527,0.002702108,0.020630795,0.062962421
1770918727.710258484,55.400000000,-1.717323241,-1.551343923,2.149396477,-0.600931462,1.413618792,4.171182644,0.000000039,0.000000142,0.000000156,-0.000000411,-0.000000160,-0.395503693
1770918727.810258389,55.500000000,-1.717323235,-1.551343900,2.149396502,-0.600931527,1.413618765,4.106632393,0.000000079,0.000000319,0.000000339,-0.000000877,-0.000000390,-0.895499274
1770918727.910258293,55.600000000,-1.717323226,-1.551343860,2.149396544,-0.600931634,1.413618713,3.992082839,0.000000103,0.000000485,0.000000488,-0.000001220,-0.000000664,-1.395491572
1770918728.010258436,55.700000000,-1.717323221,-1.551343802,2.149396599,-0.600931762,1.413618668,3.827534025,-0.000000022,0.000000695,0.000000628,-0.000001321,-0.000000033,-1.895483479
1770918728.110258341,55.800000000,-1.717323223,-1.551343726,2.149396668,-0.600931905,1.413618665,3.622051763,-0.000000024,0.000000768,0.000000694,-0.000001460,-0.000000036,-2.094395102
1770918728.210258484,55.900000000,-1.717323265,-1.551343659,2.149396740,-0.600932044,1.413618622,3.412612252,-0.000000425,0.000000675,0.000000721,-0.000001394,-0.000000437,-2.094395102
1770918728.310258389,56.000000000,-1.717323330,-1.551343600,2.149396810,-0.600932173,1.413618556,3.203172742,-0.000000792,0.000000527,0.000000690,-0.000001212,-0.000000802,-2.094395102
1770918728.410258293,56.100000000,-1.717323416,-1.551343552,2.149396877,-0.600932287,1.413618468,2.993733232,-0.000001094,0.000000337,0.000000602,-0.000000933,-0.000001102,-2.094395102
1770918728.510258436,56.200000000,-1.717323526,-1.551343519,2.149396937,-0.600932380,1.413618358,2.784293722,-0.000001094,0.000000337,0.000000602,-0.000000933,-0.000001102,-2.094395102
1770918728.610258341,56.300000000,-1.717323654,-1.551343504,2.149396985,-0.600932442,1.413618229,2.574854212,-0.000001308,0.000000119,0.000000466,-0.000000578,-0.000001313,-2.094395102
1770918728.710258484,56.400000000,-1.717323791,-1.551343504,2.149397022,-0.600932479,1.413618092,2.365414701,-0.000001416,-0.000000109,0.000000292,-0.000000176,-0.000001417,-2.094395102
1770918728.810258389,56.500000000,-1.717323932,-1.551343518,2.149397049,-0.600932490,1.413617951,2.155975191,-0.000001409,-0.000000327,0.000000095,0.000000240,-0.000001407,-2.094395102
1770918728.910258293,56.600000000,-1.717324073,-1.551343551,2.149397058,-0.600932466,1.413617810,1.946535681,-0.000001409,-0.000000327,0.000000095,0.000000240,-0.000001407,-2.094395102
1770918729.010258436,56.700000000,-1.717324204,-1.551343599,2.149397051,-0.600932410,1.413617680,1.737817509,-0.000001236,-0.000000498,-0.000000106,0.000000611,-0.000001231,-2.009463483
1770918729.110258341,56.800000000,-1.717324306,-1.551343647,2.149397037,-0.600932348,1.413617578,1.561871160,-0.000000766,-0.000000482,-0.000000221,0.000000708,-0.000000760,-1.509463483
1770918729.210258484,56.900000000,-1.717324370,-1.551343687,2.149397018,-0.600932289,1.413617515,1.435924812,-0.000000512,-0.000000323,-0.000000148,0.000000473,-0.000000508,-1.009463483
1770918729.310258389,57.000000000,-1.717324408,-1.551343711,2.149397007,-0.600932253,1.413617477,1.359978464,-0.000000258,-0.000000163,-0.000000075,0.000000239,-0.000000256,-0.509463483
1770918729.410258293,57.100000000,-1.716826454,-1.548698749,2.146658960,-0.600839810,1.414117050,1.332657746,0.020678239,0.109833044,-0.113697943,0.003838201,0.020745473,-0.051473535
1770918729.510258436,57.200000000,-1.715897546,-1.543764866,2.141551468,-0.600667404,1.415048969,1.350553679,0.000000160,0.000000114,0.000000076,-0.000000244,-0.000000065,0.406733637
1770918729.610258341,57.300000000,-1.715897520,-1.543764847,2.141551481,-0.600667446,1.415048959,1.416226711,0.000000361,0.000000257,0.000000184,-0.000000601,-0.000000130,0.906726403
1770918729.710258484,57.400000000,-1.715897473,-1.543764814,2.141551506,-0.600667528,1.415048944,1.531898952,0.000000579,0.000000411,0.000000325,-0.000001079,-0.000000146,1.406718590
1770918729.810258389,57.500000000,-1.715897388,-1.543764769,2.141551531,-0.600667621,1.415048985,1.697570449,0.000001161,0.000000468,0.000000101,-0.000000577,0.000001158,1.906710480
1770918729.910258293,57.600000000,-1.715897263,-1.543764719,2.141551542,-0.600667683,1.415049110,1.903486738,0.000001276,0.000000515,0.000000110,-0.000000634,0.000001272,2.094395102
1770918730.010258436,57.700000000,-1.715897123,-1.543764686,2.141551532,-0.600667707,1.415049249,2.112926248,0.000001395,0.000000323,-0.000000094,-0.000000237,0.000001394,2.094395102
1770918730.110258341,57.800000000,-1.715896984,-1.543764668,2.141551510,-0.600667704,1.415049389,2.322365758,0.000001402,0.000000106,-0.000000291,0.000000177,0.000001404,2.094395102
1770918730.210258484,57.900000000,-1.715896846,-1.543764663,2.141551477,-0.600667676,1.415049527,2.531805268,0.000001296,-0.000000120,-0.000000464,0.000000577,0.000001300,2.094395102
1770918730.310258389,58.000000000,-1.715896717,-1.543764675,2.141551430,-0.600667618,1.415049657,2.741244778,0.000001296,-0.000000120,-0.000000464,0.000000577,0.000001300,2.094395102
1770918730.410258293,58.100000000,-1.715896606,-1.543764707,2.141551371,-0.600667528,1.415049768,2.950684289,0.000001084,-0.000000336,-0.000000599,0.000000929,0.000001091,2.094395102
1770918730.510258436,58.200000000,-1.715896514,-1.543764751,2.141551307,-0.600667420,1.415049861,3.160123799,0.000000784,-0.000000525,-0.000000686,0.000001207,0.000000794,2.094395102
1770918730.610258341,58.300000000,-1.715896442,-1.543764806,2.141551238,-0.600667296,1.415049934,3.369563309,0.000000421,-0.000000672,-0.000000717,0.000001387,0.000000433,2.094395102
1770918730.710258484,58.400000000,-1.715896400,-1.543764873,2.141551166,-0.600667158,1.415049977,3.579002819,0.000000421,-0.000000672,-0.000000717,0.000001387,0.000000433,2.094395102
1770918730.810258389,58.500000000,-1.715896391,-1.543764947,2.141551097,-0.600667014,1.415049988,3.787513097,0.000000023,-0.000000729,-0.000000659,0.000001388,0.000000034,1.997998401
1770918730.910258293,58.600000000,-1.715896400,-1.543765012,2.141551041,-0.600666894,1.415049979,3.962312937,-0.000000268,-0.000000568,-0.000000435,0.000001004,-0.000000260,1.497998401
1770918731.010258436,58.700000000,-1.715896422,-1.543765059,2.141551005,-0.600666810,1.415049958,4.087112777,-0.000000179,-0.000000378,-0.000000290,0.000000669,-0.000000173,0.997998401
1770918731.110258341,58.800000000,-1.715896436,-1.543765088,2.141550983,-0.600666760,1.415049945,4.161912617,-0.000000089,-0.000000189,-0.000000145,0.000000334,-0.000000086,0.497998401
1770918731.210258484,58.900000000,-1.715367647,-1.540919069,2.138576863,-0.600539337,1.415580598,4.188184115,0.020511142,0.110393444,-0.115361658,0.004941924,0.020583457,0.040444413
1770918731.310258389,59.000000000,-1.714496103,-1.536228319,2.133675023,-0.600329369,1.416455205,4.169323642,0.000000041,0.000000148,0.000000162,-0.000000426,-0.000000164,-0.416839380
1770918731.410258293,59.100000000,-1.714496097,-1.536228295,2.133675049,-0.600329435,1.416455177,4.102640033,0.000000081,0.000000323,0.000000342,-0.000000884,-0.000000388,-0.916832374
1770918731.510258436,59.200000000,-1.714496088,-1.536228254,2.133675090,-0.600329541,1.416455126,3.985957209,0.000000106,0.000000488,0.000000490,-0.000001221,-0.000000655,-1.416824591
1770918731.610258341,59.300000000,-1.714496083,-1.536228196,2.133675146,-0.600329668,1.416455085,3.819275128,-0.000000022,0.000000695,0.000000628,-0.000001322,-0.000000033,-1.916816486
1770918731.710258484,59.400000000,-1.714496086,-1.536228121,2.133675214,-0.600329810,1.416455081,3.612989703,-0.000000417,0.000000668,0.000000714,-0.000001380,-0.000000429,-2.094395102
1770918731.810258389,59.500000000,-1.714496127,-1.536228054,2.133675285,-0.600329948,1.416455038,3.403550192,-0.000000417,0.000000668,0.000000714,-0.000001380,-0.000000429,-2.094395102
1770918731.910258293,59.600000000,-1.714496193,-1.536227997,2.133675354,-0.600330075,1.416454971,3.194110682,-0.000000777,0.000000523,0.000000683,-0.000001202,-0.000000787,-2.094395102
1770918732.010258436,59.700000000,-1.714496279,-1.536227950,2.133675420,-0.600330187,1.416454884,2.984671172,-0.000001074,0.000000336,0.000000596,-0.000000926,-0.000001081,-2.094395102
1770918732.110258341,59.800000000,-1.714496387,-1.536227917,2.133675480,-0.600330279,1.416454776,2.775231662,-0.000001074,0.000000336,0.000000596,-0.000000926,-0.000001081,-2.094395102
1770918732.210258484,59.900000000,-1.714496513,-1.536227903,2.133675527,-0.600330339,1.416454649,2.565792152,-0.000001283,0.000000121,0.000000462,-0.000000575,-0.000001288,-2.094395102
1770918732.310258389,60.000000000,-1.714496648,-1.536227904,2.133675563,-0.600330375,1.416454514,2.356352641,-0.000001389,-0.000000104,0.000000289,-0.000000178,-0.000001391,-2.094395102
1770918732.410258293,60.100000000,-1.714496787,-1.536227918,2.133675588,-0.600330384,1.416454375,2.146913131,-0.000001382,-0.000000320,0.000000094,0.000000234,-0.000001381,-2.094395102
1770918732.510258436,60.200000000,-1.714496925,-1.536227950,2.133675598,-0.600330361,1.416454237,1.937473621,-0.000001382,-0.000000320,0.000000094,0.000000234,-0.000001381,-2.094395102
1770918732.610258341,60.300000000,-1.714497052,-1.536227998,2.133675590,-0.600330305,1.416454110,1.729166942,-0.000001199,-0.000000484,-0.000000104,0.000000595,-0.000001195,-1.987960577
1770918732.710258484,60.400000000,-1.714497151,-1.536228045,2.133675575,-0.600330242,1.416454012,1.555370884,-0.000000741,-0.000000468,-0.000000216,0.000000688,-0.000000735,-1.487960577
1770918732.810258389,60.500000000,-1.714497212,-1.536228084,2.133675557,-0.600330185,1.416453951,1.431574826,-0.000000492,-0.000000311,-0.000000143,0.000000457,-0.000000488,-0.987960577
1770918732.910258293,60.600000000,-1.714497249,-1.536228107,2.133675546,-0.600330151,1.416453915,1.357778769,-0.000000243,-0.000000154,-0.000000071,0.000000226,-0.000000241,-0.487960577
1770918733.010258436,60.700000000,-1.713935590,-1.533165163,2.130444871,-0.600163134,1.417017710,1.332399953,0.020417793,0.111344046,-0.117441001,0.006070975,0.020495478,-0.031163616
1770918733.110258341,60.800000000,-1.713122617,-1.528731825,2.125768783,-0.599921421,1.417833767,1.352093773,0.000000165,0.000000118,0.000000078,-0.000000251,-0.000000065,0.425893867
1770918733.210258484,60.900000000,-1.713122590,-1.528731806,2.125768796,-0.599921463,1.417833757,1.419682661,0.000000364,0.000000260,0.000000186,-0.000000604,-0.000000127,0.925884819
1770918733.310258389,61.000000000,-1.713122543,-1.528731772,2.125768821,-0.599921546,1.417833743,1.537270706,0.000000579,0.000000411,0.000000324,-0.000001074,-0.000000140,1.425876933
1770918733.410258293,61.100000000,-1.713122458,-1.528731728,2.125768844,-0.599921635,1.417833788,1.704858005,0.000001151,0.000000465,0.000000101,-0.000000574,0.000001147,1.925868812
1770918733.510258436,61.200000000,-1.713122334,-1.528731679,2.125768855,-0.599921695,1.417833912,1.911456733,0.000001370,0.000000316,-0.000000093,-0.000000231,0.000001368,2.094395102
1770918733.610258341,61.300000000,-1.713122197,-1.528731647,2.125768845,-0.599921719,1.417834048,2.120896244,0.000001370,0.000000316,-0.000000093,-0.000000231,0.000001368,2.094395102
1770918733.710258484,61.400000000,-1.713122060,-1.528731630,2.125768823,-0.599921714,1.417834186,2.330335754,0.000001376,0.000000101,-0.000000288,0.000000179,0.000001378,2.094395102
1770918733.810258389,61.500000000,-1.713121925,-1.528731627,2.125768789,-0.599921684,1.417834320,2.539775264,0.000001272,-0.000000122,-0.000000459,0.000000574,0.000001276,2.094395102
1770918733.910258293,61.600000000,-1.713121798,-1.528731639,2.125768743,-0.599921627,1.417834448,2.749214774,0.000001272,-0.000000122,-0.000000459,0.000000574,0.000001276,2.094395102
1770918734.010258436,61.700000000,-1.713121691,-1.528731671,2.125768684,-0.599921536,1.417834556,2.958654284,0.000001064,-0.000000335,-0.000000593,0.000000923,0.000001071,2.094395102
1770918734.110258341,61.800000000,-1.713121601,-1.528731716,2.125768620,-0.599921428,1.417834646,3.168093795,0.000000770,-0.000000521,-0.000000679,0.000001197,0.000000780,2.094395102
1770918734.210258484,61.900000000,-1.713121532,-1.528731771,2.125768551,-0.599921304,1.417834717,3.377533305,0.000000413,-0.000000665,-0.000000710,0.000001374,0.000000425,2.094395102
1770918734.310258389,62.000000000,-1.713121491,-1.528731837,2.125768480,-0.599921167,1.417834759,3.586972815,0.000000413,-0.000000665,-0.000000710,0.000001374,0.000000425,2.094395102
1770918734.410258293,62.100000000,-1.713121483,-1.528731911,2.125768412,-0.599921025,1.417834768,3.795073257,0.000000022,-0.000000714,-0.000000646,0.000001360,0.000000034,1.978677008
1770918734.510258436,62.200000000,-1.713121493,-1.528731974,2.125768358,-0.599920908,1.417834759,3.967940958,-0.000000260,-0.000000554,-0.000000425,0.000000980,-0.000000252,1.478677008
1770918734.610258341,62.300000000,-1.713121515,-1.528732020,2.125768322,-0.599920826,1.417834738,4.090808659,-0.000000172,-0.000000366,-0.000000281,0.000000649,-0.000000167,0.978677008
1770918734.710258484,62.400000000,-1.713121528,-1.528732048,2.125768302,-0.599920778,1.417834726,4.163676360,-0.000000084,-0.000000179,-0.000000138,0.000000317,-0.000000082,0.478677008
1770918734.810258389,62.500000000,-1.712539438,-1.525515881,2.122344845,-0.599714224,1.418419196,4.188208337,0.020102778,0.111071569,-0.118229829,0.007132867,0.020184977,0.022269614
1770918734.910258293,62.600000000,-1.711771947,-1.521275355,2.117831045,-0.599441924,1.419189815,4.167749272,0.000000042,0.000000153,0.000000166,-0.000000437,-0.000000166,-0.433891786
1770918735.010258436,62.700000000,-1.711771941,-1.521275331,2.117831071,-0.599441991,1.419189787,4.099360590,0.000000083,0.000000326,0.000000344,-0.000000887,-0.000000384,-0.933882943
1770918735.110258341,62.800000000,-1.711771931,-1.521275290,2.117831113,-0.599442097,1.419189736,3.980972741,0.000000109,0.000000489,0.000000489,-0.000001218,-0.000000644,-1.433875088
1770918735.210258484,62.900000000,-1.711771926,-1.521275232,2.117831168,-0.599442222,1.419189699,3.812585640,-0.000000022,0.000000694,0.000000628,-0.000001320,-0.000000033,-1.933866971
1770918735.310258389,63.000000000,-1.711771931,-1.521275158,2.117831235,-0.599442363,1.419189693,3.605723728,-0.000000410,0.000000662,0.000000707,-0.000001367,-0.000000421,-2.094395102
1770918735.410258293,63.100000000,-1.711771972,-1.521275092,2.117831306,-0.599442500,1.419189651,3.396284218,-0.000000410,0.000000662,0.000000707,-0.000001367,-0.000000421,-2.094395102
1770918735.510258436,63.200000000,-1.711772037,-1.521275035,2.117831374,-0.599442624,1.419189585,3.186844708,-0.000000763,0.000000519,0.000000676,-0.000001191,-0.000000773,-2.094395102
1770918735.610258341,63.300000000,-1.711772123,-1.521274989,2.117831439,-0.599442735,1.419189498,2.977405198,-0.000001054,0.000000334,0.000000590,-0.000000919,-0.000001062,-2.094395102
1770918735.710258484,63.400000000,-1.711772228,-1.521274956,2.117831498,-0.599442826,1.419189392,2.767965687,-0.000001054,0.000000334,0.000000590,-0.000000919,-0.000001062,-2.094395102
1770918735.810258389,63.500000000,-1.711772354,-1.521274943,2.117831545,-0.599442885,1.419189266,2.558526177,-0.000001260,0.000000123,0.000000457,-0.000000572,-0.000001265,-2.094395102
1770918735.910258293,63.600000000,-1.711772486,-1.521274944,2.117831580,-0.599442919,1.419189133,2.349086667,-0.000001364,-0.000000099,0.000000287,-0.000000179,-0.000001365,-2.094395102
1770918736.010258436,63.700000000,-1.711772622,-1.521274959,2.117831604,-0.599442927,1.419188997,2.139647157,-0.000001357,-0.000000313,0.000000093,0.000000228,-0.000001355,-2.094395102
1770918736.110258341,63.800000000,-1.711772758,-1.521274990,2.117831613,-0.599442904,1.419188862,1.930207646,-0.000001357,-0.000000313,0.000000093,0.000000228,-0.000001355,-2.094395102
1770918736.210258484,63.900000000,-1.711772882,-1.521275038,2.117831605,-0.599442848,1.419188737,1.722199606,-0.000001170,-0.000000473,-0.000000102,0.000000582,-0.000001165,-1.974751061
1770918736.310258389,64.000000000,-1.711772978,-1.521275084,2.117831590,-0.599442786,1.419188643,1.549724500,-0.000000721,-0.000000457,-0.000000212,0.000000673,-0.000000715,-1.474751061
1770918736.410258293,64.100000000,-1.711773037,-1.521275122,2.117831572,-0.599442730,1.419188583,1.427249394,-0.000000476,-0.000000302,-0.000000140,0.000000445,-0.000000473,-0.974751061
1770918736.510258436,64.200000000,-1.711773073,-1.521275144,2.117831562,-0.599442697,1.419188548,1.354774288,-0.000000232,-0.000000147,-0.000000068,0.000000217,-0.000000230,-0.474751061
1770918736.605208635,64.294950212,-1.711773084,-1.521275151,2.117831559,-0.599442687,1.419188537,1.332235431,0.000000000,0.000000000,0.000000000,-0.000000000,0.000000000,0.000000000
