timestamp_absolute,timestamp_relative,shoulder_pan_joint_pos,shoulder_lift_joint_pos,elbow_joint_pos,wrist_1_joint_pos,wrist_2_joint_pos,wrist_3_joint_pos,shoulder_pan_joint_vel,shoulder_lift_joint_vel,elbow_joint_vel,wrist_1_joint_vel,wrist_2_joint_vel,wrist_3_joint_vel
1773396779.489284039,0.000000000,-2.089083020,-0.497013871,0.888916016,-0.364089791,0.962053001,1.557978988,0.000000000,0.000000000,0.000000000,0.000000000,0.000000000,0.000000000
1773396779.589283943,0.100000000,-2.088930187,-0.498840094,0.892142271,-0.365654835,0.962218056,1.560936798,0.001528329,-0.018262228,0.032262550,-0.015650439,0.001650554,0.029578100
1773396779.689284086,0.200000000,-2.088759819,-0.500860942,0.895708559,-0.367383477,0.962402659,1.564223120,0.001703677,-0.020208478,0.035662888,-0.017286423,0.001846030,0.032863223
1773396779.789283991,0.300000000,-2.088588975,-0.502874983,0.899259675,-0.369103627,0.962588287,1.567509328,0.001708444,-0.020140416,0.035511151,-0.017201499,0.001856280,0.032862083
1773396779.889284134,0.400000000,-2.088417689,-0.504882903,0.902797120,-0.370816114,0.962774857,1.570795431,0.001712856,-0.020079197,0.035374458,-0.017124865,0.001865694,0.032861028
1773396779.989284039,0.500000000,-2.088245962,-0.506884776,0.906321049,-0.372521012,0.962962367,1.574081427,0.001717275,-0.020018729,0.035239289,-0.017048982,0.001875108,0.032859959
1773396780.089283943,0.600000000,-2.088073792,-0.508880678,0.909831615,-0.374218398,0.963150820,1.577367315,0.001721699,-0.019959022,0.035105661,-0.016973859,0.001884521,0.032858875
1773396780.189284086,0.700000000,-2.087901179,-0.510870684,0.913328970,-0.375908346,0.963340213,1.580653092,0.001726130,-0.019900060,0.034973544,-0.016899481,0.001893935,0.032857776
1773396780.289283991,0.799999999,-2.087728122,-0.512854867,0.916813261,-0.377590929,0.963530548,1.583938758,0.001730567,-0.019841831,0.034842910,-0.016825833,0.001903349,0.032856663
1773396780.389284134,0.899999998,-2.087554621,-0.514833299,0.920284634,-0.379266219,0.963721824,1.587224312,0.001735010,-0.019784319,0.034713730,-0.016752900,0.001912763,0.032855535
1773396780.489284039,0.999999998,-2.087380675,-0.516806050,0.923743231,-0.380934286,0.963914042,1.590509751,0.001739460,-0.019727513,0.034585977,-0.016680668,0.001922178,0.032854392
1773396780.589283943,1.099999999,-2.087206284,-0.518773190,0.927189194,-0.382595198,0.964107201,1.593795075,0.001743916,-0.019671398,0.034459624,-0.016609123,0.001931593,0.032853234
1773396780.689284086,1.200000000,-2.087031446,-0.520734786,0.930622658,-0.384249023,0.964301302,1.597080281,0.001748378,-0.019615963,0.034334645,-0.016538252,0.001941008,0.032852062
1773396780.789283991,1.300000000,-2.086856161,-0.522690906,0.934043760,-0.385895827,0.964496345,1.600365368,0.001752847,-0.019561196,0.034211014,-0.016468041,0.001950425,0.032850875
1773396780.889284134,1.400000000,-2.086680429,-0.524641614,0.937452631,-0.387535675,0.964692329,1.603650336,0.001757323,-0.019507083,0.034088707,-0.016398479,0.001959842,0.032849674
1773396780.989284039,1.500000000,-2.086504248,-0.526586976,0.940849401,-0.389168630,0.964889255,1.606935181,0.001761806,-0.019453615,0.033967700,-0.016329551,0.001969260,0.032848458
1773396781.089283943,1.600000000,-2.086327619,-0.528527054,0.944234197,-0.390794755,0.965087123,1.610219904,0.001766296,-0.019400778,0.033847968,-0.016261246,0.001978679,0.032847228
1773396781.189284086,1.700000000,-2.086150539,-0.530461910,0.947607146,-0.392414110,0.965285932,1.613504503,0.001770793,-0.019348563,0.033729489,-0.016193553,0.001988098,0.032845984
1773396781.289283991,1.800000000,-2.085973010,-0.532391606,0.950968370,-0.394026756,0.965485684,1.616788975,0.001775296,-0.019296958,0.033612240,-0.016126459,0.001997520,0.032844726
1773396781.389284134,1.900000000,-2.085795029,-0.534316201,0.954317990,-0.395632751,0.965686379,1.620073321,0.001779807,-0.019245953,0.033496200,-0.016059953,0.002006942,0.032843453
1773396781.489284039,2.000000000,-2.085616596,-0.536235755,0.957656125,-0.397232154,0.965888015,1.623357537,0.001784326,-0.019195538,0.033381348,-0.015994025,0.002016365,0.032842166
1773396781.589283943,2.100000000,-2.085437711,-0.538150325,0.960982891,-0.398825020,0.966090594,1.626641624,0.001788851,-0.019145703,0.033267661,-0.015928663,0.002025790,0.032840865
1773396781.689284086,2.200000000,-2.085258373,-0.540059969,0.964298403,-0.400411406,0.966294116,1.629925579,0.001793384,-0.019096437,0.033155121,-0.015863857,0.002035217,0.032839550
1773396781.789283991,2.300000000,-2.085078580,-0.541964742,0.967602774,-0.401991366,0.966498580,1.633209401,0.001797925,-0.019047732,0.033043707,-0.015799597,0.002044645,0.032838220
1773396781.889284134,2.400000000,-2.084898333,-0.543864700,0.970896114,-0.403564953,0.966703988,1.636493088,0.001802473,-0.018999577,0.032933400,-0.015735872,0.002054074,0.032836877
1773396781.989284039,2.500000000,-2.084717630,-0.545759896,0.974178532,-0.405132220,0.966910338,1.639776640,0.001807028,-0.018951965,0.032824181,-0.015672673,0.002063505,0.032835520
1773396782.089283943,2.600000000,-2.084536471,-0.547650385,0.977450135,-0.406693219,0.967117632,1.643060055,0.001811592,-0.018904886,0.032716032,-0.015609991,0.002072938,0.032834149
1773396782.189284086,2.700000000,-2.084354855,-0.549536218,0.980711029,-0.408248001,0.967325869,1.646343332,0.001816163,-0.018858330,0.032608934,-0.015547816,0.002082373,0.032832764
1773396782.289283991,2.800000000,-2.084172781,-0.551417447,0.983961316,-0.409796615,0.967535050,1.649626468,0.001820742,-0.018812291,0.032502870,-0.015486138,0.002091810,0.032831365
1773396782.389284134,2.900000000,-2.083990248,-0.553294123,0.987201098,-0.411339110,0.967745175,1.652909463,0.001825329,-0.018766760,0.032397822,-0.015424950,0.002101248,0.032829953
1773396782.489284039,3.000000000,-2.083807255,-0.555166296,0.990430475,-0.412875534,0.967956244,1.656192316,0.001829924,-0.018721727,0.032293774,-0.015364242,0.002110689,0.032828526
1773396782.589283943,3.100000000,-2.083623803,-0.557034014,0.993649546,-0.414405935,0.968168257,1.659475025,0.001834527,-0.018677187,0.032190710,-0.015304006,0.002120131,0.032827087
1773396782.689284086,3.200000000,-2.083439889,-0.558897327,0.996858408,-0.415930358,0.968381215,1.662757588,0.001839138,-0.018633130,0.032088613,-0.015244234,0.002129575,0.032825633
1773396782.789283991,3.300000000,-2.083255513,-0.560756282,1.000057154,-0.417448850,0.968595117,1.666040005,0.001843758,-0.018589549,0.031987467,-0.015184916,0.002139022,0.032824166
1773396782.889284134,3.400000000,-2.083070675,-0.562610926,1.003245880,-0.418961454,0.968809964,1.669322273,0.001848385,-0.018546438,0.031887257,-0.015126047,0.002148471,0.032822685
1773396782.989284039,3.500000000,-2.082885372,-0.564461305,1.006424677,-0.420468216,0.969025756,1.672604392,0.001853021,-0.018503788,0.031787969,-0.015067617,0.002157922,0.032821191
1773396783.089283943,3.600000000,-2.082699606,-0.566307464,1.009593636,-0.421969178,0.969242494,1.675886361,0.001857666,-0.018461592,0.031689587,-0.015009619,0.002167376,0.032819684
1773396783.189284086,3.700000000,-2.082513374,-0.568149449,1.012752845,-0.423464382,0.969460177,1.679168177,0.001862319,-0.018419845,0.031592097,-0.014952045,0.002176831,0.032818163
1773396783.289283991,3.800000000,-2.082326676,-0.569987302,1.015902394,-0.424953871,0.969678806,1.682449840,0.001866980,-0.018378538,0.031495485,-0.014894890,0.002186289,0.032816628
1773396783.389284134,3.900000000,-2.082139511,-0.571821069,1.019042367,-0.426437686,0.969898381,1.685731348,0.001871650,-0.018337666,0.031399737,-0.014838144,0.002195750,0.032815081
1773396783.489284039,4.000000000,-2.081951878,-0.573650791,1.022172851,-0.427915866,0.970118902,1.689012700,0.001876329,-0.018297221,0.031304840,-0.014781801,0.002205213,0.032813520
1773396783.589283943,4.100000000,-2.081763776,-0.575476511,1.025293929,-0.429388451,0.970340370,1.692293894,0.001881016,-0.018257198,0.031210780,-0.014725855,0.002214679,0.032811946
1773396783.689284086,4.200000000,-2.081575205,-0.577298270,1.028405684,-0.430855481,0.970562785,1.695574930,0.001885713,-0.018217590,0.031117544,-0.014670299,0.002224147,0.032810358
1773396783.789283991,4.300000000,-2.081386163,-0.579116109,1.031508196,-0.432316994,0.970786146,1.698855806,0.001890418,-0.018178391,0.031025121,-0.014615126,0.002233617,0.032808758
1773396783.889284134,4.400000000,-2.081196650,-0.580930069,1.034601546,-0.433773027,0.971010456,1.702136520,0.001895132,-0.018139596,0.030933497,-0.014560330,0.002243091,0.032807144
1773396783.989284039,4.500000000,-2.081006665,-0.582740188,1.037685812,-0.435223617,0.971235712,1.705417072,0.001899855,-0.018101198,0.030842661,-0.014505905,0.002252567,0.032805518
1773396784.089283943,4.600000000,-2.080816206,-0.584546508,1.040761072,-0.436668802,0.971461917,1.708697460,0.001904587,-0.018063192,0.030752600,-0.014451844,0.002262046,0.032803878
1773396784.189284086,4.699999998,-2.080625273,-0.586349065,1.043827402,-0.438108616,0.971689069,1.711977683,0.001909328,-0.018025572,0.030663303,-0.014398141,0.002271527,0.032802226
1773396784.289283991,4.799999998,-2.080433866,-0.588147898,1.046884878,-0.439543095,0.971917171,1.715257739,0.001914078,-0.017988333,0.030574758,-0.014344791,0.002281011,0.032800561
1773396784.389284134,4.899999998,-2.080241982,-0.589943045,1.049933573,-0.440972274,0.972146220,1.718537627,0.001918838,-0.017951469,0.030486955,-0.014291788,0.002290498,0.032798882
1773396784.489284039,4.999999998,-2.080049621,-0.591734543,1.052973562,-0.442396187,0.972376219,1.721817346,0.001923606,-0.017914975,0.030399882,-0.014239126,0.002299988,0.032797191
1773396784.589283943,5.099999998,-2.079856783,-0.593522427,1.056004914,-0.443814866,0.972607167,1.725096895,0.001928384,-0.017878846,0.030313529,-0.014186799,0.002309481,0.032795487
1773396784.689284086,5.199999998,-2.079663465,-0.595306735,1.059027703,-0.445228347,0.972839065,1.728376272,0.001933172,-0.017843077,0.030227885,-0.014134803,0.002318977,0.032793771
1773396784.789283991,5.299999998,-2.079469669,-0.597087501,1.062041997,-0.446636660,0.973071913,1.731655476,0.001937969,-0.017807663,0.030142939,-0.014083132,0.002328476,0.032792042
1773396784.889284134,5.399999998,-2.079275391,-0.598864761,1.065047865,-0.448039838,0.973305711,1.734934506,0.001942775,-0.017772600,0.030058683,-0.014031780,0.002337978,0.032790300
1773396784.989284039,5.499999998,-2.079080632,-0.600638549,1.068045376,-0.449437912,0.973540459,1.738213360,0.001947591,-0.017737881,0.029975105,-0.013980742,0.002347482,0.032788545
1773396785.089283943,5.599999998,-2.078885390,-0.602408900,1.071034595,-0.450830914,0.973776158,1.741492038,0.001952417,-0.017703504,0.029892196,-0.013930014,0.002356990,0.032786778
1773396785.189284086,5.699999998,-2.078689665,-0.604175846,1.074015590,-0.452218873,0.974012808,1.744770538,0.001957252,-0.017669462,0.029809947,-0.013879591,0.002366501,0.032784999
1773396785.289283991,5.799999998,-2.078493455,-0.605939421,1.076988425,-0.453601819,0.974250409,1.748048859,0.001962097,-0.017635752,0.029728348,-0.013829467,0.002376015,0.032783207
1773396785.389284134,5.899999998,-2.078296760,-0.607699658,1.079953164,-0.454979783,0.974488963,1.751326999,0.001966951,-0.017602370,0.029647391,-0.013779639,0.002385532,0.032781403
1773396785.489284039,5.999999998,-2.078099579,-0.609456589,1.082909870,-0.456352793,0.974728468,1.754604958,0.001971816,-0.017569310,0.029567065,-0.013730100,0.002395052,0.032779586
1773396785.589283943,6.099999998,-2.077901910,-0.611210246,1.085858607,-0.457720878,0.974968925,1.757882733,0.001976690,-0.017536570,0.029487362,-0.013680848,0.002404576,0.032777757
1773396785.689284086,6.199999998,-2.077703752,-0.612960661,1.088799434,-0.459084066,0.975210336,1.761160325,0.001981575,-0.017504144,0.029408274,-0.013631877,0.002414102,0.032775916
1773396785.789283991,6.299999998,-2.077505105,-0.614707863,1.091732413,-0.460442384,0.975452699,1.764437731,0.001986469,-0.017472028,0.029329793,-0.013583183,0.002423632,0.032774062
1773396785.889284134,6.399999998,-2.077305968,-0.616451885,1.094657604,-0.461795860,0.975696015,1.767714951,0.001991373,-0.017440219,0.029251909,-0.013534761,0.002433165,0.032772196
1773396785.989284039,6.499999998,-2.077106339,-0.618192757,1.097575066,-0.463144521,0.975940286,1.770991983,0.001996287,-0.017408713,0.029174614,-0.013486608,0.002442702,0.032770319
1773396786.089283943,6.599999998,-2.076906218,-0.619930507,1.100484856,-0.464488393,0.976185510,1.774268826,0.002001212,-0.017377506,0.029097901,-0.013438719,0.002452241,0.032768429
1773396786.189284086,6.699999998,-2.076705603,-0.621665167,1.103387032,-0.465827502,0.976431688,1.777545478,0.002006147,-0.017346594,0.029021762,-0.013391090,0.002461784,0.032766527
1773396786.289283991,6.799999998,-2.076504494,-0.623396764,1.106281651,-0.467161874,0.976678821,1.780821939,0.002011092,-0.017315973,0.028946189,-0.013343718,0.002471331,0.032764613
1773396786.389284134,6.899999998,-2.076302890,-0.625125328,1.109168768,-0.468491533,0.976926909,1.784098208,0.002016047,-0.017285640,0.028871174,-0.013296598,0.002480880,0.032762687
1773396786.489284039,6.999999998,-2.076100788,-0.626850887,1.112048439,-0.469816506,0.977175953,1.787374283,0.002021012,-0.017255591,0.028796710,-0.013249726,0.002490433,0.032760749
1773396786.589283943,7.099999998,-2.075898190,-0.628573469,1.114920718,-0.471136816,0.977425952,1.790650163,0.002025988,-0.017225823,0.028722789,-0.013203099,0.002499990,0.032758800
1773396786.689284086,7.199999998,-2.075695092,-0.630293102,1.117785658,-0.472452487,0.977676907,1.793925847,0.002030975,-0.017196332,0.028649405,-0.013156713,0.002509550,0.032756838
1773396786.789283991,7.299999998,-2.075491495,-0.632009814,1.120643313,-0.473763544,0.977928818,1.797201333,0.002035972,-0.017167115,0.028576550,-0.013110564,0.002519113,0.032754865
1773396786.889284134,7.399999998,-2.075287397,-0.633723631,1.123493735,-0.475070009,0.978181686,1.800476621,0.002040979,-0.017138168,0.028504217,-0.013064649,0.002528680,0.032752880
1773396786.989284039,7.499999998,-2.075082797,-0.635434580,1.126336975,-0.476371905,0.978435511,1.803751710,0.002045997,-0.017109489,0.028432400,-0.013018964,0.002538250,0.032750884
1773396787.089283943,7.599999998,-2.074877695,-0.637142687,1.129173084,-0.477669256,0.978690293,1.807026597,0.002051026,-0.017081073,0.028361091,-0.012973506,0.002547824,0.032748875
1773396787.189284086,7.699999998,-2.074672088,-0.638847979,1.132002113,-0.478962083,0.978946033,1.810301283,0.002056065,-0.017052919,0.028290285,-0.012928271,0.002557401,0.032746856
1773396787.289283991,7.799999998,-2.074465977,-0.640550481,1.134824110,-0.480250408,0.979202732,1.813575765,0.002061115,-0.017025023,0.028219974,-0.012883256,0.002566982,0.032744824
1773396787.389284134,7.899999998,-2.074259359,-0.642250219,1.137639125,-0.481534254,0.979460388,1.816850043,0.002066176,-0.016997381,0.028150153,-0.012838458,0.002576566,0.032742782
1773396787.489284039,7.999999998,-2.074052234,-0.643947218,1.140447207,-0.482813642,0.979719004,1.820124116,0.002071248,-0.016969991,0.028080815,-0.012793873,0.002586154,0.032740727
1773396787.589283943,8.099999998,-2.073844601,-0.645641503,1.143248402,-0.484088591,0.979978578,1.823397982,0.002076330,-0.016942850,0.028011954,-0.012749499,0.002595746,0.032738662
1773396787.689284086,8.199999998,-2.073636459,-0.647333099,1.146042759,-0.485359125,0.980239112,1.826671641,0.002081424,-0.016915955,0.027943563,-0.012705331,0.002605341,0.032736585
1773396787.789283991,8.299999998,-2.073427806,-0.649022029,1.148830322,-0.486625261,0.980500606,1.829945091,0.002086528,-0.016889304,0.027875638,-0.012661368,0.002614940,0.032734497
1773396787.889284134,8.399999998,-2.073218642,-0.650708318,1.151611140,-0.487887022,0.980763061,1.833218330,0.002091644,-0.016862892,0.027808172,-0.012617606,0.002624542,0.032732397
1773396787.989284039,8.499999998,-2.073008965,-0.652391990,1.154385255,-0.489144426,0.981026475,1.836491359,0.002096770,-0.016836719,0.027741159,-0.012574042,0.002634148,0.032730287
1773396788.089283943,8.599999998,-2.072798774,-0.654073068,1.157152715,-0.490397494,0.981290851,1.839764175,0.002101908,-0.016810780,0.027674593,-0.012530674,0.002643758,0.032728165
1773396788.189284086,8.699999998,-2.072588068,-0.655751576,1.159913562,-0.491646243,0.981556188,1.843036779,0.002107057,-0.016785074,0.027608470,-0.012487497,0.002653371,0.032726032
1773396788.289283991,8.799999998,-2.072376846,-0.657427535,1.162667840,-0.492890694,0.981822487,1.846309168,0.002112217,-0.016759597,0.027542783,-0.012444510,0.002662988,0.032723888
1773396788.389284134,8.899999998,-2.072165108,-0.659100970,1.165415593,-0.494130865,0.982089748,1.849581341,0.002117389,-0.016734348,0.027477528,-0.012401710,0.002672609,0.032721734
1773396788.489284039,8.999999998,-2.071952850,-0.660771902,1.168156863,-0.495366775,0.982357971,1.852853298,0.002122571,-0.016709323,0.027412699,-0.012359094,0.002682233,0.032719568
1773396788.589283943,9.099999998,-2.071740074,-0.662440354,1.170891692,-0.496598441,0.982627157,1.856125037,0.002127766,-0.016684520,0.027348290,-0.012316660,0.002691861,0.032717391
1773396788.689284086,9.199999998,-2.071526777,-0.664106348,1.173620121,-0.497825881,0.982897307,1.859396557,0.002132971,-0.016659937,0.027284297,-0.012274404,0.002701493,0.032715203
1773396788.789283991,9.299999998,-2.071312958,-0.665769905,1.176342193,-0.499049114,0.983168419,1.862667858,0.002138188,-0.016635572,0.027220715,-0.012232324,0.002711129,0.032713005
1773396788.889284134,9.399999998,-2.071098616,-0.667431047,1.179057947,-0.500268155,0.983440496,1.865938937,0.002143417,-0.016611421,0.027157538,-0.012190418,0.002720768,0.032710796
1773396788.989284039,9.499999998,-2.070883751,-0.669089796,1.181767423,-0.501483024,0.983713537,1.869209795,0.002148657,-0.016587484,0.027094763,-0.012148683,0.002730412,0.032708576
1773396789.089283943,9.599999998,-2.070668360,-0.670746171,1.184470661,-0.502693735,0.983987543,1.872480429,0.002153908,-0.016563756,0.027032383,-0.012107116,0.002740059,0.032706346
1773396789.189284086,9.699999998,-2.070452443,-0.672400195,1.187167701,-0.503900307,0.984262514,1.875750840,0.002159172,-0.016540237,0.026970394,-0.012065715,0.002749710,0.032704105
1773396789.289283991,9.799999998,-2.070235998,-0.674051887,1.189858580,-0.505102755,0.984538451,1.879021025,0.002164447,-0.016516923,0.026908792,-0.012024479,0.002759364,0.032701853
1773396789.389284134,9.899999998,-2.070019025,-0.675701269,1.192543337,-0.506301095,0.984815353,1.882290984,0.002169734,-0.016493814,0.026847572,-0.011983403,0.002769023,0.032699591
1773396789.489284039,9.999999998,-2.069801521,-0.677348359,1.195222010,-0.507495344,0.985093222,1.885560716,0.002175032,-0.016470906,0.026786729,-0.011942487,0.002778685,0.032697318
1773396789.589283943,10.099999998,-2.069583487,-0.678993179,1.197894636,-0.508685516,0.985372057,1.888830220,0.002180343,-0.016448198,0.026726260,-0.011901728,0.002788351,0.032695035
1773396789.689284086,10.199999998,-2.069364921,-0.680635748,1.200561252,-0.509871629,0.985651859,1.892099494,0.002185665,-0.016425687,0.026666159,-0.011861123,0.002798022,0.032692742
1773396789.789283991,10.299999998,-2.069145821,-0.682276085,1.203221894,-0.511053696,0.985932628,1.895368538,0.002190999,-0.016403371,0.026606422,-0.011820670,0.002807696,0.032690438
1773396789.889284134,10.399999998,-2.068926186,-0.683914210,1.205876599,-0.512231733,0.986214366,1.898637350,0.002196345,-0.016381249,0.026547046,-0.011780368,0.002817374,0.032688125
1773396789.989284039,10.499999998,-2.068706016,-0.685550142,1.208525401,-0.513405754,0.986497071,1.901905930,0.002201704,-0.016359318,0.026488025,-0.011740213,0.002827056,0.032685800
1773396790.089283943,10.599999998,-2.068485308,-0.687183899,1.211168337,-0.514575774,0.986780745,1.905174277,0.002207074,-0.016337577,0.026429357,-0.011700205,0.002836741,0.032683466
1773396790.189284086,10.699999998,-2.068264063,-0.688815502,1.213805440,-0.515741808,0.987065389,1.908442389,0.002212457,-0.016316023,0.026371036,-0.011660340,0.002846431,0.032681122
1773396790.289283991,10.799999998,-2.068042278,-0.690444967,1.216436746,-0.516903870,0.987351001,1.911710266,0.002217851,-0.016294655,0.026313059,-0.011620617,0.002856125,0.032678767
1773396790.389284134,10.899999998,-2.067819952,-0.692072314,1.219062288,-0.518061973,0.987637583,1.914977906,0.002223258,-0.016273471,0.026255422,-0.011581034,0.002865823,0.032676403
1773396790.489284039,10.999999998,-2.067597084,-0.693697561,1.221682101,-0.519216132,0.987925136,1.918245309,0.002228677,-0.016252469,0.026198120,-0.011541588,0.002875524,0.032674029
1773396790.589283943,11.099999998,-2.067373673,-0.695320726,1.224296216,-0.520366360,0.988213659,1.921512473,0.002234109,-0.016231647,0.026141151,-0.011502278,0.002885230,0.032671644
1773396790.689284086,11.199999998,-2.067149718,-0.696941826,1.226904667,-0.521512670,0.988503153,1.924779398,0.002239552,-0.016211003,0.026084511,-0.011463102,0.002894940,0.032669250
1773396790.789283991,11.299999998,-2.066925217,-0.698560880,1.229507486,-0.522655076,0.988793618,1.928046083,0.002245009,-0.016190537,0.026028195,-0.011424058,0.002904653,0.032666846
1773396790.889284134,11.399999998,-2.066700169,-0.700177904,1.232104706,-0.523793591,0.989085055,1.931312526,0.002250477,-0.016170245,0.025972200,-0.011385145,0.002914371,0.032664433
1773396790.989284039,11.499999998,-2.066474574,-0.701792917,1.234696358,-0.524928227,0.989377464,1.934578727,0.002255959,-0.016150126,0.025916522,-0.011346359,0.002924093,0.032662010
1773396791.089283943,11.599999998,-2.066248428,-0.703405935,1.237282474,-0.526058997,0.989670846,1.937844685,0.002261452,-0.016130179,0.025861159,-0.011307700,0.002933819,0.032659577
1773396791.189284086,11.699999998,-2.066021732,-0.705016975,1.239863085,-0.527185913,0.989965201,1.941110398,0.002266959,-0.016110401,0.025806105,-0.011269165,0.002943549,0.032657134
1773396791.289283991,11.799999998,-2.065794485,-0.706626054,1.242438221,-0.528308988,0.990260529,1.944375867,0.002272478,-0.016090792,0.025751359,-0.011230753,0.002953283,0.032654682
1773396791.389284134,11.899999998,-2.065566684,-0.708233189,1.245007912,-0.529428235,0.990556832,1.947641089,0.002278009,-0.016071350,0.025696916,-0.011192462,0.002963021,0.032652220
1773396791.489284039,11.999999998,-2.065338328,-0.709838397,1.247572190,-0.530543664,0.990854108,1.950906064,0.002283554,-0.016052073,0.025642774,-0.011154291,0.002972763,0.032649749
1773396791.589283943,12.099999998,-2.065109417,-0.711441693,1.250131082,-0.531655287,0.991152359,1.954170790,0.002289111,-0.016032959,0.025588928,-0.011116237,0.002982509,0.032647269
1773396791.689284086,12.199999998,-2.064879949,-0.713043093,1.252684620,-0.532763117,0.991451585,1.957435268,0.002294681,-0.016014008,0.025535376,-0.011078300,0.002992260,0.032644779
1773396791.789283991,12.299999998,-2.064649923,-0.714642615,1.255232832,-0.533867165,0.991751786,1.960699496,0.002300264,-0.015995217,0.025482115,-0.011040476,0.003002015,0.032642280
1773396791.889284134,12.399999998,-2.064419337,-0.716240273,1.257775746,-0.534967442,0.992052964,1.963963474,0.002305860,-0.015976585,0.025429141,-0.011002766,0.003011773,0.032639772
1773396791.989284039,12.499999998,-2.064188190,-0.717836085,1.260313391,-0.536063958,0.992355117,1.967227199,0.002311469,-0.015958110,0.025376451,-0.010965166,0.003021536,0.032637255
1773396792.089283943,12.599999998,-2.063956481,-0.719430064,1.262845795,-0.537156726,0.992658248,1.970490672,0.002317090,-0.015939792,0.025324042,-0.010927677,0.003031304,0.032634728
1773396792.189284086,12.699999998,-2.063724208,-0.721022227,1.265372986,-0.538245755,0.992962355,1.973753891,0.002322725,-0.015921628,0.025271911,-0.010890295,0.003041075,0.032632193
1773396792.289283991,12.799999998,-2.063491371,-0.722612588,1.267894991,-0.539331057,0.993267440,1.977016856,0.002328373,-0.015903618,0.025220055,-0.010853019,0.003050851,0.032629648
1773396792.389284134,12.899999998,-2.063257967,-0.724201164,1.270411839,-0.540412642,0.993573503,1.980279566,0.002334035,-0.015885760,0.025168471,-0.010815849,0.003060630,0.032627095
1773396792.489284039,12.999999998,-2.063023997,-0.725787970,1.272923554,-0.541490520,0.993880545,1.983542019,0.002339709,-0.015868052,0.025117156,-0.010778782,0.003070414,0.032624532
1773396792.589283943,13.099999998,-2.062789457,-0.727373019,1.275430165,-0.542564702,0.994188565,1.986804215,0.002345397,-0.015850493,0.025066108,-0.010741818,0.003080203,0.032621961
1773396792.689284086,13.199999998,-2.062554347,-0.728956327,1.277931697,-0.543635197,0.994497564,1.990066153,0.002351098,-0.015833082,0.025015323,-0.010704953,0.003089995,0.032619381
1773396792.789283991,13.299999998,-2.062318666,-0.730537909,1.280428177,-0.544702016,0.994807544,1.993327832,0.002356812,-0.015815818,0.024964799,-0.010668188,0.003099792,0.032616792
1773396792.889284134,13.399999998,-2.062082412,-0.732117779,1.282919630,-0.545765168,0.995118503,1.996589252,0.002362540,-0.015798699,0.024914532,-0.010631521,0.003109593,0.032614195
1773396792.989284039,13.499999998,-2.061845584,-0.733695951,1.285406083,-0.546824663,0.995430443,1.999850411,0.002368281,-0.015781724,0.024864521,-0.010594950,0.003119399,0.032611589
1773396793.089283943,13.599999998,-2.061608180,-0.735272440,1.287887559,-0.547880511,0.995743364,2.003111308,0.002374036,-0.015764891,0.024814763,-0.010558474,0.003129209,0.032608974
1773396793.189284086,13.699999998,-2.061370200,-0.736847260,1.290364084,-0.548932720,0.996057266,2.006371943,0.002379804,-0.015748200,0.024765254,-0.010522091,0.003139023,0.032606351
1773396793.289283991,13.799999998,-2.061131641,-0.738420425,1.292835683,-0.549981300,0.996372150,2.009632315,0.002385586,-0.015731650,0.024715992,-0.010485801,0.003148841,0.032603719
1773396793.389284134,13.899999998,-2.060892503,-0.739991949,1.295302381,-0.551026260,0.996688017,2.012892423,0.002391382,-0.015715238,0.024666975,-0.010449602,0.003158664,0.032601079
1773396793.489284039,13.999999998,-2.060652784,-0.741561845,1.297764201,-0.552067610,0.997004866,2.016152266,0.002397191,-0.015698964,0.024618200,-0.010413493,0.003168492,0.032598431
1773396793.589283943,14.099999998,-2.060412482,-0.743130128,1.300221167,-0.553105357,0.997322698,2.019411843,0.002403014,-0.015682827,0.024569665,-0.010377471,0.003178323,0.032595774
1773396793.689284086,14.199999998,-2.060171597,-0.744696811,1.302673304,-0.554139510,0.997641514,2.022671154,0.002408851,-0.015666826,0.024521367,-0.010341537,0.003188159,0.032593109
1773396793.789283991,14.299999998,-2.059930127,-0.746261907,1.305120634,-0.555170079,0.997961314,2.025930198,0.002414701,-0.015650958,0.024473303,-0.010305689,0.003198000,0.032590436
1773396793.889284134,14.399999998,-2.059688071,-0.747825429,1.307563182,-0.556197072,0.998282098,2.029188973,0.002420566,-0.015635224,0.024425472,-0.010269926,0.003207845,0.032587754
1773396793.989284039,14.499999998,-2.059445426,-0.749387391,1.310000969,-0.557220496,0.998603868,2.032447480,0.002426444,-0.015619623,0.024377870,-0.010234246,0.003217694,0.032585065
1773396794.089283943,14.599999998,-2.059202192,-0.750947806,1.312434018,-0.558240361,0.998926623,2.035705716,0.002432337,-0.015604152,0.024330496,-0.010198648,0.003227548,0.032582367
1773396794.189284086,14.699999998,-2.058958368,-0.752506688,1.314862353,-0.559256674,0.999250363,2.038963683,0.002438243,-0.015588811,0.024283347,-0.010163131,0.003237406,0.032579662
1773396794.289283991,14.799999998,-2.058713952,-0.754064047,1.317285995,-0.560269444,0.999575090,2.042221377,0.002444164,-0.015573599,0.024236421,-0.010127694,0.003247269,0.032576949
1773396794.389284134,14.899999998,-2.058468942,-0.755619899,1.319704967,-0.561278677,0.999900804,2.045478800,0.002450099,-0.015558515,0.024189715,-0.010092335,0.003257137,0.032574227
1773396794.489284039,14.999999998,-2.058223337,-0.757174255,1.322119289,-0.562284383,1.000227505,2.048735950,0.002456048,-0.015543558,0.024143228,-0.010057054,0.003267009,0.032571498
1773396794.589283943,15.099999998,-2.057977136,-0.758727127,1.324528985,-0.563286568,1.000555193,2.051992826,0.002462011,-0.015528726,0.024096957,-0.010021850,0.003276885,0.032568761
1773396794.689284086,15.199999998,-2.057730337,-0.760278529,1.326934075,-0.564285240,1.000883870,2.055249428,0.002467988,-0.015514019,0.024050900,-0.009986721,0.003286766,0.032566017
1773396794.789283991,15.299999998,-2.057482939,-0.761828473,1.329334581,-0.565280406,1.001213535,2.058505754,0.002473980,-0.015499436,0.024005054,-0.009951666,0.003296652,0.032563265
1773396794.889284134,15.399999998,-2.057234940,-0.763376970,1.331730522,-0.566272075,1.001544189,2.061761805,0.002479986,-0.015484975,0.023959418,-0.009916685,0.003306542,0.032560505
1773396794.989284039,15.499999998,-2.056986340,-0.764924034,1.334121921,-0.567260252,1.001875833,2.065017579,0.002486007,-0.015470637,0.023913990,-0.009881775,0.003316437,0.032557738
1773396795.089283943,15.599999998,-2.056737136,-0.766469676,1.336508798,-0.568244946,1.002208467,2.068273075,0.002492042,-0.015456419,0.023868767,-0.009846936,0.003326337,0.032554963
1773396795.189284086,15.699999998,-2.056487326,-0.768013908,1.338891173,-0.569226163,1.002542091,2.071528293,0.002498092,-0.015442321,0.023823747,-0.009812168,0.003336241,0.032552181
1773396795.289283991,15.799999998,-2.056236911,-0.769556742,1.341269066,-0.570203909,1.002876706,2.074783232,0.002504156,-0.015428341,0.023778929,-0.009777468,0.003346150,0.032549392
1773396795.389284134,15.899999998,-2.055985887,-0.771098190,1.343642497,-0.571178193,1.003212312,2.078037892,0.002510235,-0.015414480,0.023734310,-0.009742836,0.003356063,0.032546595
1773396795.489284039,15.999999998,-2.055734254,-0.772638264,1.346011485,-0.572149020,1.003548910,2.081292271,0.002516329,-0.015400736,0.023689888,-0.009708271,0.003365981,0.032543791
1773396795.589283943,16.099999998,-2.055482011,-0.774176974,1.348376052,-0.573116397,1.003886501,2.084546369,0.002522437,-0.015387108,0.023645662,-0.009673772,0.003375904,0.032540979
1773396795.689284086,16.199999998,-2.055229155,-0.775714334,1.350736214,-0.574080331,1.004225084,2.087800185,0.002528560,-0.015373595,0.023601629,-0.009639338,0.003385832,0.032538161
1773396795.789283991,16.299999998,-2.054975685,-0.777250353,1.353091993,-0.575040828,1.004564660,2.091053718,0.002534698,-0.015360196,0.023557788,-0.009604968,0.003395765,0.032535336
1773396795.889284134,16.399999998,-2.054721600,-0.778785045,1.355443407,-0.575997894,1.004905230,2.094306969,0.002540851,-0.015346911,0.023514136,-0.009570661,0.003405702,0.032532503
1773396795.989284039,16.499999998,-2.054466898,-0.780318419,1.357790474,-0.576951536,1.005246795,2.097559935,0.002547019,-0.015333739,0.023470672,-0.009536417,0.003415644,0.032529664
1773396796.089283943,16.599999998,-2.054211578,-0.781850486,1.360133213,-0.577901759,1.005589354,2.100812617,0.002553202,-0.015320678,0.023427394,-0.009502233,0.003425591,0.032526817
1773396796.189284086,16.699999998,-2.053955638,-0.783381259,1.362471643,-0.578848570,1.005932908,2.104065013,0.002559400,-0.015307729,0.023384300,-0.009468109,0.003435543,0.032523964
1773396796.289283991,16.799999998,-2.053699076,-0.784910748,1.364805782,-0.579791975,1.006277458,2.107317124,0.002565613,-0.015294889,0.023341388,-0.009434045,0.003445500,0.032521104
1773396796.389284134,16.899999998,-2.053441892,-0.786438964,1.367135648,-0.580731979,1.006623004,2.110568947,0.002571841,-0.015282159,0.023298657,-0.009400039,0.003455461,0.032518237
1773396796.489284039,16.999999998,-2.053184084,-0.787965918,1.369461258,-0.581668588,1.006969547,2.113820484,0.002578085,-0.015269537,0.023256105,-0.009366091,0.003465428,0.032515364
1773396796.589283943,17.099999998,-2.052925649,-0.789491620,1.371782631,-0.582601808,1.007317087,2.117071732,0.002584343,-0.015257022,0.023213729,-0.009332199,0.003475399,0.032512484
1773396796.689284086,17.199999998,-2.052666588,-0.791016081,1.374099784,-0.583531644,1.007665625,2.120322692,0.002590617,-0.015244615,0.023171529,-0.009298363,0.003485375,0.032509598
1773396796.789283991,17.299999998,-2.052406897,-0.792539313,1.376412734,-0.584458102,1.008015160,2.123573362,0.002596907,-0.015232313,0.023129502,-0.009264582,0.003495357,0.032506704
1773396796.889284134,17.399999998,-2.052146576,-0.794061324,1.378721499,-0.585381188,1.008365695,2.126823743,0.002603211,-0.015220117,0.023087647,-0.009230856,0.003505343,0.032503805
1773396796.989284039,17.499999998,-2.051885623,-0.795582127,1.381026095,-0.586300906,1.008717228,2.130073833,0.002609532,-0.015208026,0.023045963,-0.009197182,0.003515334,0.032500899
1773396797.089283943,17.599999998,-2.051624036,-0.797101731,1.383326540,-0.587217262,1.009069761,2.133323631,0.002615867,-0.015196038,0.023004447,-0.009163561,0.003525331,0.032497987
1773396797.189284086,17.699999998,-2.051361814,-0.798620146,1.385622850,-0.588130261,1.009423294,2.136573138,0.002622219,-0.015184153,0.022963098,-0.009129991,0.003535332,0.032495068
1773396797.289283991,17.799999998,-2.051098956,-0.800137383,1.387915041,-0.589039908,1.009777828,2.139822353,0.002628586,-0.015172370,0.022921914,-0.009096472,0.003545339,0.032492144
1773396797.389284134,17.899999998,-2.050835459,-0.801653452,1.390203131,-0.589946209,1.010133363,2.143071274,0.002634968,-0.015160689,0.022880894,-0.009063003,0.003555350,0.032489213
1773396797.489284039,17.999999998,-2.050571322,-0.803168363,1.392487134,-0.590849167,1.010489900,2.146319901,0.002641367,-0.015149109,0.022840036,-0.009029584,0.003565367,0.032486276
1773396797.589283943,18.099999998,-2.050306544,-0.804682126,1.394767068,-0.591748788,1.010847439,2.149568235,0.002647781,-0.015137629,0.022799338,-0.008996213,0.003575389,0.032483333
1773396797.689284086,18.199999998,-2.050041123,-0.806194751,1.397042948,-0.592645077,1.011205980,2.152816273,0.002654211,-0.015126249,0.022758800,-0.008962889,0.003585416,0.032480384
1773396797.789283991,18.299999998,-2.049775057,-0.807706247,1.399314790,-0.593538038,1.011565525,2.156064016,0.002660657,-0.015114967,0.022718419,-0.008929612,0.003595448,0.032477429
1773396797.889284134,18.399999998,-2.049508345,-0.809216626,1.401582609,-0.594427677,1.011926074,2.159311463,0.002667119,-0.015103783,0.022678195,-0.008896382,0.003605486,0.032474468
1773396797.989284039,18.499999998,-2.049240985,-0.810725895,1.403846422,-0.595313996,1.012287626,2.162558613,0.002673597,-0.015092696,0.022638124,-0.008863196,0.003615528,0.032471501
1773396798.089283943,18.599999998,-2.048972976,-0.812234066,1.406106242,-0.596197002,1.012650184,2.165805466,0.002680091,-0.015081706,0.022598207,-0.008830056,0.003625576,0.032468529
1773396798.189284086,18.699999998,-2.048704316,-0.813741147,1.408362087,-0.597076698,1.013013747,2.169052021,0.002686601,-0.015070812,0.022558442,-0.008796959,0.003635630,0.032465551
1773396798.289283991,18.799999998,-2.048435003,-0.815247148,1.410613969,-0.597953088,1.013378316,2.172298278,0.002693128,-0.015060014,0.022518826,-0.008763906,0.003645688,0.032462567
1773396798.389284134,18.900000000,-2.048165036,-0.816752079,1.412861905,-0.598826178,1.013743891,2.175544235,0.002699670,-0.015049310,0.022479360,-0.008730895,0.003655752,0.032459578
1773396798.489284039,19.000000000,-2.047894413,-0.818255949,1.415105909,-0.599695970,1.014110473,2.178789894,0.002706229,-0.015038700,0.022440040,-0.008697926,0.003665821,0.032456583
1773396798.589283943,19.100000000,-2.047623133,-0.819758768,1.417345996,-0.600562470,1.014478063,2.182035252,0.002712805,-0.015028183,0.022400867,-0.008664998,0.003675896,0.032453583
1773396798.689284086,19.200000000,-2.047351193,-0.821260544,1.419582180,-0.601425681,1.014846660,2.185280310,0.002719396,-0.015017759,0.022361838,-0.008632110,0.003685976,0.032450578
1773396798.789283991,19.300000000,-2.047078593,-0.822761286,1.421814475,-0.602285607,1.015216267,2.188525066,0.002726004,-0.015007428,0.022322952,-0.008599262,0.003696062,0.032447567
1773396798.889284134,19.400000000,-2.046805330,-0.824261005,1.424042896,-0.603142253,1.015586882,2.191769521,0.002732629,-0.014997188,0.022284208,-0.008566453,0.003706153,0.032444550
1773396798.989284039,19.500000000,-2.046531403,-0.825759709,1.426267456,-0.603995621,1.015958507,2.195013674,0.002739270,-0.014987039,0.022245604,-0.008533683,0.003716250,0.032441529
1773396799.089283943,19.600000000,-2.046256810,-0.827257407,1.428488170,-0.604845716,1.016331142,2.198257525,0.002745928,-0.014976980,0.022207140,-0.008500950,0.003726352,0.032438502
1773396799.189284086,19.700000000,-2.045981550,-0.828754108,1.430705052,-0.605692541,1.016704788,2.201501072,0.002752603,-0.014967011,0.022168814,-0.008468254,0.003736460,0.032435471
1773396799.289283991,19.800000000,-2.045705620,-0.830249821,1.432918114,-0.606536101,1.017079445,2.204744315,0.002759294,-0.014957131,0.022130624,-0.008435595,0.003746573,0.032432434
1773396799.389284134,19.900000000,-2.045429020,-0.831744555,1.435127371,-0.607376398,1.017455115,2.207987254,0.002766002,-0.014947339,0.022092569,-0.008402972,0.003756692,0.032429392
1773396799.489284039,20.000000000,-2.045151747,-0.833238319,1.437332836,-0.608213436,1.017831796,2.211229889,0.002772727,-0.014937636,0.022054648,-0.008370384,0.003766816,0.032426346
1773396799.589283943,20.100000000,-2.044873801,-0.834731121,1.439534522,-0.609047219,1.018209491,2.214472218,0.002779469,-0.014928019,0.022016860,-0.008337830,0.003776947,0.032423294
1773396799.689284086,20.200000000,-2.044595178,-0.836222970,1.441732442,-0.609877750,1.018588199,2.217714242,0.002786228,-0.014918490,0.021979203,-0.008305310,0.003787083,0.032420238
1773396799.789283991,20.300000000,-2.044315877,-0.837713874,1.443926610,-0.610705033,1.018967922,2.220955960,0.002793004,-0.014909047,0.021941677,-0.008272824,0.003797224,0.032417177
1773396799.889284134,20.400000000,-2.044035898,-0.839203843,1.446117038,-0.611529070,1.019348659,2.224197371,0.002799797,-0.014899690,0.021904280,-0.008240370,0.003807372,0.032414111
1773396799.989284039,20.500000000,-2.043755237,-0.840692885,1.448303739,-0.612349865,1.019730411,2.227438475,0.002806607,-0.014890417,0.021867010,-0.008207948,0.003817525,0.032411041
1773396800.089283943,20.600000000,-2.043473894,-0.842181008,1.450486725,-0.613167421,1.020113180,2.230679272,0.002813434,-0.014881230,0.021829867,-0.008175558,0.003827684,0.032407966
1773396800.189284086,20.700000000,-2.043191866,-0.843668221,1.452666010,-0.613981740,1.020496965,2.233919760,0.002820279,-0.014872126,0.021792849,-0.008143199,0.003837849,0.032404887
1773396800.289283991,20.800000000,-2.042909152,-0.845154531,1.454841606,-0.614792827,1.020881767,2.237159941,0.002827141,-0.014863106,0.021755956,-0.008110871,0.003848020,0.032401803
1773396800.389284134,20.900000000,-2.042625750,-0.846639948,1.457013524,-0.615600685,1.021267586,2.240399812,0.002834020,-0.014854169,0.021719186,-0.008078572,0.003858197,0.032398715
1773396800.489284039,21.000000000,-2.042341658,-0.848124480,1.459181778,-0.616405315,1.021654424,2.243639375,0.002840917,-0.014845315,0.021682538,-0.008046302,0.003868380,0.032395622
1773396800.589283943,21.100000000,-2.042056875,-0.849608134,1.461346379,-0.617206721,1.022042281,2.246878627,0.002847831,-0.014836543,0.021646010,-0.008014061,0.003878568,0.032392526
1773396800.689284086,21.200000000,-2.041771398,-0.851090919,1.463507339,-0.618004906,1.022431157,2.250117570,0.002854763,-0.014827852,0.021609602,-0.007981848,0.003888763,0.032389425
1773396800.789283991,21.300000000,-2.041485227,-0.852572843,1.465664671,-0.618799872,1.022821054,2.253356202,0.002861713,-0.014819242,0.021573313,-0.007949663,0.003898964,0.032386320
1773396800.889284134,21.400000000,-2.041198359,-0.854053914,1.467818385,-0.619591623,1.023211971,2.256594523,0.002868680,-0.014810712,0.021537141,-0.007917505,0.003909171,0.032383210
1773396800.989284039,21.500000000,-2.040910793,-0.855534141,1.469968493,-0.620380160,1.023603909,2.259832532,0.002875665,-0.014802262,0.021501086,-0.007885373,0.003919384,0.032380097
1773396801.089283943,21.600000000,-2.040622526,-0.857013530,1.472115008,-0.621165487,1.023996870,2.263070230,0.002882668,-0.014793892,0.021465145,-0.007853268,0.003929603,0.032376980
1773396801.189284086,21.700000000,-2.040333557,-0.858492090,1.474257940,-0.621947606,1.024390852,2.266307616,0.002889689,-0.014785601,0.021429319,-0.007821188,0.003939829,0.032373859
1773396801.289283991,21.800000000,-2.040043884,-0.859969829,1.476397300,-0.622726519,1.024785858,2.269544690,0.002896727,-0.014777388,0.021393606,-0.007789133,0.003950060,0.032370734
1773396801.389284134,21.900000000,-2.039753506,-0.861446754,1.478533101,-0.623502229,1.025181888,2.272781450,0.002903784,-0.014769254,0.021358005,-0.007757102,0.003960298,0.032367605
1773396801.489284039,22.000000000,-2.039462420,-0.862922874,1.480665353,-0.624274738,1.025578943,2.276017897,0.002910859,-0.014761197,0.021322515,-0.007725095,0.003970542,0.032364473
1773396801.589283943,22.100000000,-2.039170625,-0.864398196,1.482794066,-0.625044050,1.025977022,2.279254031,0.002917952,-0.014753217,0.021287136,-0.007693112,0.003980793,0.032361337
1773396801.689284086,22.200000000,-2.038878118,-0.865872727,1.484919253,-0.625810165,1.026376127,2.282489851,0.002925063,-0.014745314,0.021251865,-0.007661151,0.003991050,0.032358197
1773396801.789283991,22.300000000,-2.038584899,-0.867346476,1.487040923,-0.626573086,1.026776258,2.285725356,0.002932192,-0.014737487,0.021216702,-0.007629213,0.004001313,0.032355054
1773396801.889284134,22.400000000,-2.038290965,-0.868819449,1.489159087,-0.627332816,1.027177416,2.288960547,0.002939339,-0.014729735,0.021181645,-0.007597297,0.004011583,0.032351907
1773396801.989284039,22.500000000,-2.037996315,-0.870291655,1.491273757,-0.628089356,1.027579602,2.292195423,0.002946505,-0.014722059,0.021146695,-0.007565403,0.004021859,0.032348757
1773396802.089283943,22.600000000,-2.037700946,-0.871763101,1.493384942,-0.628842709,1.027982817,2.295429983,0.002953690,-0.014714458,0.021111850,-0.007533529,0.004032142,0.032345604
1773396802.189284086,22.700000000,-2.037404857,-0.873233794,1.495492653,-0.629592877,1.028387060,2.298664228,0.002960893,-0.014706931,0.021077109,-0.007501676,0.004042431,0.032342447
1773396802.289283991,22.800000000,-2.037108045,-0.874703742,1.497596900,-0.630339861,1.028792332,2.301898157,0.002968114,-0.014699478,0.021042471,-0.007469843,0.004052727,0.032339287
1773396802.389284134,22.900000000,-2.036810510,-0.876172952,1.499697693,-0.631083664,1.029198635,2.305131769,0.002975354,-0.014692099,0.021007935,-0.007438030,0.004063030,0.032336124
1773396802.489284039,23.000000000,-2.036512248,-0.877641431,1.501795043,-0.631824287,1.029605969,2.308365065,0.002982613,-0.014684792,0.020973499,-0.007406235,0.004073339,0.032332958
1773396802.589283943,23.100000000,-2.036213259,-0.879109187,1.503888960,-0.632561733,1.030014335,2.311598044,0.002989891,-0.014677559,0.020939165,-0.007374460,0.004083655,0.032329788
1773396802.689284086,23.200000000,-2.035913541,-0.880576227,1.505979452,-0.633296004,1.030423733,2.314830705,0.002997187,-0.014670397,0.020904929,-0.007342703,0.004093978,0.032326616
1773396802.789283991,23.300000000,-2.035613090,-0.882042557,1.508066532,-0.634027100,1.030834164,2.318063049,0.003004502,-0.014663308,0.020870791,-0.007310963,0.004104308,0.032323441
1773396802.889284134,23.400000000,-2.035311907,-0.883508186,1.510150207,-0.634755024,1.031245628,2.321295076,0.003011837,-0.014656290,0.020836751,-0.007279241,0.004114644,0.032320263
1773396802.989284039,23.500000000,-2.035009988,-0.884973121,1.512230488,-0.635479778,1.031658127,2.324526784,0.003019190,-0.014649342,0.020802808,-0.007247536,0.004124987,0.032317082
1773396803.089283943,23.600000000,-2.034707331,-0.886437367,1.514307383,-0.636201362,1.032071660,2.327758174,0.003026562,-0.014642466,0.020768960,-0.007215847,0.004135338,0.032313898
1773396803.189284086,23.700000000,-2.034403936,-0.887900933,1.516380904,-0.636919780,1.032486230,2.330989245,0.003033954,-0.014635660,0.020735206,-0.007184175,0.004145695,0.032310712
1773396803.289283991,23.800000000,-2.034099800,-0.889363825,1.518451059,-0.637635032,1.032901836,2.334219997,0.003041365,-0.014628923,0.020701547,-0.007152518,0.004156059,0.032307523
1773396803.389284134,23.900000000,-2.033794920,-0.890826051,1.520517857,-0.638347119,1.033318479,2.337450430,0.003048795,-0.014622256,0.020667980,-0.007120876,0.004166430,0.032304331
1773396803.489284039,24.000000000,-2.033489296,-0.892287617,1.522581307,-0.639056044,1.033736160,2.340680544,0.003056244,-0.014615658,0.020634505,-0.007089250,0.004176809,0.032301137
1773396803.589283943,24.100000000,-2.033182924,-0.893748530,1.524641419,-0.639761808,1.034154879,2.343910338,0.003063713,-0.014609128,0.020601122,-0.007057637,0.004187194,0.032297941
1773396803.689284086,24.200000000,-2.032875804,-0.895208796,1.526698202,-0.640464412,1.034574638,2.347139812,0.003071201,-0.014602667,0.020567828,-0.007026039,0.004197587,0.032294742
1773396803.789283991,24.300000000,-2.032567933,-0.896668424,1.528751665,-0.641163857,1.034995437,2.350368966,0.003078709,-0.014596274,0.020534625,-0.006994454,0.004207987,0.032291541
1773396803.889284134,24.400000000,-2.032259310,-0.898127418,1.530801816,-0.641860146,1.035417276,2.353597800,0.003086237,-0.014589948,0.020501509,-0.006962883,0.004218394,0.032288337
1773396803.989284039,24.500000000,-2.031949931,-0.899585787,1.532848664,-0.642553278,1.035840157,2.356826313,0.003093784,-0.014583689,0.020468482,-0.006931324,0.004228809,0.032285131
1773396804.089283943,24.600000000,-2.031639796,-0.901043537,1.534892218,-0.643243256,1.036264080,2.360054505,0.003101351,-0.014577497,0.020435542,-0.006899778,0.004239231,0.032281924
1773396804.189284086,24.700000000,-2.031328902,-0.902500674,1.536932487,-0.643930080,1.036689046,2.363282377,0.003108938,-0.014571371,0.020402687,-0.006868244,0.004249660,0.032278714
1773396804.289283991,24.800000000,-2.031017248,-0.903957205,1.538969479,-0.644613752,1.037115056,2.366509927,0.003116545,-0.014565311,0.020369918,-0.006836721,0.004260097,0.032275502
1773396804.389284134,24.900000000,-2.030704831,-0.905413137,1.541003202,-0.645294273,1.037542110,2.369737156,0.003124171,-0.014559317,0.020337234,-0.006805210,0.004270541,0.032272288
1773396804.489284039,25.000000000,-2.030391649,-0.906868476,1.543033665,-0.645971644,1.037970209,2.372964063,0.003131818,-0.014553389,0.020304633,-0.006773710,0.004280993,0.032269072
1773396804.589283943,25.100000000,-2.030077701,-0.908323228,1.545060877,-0.646645866,1.038399354,2.376190648,0.003139485,-0.014547525,0.020272115,-0.006742220,0.004291453,0.032265854
1773396804.689284086,25.200000000,-2.029762983,-0.909777401,1.547084845,-0.647316940,1.038829546,2.379416912,0.003147172,-0.014541725,0.020239679,-0.006710741,0.004301920,0.032262635
1773396804.789283991,25.300000000,-2.029447495,-0.911231000,1.549105577,-0.647984867,1.039260786,2.382642853,0.003154879,-0.014535990,0.020207325,-0.006679271,0.004312394,0.032259414
1773396804.889284134,25.400000000,-2.029131235,-0.912684032,1.551123082,-0.648649648,1.039693074,2.385868472,0.003162607,-0.014530319,0.020175051,-0.006647811,0.004322877,0.032256191
1773396804.989284039,25.500000000,-2.028814199,-0.914136503,1.553137368,-0.649311284,1.040126410,2.389093769,0.003170355,-0.014524711,0.020142857,-0.006616360,0.004333367,0.032252967
1773396805.089283943,25.600000000,-2.028496387,-0.915588420,1.555148442,-0.649969776,1.040560797,2.392318743,0.003178124,-0.014519167,0.020110743,-0.006584918,0.004343866,0.032249741
1773396805.189284086,25.700000000,-2.028177796,-0.917039788,1.557156313,-0.650625125,1.040996234,2.395543395,0.003185913,-0.014513685,0.020078706,-0.006553484,0.004354372,0.032246514
1773396805.289283991,25.800000000,-2.027858423,-0.918490615,1.559160988,-0.651277330,1.041432723,2.398767723,0.003193722,-0.014508266,0.020046747,-0.006522058,0.004364886,0.032243285
1773396805.389284134,25.900000000,-2.027538268,-0.919940906,1.561162474,-0.651926395,1.041870263,2.401991729,0.003201553,-0.014502909,0.020014865,-0.006490641,0.004375408,0.032240055
1773396805.489284039,26.000000000,-2.027217328,-0.921390667,1.563160780,-0.652572318,1.042308857,2.405215411,0.003209404,-0.014497614,0.019983059,-0.006459230,0.004385938,0.032236823
1773396805.589283943,26.100000000,-2.026895600,-0.922839905,1.565155913,-0.653215100,1.042748505,2.408438770,0.003217276,-0.014492381,0.019951328,-0.006427827,0.004396476,0.032233591
1773396805.689284086,26.200000000,-2.026573083,-0.924288626,1.567147880,-0.653854743,1.043189207,2.411661806,0.003225169,-0.014487208,0.019919672,-0.006396430,0.004407023,0.032230357
1773396805.789283991,26.300000000,-2.026249775,-0.925736836,1.569136689,-0.654491247,1.043630965,2.414884518,0.003233083,-0.014482097,0.019888089,-0.006365040,0.004417577,0.032227122
1773396805.889284134,26.400000000,-2.025925673,-0.927184540,1.571122347,-0.655124613,1.044073779,2.418106906,0.003241018,-0.014477045,0.019856580,-0.006333656,0.004428140,0.032223886
1773396805.989284039,26.500000000,-2.025600776,-0.928631746,1.573104861,-0.655754840,1.044517650,2.421328971,0.003248974,-0.014472055,0.019825144,-0.006302277,0.004438712,0.032220649
1773396806.089283943,26.600000000,-2.025275081,-0.930078458,1.575084239,-0.656381931,1.044962579,2.424550712,0.003256951,-0.014467124,0.019793779,-0.006270904,0.004449291,0.032217411
1773396806.189284086,26.700000000,-2.024948586,-0.931524683,1.577060488,-0.657005885,1.045408567,2.427772130,0.003264949,-0.014462252,0.019762485,-0.006239537,0.004459879,0.032214172
1773396806.289283991,26.800000000,-2.024621289,-0.932970427,1.579033614,-0.657626702,1.045855615,2.430993223,0.003272969,-0.014457440,0.019731262,-0.006208174,0.004470476,0.032210933
1773396806.389284134,26.900000000,-2.024293188,-0.934415696,1.581003625,-0.658244383,1.046303723,2.434213992,0.003281011,-0.014452687,0.019700108,-0.006176815,0.004481081,0.032207693
1773396806.489284039,27.000000000,-2.023964280,-0.935860495,1.582970527,-0.658858930,1.046752892,2.437434437,0.003289074,-0.014447993,0.019669024,-0.006145461,0.004491695,0.032204452
1773396806.589283943,27.100000000,-2.023634565,-0.937304831,1.584934328,-0.659470341,1.047203124,2.440654558,0.003297158,-0.014443357,0.019638007,-0.006114111,0.004502317,0.032201210
1773396806.689284086,27.200000000,-2.023304038,-0.938748709,1.586895034,-0.660078617,1.047654419,2.443874355,0.003305264,-0.014438779,0.019607059,-0.006082764,0.004512948,0.032197968
1773396806.789283991,27.300000000,-2.022972699,-0.940192135,1.588852651,-0.660683759,1.048106778,2.447093828,0.003313392,-0.014434258,0.019576177,-0.006051421,0.004523588,0.032194725
1773396806.889284134,27.400000000,-2.022640545,-0.941635114,1.590807188,-0.661285767,1.048560201,2.450312976,0.003321541,-0.014429796,0.019545362,-0.006020081,0.004534237,0.032191482
1773396806.989284039,27.500000000,-2.022307574,-0.943077653,1.592758649,-0.661884642,1.049014691,2.453531800,0.003329713,-0.014425390,0.019514612,-0.005988744,0.004544894,0.032188239
1773396807.089283943,27.600000000,-2.021973783,-0.944519757,1.594707042,-0.662480383,1.049470247,2.456750299,0.003337906,-0.014421041,0.019483928,-0.005957409,0.004555561,0.032184995
1773396807.189284086,27.700000000,-2.021639171,-0.945961432,1.596652372,-0.663072990,1.049926870,2.459968474,0.003346122,-0.014416749,0.019453308,-0.005926076,0.004566236,0.032181751
1773396807.289283991,27.800000000,-2.021303735,-0.947402684,1.598594648,-0.663662465,1.050384562,2.463186325,0.003354360,-0.014412513,0.019422752,-0.005894745,0.004576921,0.032178507
1773396807.389284134,27.900000000,-2.020967473,-0.948843517,1.600533873,-0.664248806,1.050843324,2.466403851,0.003362620,-0.014408333,0.019392258,-0.005863416,0.004587614,0.032175262
1773396807.489284039,28.000000000,-2.020630383,-0.950283938,1.602470056,-0.664832015,1.051303156,2.469621053,0.003370902,-0.014404208,0.019361828,-0.005832088,0.004598317,0.032172018
1773396807.589283943,28.100000000,-2.020292462,-0.951723952,1.604403202,-0.665412091,1.051764058,2.472837931,0.003379206,-0.014400140,0.019331459,-0.005800761,0.004609029,0.032168774
1773396807.689284086,28.200000000,-2.019953709,-0.953163564,1.606333317,-0.665989035,1.052226034,2.476054483,0.003387533,-0.014396126,0.019301151,-0.005769435,0.004619751,0.032165529
1773396807.789283991,28.300000000,-2.019614120,-0.954602781,1.608260408,-0.666562845,1.052689082,2.479270712,0.003395883,-0.014392167,0.019270905,-0.005738109,0.004630482,0.032162285
1773396807.889284134,28.400000000,-2.019273695,-0.956041607,1.610184479,-0.667133524,1.053153204,2.482486616,0.003404255,-0.014388262,0.019240718,-0.005706784,0.004641222,0.032159041
1773396807.989284039,28.500000000,-2.018932430,-0.957480048,1.612105539,-0.667701070,1.053618401,2.485702196,0.003412650,-0.014384412,0.019210590,-0.005675459,0.004651972,0.032155797
1773396808.089283943,28.600000000,-2.018590323,-0.958918110,1.614023591,-0.668265483,1.054084674,2.488917451,0.003421067,-0.014380616,0.019180522,-0.005644133,0.004662731,0.032152553
1773396808.189284086,28.700000000,-2.018247373,-0.960355797,1.615938642,-0.668826764,1.054552024,2.492132382,0.003429507,-0.014376874,0.019150511,-0.005612807,0.004673500,0.032149310
1773396808.289283991,28.800000000,-2.017903575,-0.961793116,1.617850698,-0.669384912,1.055020452,2.495346989,0.003437971,-0.014373185,0.019120558,-0.005581480,0.004684279,0.032146067
1773396808.389284134,28.900000000,-2.017558930,-0.963230071,1.619759764,-0.669939927,1.055489959,2.498561271,0.003446457,-0.014369549,0.019090662,-0.005550153,0.004695067,0.032142825
1773396808.489284039,29.000000000,-2.017213433,-0.964666667,1.621665846,-0.670491809,1.055960545,2.501775230,0.003454967,-0.014365966,0.019060823,-0.005518824,0.004705866,0.032139583
1773396808.589283943,29.100000000,-2.016867083,-0.966102911,1.623568950,-0.671040559,1.056432213,2.504988864,0.003463499,-0.014362436,0.019031039,-0.005487493,0.004716674,0.032136342
1773396808.689284086,29.200000000,-2.016519878,-0.967538807,1.625469081,-0.671586175,1.056904962,2.508202174,0.003472055,-0.014358958,0.019001311,-0.005456161,0.004727492,0.032133101
1773396808.789283991,29.300000000,-2.016171814,-0.968974360,1.627366245,-0.672128657,1.057378794,2.511415160,0.003480634,-0.014355532,0.018971638,-0.005424826,0.004738320,0.032129861
1773396808.889284134,29.400000000,-2.015822891,-0.970409576,1.629260447,-0.672668006,1.057853710,2.514627822,0.003489237,-0.014352158,0.018942018,-0.005393490,0.004749158,0.032126622
1773396808.989284039,29.500000000,-2.015473104,-0.971844459,1.631151692,-0.673204222,1.058329710,2.517840161,0.003497863,-0.014348836,0.018912452,-0.005362151,0.004760007,0.032123384
1773396809.089283943,29.600000000,-2.015122453,-0.973279016,1.633039986,-0.673737302,1.058806797,2.521052175,0.003506513,-0.014345565,0.018882939,-0.005330809,0.004770865,0.032120146
1773396809.189284086,29.700000000,-2.014770934,-0.974713250,1.634925334,-0.674267249,1.059284970,2.524263866,0.003515186,-0.014342345,0.018853479,-0.005299465,0.004781734,0.032116910
1773396809.289283991,29.800000000,-2.014418546,-0.976147168,1.636807741,-0.674794061,1.059764232,2.527475234,0.003523883,-0.014339176,0.018824070,-0.005268117,0.004792614,0.032113674
1773396809.389284134,29.900000000,-2.014065286,-0.977580774,1.638687212,-0.675317737,1.060244582,2.530686278,0.003532604,-0.014336057,0.018794713,-0.005236766,0.004803503,0.032110440
1773396809.489284039,30.000000000,-2.013711151,-0.979014072,1.640563753,-0.675838278,1.060726023,2.533896998,0.003541349,-0.014332989,0.018765407,-0.005205411,0.004814404,0.032107207
1773396809.589283943,30.100000000,-2.013356139,-0.980447069,1.642437368,-0.676355683,1.061208554,2.537107396,0.003550118,-0.014329971,0.018736150,-0.005174052,0.004825315,0.032103975
1773396809.689284086,30.200000000,-2.013000248,-0.981879770,1.644308062,-0.676869952,1.061692178,2.540317470,0.003558912,-0.014327002,0.018706944,-0.005142690,0.004836236,0.032100744
1773396809.789283991,30.300000000,-2.012643475,-0.983312178,1.646175841,-0.677381085,1.062176894,2.543527222,0.003567729,-0.014324083,0.018677786,-0.005111323,0.004847168,0.032097514
1773396809.889284134,30.400000000,-2.012285818,-0.984744299,1.648040709,-0.677889080,1.062662706,2.546736650,0.003576570,-0.014321214,0.018648678,-0.005079951,0.004858111,0.032094286
1773396809.989284039,30.500000000,-2.011927274,-0.986176139,1.649902670,-0.678393937,1.063149612,2.549945756,0.003585436,-0.014318393,0.018619617,-0.005048575,0.004869065,0.032091060
1773396810.089283943,30.600000000,-2.011567841,-0.987607701,1.651761731,-0.678895657,1.063637615,2.553154540,0.003594327,-0.014315621,0.018590604,-0.005017194,0.004880030,0.032087834
1773396810.189284086,30.700000000,-2.011207517,-0.989038991,1.653617894,-0.679394237,1.064126716,2.556363001,0.003603242,-0.014312898,0.018561638,-0.004985808,0.004891006,0.032084611
1773396810.289283991,30.800000000,-2.010846299,-0.990470013,1.655471166,-0.679889679,1.064616915,2.559571140,0.003612182,-0.014310223,0.018532719,-0.004954416,0.004901993,0.032081389
1773396810.389284134,30.900000000,-2.010484184,-0.991900772,1.657321551,-0.680381981,1.065108214,2.562778956,0.003621146,-0.014307596,0.018503845,-0.004923019,0.004912991,0.032078168
1773396810.489284039,31.000000000,-2.010121171,-0.993331274,1.659169053,-0.680871143,1.065600614,2.565986451,0.003630135,-0.014305016,0.018475017,-0.004891617,0.004924001,0.032074950
1773396810.589283943,31.100000000,-2.009757256,-0.994761522,1.661013676,-0.681357163,1.066094117,2.569193625,0.003639149,-0.014302485,0.018446234,-0.004860208,0.004935022,0.032071733
1773396810.689284086,31.200000000,-2.009392437,-0.996191522,1.662855426,-0.681840043,1.066588722,2.572400477,0.003648188,-0.014300000,0.018417496,-0.004828793,0.004946054,0.032068518
1773396810.789283991,31.300000000,-2.009026712,-0.997621279,1.664694306,-0.682319780,1.067084432,2.575607007,0.003657253,-0.014297563,0.018388801,-0.004797372,0.004957097,0.032065305
1773396810.889284134,31.400000000,-2.008660078,-0.999050796,1.666530321,-0.682796374,1.067581247,2.578813216,0.003666342,-0.014295172,0.018360150,-0.004765944,0.004968153,0.032062094
1773396810.989284039,31.500000000,-2.008292532,-1.000480079,1.668363475,-0.683269825,1.068079169,2.582019105,0.003675457,-0.014292829,0.018331542,-0.004734510,0.004979220,0.032058884
1773396811.089283943,31.600000000,-2.007924072,-1.001909132,1.670193773,-0.683740132,1.068578199,2.585224673,0.003684597,-0.014290531,0.018302977,-0.004703069,0.004990298,0.032055677
1773396811.189284086,31.700000000,-2.007554696,-1.003337960,1.672021218,-0.684207294,1.069078338,2.588429920,0.003693762,-0.014288280,0.018274453,-0.004671620,0.005001389,0.032052472
1773396811.289283991,31.800000000,-2.007184401,-1.004766567,1.673845815,-0.684671311,1.069579587,2.591634847,0.003702953,-0.014286074,0.018245971,-0.004640165,0.005012491,0.032049270
1773396811.389284134,31.900000000,-2.006813184,-1.006194959,1.675667568,-0.685132181,1.070081947,2.594839454,0.003712170,-0.014283914,0.018217530,-0.004608702,0.005023605,0.032046069
1773396811.489284039,32.000000000,-2.006441042,-1.007623139,1.677486481,-0.685589904,1.070585420,2.598043741,0.003721413,-0.014281800,0.018189130,-0.004577231,0.005034731,0.032042871
1773396811.589283943,32.100000000,-2.006067974,-1.009051112,1.679302558,-0.686044479,1.071090007,2.601247708,0.003730681,-0.014279730,0.018160770,-0.004545752,0.005045870,0.032039675
1773396811.689284086,32.200000000,-2.005693977,-1.010478882,1.681115803,-0.686495906,1.071595709,2.604451357,0.003739975,-0.014277706,0.018132449,-0.004514266,0.005057020,0.032036482
1773396811.789283991,32.300000000,-2.005319047,-1.011906455,1.682926220,-0.686944183,1.072102528,2.607654686,0.003749295,-0.014275726,0.018104167,-0.004482771,0.005068183,0.032033291
1773396811.889284134,32.400000000,-2.004943183,-1.013333834,1.684733812,-0.687389310,1.072610463,2.610857696,0.003758642,-0.014273791,0.018075924,-0.004451268,0.005079358,0.032030103
1773396811.989284039,32.500000000,-2.004566382,-1.014761024,1.686538584,-0.687831286,1.073119518,2.614060388,0.003768014,-0.014271900,0.018047720,-0.004419757,0.005090546,0.032026917
1773396812.089283943,32.600000000,-2.004188640,-1.016188029,1.688340539,-0.688270109,1.073629693,2.617262761,0.003777413,-0.014270053,0.018019553,-0.004388237,0.005101746,0.032023734
1773396812.189284086,32.700000000,-2.003809957,-1.017614854,1.690139682,-0.688705780,1.074140989,2.620464817,0.003786838,-0.014268250,0.017991423,-0.004356708,0.005112959,0.032020554
1773396812.289283991,32.800000000,-2.003430328,-1.019041503,1.691936015,-0.689138297,1.074653407,2.623666554,0.003796290,-0.014266491,0.017963330,-0.004325170,0.005124185,0.032017377
1773396812.389284134,32.900000000,-2.003049751,-1.020467981,1.693729542,-0.689567659,1.075166949,2.626867975,0.003805769,-0.014264774,0.017935273,-0.004293623,0.005135423,0.032014202
1773396812.489284039,33.000000000,-2.002668223,-1.021894291,1.695520267,-0.689993866,1.075681617,2.630069078,0.003815274,-0.014263101,0.017907253,-0.004262066,0.005146675,0.032011031
1773396812.589283943,33.100000000,-2.002285743,-1.023320438,1.697308194,-0.690416916,1.076197411,2.633269864,0.003824806,-0.014261471,0.017879267,-0.004230501,0.005157939,0.032007862
1773396812.689284086,33.200000000,-2.001902306,-1.024746426,1.699093326,-0.690836808,1.076714332,2.636470333,0.003834365,-0.014259883,0.017851317,-0.004198925,0.005169216,0.032004696
1773396812.789283991,33.300000000,-2.001517911,-1.026172260,1.700875666,-0.691253542,1.077232383,2.639670487,0.003843950,-0.014258338,0.017823402,-0.004167340,0.005180507,0.032001533
1773396812.889284134,33.400000000,-2.001132555,-1.027597944,1.702655218,-0.691667117,1.077751564,2.642870324,0.003853563,-0.014256835,0.017795520,-0.004135744,0.005191810,0.031998374
1773396812.989284039,33.500000000,-2.000746235,-1.029023481,1.704431985,-0.692077531,1.078271877,2.646069846,0.003863203,-0.014255374,0.017767672,-0.004104139,0.005203127,0.031995218
1773396813.089283943,33.600000000,-2.000358948,-1.030448877,1.706205971,-0.692484783,1.078793323,2.649269052,0.003872871,-0.014253955,0.017739857,-0.004072523,0.005214458,0.031992065
1773396813.189284086,33.700000000,-1.999970691,-1.031874135,1.707977178,-0.692888873,1.079315903,2.652467944,0.003882566,-0.014252578,0.017712076,-0.004040897,0.005225802,0.031988915
1773396813.289283991,33.800000000,-1.999581462,-1.033299259,1.709745611,-0.693289799,1.079839619,2.655666521,0.003892288,-0.014251241,0.017684326,-0.004009261,0.005237159,0.031985769
1773396813.389284134,33.900000000,-1.999191258,-1.034724253,1.711511272,-0.693687560,1.080364472,2.658864783,0.003902038,-0.014249946,0.017656609,-0.003977614,0.005248531,0.031982626
1773396813.489284039,34.000000000,-1.998800077,-1.036149122,1.713274164,-0.694082156,1.080890463,2.662062732,0.003911816,-0.014248692,0.017628923,-0.003945956,0.005259916,0.031979486
1773396813.589283943,34.100000000,-1.998407915,-1.037573870,1.715034291,-0.694473585,1.081417595,2.665260367,0.003921621,-0.014247478,0.017601268,-0.003914287,0.005271315,0.031976350
1773396813.689284086,34.200000000,-1.998014769,-1.038998501,1.716791655,-0.694861845,1.081945867,2.668457689,0.003931454,-0.014246304,0.017573643,-0.003882607,0.005282728,0.031973218
1773396813.789283991,34.300000000,-1.997620638,-1.040423018,1.718546260,-0.695246937,1.082475283,2.671654698,0.003941316,-0.014245171,0.017546049,-0.003850915,0.005294154,0.031970090
1773396813.889284134,34.400000000,-1.997225517,-1.041847426,1.720298109,-0.695628858,1.083005842,2.674851394,0.003951205,-0.014244078,0.017518485,-0.003819213,0.005305596,0.031966965
1773396813.989284039,34.500000000,-1.996829405,-1.043271728,1.722047204,-0.696007608,1.083537548,2.678047779,0.003961123,-0.014243025,0.017490950,-0.003787499,0.005317051,0.031963844
1773396814.089283943,34.600000000,-1.996432298,-1.044695929,1.723793548,-0.696383185,1.084070400,2.681243851,0.003971069,-0.014242011,0.017463444,-0.003755773,0.005328521,0.031960726
1773396814.189284086,34.700000000,-1.996034194,-1.046120033,1.725537145,-0.696755589,1.084604400,2.684439612,0.003981044,-0.014241037,0.017435967,-0.003724035,0.005340005,0.031957613
1773396814.289283991,34.800000000,-1.995635089,-1.047544043,1.727277997,-0.697124817,1.085139551,2.687635063,0.003991047,-0.014240101,0.017408518,-0.003692286,0.005351504,0.031954503
1773396814.389284134,34.900000000,-1.995234981,-1.048967963,1.729016106,-0.697490870,1.085675852,2.690830203,0.004001078,-0.014239205,0.017381097,-0.003660525,0.005363017,0.031951398
1773396814.489284039,35.000000000,-1.994833867,-1.050391798,1.730751477,-0.697853745,1.086213307,2.694025032,0.004011139,-0.014238347,0.017353703,-0.003628751,0.005374545,0.031948297
1773396814.589283943,35.100000000,-1.994431744,-1.051815551,1.732484110,-0.698213441,1.086751916,2.697219552,0.004021228,-0.014237528,0.017326336,-0.003596965,0.005386088,0.031945199
1773396814.689284086,35.200000000,-1.994028610,-1.053239226,1.734214010,-0.698569958,1.087291680,2.700413763,0.004031346,-0.014236747,0.017298996,-0.003565167,0.005397646,0.031942106
1773396814.789283991,35.300000000,-1.993624460,-1.054662826,1.735941178,-0.698923294,1.087832602,2.703607665,0.004041494,-0.014236004,0.017271681,-0.003533357,0.005409219,0.031939017
1773396814.889284134,35.400000000,-1.993219293,-1.056086356,1.737665617,-0.699273447,1.088374683,2.706801258,0.004051670,-0.014235298,0.017244393,-0.003501533,0.005420807,0.031935933
1773396814.989284039,35.500000000,-1.992813106,-1.057509819,1.739387330,-0.699620417,1.088917924,2.709994543,0.004061876,-0.014234631,0.017217130,-0.003469698,0.005432411,0.031932853
1773396815.089283943,35.600000000,-1.992405895,-1.058933219,1.741106319,-0.699964202,1.089462327,2.713187521,0.004072111,-0.014234000,0.017189892,-0.003437849,0.005444030,0.031929777
1773396815.189284086,35.700000000,-1.991997657,-1.060356560,1.742822587,-0.700304801,1.090007893,2.716380191,0.004082376,-0.014233407,0.017162678,-0.003405987,0.005455664,0.031926706
1773396815.289283991,35.800000000,-1.991588390,-1.061779845,1.744536136,-0.700642212,1.090554625,2.719572555,0.004092670,-0.014232851,0.017135489,-0.003374113,0.005467314,0.031923639
1773396815.389284134,35.900000000,-1.991178091,-1.063203078,1.746246969,-0.700976434,1.091102523,2.722764613,0.004102994,-0.014232332,0.017108323,-0.003342225,0.005478979,0.031920576
1773396815.489284039,36.000000000,-1.990766756,-1.064626263,1.747955087,-0.701307467,1.091651589,2.725956365,0.004113348,-0.014231849,0.017081181,-0.003310324,0.005490660,0.031917519
1773396815.589283943,36.100000000,-1.990354383,-1.066049403,1.749660493,-0.701635308,1.092201824,2.729147811,0.004123732,-0.014231402,0.017054062,-0.003278409,0.005502357,0.031914466
1773396815.689284086,36.200000000,-1.989940968,-1.067472502,1.751363190,-0.701959956,1.092753231,2.732338953,0.004134146,-0.014230991,0.017026966,-0.003246481,0.005514070,0.031911418
1773396815.789283991,36.300000000,-1.989526509,-1.068895564,1.753063179,-0.702281410,1.093305811,2.735529791,0.004144590,-0.014230617,0.016999892,-0.003214540,0.005525799,0.031908374
1773396815.889284134,36.400000000,-1.989111003,-1.070318591,1.754760463,-0.702599668,1.093859566,2.738720324,0.004155064,-0.014230278,0.016972840,-0.003182585,0.005537545,0.031905336
1773396815.989284039,36.500000000,-1.988694446,-1.071741589,1.756455044,-0.702914730,1.094414496,2.741910554,0.004165569,-0.014229974,0.016945809,-0.003150616,0.005549306,0.031902302
1773396816.089283943,36.600000000,-1.988276835,-1.073164559,1.758146924,-0.703226593,1.094970605,2.745100482,0.004176105,-0.014229706,0.016918800,-0.003118634,0.005561084,0.031899274
1773396816.189284086,36.700000000,-1.987858168,-1.074587507,1.759836105,-0.703535257,1.095527893,2.748290107,0.004186671,-0.014229472,0.016891811,-0.003086637,0.005572879,0.031896250
1773396816.289283991,36.800000000,-1.987438442,-1.076010434,1.761522589,-0.703840720,1.096086362,2.751479430,0.004197267,-0.014229273,0.016864843,-0.003054626,0.005584690,0.031893231
1773396816.389284134,36.900000000,-1.987017652,-1.077433345,1.763206379,-0.704142980,1.096646014,2.754668452,0.004207895,-0.014229109,0.016837895,-0.003022602,0.005596518,0.031890218
1773396816.489284039,37.000000000,-1.986595797,-1.078856243,1.764887475,-0.704442036,1.097206850,2.757857173,0.004218554,-0.014228980,0.016810967,-0.002990563,0.005608363,0.031887210
1773396816.589283943,37.100000000,-1.986172872,-1.080279131,1.766565881,-0.704737887,1.097768872,2.761045593,0.004229243,-0.014228884,0.016784058,-0.002958510,0.005620224,0.031884207
1773396816.689284086,37.200000000,-1.985748876,-1.081702013,1.768241598,-0.705030531,1.098332082,2.764233714,0.004239964,-0.014228822,0.016757168,-0.002926442,0.005632103,0.031881209
1773396816.789283991,37.300000000,-1.985323804,-1.083124893,1.769914627,-0.705319967,1.098896482,2.767421536,0.004250717,-0.014228794,0.016730296,-0.002894360,0.005643999,0.031878217
1773396816.889284134,37.400000000,-1.984897654,-1.084547773,1.771584972,-0.705606194,1.099462074,2.770609059,0.004261500,-0.014228800,0.016703443,-0.002862264,0.005655912,0.031875230
1773396816.989284039,37.500000000,-1.984470423,-1.085970657,1.773252632,-0.705889209,1.100028858,2.773796284,0.004272316,-0.014228839,0.016676608,-0.002830153,0.005667843,0.031872249
1773396817.089283943,37.600000000,-1.984042106,-1.087393548,1.774917611,-0.706169012,1.100596837,2.776983211,0.004283163,-0.014228911,0.016649790,-0.002798027,0.005679791,0.031869273
1773396817.189284086,37.700000000,-1.983612702,-1.088816449,1.776579910,-0.706445600,1.101166013,2.780169841,0.004294041,-0.014229015,0.016622989,-0.002765887,0.005691757,0.031866302
1773396817.289283991,37.800000000,-1.983182207,-1.090239365,1.778239531,-0.706718973,1.101736387,2.783356175,0.004304952,-0.014229153,0.016596205,-0.002733731,0.005703740,0.031863338
1773396817.389284134,37.900000000,-1.982750617,-1.091662297,1.779896475,-0.706989130,1.102307961,2.786542213,0.004315895,-0.014229322,0.016569438,-0.002701561,0.005715742,0.031860379
1773396817.489284039,38.000000000,-1.982317930,-1.093085249,1.781550743,-0.707256067,1.102880737,2.789727955,0.004326870,-0.014229524,0.016542687,-0.002669376,0.005727761,0.031857425
1773396817.589283943,38.100000000,-1.981884143,-1.094508225,1.783202339,-0.707519785,1.103454717,2.792913403,0.004337877,-0.014229758,0.016515952,-0.002637176,0.005739799,0.031854478
1773396817.689284086,38.200000000,-1.981449251,-1.095931227,1.784851262,-0.707780281,1.104029902,2.796098557,0.004348917,-0.014230024,0.016489232,-0.002604960,0.005751855,0.031851536
1773396817.789283991,38.300000000,-1.981013252,-1.097354260,1.786497515,-0.708037554,1.104606295,2.799283417,0.004359989,-0.014230321,0.016462527,-0.002572730,0.005763929,0.031848601
1773396817.889284134,38.400000000,-1.980576143,-1.098777324,1.788141098,-0.708291602,1.105183897,2.802467984,0.004371094,-0.014230649,0.016435837,-0.002540484,0.005776021,0.031845671
1773396817.989284039,38.500000000,-1.980137919,-1.100200425,1.789782014,-0.708542424,1.105762711,2.805652259,0.004382232,-0.014231009,0.016409162,-0.002508223,0.005788132,0.031842747
1773396818.089283943,38.600000000,-1.979698579,-1.101623565,1.791420265,-0.708790019,1.106342737,2.808836242,0.004393403,-0.014231399,0.016382500,-0.002475947,0.005800262,0.031839830
1773396818.189284086,38.700000000,-1.979258119,-1.103046747,1.793055850,-0.709034385,1.106923978,2.812019934,0.004404606,-0.014231820,0.016355853,-0.002443655,0.005812411,0.031836918
1773396818.289283991,38.800000000,-1.978816534,-1.104469974,1.794688772,-0.709275520,1.107506436,2.815203335,0.004415843,-0.014232272,0.016329218,-0.002411348,0.005824579,0.031834013
1773396818.389284134,38.900000000,-1.978373823,-1.105893250,1.796319031,-0.709513422,1.108090112,2.818386446,0.004427113,-0.014232754,0.016302597,-0.002379026,0.005836765,0.031831114
1773396818.489284039,39.000000000,-1.977929981,-1.107316576,1.797946630,-0.709748091,1.108675010,2.821569268,0.004438417,-0.014233265,0.016275989,-0.002346688,0.005848971,0.031828221
1773396818.589283943,39.100000000,-1.977485006,-1.108739957,1.799571569,-0.709979524,1.109261129,2.824751802,0.004449754,-0.014233807,0.016249393,-0.002314334,0.005861197,0.031825335
1773396818.689284086,39.200000000,-1.977038894,-1.110163395,1.801193850,-0.710207721,1.109848473,2.827934047,0.004461125,-0.014234378,0.016222809,-0.002281964,0.005873441,0.031822455
1773396818.789283991,39.300000000,-1.976591641,-1.111586893,1.802813474,-0.710432679,1.110437044,2.831116006,0.004472529,-0.014234978,0.016196237,-0.002249579,0.005885706,0.031819581
1773396818.889284134,39.400000000,-1.976143244,-1.113010453,1.804430442,-0.710654396,1.111026843,2.834297677,0.004483968,-0.014235608,0.016169676,-0.002217178,0.005897990,0.031816714
1773396818.989284039,39.500000000,-1.975693700,-1.114434080,1.806044754,-0.710872873,1.111617872,2.837479062,0.004495440,-0.014236266,0.016143126,-0.002184762,0.005910293,0.031813854
1773396819.089283943,39.600000000,-1.975243005,-1.115857775,1.807656413,-0.711088106,1.112210134,2.840660162,0.004506947,-0.014236953,0.016116588,-0.002152329,0.005922617,0.031811000
1773396819.189284086,39.700000000,-1.974791156,-1.117281542,1.809265419,-0.711300094,1.112803630,2.843840977,0.004518488,-0.014237669,0.016090059,-0.002119881,0.005934961,0.031808152
1773396819.289283991,39.800000000,-1.974338150,-1.118705383,1.810871773,-0.711508835,1.113398363,2.847021509,0.004530063,-0.014238412,0.016063541,-0.002087417,0.005947325,0.031805312
1773396819.389284134,39.900000000,-1.973883983,-1.120129302,1.812475476,-0.711714329,1.113994334,2.850201756,0.004541674,-0.014239184,0.016037033,-0.002054937,0.005959710,0.031802478
1773396819.489284039,40.000000000,-1.973428651,-1.121553300,1.814076530,-0.711916573,1.114591545,2.853381722,0.004553318,-0.014239984,0.016010534,-0.002022440,0.005972115,0.031799651
1773396819.589283943,40.100000000,-1.972972151,-1.122977381,1.815674934,-0.712115566,1.115189999,2.856561405,0.004564998,-0.014240811,0.015984044,-0.001989928,0.005984540,0.031796831
1773396819.689284086,40.200000000,-1.972514480,-1.124401548,1.817270690,-0.712311306,1.115789698,2.859740807,0.004576713,-0.014241665,0.015957563,-0.001957400,0.005996986,0.031794018
1773396819.789283991,40.300000000,-1.972055633,-1.125825802,1.818863800,-0.712503791,1.116390643,2.862919928,0.004588462,-0.014242546,0.015931091,-0.001924856,0.006009453,0.031791212
1773396819.889284134,40.400000000,-1.971595609,-1.127250148,1.820454262,-0.712693021,1.116992837,2.866098769,0.004600247,-0.014243455,0.015904627,-0.001892296,0.006021942,0.031788413
1773396819.989284039,40.500000000,-1.971134402,-1.128674587,1.822042079,-0.712878993,1.117596282,2.869277331,0.004612068,-0.014244389,0.015878171,-0.001859719,0.006034451,0.031785621
1773396820.089283943,40.600000000,-1.970672010,-1.130099122,1.823627252,-0.713061706,1.118200980,2.872455615,0.004623924,-0.014245351,0.015851723,-0.001827127,0.006046981,0.031782836
1773396820.189284086,40.700000000,-1.970208428,-1.131523756,1.825209780,-0.713241157,1.118806934,2.875633621,0.004635815,-0.014246338,0.015825282,-0.001794518,0.006059533,0.031780059
1773396820.289283991,40.800000000,-1.969743654,-1.132948491,1.826789665,-0.713417347,1.119414144,2.878811350,0.004647743,-0.014247352,0.015798848,-0.001761893,0.006072107,0.031777288
1773396820.389284134,40.900000000,-1.969277683,-1.134373330,1.828366907,-0.713590272,1.120022615,2.881988802,0.004659706,-0.014248391,0.015772420,-0.001729252,0.006084702,0.031774525
1773396820.489284039,41.000000000,-1.968810513,-1.135798276,1.829941507,-0.713759932,1.120632346,2.885165979,0.004671705,-0.014249455,0.015745999,-0.001696595,0.006097319,0.031771770
1773396820.589283943,41.100000000,-1.968342139,-1.137223330,1.831513465,-0.713926324,1.121243342,2.888342881,0.004683741,-0.014250545,0.015719585,-0.001663922,0.006109958,0.031769021
1773396820.689284086,41.200000000,-1.967872557,-1.138648496,1.833082783,-0.714089447,1.121855604,2.891519509,0.004695813,-0.014251660,0.015693176,-0.001631232,0.006122619,0.031766281
1773396820.789283991,41.300000000,-1.967401765,-1.140073776,1.834649460,-0.714249299,1.122469134,2.894695864,0.004707921,-0.014252800,0.015666772,-0.001598526,0.006135302,0.031763547
1773396820.889284134,41.400000000,-1.966929759,-1.141499172,1.836213497,-0.714405880,1.123083935,2.897871946,0.004720066,-0.014253964,0.015640374,-0.001565804,0.006148008,0.031760822
1773396820.989284039,41.500000000,-1.966456534,-1.142924688,1.837774895,-0.714559186,1.123700009,2.901047757,0.004732248,-0.014255153,0.015613980,-0.001533066,0.006160736,0.031758104
1773396821.089283943,41.600000000,-1.965982087,-1.144350324,1.839333654,-0.714709218,1.124317357,2.904223296,0.004744467,-0.014256365,0.015587591,-0.001500311,0.006173487,0.031755393
1773396821.189284086,41.700000000,-1.965506415,-1.145776084,1.840889775,-0.714855972,1.124935984,2.907398565,0.004756722,-0.014257602,0.015561207,-0.001467540,0.006186261,0.031752690
1773396821.289283991,41.800000000,-1.965029513,-1.147201971,1.842443258,-0.714999447,1.125555889,2.910573564,0.004769015,-0.014258862,0.015534826,-0.001434753,0.006199057,0.031749995
1773396821.389284134,41.900000000,-1.964551379,-1.148627985,1.843994103,-0.715139642,1.126177077,2.913748295,0.004781345,-0.014260145,0.015508450,-0.001401950,0.006211877,0.031747308
1773396821.489284039,42.000000000,-1.964072008,-1.150054130,1.845542310,-0.715276555,1.126799549,2.916922758,0.004793713,-0.014261452,0.015482076,-0.001369130,0.006224720,0.031744629
1773396821.589283943,42.100000000,-1.963591396,-1.151480408,1.847087881,-0.715410184,1.127423308,2.920096954,0.004806118,-0.014262781,0.015455706,-0.001336294,0.006237586,0.031741958
1773396821.689284086,42.200000000,-1.963109540,-1.152906822,1.848630815,-0.715540528,1.128048355,2.923270883,0.004818562,-0.014264133,0.015429339,-0.001303442,0.006250476,0.031739295
1773396821.789283991,42.300000000,-1.962626435,-1.154333373,1.850171112,-0.715667586,1.128674694,2.926444547,0.004831043,-0.014265508,0.015402974,-0.001270574,0.006263389,0.031736639
1773396821.889284134,42.400000000,-1.962142079,-1.155760063,1.851708773,-0.715791355,1.129302327,2.929617947,0.004843562,-0.014266905,0.015376611,-0.001237689,0.006276327,0.031733992
1773396821.989284039,42.500000000,-1.961656467,-1.157186895,1.853243798,-0.715911833,1.129931256,2.932791082,0.004856119,-0.014268323,0.015350251,-0.001204788,0.006289288,0.031731353
1773396822.089283943,42.600000000,-1.961169596,-1.158613872,1.854776187,-0.716029021,1.130561483,2.935963954,0.004868715,-0.014269763,0.015323892,-0.001171871,0.006302274,0.031728722
1773396822.189284086,42.700000000,-1.960681461,-1.160040994,1.856305941,-0.716142914,1.131193011,2.939136564,0.004881349,-0.014271225,0.015297534,-0.001138938,0.006315283,0.031726100
1773396822.289283991,42.800000000,-1.960192059,-1.161468265,1.857833059,-0.716253513,1.131825843,2.942308913,0.004894021,-0.014272708,0.015271178,-0.001105989,0.006328317,0.031723485
1773396822.389284134,42.900000000,-1.959701385,-1.162895686,1.859357541,-0.716360816,1.132459981,2.945481001,0.004906733,-0.014274212,0.015244823,-0.001073024,0.006341376,0.031720879
1773396822.489284039,43.000000000,-1.959209437,-1.164323260,1.860879388,-0.716464820,1.133095427,2.948652829,0.004919483,-0.014275736,0.015218468,-0.001040042,0.006354459,0.031718282
1773396822.589283943,43.100000000,-1.958716210,-1.165750988,1.862398599,-0.716565524,1.133732183,2.951824398,0.004932273,-0.014277281,0.015192113,-0.001007045,0.006367568,0.031715693
1773396822.689284086,43.200000000,-1.958221700,-1.167178873,1.863915175,-0.716662927,1.134370253,2.954995709,0.004945102,-0.014278846,0.015165758,-0.000974031,0.006380701,0.031713112
1773396822.789283991,43.300000000,-1.957725903,-1.168606916,1.865429115,-0.716757028,1.135009639,2.958166763,0.004957970,-0.014280431,0.015139404,-0.000941001,0.006393859,0.031710540
1773396822.889284134,43.400000000,-1.957228815,-1.170035119,1.866940420,-0.716847823,1.135650344,2.961337561,0.004970878,-0.014282036,0.015113048,-0.000907956,0.006407043,0.031707976
1773396822.989284039,43.500000000,-1.956730432,-1.171463485,1.868449089,-0.716935313,1.136292369,2.964508103,0.004983825,-0.014283660,0.015086692,-0.000874894,0.006420253,0.031705422
1773396823.089283943,43.600000000,-1.956230751,-1.172892016,1.869955123,-0.717019494,1.136935718,2.967678391,0.004996813,-0.014285304,0.015060335,-0.000841816,0.006433488,0.031702875
1773396823.189284086,43.700000000,-1.955729767,-1.174320712,1.871458520,-0.717100366,1.137580393,2.970848424,0.005009840,-0.014286966,0.015033976,-0.000808723,0.006446748,0.031700338
1773396823.289283991,43.800000000,-1.955227476,-1.175749577,1.872959282,-0.717177928,1.138226396,2.974018205,0.005022907,-0.014288647,0.015007616,-0.000775614,0.006460035,0.031697809
1773396823.389284134,43.900000000,-1.954723875,-1.177178612,1.874457407,-0.717252177,1.138873731,2.977187734,0.005036015,-0.014290347,0.014981253,-0.000742489,0.006473348,0.031695290
1773396823.489284039,44.000000000,-1.954218958,-1.178607818,1.875952896,-0.717323111,1.139522400,2.980357012,0.005049164,-0.014292064,0.014954889,-0.000709348,0.006486687,0.031692779
1773396823.589283943,44.100000000,-1.953712723,-1.180037198,1.877445748,-0.717390731,1.140172405,2.983526040,0.005062352,-0.014293800,0.014928522,-0.000676191,0.006500053,0.031690277
1773396823.689284086,44.200000000,-1.953205165,-1.181466753,1.878935964,-0.717455032,1.140823749,2.986694818,0.005075582,-0.014295553,0.014902152,-0.000643019,0.006513445,0.031687784
1773396823.789283991,44.300000000,-1.952696280,-1.182896486,1.880423542,-0.717516016,1.141476436,2.989863348,0.005088853,-0.014297323,0.014875780,-0.000609831,0.006526864,0.031685300
1773396823.889284134,44.400000000,-1.952186063,-1.184326397,1.881908482,-0.717573678,1.142130467,2.993031631,0.005102165,-0.014299111,0.014849404,-0.000576627,0.006540310,0.031682825
1773396823.989284039,44.500000000,-1.951674511,-1.185756488,1.883390784,-0.717628019,1.142785845,2.996199667,0.005115518,-0.014300915,0.014823025,-0.000543408,0.006553783,0.031680360
1773396824.089283943,44.600000000,-1.951161620,-1.187186762,1.884870449,-0.717679037,1.143442573,2.999367457,0.005128912,-0.014302736,0.014796642,-0.000510174,0.006567283,0.031677903
1773396824.189284086,44.700000000,-1.950647385,-1.188617219,1.886347474,-0.717726729,1.144100654,3.002535003,0.005142348,-0.014304573,0.014770254,-0.000476924,0.006580811,0.031675456
1773396824.289283991,44.800000000,-1.950131803,-1.190047862,1.887821860,-0.717771095,1.144760091,3.005702305,0.005155826,-0.014306426,0.014743863,-0.000443659,0.006594366,0.031673018
1773396824.389284134,44.900000000,-1.949614868,-1.191478691,1.889293607,-0.717812133,1.145420886,3.008869364,0.005169345,-0.014308296,0.014717467,-0.000410378,0.006607949,0.031670590
1773396824.489284039,45.000000000,-1.949096578,-1.192909709,1.890762714,-0.717849841,1.146083042,3.012036181,0.005182907,-0.014310180,0.014691066,-0.000377083,0.006621560,0.031668171
1773396824.589283943,45.100000000,-1.948576926,-1.194340917,1.892229180,-0.717884218,1.146746562,3.015202757,0.005196511,-0.014312080,0.014664660,-0.000343772,0.006635199,0.031665761
1773396824.689284086,45.200000000,-1.948055911,-1.195772317,1.893693005,-0.717915263,1.147411448,3.018369093,0.005210157,-0.014313995,0.014638249,-0.000310446,0.006648866,0.031663361
1773396824.789283991,45.300000000,-1.947533526,-1.197203909,1.895154188,-0.717942973,1.148077704,3.021535190,0.005223846,-0.014315924,0.014611832,-0.000277105,0.006662562,0.031660970
1773396824.889284134,45.400000000,-1.947009768,-1.198635696,1.896612729,-0.717967348,1.148745333,3.024701049,0.005237578,-0.014317868,0.014585409,-0.000243749,0.006676286,0.031658589
1773396824.989284039,45.500000000,-1.946484633,-1.200067679,1.898068627,-0.717988386,1.149414337,3.027866671,0.005251352,-0.014319826,0.014558980,-0.000210378,0.006690039,0.031656218
1773396825.089283943,45.600000000,-1.945958116,-1.201499858,1.899521881,-0.718006085,1.150084719,3.031032056,0.005265170,-0.014321798,0.014532545,-0.000176992,0.006703821,0.031653856
1773396825.189284086,45.700000000,-1.945430213,-1.202932237,1.900972492,-0.718020444,1.150756482,3.034197207,0.005279031,-0.014323783,0.014506103,-0.000143592,0.006717632,0.031651504
1773396825.289283991,45.800000000,-1.944900920,-1.204364815,1.902420457,-0.718031462,1.151429629,3.037362123,0.005292935,-0.014325782,0.014479655,-0.000110177,0.006731472,0.031649162
1773396825.389284134,45.900000000,-1.944370231,-1.205797594,1.903865777,-0.718039137,1.152104164,3.040526806,0.005306883,-0.014327794,0.014453199,-0.000076747,0.006745342,0.031646829
1773396825.489284039,46.000000000,-1.943838144,-1.207230576,1.905308451,-0.718043467,1.152780088,3.043691256,0.005320874,-0.014329818,0.014426736,-0.000043303,0.006759242,0.031644507
1773396825.589283943,46.100000000,-1.943304653,-1.208663761,1.906748477,-0.718044451,1.153457405,3.046855476,0.005334909,-0.014331855,0.014400265,-0.000009845,0.006773171,0.031642194
1773396825.689284086,46.200000000,-1.942769754,-1.210097152,1.908185856,-0.718042089,1.154136118,3.050019465,0.005348989,-0.014333904,0.014373786,0.000023628,0.006787130,0.031639892
1773396825.789283991,46.300000000,-1.942233443,-1.211530748,1.909620586,-0.718036377,1.154816230,3.053183225,0.005363112,-0.014335965,0.014347300,0.000057115,0.006801119,0.031637599
1773396825.889284134,46.400000000,-1.941695715,-1.212964552,1.911052666,-0.718027316,1.155497744,3.056346757,0.005377280,-0.014338037,0.014320805,0.000090616,0.006815139,0.031635317
1773396825.989284039,46.500000000,-1.941156566,-1.214398564,1.912482096,-0.718014903,1.156180663,3.059510061,0.005391493,-0.014340121,0.014294301,0.000124131,0.006829189,0.031633045
1773396826.089283943,46.600000000,-1.940615990,-1.215832786,1.913908875,-0.717999137,1.156864990,3.062673139,0.005405750,-0.014342215,0.014267788,0.000157660,0.006843270,0.031630782
1773396826.189284086,46.700000000,-1.940073985,-1.217267218,1.915333002,-0.717980016,1.157550728,3.065835992,0.005420052,-0.014344321,0.014241267,0.000191202,0.006857382,0.031628530
1773396826.289283991,46.800000000,-1.939530545,-1.218701861,1.916754475,-0.717957540,1.158237880,3.068998621,0.005434400,-0.014346437,0.014214736,0.000224759,0.006871525,0.031626289
1773396826.389284134,46.900000000,-1.938985666,-1.220136718,1.918173295,-0.717931708,1.158926450,3.072161027,0.005448792,-0.014348562,0.014188195,0.000258329,0.006885699,0.031624057
1773396826.489284039,47.000000000,-1.938439343,-1.221571787,1.919589459,-0.717902516,1.159616441,3.075323211,0.005463230,-0.014350698,0.014161645,0.000291913,0.006899904,0.031621836
1773396826.589283943,47.100000000,-1.937891572,-1.223007072,1.921002968,-0.717869965,1.160307855,3.078485173,0.005477714,-0.014352843,0.014135084,0.000325509,0.006914141,0.031619626
1773396826.689284086,47.200000000,-1.937342347,-1.224442572,1.922413819,-0.717834053,1.161000696,3.081646916,0.005492244,-0.014354998,0.014108514,0.000359120,0.006928410,0.031617426
1773396826.789283991,47.300000000,-1.936791665,-1.225878288,1.923822012,-0.717794779,1.161694967,3.084808440,0.005506819,-0.014357161,0.014081932,0.000392743,0.006942711,0.031615236
1773396826.889284134,47.400000000,-1.936239521,-1.227314221,1.925227546,-0.717752141,1.162390671,3.087969745,0.005521441,-0.014359333,0.014055340,0.000426379,0.006957044,0.031613057
1773396826.989284039,47.500000000,-1.935685910,-1.228750372,1.926630420,-0.717706138,1.163087812,3.091130834,0.005536109,-0.014361513,0.014028737,0.000460029,0.006971409,0.031610889
1773396827.089283943,47.600000000,-1.935130828,-1.230186742,1.928030632,-0.717656769,1.163786393,3.094291707,0.005550823,-0.014363701,0.014002123,0.000493691,0.006985807,0.031608731
1773396827.189284086,47.700000000,-1.934574270,-1.231623332,1.929428182,-0.717604033,1.164486417,3.097452366,0.005565584,-0.014365897,0.013975497,0.000527366,0.007000238,0.031606584
1773396827.289283991,47.800000000,-1.934016230,-1.233060142,1.930823068,-0.717547927,1.165187887,3.100612810,0.005580392,-0.014368100,0.013948860,0.000561053,0.007014701,0.031604447
1773396827.389284134,47.900000000,-1.933456706,-1.234497173,1.932215289,-0.717488452,1.165890807,3.103773043,0.005595247,-0.014370310,0.013922210,0.000594753,0.007029198,0.031602322
1773396827.489284039,48.000000000,-1.932895691,-1.235934426,1.933604844,-0.717425606,1.166595179,3.106933063,0.005610149,-0.014372527,0.013895549,0.000628465,0.007043728,0.031600207
1773396827.589283943,48.100000000,-1.932333181,-1.237371901,1.934991731,-0.717359387,1.167301008,3.110092874,0.005625099,-0.014374750,0.013868875,0.000662189,0.007058291,0.031598103
1773396827.689284086,48.200000000,-1.931769171,-1.238809599,1.936375950,-0.717289794,1.168008297,3.113252475,0.005640096,-0.014376980,0.013842188,0.000695925,0.007072888,0.031596010
1773396827.789283991,48.300000000,-1.931203657,-1.240247520,1.937757499,-0.717216827,1.168717049,3.116411867,0.005655141,-0.014379215,0.013815489,0.000729673,0.007087519,0.031593928
1773396827.889284134,48.400000000,-1.930636634,-1.241685666,1.939136377,-0.717140484,1.169427267,3.119571053,0.005670234,-0.014381455,0.013788776,0.000763433,0.007102184,0.031591858
1773396827.989284039,48.500000000,-1.930068096,-1.243124036,1.940512582,-0.717060763,1.170138956,3.122730033,0.005685376,-0.014383701,0.013762050,0.000797204,0.007116883,0.031589798
1773396828.089283943,48.600000000,-1.929498040,-1.244562631,1.941886113,-0.716977664,1.170852117,3.125888808,0.005700565,-0.014385952,0.013735311,0.000830987,0.007131616,0.031587749
1773396828.189284086,48.700000000,-1.928926459,-1.246001452,1.943256969,-0.716891186,1.171566756,3.129047379,0.005715803,-0.014388206,0.013708558,0.000864781,0.007146384,0.031585711
1773396828.289283991,48.800000000,-1.928353350,-1.247440498,1.944625148,-0.716801328,1.172282874,3.132205748,0.005731090,-0.014390466,0.013681791,0.000898586,0.007161187,0.031583685
1773396828.389284134,48.900000000,-1.927778708,-1.248879771,1.945990649,-0.716708087,1.173000477,3.135363915,0.005746426,-0.014392728,0.013655009,0.000932403,0.007176025,0.031581670
1773396828.489284039,49.000000000,-1.927202527,-1.250319270,1.947353470,-0.716611464,1.173719567,3.138521881,0.005761810,-0.014394995,0.013628214,0.000966230,0.007190899,0.031579666
1773396828.589283943,49.100000000,-1.926624802,-1.251758997,1.948713610,-0.716511458,1.174440148,3.141679649,0.005777244,-0.014397264,0.013601403,0.001000067,0.007205807,0.031577674
1773396828.689284086,49.200000000,-1.926045530,-1.253198951,1.950071068,-0.716408066,1.175162223,3.144837218,0.005792728,-0.014399537,0.013574578,0.001033916,0.007220752,0.031575693
1773396828.789283991,49.300000000,-1.925464703,-1.254639132,1.951425842,-0.716301289,1.175885796,3.147994590,0.005808261,-0.014401812,0.013547737,0.001067774,0.007235732,0.031573723
1773396828.889284134,49.400000000,-1.924882319,-1.256079541,1.952777930,-0.716191124,1.176610871,3.151151767,0.005823844,-0.014404088,0.013520882,0.001101643,0.007250748,0.031571765
1773396828.989284039,49.500000000,-1.924298371,-1.257520177,1.954127331,-0.716077572,1.177337451,3.154308749,0.005839477,-0.014406367,0.013494010,0.001135522,0.007265801,0.031569819
1773396829.089283943,49.600000000,-1.923712855,-1.258961042,1.955474043,-0.715960631,1.178065540,3.157465537,0.005855160,-0.014408647,0.013467123,0.001169410,0.007280889,0.031567884
1773396829.189284086,49.700000000,-1.923125766,-1.260402135,1.956818065,-0.715840300,1.178795141,3.160622133,0.005870894,-0.014410929,0.013440220,0.001203309,0.007296015,0.031565960
1773396829.289283991,49.800000000,-1.922537098,-1.261843456,1.958159396,-0.715716579,1.179526259,3.163778538,0.005886678,-0.014413211,0.013413301,0.001237216,0.007311177,0.031564048
1773396829.389284134,49.900000000,-1.921946847,-1.263285005,1.959498032,-0.715589465,1.180258897,3.166934753,0.005902513,-0.014415493,0.013386366,0.001271133,0.007326376,0.031562148
1773396829.489284039,50.000000000,-1.921355007,-1.264726783,1.960833973,-0.715458959,1.180993058,3.170090779,0.005918400,-0.014417775,0.013359413,0.001305059,0.007341613,0.031560260
1773396829.589283943,50.100000000,-1.920761573,-1.266168789,1.962167218,-0.715325060,1.181728747,3.173246617,0.005934337,-0.014420057,0.013332444,0.001338995,0.007356887,0.031558384
1773396829.689284086,50.200000000,-1.920166541,-1.267611022,1.963497764,-0.715187766,1.182465967,3.176402269,0.005950326,-0.014422339,0.013305458,0.001372938,0.007372199,0.031556519
1773396829.789283991,50.300000000,-1.919569904,-1.269053484,1.964825609,-0.715047077,1.183204721,3.179557736,0.005966366,-0.014424619,0.013278455,0.001406891,0.007387548,0.031554667
1773396829.889284134,50.400000000,-1.918971658,-1.270496174,1.966150753,-0.714902992,1.183945015,3.182713018,0.005982458,-0.014426898,0.013251434,0.001440852,0.007402936,0.031552826
1773396829.989284039,50.500000000,-1.918371798,-1.271939092,1.967473192,-0.714755510,1.184686851,3.185868118,0.005998603,-0.014429176,0.013224396,0.001474820,0.007418362,0.031550997
1773396830.089283943,50.600000000,-1.917770318,-1.273382237,1.968792926,-0.714604630,1.185430234,3.189023036,0.006014799,-0.014431451,0.013197340,0.001508797,0.007433826,0.031549180
1773396830.189284086,50.700000000,-1.917167213,-1.274825609,1.970109953,-0.714450352,1.186175167,3.192177774,0.006031048,-0.014433724,0.013170266,0.001542782,0.007449330,0.031547376
1773396830.289283991,50.800000000,-1.916562478,-1.276269209,1.971424270,-0.714292675,1.186921654,3.195332332,0.006047349,-0.014435994,0.013143173,0.001576774,0.007464872,0.031545583
1773396830.389284134,50.900000000,-1.915956108,-1.277713035,1.972735876,-0.714131597,1.187669699,3.198486712,0.006063703,-0.014438260,0.013116062,0.001610774,0.007480453,0.031543803
1773396830.489284039,51.000000000,-1.915348097,-1.279157087,1.974044770,-0.713967119,1.188419307,3.201640916,0.006080110,-0.014440523,0.013088932,0.001644780,0.007496074,0.031542035
1773396830.589283943,51.100000000,-1.914738440,-1.280601365,1.975350948,-0.713799240,1.189170480,3.204794944,0.006096571,-0.014442783,0.013061783,0.001678794,0.007511734,0.031540279
1773396830.689284086,51.200000000,-1.914127131,-1.282045869,1.976654409,-0.713627958,1.189923223,3.207948797,0.006113085,-0.014445037,0.013034616,0.001712814,0.007527434,0.031538535
1773396830.789283991,51.300000000,-1.913514166,-1.283490598,1.977955152,-0.713453274,1.190677541,3.211102477,0.006129652,-0.014447287,0.013007428,0.001746841,0.007543173,0.031536804
1773396830.889284134,51.400000000,-1.912899539,-1.284935551,1.979253174,-0.713275187,1.191433436,3.214255986,0.006146273,-0.014449533,0.012980222,0.001780874,0.007558954,0.031535085
1773396830.989284039,51.500000000,-1.912283244,-1.286380728,1.980548474,-0.713093695,1.192190913,3.217409324,0.006162949,-0.014451772,0.012952996,0.001814913,0.007574774,0.031533379
1773396831.089283943,51.600000000,-1.911665276,-1.287826129,1.981841049,-0.712908800,1.192949977,3.220562492,0.006179678,-0.014454006,0.012925749,0.001848958,0.007590635,0.031531685
1773396831.189284086,51.700000000,-1.911045630,-1.289271752,1.983130897,-0.712720499,1.193710631,3.223715493,0.006196462,-0.014456233,0.012898483,0.001883009,0.007606537,0.031530004
1773396831.289283991,51.800000000,-1.910424300,-1.290717597,1.984418017,-0.712528792,1.194472879,3.226868326,0.006213301,-0.014458454,0.012871196,0.001917065,0.007622481,0.031528335
1773396831.389284134,51.900000000,-1.909801280,-1.292163664,1.985702406,-0.712333680,1.195236725,3.230020994,0.006230194,-0.014460668,0.012843889,0.001951126,0.007638465,0.031526679
1773396831.489284039,52.000000000,-1.909176566,-1.293609952,1.986984062,-0.712135160,1.196002174,3.233173498,0.006247143,-0.014462874,0.012816562,0.001985192,0.007654491,0.031525035
1773396831.589283943,52.100000000,-1.908550151,-1.295056459,1.988262983,-0.711933234,1.196769230,3.236325838,0.006264147,-0.014465073,0.012789213,0.002019263,0.007670559,0.031523404
1773396831.689284086,52.200000000,-1.907922031,-1.296503185,1.989539168,-0.711727900,1.197537897,3.239478017,0.006281206,-0.014467263,0.012761843,0.002053337,0.007686668,0.031521786
1773396831.789283991,52.300000000,-1.907292199,-1.297950130,1.990812613,-0.711519159,1.198308179,3.242630035,0.006298321,-0.014469445,0.012734452,0.002087417,0.007702820,0.031520181
1773396831.889284134,52.400000000,-1.906660649,-1.299397292,1.992083317,-0.711307009,1.199080081,3.245781894,0.006315492,-0.014471618,0.012707040,0.002121500,0.007719015,0.031518588
1773396831.989284039,52.500000000,-1.906027377,-1.300844670,1.993351277,-0.711091450,1.199853606,3.248933594,0.006332719,-0.014473781,0.012679606,0.002155586,0.007735252,0.031517009
1773396832.089283943,52.600000000,-1.905392377,-1.302292263,1.994616492,-0.710872482,1.200628759,3.252085139,0.006350003,-0.014475935,0.012652150,0.002189676,0.007751531,0.031515442
1773396832.189284086,52.700000000,-1.904755643,-1.303740071,1.995878960,-0.710650105,1.201405544,3.255236528,0.006367342,-0.014478078,0.012624672,0.002223770,0.007767854,0.031513888
1773396832.289283991,52.800000000,-1.904117169,-1.305188092,1.997138677,-0.710424319,1.202183966,3.258387762,0.006384739,-0.014480211,0.012597172,0.002257866,0.007784221,0.031512348
1773396832.389284134,52.900000000,-1.903476950,-1.306636326,1.998395642,-0.710195122,1.202964029,3.261538844,0.006402193,-0.014482333,0.012569649,0.002291964,0.007800631,0.031510820
1773396832.489284039,53.000000000,-1.902834979,-1.308084770,1.999649852,-0.709962516,1.203745738,3.264689775,0.006419704,-0.014484443,0.012542104,0.002326066,0.007817084,0.031509305
1773396832.589283943,53.100000000,-1.902191252,-1.309533424,2.000901306,-0.709726499,1.204529096,3.267840555,0.006437272,-0.014486541,0.012514536,0.002360169,0.007833582,0.031507804
1773396832.689284086,53.200000000,-1.901545762,-1.310982287,2.002150000,-0.709487072,1.205314108,3.270991187,0.006454898,-0.014488627,0.012486945,0.002394274,0.007850124,0.031506316
1773396832.789283991,53.300000000,-1.900898504,-1.312431357,2.003395933,-0.709244234,1.206100779,3.274141671,0.006472582,-0.014490701,0.012459331,0.002428380,0.007866710,0.031504841
1773396832.889284134,53.400000000,-1.900249472,-1.313880633,2.004639103,-0.708997985,1.206889114,3.277292009,0.006490324,-0.014492761,0.012431694,0.002462488,0.007883341,0.031503379
1773396832.989284039,53.500000000,-1.899598659,-1.315330114,2.005879506,-0.708748325,1.207679115,3.280442202,0.006508124,-0.014494807,0.012404033,0.002496596,0.007900017,0.031501930
1773396833.089283943,53.600000000,-1.898946061,-1.316779798,2.007117141,-0.708495255,1.208470789,3.283592251,0.006525983,-0.014496840,0.012376349,0.002530706,0.007916738,0.031500495
1773396833.189284086,53.700000000,-1.898291671,-1.318229683,2.008352005,-0.708238773,1.209264140,3.286742159,0.006543900,-0.014498858,0.012348640,0.002564815,0.007933505,0.031499074
1773396833.289283991,53.800000000,-1.897635484,-1.319679770,2.009584096,-0.707978881,1.210059171,3.289891925,0.006561876,-0.014500861,0.012320908,0.002598925,0.007950317,0.031497665
1773396833.389284134,53.900000000,-1.896977492,-1.321130055,2.010813411,-0.707715577,1.210855889,3.293041552,0.006579912,-0.014502849,0.012293151,0.002633034,0.007967175,0.031496271
1773396833.489284039,54.000000000,-1.896317692,-1.322580537,2.012039948,-0.707448863,1.211654297,3.296191041,0.006598007,-0.014504822,0.012265370,0.002667143,0.007984079,0.031494889
1773396833.589283943,54.100000000,-1.895656076,-1.324031214,2.013263704,-0.707178738,1.212454400,3.299340393,0.006616161,-0.014506778,0.012237564,0.002701252,0.008001030,0.031493522
1773396833.689284086,54.200000000,-1.894992638,-1.325482086,2.014484678,-0.706905202,1.213256202,3.302489610,0.006634376,-0.014508717,0.012209734,0.002735359,0.008018027,0.031492168
1773396833.789283991,54.300000000,-1.894327373,-1.326933150,2.015702866,-0.706628255,1.214059709,3.305638693,0.006652650,-0.014510640,0.012181879,0.002769464,0.008035071,0.031490827
1773396833.889284134,54.400000000,-1.893660275,-1.328384405,2.016918265,-0.706347899,1.214864926,3.308787643,0.006670985,-0.014512544,0.012153998,0.002803568,0.008052162,0.031489501
1773396833.989284039,54.500000000,-1.892991337,-1.329835848,2.018130875,-0.706064132,1.215671856,3.311936462,0.006689380,-0.014514431,0.012126093,0.002837670,0.008069300,0.031488188
1773396834.089283943,54.600000000,-1.892320553,-1.331287478,2.019340691,-0.705776955,1.216480504,3.315085151,0.006707836,-0.014516300,0.012098162,0.002871770,0.008086486,0.031486888
1773396834.189284086,54.700000000,-1.891647918,-1.332739293,2.020547711,-0.705486368,1.217290876,3.318233711,0.006726353,-0.014518149,0.012070205,0.002905866,0.008103720,0.031485603
1773396834.289283991,54.800000000,-1.890973425,-1.334191291,2.021751934,-0.705192372,1.218102977,3.321382144,0.006744931,-0.014519979,0.012042223,0.002939960,0.008121002,0.031484332
1773396834.389284134,54.900000000,-1.890297068,-1.335643470,2.022953355,-0.704894967,1.218916810,3.324530451,0.006763571,-0.014521790,0.012014214,0.002974051,0.008138332,0.031483074
1773396834.489284039,55.000000000,-1.889618840,-1.337095828,2.024151973,-0.704594153,1.219732381,3.327678635,0.006782272,-0.014523580,0.011986180,0.003008137,0.008155710,0.031481830
1773396834.589283943,55.100000000,-1.888938737,-1.338548363,2.025347785,-0.704289931,1.220549694,3.330826695,0.006801035,-0.014525350,0.011958119,0.003042220,0.008173138,0.031480601
1773396834.689284086,55.200000000,-1.888256751,-1.340001072,2.026540788,-0.703982301,1.221368756,3.333974633,0.006819860,-0.014527098,0.011930032,0.003076298,0.008190614,0.031479385
1773396834.789283991,55.300000000,-1.887572876,-1.341453955,2.027730980,-0.703671264,1.222189570,3.337122451,0.006838748,-0.014528824,0.011901918,0.003110372,0.008208139,0.031478184
1773396834.889284134,55.400000000,-1.886887106,-1.342907008,2.028918358,-0.703356820,1.223012141,3.340270151,0.006857698,-0.014530529,0.011873778,0.003144441,0.008225714,0.031476996
1773396834.989284039,55.500000000,-1.886199435,-1.344360229,2.030102919,-0.703038970,1.223836475,3.343417733,0.006876711,-0.014532211,0.011845610,0.003178504,0.008243339,0.031475823
1773396835.089283943,55.600000000,-1.885509857,-1.345813616,2.031284660,-0.702717713,1.224662577,3.346565200,0.006895787,-0.014533869,0.011817416,0.003212562,0.008261014,0.031474664
1773396835.189284086,55.700000000,-1.884818364,-1.347267166,2.032463580,-0.702393052,1.225490451,3.349712552,0.006914926,-0.014535504,0.011789194,0.003246613,0.008278739,0.031473519
1773396835.289283991,55.800000000,-1.884124951,-1.348720878,2.033639674,-0.702064986,1.226320102,3.352859791,0.006934129,-0.014537116,0.011760945,0.003280658,0.008296515,0.031472389
1773396835.389284134,55.900000000,-1.883429612,-1.350174748,2.034812941,-0.701733517,1.227151536,3.356006918,0.006953395,-0.014538702,0.011732668,0.003314696,0.008314341,0.031471273
1773396835.489284039,56.000000000,-1.882732339,-1.351628774,2.035983377,-0.701398644,1.227984758,3.359153935,0.006972725,-0.014540264,0.011704364,0.003348728,0.008332218,0.031470171
1773396835.589283943,56.100000000,-1.882033127,-1.353082954,2.037150981,-0.701060369,1.228819773,3.362300843,0.006992120,-0.014541800,0.011676031,0.003382751,0.008350147,0.031469084
1773396835.689284086,56.200000000,-1.881331969,-1.354537285,2.038315748,-0.700718692,1.229656585,3.365447644,0.007011579,-0.014543310,0.011647671,0.003416767,0.008368127,0.031468011
1773396835.789283991,56.300000000,-1.880628859,-1.355991764,2.039477676,-0.700373615,1.230495201,3.368594340,0.007031103,-0.014544793,0.011619283,0.003450774,0.008386158,0.031466952
1773396835.889284134,56.400000000,-1.879923790,-1.357446389,2.040636762,-0.700025137,1.231335625,3.371740931,0.007050692,-0.014546250,0.011590866,0.003484773,0.008404242,0.031465908
1773396835.989284039,56.500000000,-1.879216755,-1.358901157,2.041793005,-0.699673261,1.232177863,3.374887418,0.007070346,-0.014547679,0.011562421,0.003518762,0.008422378,0.031464879
1773396836.089283943,56.600000000,-1.878507749,-1.360356065,2.042946399,-0.699317987,1.233021920,3.378033805,0.007090065,-0.014549080,0.011533947,0.003552743,0.008440567,0.031463865
1773396836.189284086,56.700000000,-1.877796764,-1.361811111,2.044096944,-0.698959316,1.233867801,3.381180091,0.007109850,-0.014550452,0.011505444,0.003586713,0.008458808,0.031462865
1773396836.289283991,56.800000000,-1.877083794,-1.363266290,2.045244635,-0.698597248,1.234715511,3.384326279,0.007129700,-0.014551796,0.011476912,0.003620673,0.008477102,0.031461879
1773396836.389284134,56.900000000,-1.876368832,-1.364721601,2.046389470,-0.698231786,1.235565056,3.387472370,0.007149617,-0.014553110,0.011448352,0.003654623,0.008495450,0.031460909
1773396836.489284039,57.000000000,-1.875651872,-1.366177040,2.047531446,-0.697862930,1.236416441,3.390618365,0.007169601,-0.014554394,0.011419762,0.003688561,0.008513851,0.031459953
1773396836.589283943,57.100000000,-1.874932907,-1.367632605,2.048670560,-0.697490681,1.237269671,3.393764267,0.007189650,-0.014555647,0.011391143,0.003722489,0.008532306,0.031459012
1773396836.689284086,57.200000000,-1.874211930,-1.369088292,2.049806810,-0.697115041,1.238124753,3.396910075,0.007209767,-0.014556869,0.011362494,0.003756404,0.008550814,0.031458086
1773396836.789283991,57.300000000,-1.873488935,-1.370544098,2.050940191,-0.696736010,1.238981691,3.400055793,0.007229951,-0.014558060,0.011333815,0.003790307,0.008569378,0.031457175
1773396836.889284134,57.400000000,-1.872763915,-1.372000020,2.052070702,-0.696353590,1.239840490,3.403201421,0.007250202,-0.014559218,0.011305107,0.003824198,0.008587995,0.031456279
1773396836.989284039,57.500000000,-1.872036863,-1.373456054,2.053198339,-0.695967783,1.240701157,3.406346960,0.007270520,-0.014560344,0.011276369,0.003858076,0.008606668,0.031455398
1773396837.089283943,57.600000000,-1.871307772,-1.374912198,2.054323099,-0.695578589,1.241563696,3.409492414,0.007290907,-0.014561437,0.011247601,0.003891940,0.008625396,0.031454532
1773396837.189284086,57.700000000,-1.870576636,-1.376368448,2.055444979,-0.695186010,1.242428114,3.412637782,0.007311361,-0.014562496,0.011218803,0.003925790,0.008644179,0.031453681
1773396837.289283991,57.800000000,-1.869843448,-1.377824800,2.056563977,-0.694790047,1.243294416,3.415783066,0.007331884,-0.014563521,0.011189974,0.003959626,0.008663017,0.031452845
1773396837.389284134,57.900000000,-1.869108200,-1.379281251,2.057680088,-0.694390702,1.244162607,3.418928269,0.007352475,-0.014564511,0.011161115,0.003993447,0.008681912,0.031452024
1773396837.489284039,58.000000000,-1.868370887,-1.380737797,2.058793311,-0.693987977,1.245032693,3.422073390,0.007373135,-0.014565465,0.011132225,0.004027253,0.008700862,0.031451218
1773396837.589283943,58.100000000,-1.867631500,-1.382194436,2.059903641,-0.693581873,1.245904680,3.425218433,0.007393864,-0.014566384,0.011103304,0.004061044,0.008719869,0.031450428
1773396837.689284086,58.200000000,-1.866890034,-1.383651162,2.061011076,-0.693172391,1.246778574,3.428363398,0.007414662,-0.014567266,0.011074353,0.004094818,0.008738933,0.031449653
1773396837.789283991,58.300000000,-1.866146481,-1.385107973,2.062115613,-0.692759533,1.247654379,3.431508288,0.007435530,-0.014568112,0.011045371,0.004128576,0.008758053,0.031448893
1773396837.889284134,58.400000000,-1.865400834,-1.386564865,2.063217249,-0.692343302,1.248532102,3.434653103,0.007456468,-0.014568920,0.011016357,0.004162317,0.008777231,0.031448149
1773396837.989284039,58.500000000,-1.864653087,-1.388021834,2.064315980,-0.691923698,1.249411749,3.437797845,0.007477476,-0.014569690,0.010987312,0.004196041,0.008796466,0.031447420
1773396838.089283943,58.600000000,-1.863903231,-1.389478876,2.065411804,-0.691500723,1.250293325,3.440942515,0.007498553,-0.014570421,0.010958236,0.004229746,0.008815759,0.031446707
1773396838.189284086,58.700000000,-1.863151261,-1.390935988,2.066504717,-0.691074380,1.251176836,3.444087116,0.007519702,-0.014571113,0.010929129,0.004263434,0.008835110,0.031446009
1773396838.289283991,58.800000000,-1.862397169,-1.392393164,2.067594716,-0.690644669,1.252062288,3.447231649,0.007540921,-0.014571765,0.010899989,0.004297103,0.008854519,0.031445326
1773396838.389284134,58.900000000,-1.861640948,-1.393850402,2.068681798,-0.690211594,1.252949686,3.450376115,0.007562211,-0.014572377,0.010870818,0.004330752,0.008873987,0.031444659
1773396838.489284039,59.000000000,-1.860882591,-1.395307697,2.069765959,-0.689775156,1.253839038,3.453520516,0.007583572,-0.014572948,0.010841615,0.004364382,0.008893513,0.031444008
1773396838.589283943,59.100000000,-1.860122090,-1.396765045,2.070847197,-0.689335357,1.254730348,3.456664853,0.007605005,-0.014573478,0.010812380,0.004397992,0.008913099,0.031443372
1773396838.689284086,59.200000000,-1.859359439,-1.398222441,2.071925509,-0.688892199,1.255623622,3.459809128,0.007626510,-0.014573966,0.010783113,0.004431581,0.008932743,0.031442752
1773396838.789283991,59.300000000,-1.858594631,-1.399679882,2.073000890,-0.688445684,1.256518867,3.462953343,0.007648087,-0.014574411,0.010753814,0.004465149,0.008952448,0.031442148
1773396838.889284134,59.400000000,-1.857827657,-1.401137364,2.074073338,-0.687995814,1.257416088,3.466097499,0.007669736,-0.014574813,0.010724482,0.004498695,0.008972212,0.031441560
1773396838.989284039,59.500000000,-1.857058511,-1.402594881,2.075142850,-0.687542592,1.258315291,3.469241598,0.007691457,-0.014575172,0.010695118,0.004532220,0.008992036,0.031440987
1773396839.089283943,59.600000000,-1.856287186,-1.404052429,2.076209422,-0.687086020,1.259216483,3.472385641,0.007713251,-0.014575486,0.010665721,0.004565721,0.009011921,0.031440430
1773396839.189284086,59.700000000,-1.855513674,-1.405510005,2.077273051,-0.686626100,1.260119670,3.475529629,0.007735118,-0.014575755,0.010636292,0.004599200,0.009031866,0.031439889
1773396839.289283991,59.800000000,-1.854737968,-1.406967603,2.078333734,-0.686162835,1.261024857,3.478673566,0.007757059,-0.014575978,0.010606830,0.004632655,0.009051872,0.031439364
1773396839.389284134,59.900000000,-1.853960061,-1.408425218,2.079391468,-0.685696226,1.261932051,3.481817451,0.007779073,-0.014576156,0.010577334,0.004666086,0.009071940,0.031438856
1773396839.489284039,60.000000000,-1.853179945,-1.409882847,2.080446248,-0.685226277,1.262841258,3.484961288,0.007801161,-0.014576287,0.010547806,0.004699493,0.009092069,0.031438363
1773396839.589283943,60.100000000,-1.852397613,-1.411340484,2.081498073,-0.684752989,1.263752484,3.488105076,0.007823322,-0.014576371,0.010518245,0.004732874,0.009112259,0.031437886
1773396839.689284086,60.200000000,-1.851613057,-1.412798125,2.082546938,-0.684276366,1.264665735,3.491248819,0.007845558,-0.014576407,0.010488650,0.004766230,0.009132512,0.031437425
1773396839.789283991,60.300000000,-1.850826270,-1.414255764,2.083592840,-0.683796410,1.265581018,3.494392517,0.007867869,-0.014576394,0.010459022,0.004799560,0.009152827,0.031436980
1773396839.889284134,60.400000000,-1.850037245,-1.415713397,2.084635776,-0.683313124,1.266498338,3.497536172,0.007890254,-0.014576333,0.010429361,0.004832863,0.009173204,0.031436552
1773396839.989284039,60.500000000,-1.849245973,-1.417171020,2.085675743,-0.682826510,1.267417703,3.500679786,0.007912715,-0.014576221,0.010399666,0.004866139,0.009193645,0.031436139
1773396840.089283943,60.600000000,-1.848452448,-1.418628626,2.086712736,-0.682336571,1.268339118,3.503823360,0.007935250,-0.014576060,0.010369937,0.004899388,0.009214148,0.031435743
1773396840.189284086,60.700000000,-1.847656662,-1.420086210,2.087746754,-0.681843310,1.269262589,3.506966897,0.007957862,-0.014575847,0.010340175,0.004932608,0.009234715,0.031435364
1773396840.289283991,60.800000000,-1.846858607,-1.421543769,2.088777792,-0.681346730,1.270188124,3.510110397,0.007980549,-0.014575584,0.010310378,0.004965800,0.009255345,0.031435000
1773396840.389284134,60.900000000,-1.846058276,-1.423001295,2.089805847,-0.680846834,1.271115728,3.513253862,0.008003312,-0.014575268,0.010280548,0.004998962,0.009276040,0.031434653
1773396840.489284039,61.000000000,-1.845255661,-1.424458785,2.090830915,-0.680343625,1.272045407,3.516397294,0.008026151,-0.014574899,0.010250684,0.005032095,0.009296798,0.031434323
1773396840.589283943,61.100000000,-1.844450754,-1.425916233,2.091852993,-0.679837105,1.272977170,3.519540695,0.008049067,-0.014574477,0.010220785,0.005065197,0.009317621,0.031434008
1773396840.689284086,61.200000000,-1.843643548,-1.427373633,2.092872079,-0.679327278,1.273911020,3.522684066,0.008072060,-0.014574001,0.010190852,0.005098268,0.009338509,0.031433711
1773396840.789283991,61.300000000,-1.842834035,-1.428830980,2.093888167,-0.678814147,1.274846967,3.525827409,0.008095129,-0.014573471,0.010160885,0.005131308,0.009359462,0.031433430
1773396840.889284134,61.400000000,-1.842022208,-1.430288269,2.094901256,-0.678297716,1.275785015,3.528970726,0.008118277,-0.014572885,0.010130884,0.005164316,0.009380480,0.031433165
1773396840.989284039,61.500000000,-1.841208058,-1.431745493,2.095911340,-0.677777986,1.276725171,3.532114017,0.008141501,-0.014572244,0.010100848,0.005197292,0.009401564,0.031432917
1773396841.089283943,61.600000000,-1.840391577,-1.433202648,2.096918418,-0.677254963,1.277667442,3.535257286,0.008164804,-0.014571546,0.010070777,0.005230234,0.009422713,0.031432686
1773396841.189284086,61.700000000,-1.839572759,-1.434659727,2.097922485,-0.676728649,1.278611835,3.538400533,0.008188185,-0.014570791,0.010040672,0.005263143,0.009443929,0.031432471
1773396841.289283991,61.800000000,-1.838751594,-1.436116724,2.098923538,-0.676199047,1.279558356,3.541543760,0.008211644,-0.014569978,0.010010531,0.005296017,0.009465211,0.031432273
1773396841.389284134,61.900000000,-1.837928076,-1.437573635,2.099921574,-0.675666161,1.280507012,3.544686970,0.008235181,-0.014569107,0.009980356,0.005328857,0.009486560,0.031432092
1773396841.489284039,62.000000000,-1.837102196,-1.439030453,2.100916589,-0.675129995,1.281457810,3.547830162,0.008258798,-0.014568176,0.009950146,0.005361661,0.009507975,0.031431928
1773396841.589283943,62.100000000,-1.836273947,-1.440487171,2.101908579,-0.674590552,1.282410756,3.550973340,0.008282493,-0.014567187,0.009919901,0.005394429,0.009529458,0.031431781
1773396841.689284086,62.200000000,-1.835443320,-1.441943785,2.102897541,-0.674047836,1.283365857,3.554116505,0.008306268,-0.014566137,0.009889621,0.005427161,0.009551009,0.031431650
1773396841.789283991,62.300000000,-1.834610308,-1.443400288,2.103883472,-0.673501851,1.284323119,3.557259659,0.008330123,-0.014565026,0.009859306,0.005459856,0.009572627,0.031431536
1773396841.889284134,62.400000000,-1.833774902,-1.444856673,2.104866367,-0.672952600,1.285282551,3.560402803,0.008354057,-0.014563853,0.009828955,0.005492513,0.009594313,0.031431440
1773396841.989284039,62.500000000,-1.832937095,-1.446312935,2.105846224,-0.672400086,1.286244157,3.563545939,0.008378072,-0.014562618,0.009798569,0.005525131,0.009616068,0.031431360
1773396842.089283943,62.600000000,-1.832096878,-1.447769067,2.106823039,-0.671844315,1.287207946,3.566689069,0.008402167,-0.014561320,0.009768148,0.005557711,0.009637891,0.031431297
1773396842.189284086,62.700000000,-1.831254244,-1.449225063,2.107796808,-0.671285290,1.288173925,3.569832194,0.008426343,-0.014559959,0.009737691,0.005590252,0.009659783,0.031431252
1773396842.289283991,62.800000000,-1.830409184,-1.450680916,2.108767528,-0.670723015,1.289142099,3.572975316,0.008450599,-0.014558533,0.009707198,0.005622752,0.009681744,0.031431224
1773396842.389284134,62.900000000,-1.829561690,-1.452136620,2.109735195,-0.670157494,1.290112477,3.576118438,0.008474937,-0.014557043,0.009676670,0.005655211,0.009703775,0.031431212
1773396842.489284039,63.000000000,-1.828711755,-1.453592169,2.110699805,-0.669588731,1.291085064,3.579261559,0.008499356,-0.014555487,0.009646107,0.005687630,0.009725875,0.031431218
1773396842.589283943,63.100000000,-1.827859369,-1.455047555,2.111661356,-0.669016730,1.292059869,3.582404684,0.008523857,-0.014553864,0.009615507,0.005720006,0.009748045,0.031431242
1773396842.689284086,63.200000000,-1.827004525,-1.456502773,2.112619843,-0.668441496,1.293036897,3.585547812,0.008548440,-0.014552175,0.009584872,0.005752340,0.009770286,0.031431282
1773396842.789283991,63.300000000,-1.826147214,-1.457957815,2.113575263,-0.667863033,1.294016157,3.588690946,0.008573105,-0.014550419,0.009554200,0.005784630,0.009792597,0.031431340
1773396842.889284134,63.400000000,-1.825287429,-1.459412674,2.114527613,-0.667281346,1.294997655,3.591834087,0.008597853,-0.014548594,0.009523493,0.005816877,0.009814979,0.031431415
1773396842.989284039,63.500000000,-1.824425161,-1.460867344,2.115476888,-0.666696438,1.295981398,3.594977238,0.008622683,-0.014546700,0.009492750,0.005849080,0.009837432,0.031431508
1773396843.089283943,63.600000000,-1.823560401,-1.462321818,2.116423085,-0.666108314,1.296967394,3.598120400,0.008647596,-0.014544736,0.009461970,0.005881237,0.009859956,0.031431618
1773396843.189284086,63.700000000,-1.822693142,-1.463776088,2.117366200,-0.665516979,1.297955649,3.601263574,0.008672592,-0.014542703,0.009431155,0.005913349,0.009882552,0.031431745
1773396843.289283991,63.800000000,-1.821823375,-1.465230148,2.118306230,-0.664922438,1.298946171,3.604406763,0.008697672,-0.014540598,0.009400303,0.005945414,0.009905220,0.031431891
1773396843.389284134,63.900000000,-1.820951091,-1.466683990,2.119243172,-0.664324694,1.299938967,3.607549969,0.008722836,-0.014538422,0.009369415,0.005977433,0.009927960,0.031432053
1773396843.489284039,64.000000000,-1.820076283,-1.468137607,2.120177021,-0.663723754,1.300934044,3.610693192,0.008748083,-0.014536173,0.009338490,0.006009404,0.009950773,0.031432233
1773396843.589283943,64.100000000,-1.819198941,-1.469590992,2.121107774,-0.663119621,1.301931410,3.613836435,0.008773415,-0.014533851,0.009307530,0.006041326,0.009973658,0.031432431
1773396843.689284086,64.200000000,-1.818319058,-1.471044138,2.122035427,-0.662512301,1.302931072,3.616979700,0.008798831,-0.014531456,0.009276533,0.006073200,0.009996617,0.031432647
1773396843.789283991,64.300000000,-1.817436625,-1.472497037,2.122959977,-0.661901799,1.303933036,3.620122988,0.008824332,-0.014528986,0.009245499,0.006105024,0.010019648,0.031432880
1773396843.889284134,64.400000000,-1.816551633,-1.473949681,2.123881420,-0.661288119,1.304937312,3.623266301,0.008849918,-0.014526441,0.009214429,0.006136799,0.010042753,0.031433131
1773396843.989284039,64.500000000,-1.815664074,-1.475402063,2.124799752,-0.660671267,1.305943905,3.626409641,0.008875589,-0.014523821,0.009183322,0.006168522,0.010065932,0.031433400
1773396844.089283943,64.600000000,-1.814773940,-1.476854175,2.125714970,-0.660051247,1.306952824,3.629553010,0.008901346,-0.014521124,0.009152179,0.006200194,0.010089186,0.031433686
1773396844.189284086,64.700000000,-1.813881221,-1.478306010,2.126627070,-0.659428066,1.307964075,3.632696409,0.008927188,-0.014518349,0.009120999,0.006231813,0.010112513,0.031433991
1773396844.289283991,64.800000000,-1.812985909,-1.479757560,2.127536048,-0.658801728,1.308977666,3.635839840,0.008953117,-0.014515497,0.009089783,0.006263380,0.010135915,0.031434313
1773396844.389284134,64.900000000,-1.812087996,-1.481208816,2.128441901,-0.658172239,1.309993606,3.638983305,0.008979131,-0.014512566,0.009058529,0.006294893,0.010159392,0.031434654
1773396844.489284039,65.000000000,-1.811187473,-1.482659772,2.129344625,-0.657539604,1.311011900,3.642126807,0.009005233,-0.014509556,0.009027239,0.006326352,0.010182944,0.031435012
1773396844.589283943,65.100000000,-1.810284331,-1.484110419,2.130244216,-0.656903828,1.312032557,3.645270345,0.009031420,-0.014506466,0.008995912,0.006357756,0.010206572,0.031435388
1773396844.689284086,65.200000000,-1.809378561,-1.485560748,2.131140671,-0.656264918,1.313055585,3.648413924,0.009057695,-0.014503295,0.008964549,0.006389105,0.010230276,0.031435783
1773396844.789283991,65.300000000,-1.808470155,-1.487010752,2.132033986,-0.655622878,1.314080990,3.651557543,0.009084057,-0.014500042,0.008933148,0.006420397,0.010254055,0.031436195
1773396844.889284134,65.400000000,-1.807559105,-1.488460423,2.132924157,-0.654977715,1.315108781,3.654701206,0.009110507,-0.014496708,0.008901711,0.006451633,0.010277911,0.031436626
1773396844.989284039,65.500000000,-1.806645400,-1.489909752,2.133811181,-0.654329433,1.316138966,3.657844913,0.009137044,-0.014493290,0.008870236,0.006482811,0.010301843,0.031437075
1773396845.089283943,65.600000000,-1.805729033,-1.491358731,2.134695053,-0.653678040,1.317171551,3.660988667,0.009163670,-0.014489789,0.008838725,0.006513930,0.010325852,0.031437542
1773396845.189284086,65.700000000,-1.804809995,-1.492807351,2.135575771,-0.653023541,1.318206545,3.664132470,0.009190383,-0.014486204,0.008807177,0.006544991,0.010349938,0.031438027
1773396845.289283991,65.800000000,-1.803888277,-1.494255605,2.136453330,-0.652365942,1.319243955,3.667276323,0.009217185,-0.014482534,0.008775592,0.006575991,0.010374102,0.031438531
1773396845.389284134,65.900000000,-1.802963869,-1.495703483,2.137327727,-0.651705249,1.320283789,3.670420229,0.009244076,-0.014478778,0.008743969,0.006606932,0.010398343,0.031439053
1773396845.489284039,66.000000000,-1.802036764,-1.497150976,2.138198958,-0.651041468,1.321326055,3.673564188,0.009271055,-0.014474935,0.008712310,0.006637811,0.010422662,0.031439593
1773396845.589283943,66.100000000,-1.801106951,-1.498598077,2.139067019,-0.650374605,1.322370761,3.676708203,0.009298124,-0.014471005,0.008680613,0.006668629,0.010447059,0.031440152
1773396845.689284086,66.200000000,-1.800174423,-1.500044775,2.139931907,-0.649704667,1.323417915,3.679852276,0.009325282,-0.014466987,0.008648880,0.006699383,0.010471534,0.031440729
1773396845.789283991,66.300000000,-1.799239170,-1.501491063,2.140793618,-0.649031659,1.324467524,3.682996408,0.009352530,-0.014462881,0.008617109,0.006730075,0.010496088,0.031441325
1773396845.889284134,66.400000000,-1.798301183,-1.502936932,2.141652148,-0.648355589,1.325519596,3.686140602,0.009379868,-0.014458685,0.008585302,0.006760703,0.010520721,0.031441939
1773396845.989284039,66.500000000,-1.797360453,-1.504382372,2.142507494,-0.647676462,1.326574139,3.689284859,0.009407296,-0.014454399,0.008553457,0.006791266,0.010545434,0.031442572
1773396846.089283943,66.600000000,-1.796416972,-1.505827374,2.143359652,-0.646994286,1.327631162,3.692429182,0.009434815,-0.014450022,0.008521575,0.006821764,0.010570225,0.031443223
1773396846.189284086,66.700000000,-1.795470730,-1.507271929,2.144208617,-0.646309067,1.328690671,3.695573571,0.009462424,-0.014445554,0.008489656,0.006852195,0.010595097,0.031443893
1773396846.289283991,66.800000000,-1.794521717,-1.508716029,2.145054387,-0.645620811,1.329752676,3.698718029,0.009490124,-0.014440993,0.008457699,0.006882560,0.010620048,0.031444582
1773396846.389284134,66.900000000,-1.793569926,-1.510159663,2.145896958,-0.644929525,1.330817184,3.701862558,0.009517915,-0.014436339,0.008425706,0.006912857,0.010645080,0.031445289
1773396846.489284039,67.000000000,-1.792615346,-1.511602822,2.146736325,-0.644235216,1.331884203,3.705007160,0.009545797,-0.014431592,0.008393675,0.006943086,0.010670192,0.031446015
1773396846.589283943,67.100000000,-1.791657969,-1.513045497,2.147572486,-0.643537892,1.332953742,3.708151836,0.009573771,-0.014426749,0.008361607,0.006973245,0.010695384,0.031446760
1773396846.689284086,67.200000000,-1.790697785,-1.514487678,2.148405436,-0.642837558,1.334025807,3.711296588,0.009601837,-0.014421812,0.008329502,0.007003335,0.010720658,0.031447524
1773396846.789283991,67.300000000,-1.789734786,-1.515929356,2.149235172,-0.642134223,1.335100409,3.714441419,0.009629994,-0.014416778,0.008297360,0.007033355,0.010746013,0.031448307
1773396846.889284134,67.400000000,-1.788768961,-1.517370521,2.150061690,-0.641427893,1.336177554,3.717586329,0.009658244,-0.014411648,0.008265181,0.007063303,0.010771450,0.031449108
1773396846.989284039,67.500000000,-1.787800303,-1.518811163,2.150884987,-0.640718575,1.337257250,3.720731322,0.009686587,-0.014406420,0.008232964,0.007093179,0.010796968,0.031449929
1773396847.089283943,67.600000000,-1.786828800,-1.520251272,2.151705058,-0.640006276,1.338339507,3.723876399,0.009715022,-0.014401094,0.008200711,0.007122982,0.010822568,0.031450768
1773396847.189284086,67.700000000,-1.785854445,-1.521690839,2.152521900,-0.639291005,1.339424332,3.727021562,0.009743550,-0.014395668,0.008168420,0.007152712,0.010848251,0.031451627
1773396847.289283991,67.800000000,-1.784877228,-1.523129853,2.153335509,-0.638572769,1.340511734,3.730166812,0.009772172,-0.014390143,0.008136092,0.007182367,0.010874016,0.031452504
1773396847.389284134,67.900000000,-1.783897140,-1.524568305,2.154145882,-0.637851574,1.341601720,3.733312152,0.009800887,-0.014384518,0.008103727,0.007211948,0.010899863,0.031453401
1773396847.489284039,68.000000000,-1.782914170,-1.526006184,2.154953014,-0.637127429,1.342694299,3.736457584,0.009829695,-0.014378791,0.008071325,0.007241452,0.010925794,0.031454317
1773396847.589283943,68.100000000,-1.781928310,-1.527443480,2.155756903,-0.636400341,1.343789480,3.739603109,0.009858597,-0.014372962,0.008038886,0.007270880,0.010951808,0.031455252
1773396847.689284086,68.200000000,-1.780939551,-1.528880183,2.156557544,-0.635670317,1.344887271,3.742748730,0.009887594,-0.014367030,0.008006409,0.007300231,0.010977905,0.031456206
1773396847.789283991,68.300000000,-1.779947883,-1.530316283,2.157354933,-0.634937367,1.345987679,3.745894448,0.009916684,-0.014360995,0.007973896,0.007329504,0.011004086,0.031457180
1773396847.889284134,68.400000000,-1.778953296,-1.531751768,2.158149068,-0.634201497,1.347090715,3.749040265,0.009945869,-0.014354855,0.007941346,0.007358698,0.011030351,0.031458172
1773396847.989284039,68.500000000,-1.777955781,-1.533186629,2.158939944,-0.633462716,1.348196385,3.752186183,0.009975149,-0.014348611,0.007908758,0.007387812,0.011056701,0.031459185
1773396848.089283943,68.600000000,-1.776955328,-1.534620855,2.159727557,-0.632721032,1.349304698,3.755332205,0.010004524,-0.014342260,0.007876134,0.007416846,0.011083134,0.031460216
1773396848.189284086,68.700000000,-1.775951929,-1.536054436,2.160511904,-0.631976452,1.350415663,3.758478332,0.010033994,-0.014335803,0.007843472,0.007445798,0.011109653,0.031461267
1773396848.289283991,68.800000000,-1.774945573,-1.537487359,2.161292982,-0.631228985,1.351529289,3.761624565,0.010063559,-0.014329239,0.007810774,0.007474669,0.011136256,0.031462337
1773396848.389284134,68.900000000,-1.773936251,-1.538919616,2.162070785,-0.630478639,1.352645583,3.764770908,0.010093220,-0.014322566,0.007778039,0.007503457,0.011162944,0.031463427
1773396848.489284039,69.000000000,-1.772923953,-1.540351195,2.162845312,-0.629725423,1.353764555,3.767917362,0.010122976,-0.014315785,0.007745266,0.007532162,0.011189718,0.031464536
1773396848.589283943,69.100000000,-1.771908671,-1.541782084,2.163616558,-0.628969345,1.354886213,3.771063928,0.010152829,-0.014308894,0.007712457,0.007560782,0.011216577,0.031465665
1773396848.689284086,69.200000000,-1.770890393,-1.543212273,2.164384519,-0.628210413,1.356010565,3.774210610,0.010182778,-0.014301893,0.007679612,0.007589317,0.011243522,0.031466814
1773396848.789283991,69.300000000,-1.769869111,-1.544641751,2.165149192,-0.627448636,1.357137620,3.777357408,0.010212823,-0.014294781,0.007646729,0.007617766,0.011270553,0.031467982
1773396848.889284134,69.400000000,-1.768844814,-1.546070507,2.165910573,-0.626684024,1.358267388,3.780504325,0.010242964,-0.014287556,0.007613810,0.007646129,0.011297671,0.031469170
1773396848.989284039,69.500000000,-1.767817494,-1.547498529,2.166668658,-0.625916583,1.359399875,3.783651362,0.010273203,-0.014280220,0.007580854,0.007674404,0.011324875,0.031470377
1773396849.089283943,69.600000000,-1.766787140,-1.548925806,2.167423444,-0.625146324,1.360535092,3.786798523,0.010303538,-0.014272769,0.007547861,0.007702592,0.011352165,0.031471604
1773396849.189284086,69.700000000,-1.765753743,-1.550352326,2.168174927,-0.624373255,1.361673046,3.789945808,0.010333971,-0.014265205,0.007514832,0.007730690,0.011379543,0.031472851
1773396849.289283991,69.800000000,-1.764717293,-1.551778079,2.168923104,-0.623597385,1.362813747,3.793093220,0.010364500,-0.014257525,0.007481766,0.007758698,0.011407008,0.031474118
1773396849.389284134,69.900000000,-1.763677780,-1.553203052,2.169667970,-0.622818724,1.363957203,3.796240760,0.010395128,-0.014249730,0.007448663,0.007786616,0.011434560,0.031475405
1773396849.489284039,70.000000000,-1.762635195,-1.554627234,2.170409523,-0.622037279,1.365103422,3.799388431,0.010425853,-0.014241819,0.007415525,0.007814442,0.011462199,0.031476711
1773396849.589283943,70.100000000,-1.761589527,-1.556050613,2.171147758,-0.621253062,1.366252415,3.802536235,0.010456676,-0.014233790,0.007382349,0.007842176,0.011489926,0.031478038
1773396849.689284086,70.200000000,-1.760540767,-1.557473177,2.171882672,-0.620466080,1.367404189,3.805684174,0.010487597,-0.014225643,0.007349138,0.007869818,0.011517742,0.031479384
1773396849.789283991,70.300000000,-1.759488906,-1.558894915,2.172614261,-0.619676344,1.368558754,3.808832249,0.010518617,-0.014217378,0.007315890,0.007897365,0.011545645,0.031480751
1773396849.889284134,70.400000000,-1.758433932,-1.560315814,2.173342521,-0.618883862,1.369716118,3.811980462,0.010549735,-0.014208993,0.007282606,0.007924818,0.011573637,0.031482137
1773396849.989284039,70.500000000,-1.757375837,-1.561735863,2.174067450,-0.618088644,1.370876289,3.815128817,0.010580951,-0.014200487,0.007249285,0.007952175,0.011601718,0.031483544
1773396850.089283943,70.600000000,-1.756314611,-1.563155049,2.174789043,-0.617290701,1.372039278,3.818277314,0.010612267,-0.014191861,0.007215929,0.007979437,0.011629887,0.031484971
1773396850.189284086,70.700000000,-1.755250242,-1.564573360,2.175507296,-0.616490040,1.373205092,3.821425956,0.010643681,-0.014183113,0.007182536,0.008006601,0.011658145,0.031486418
1773396850.289283991,70.800000000,-1.754182723,-1.565990784,2.176222207,-0.615686674,1.374373742,3.824574744,0.010675195,-0.014174242,0.007149108,0.008033668,0.011686493,0.031487885
1773396850.389284134,70.900000000,-1.753112042,-1.567407309,2.176933771,-0.614880610,1.375545235,3.827723681,0.010706808,-0.014165248,0.007115644,0.008060636,0.011714929,0.031489372
1773396850.489284039,71.000000000,-1.752038190,-1.568822922,2.177641986,-0.614071860,1.376719580,3.830872769,0.010738520,-0.014156130,0.007082143,0.008087504,0.011743456,0.031490880
1773396850.589283943,71.100000000,-1.750961157,-1.570237611,2.178346846,-0.613260432,1.377896787,3.834022010,0.010770332,-0.014146887,0.007048607,0.008114272,0.011772072,0.031492407
1773396850.689284086,71.200000000,-1.749880933,-1.571651363,2.179048350,-0.612446338,1.379076865,3.837171406,0.010802244,-0.014137519,0.007015035,0.008140940,0.011800778,0.031493956
1773396850.789283991,71.300000000,-1.748797507,-1.573064165,2.179746493,-0.611629588,1.380259823,3.840320958,0.010834256,-0.014128024,0.006981428,0.008167505,0.011829574,0.031495524
1773396850.889284134,71.400000000,-1.747710870,-1.574476006,2.180441271,-0.610810191,1.381445669,3.843470669,0.010866368,-0.014118402,0.006947785,0.008193968,0.011858460,0.031497113
1773396850.989284039,71.500000000,-1.746621012,-1.575886871,2.181132682,-0.609988158,1.382634412,3.846620542,0.010898580,-0.014108653,0.006914106,0.008220328,0.011887437,0.031498723
1773396851.089283943,71.600000000,-1.745527923,-1.577296748,2.181820721,-0.609163500,1.383826063,3.849770577,0.010930892,-0.014098774,0.006880393,0.008246583,0.011916505,0.031500353
1773396851.189284086,71.700000000,-1.744431592,-1.578705625,2.182505385,-0.608336227,1.385020629,3.852920777,0.010963306,-0.014088767,0.006846643,0.008272733,0.011945663,0.031502003
1773396851.289283991,71.800000000,-1.743332010,-1.580113488,2.183186671,-0.607506349,1.386218120,3.856071145,0.010995820,-0.014078629,0.006812859,0.008298777,0.011974912,0.031503674
1773396851.389284134,71.900000000,-1.742229167,-1.581520324,2.183864575,-0.606673878,1.387418546,3.859221681,0.011028434,-0.014068360,0.006779039,0.008324715,0.012004253,0.031505366
1773396851.489284039,72.000000000,-1.741123052,-1.582926120,2.184539094,-0.605838823,1.388621914,3.862372389,0.011061150,-0.014057960,0.006745185,0.008350545,0.012033685,0.031507078
1773396851.589283943,72.100000000,-1.740013655,-1.584330863,2.185210223,-0.605001196,1.389828235,3.865523270,0.011093967,-0.014047427,0.006711295,0.008376266,0.012063208,0.031508811
1773396851.689284086,72.200000000,-1.738900967,-1.585734539,2.185877960,-0.604161009,1.391037517,3.868674327,0.011126885,-0.014036761,0.006677371,0.008401879,0.012092823,0.031510565
1773396851.789283991,72.300000000,-1.737784976,-1.587137135,2.186542301,-0.603318270,1.392249770,3.871825561,0.011159904,-0.014025961,0.006643411,0.008427382,0.012122529,0.031512340
1773396851.889284134,72.400000000,-1.736665674,-1.588538638,2.187203243,-0.602472993,1.393465003,3.874976974,0.011193025,-0.014015027,0.006609417,0.008452773,0.012152328,0.031514135
1773396851.989284039,72.500000000,-1.735543049,-1.589939033,2.187860782,-0.601625188,1.394683225,3.878128569,0.011226248,-0.014003957,0.006575389,0.008478054,0.012182218,0.031515951
1773396852.089283943,72.600000000,-1.734417092,-1.591338308,2.188514915,-0.600774866,1.395904445,3.881280348,0.011259572,-0.013992752,0.006541326,0.008503222,0.012212201,0.031517788
1773396852.189284086,72.700000000,-1.733287792,-1.592736449,2.189165637,-0.599922038,1.397128672,3.884432313,0.011292999,-0.013981409,0.006507228,0.008528276,0.012242276,0.031519646
1773396852.289283991,72.800000000,-1.732155139,-1.594133442,2.189812947,-0.599066716,1.398355917,3.887584465,0.011326527,-0.013969929,0.006473096,0.008553217,0.012272443,0.031521524
1773396852.389284134,72.900000000,-1.731019124,-1.595529273,2.190456840,-0.598208912,1.399586187,3.890736808,0.011360157,-0.013958310,0.006438930,0.008578043,0.012302704,0.031523424
1773396852.489284039,73.000000000,-1.729879735,-1.596923928,2.191097313,-0.597348637,1.400819493,3.893889342,0.011393889,-0.013946552,0.006404730,0.008602753,0.012333056,0.031525345
1773396852.589283943,73.100000000,-1.728736962,-1.598317394,2.191734363,-0.596485902,1.402055843,3.897042071,0.011427724,-0.013934655,0.006370496,0.008627347,0.012363502,0.031527287
1773396852.689284086,73.200000000,-1.727590796,-1.599709656,2.192367986,-0.595620720,1.403295247,3.900194996,0.011461661,-0.013922617,0.006336228,0.008651823,0.012394041,0.031529249
1773396852.789283991,73.300000000,-1.726541248,-1.600979417,2.192943113,-0.594828613,1.404429582,3.903073344,0.010495479,-0.012697609,0.005751270,0.007921063,0.011343346,0.028783486
1773396852.790613651,73.301329552,-1.726541248,-1.600979417,2.192943113,-0.594828613,1.404429582,3.903073344,0.000000000,0.000000000,0.000000000,0.000000000,0.000000000,0.000000000
