timestamp_absolute,timestamp_relative,shoulder_pan_joint_pos,shoulder_lift_joint_pos,elbow_joint_pos,wrist_1_joint_pos,wrist_2_joint_pos,wrist_3_joint_pos,shoulder_pan_joint_vel,shoulder_lift_joint_vel,elbow_joint_vel,wrist_1_joint_vel,wrist_2_joint_vel,wrist_3_joint_vel
1770917504.612609386,0.000000000,-2.089076821,-0.497050110,0.888970971,-0.364026848,0.961906016,1.558066010,0.000000000,-0.000000000,0.000000000,-0.000000000,0.000000000,0.000000000
1770917504.712609291,0.100000000,-2.087852335,-0.511261190,0.913970697,-0.376118465,0.963245875,1.581449172,0.024767188,-0.284619560,0.499971213,-0.241548156,0.027219715,0.470706285
1770917504.812609434,0.200000000,-2.083950467,-0.553565702,0.987630249,-0.411452125,0.967642690,1.653515745,0.054060788,-0.554249930,0.956382156,-0.455245198,0.062321409,0.970784967
1770917504.912609339,0.300000000,-2.076819453,-0.620583618,1.101544481,-0.464900477,0.976144352,1.775611696,0.090028783,-0.779107685,1.303712137,-0.601810849,0.110480035,1.471130900
1770917505.012609482,0.400000000,-2.065556725,-0.708236928,1.244987263,-0.529361408,0.990425658,1.947740858,0.137713915,-0.969891465,1.550136140,-0.674936560,0.179261901,1.971442404
1770917505.112609386,0.500000000,-2.049805762,-0.807485203,1.398962087,-0.593362663,1.011387364,2.155668995,0.171728605,-0.974509758,1.464239423,-0.575341452,0.232194084,2.094395353
1770917505.212609291,0.600000000,-2.031151492,-0.903292596,1.538024246,-0.644277981,1.036805487,2.365108519,0.202278938,-0.945198932,1.321837033,-0.443745506,0.276615453,2.094395275
1770917505.312609434,0.700000000,-2.009145831,-0.997120822,1.664037552,-0.682143687,1.066810052,2.574548041,0.238976710,-0.933879416,1.200909691,-0.313222753,0.324049887,2.094395164
1770917505.412609339,0.800000000,-1.983093079,-1.090496955,1.778527147,-0.706769661,1.101756586,2.783987561,0.283522602,-0.935403670,1.089789333,-0.178326461,0.375684753,2.094395195
1770917505.512609482,0.900000000,-1.952115191,-1.184484562,1.882058997,-0.717585548,1.142140005,2.993427085,0.337897106,-0.945407674,0.980626766,-0.036788920,0.433152351,2.094395110
1770917505.612609386,1.000000000,-1.917311150,-1.274436130,1.969738535,-0.714496385,1.185932541,3.191362524,0.349066044,-0.834768686,0.761272183,0.089717565,0.431233213,1.824362863
1770917505.712609291,1.100000000,-1.882404387,-1.352261107,2.036471676,-0.701250677,1.228325882,3.360551792,0.349066103,-0.726013298,0.582998828,0.168843310,0.417008612,1.571073021
1770917505.812609434,1.200000000,-1.847497787,-1.420321540,2.087889913,-0.681754677,1.269408539,3.507500526,0.349065933,-0.638034241,0.451726090,0.216965479,0.405013363,1.376015926
1770917505.912609339,1.300000000,-1.812591190,-1.480336579,2.127870490,-0.658533679,1.309396524,3.637119714,0.349065947,-0.564282674,0.352280100,0.244738584,0.395063725,1.222193148
1770917506.012609482,1.400000000,-1.777684596,-1.533512368,2.159088036,-0.633268109,1.348478064,3.752929328,0.349065924,-0.500742613,0.275226413,0.258735501,0.386829816,1.098316323
1770917506.112609386,1.500000000,-1.746966370,-1.575373765,2.180847213,-0.610252617,1.382245840,3.845508483,0.237329616,-0.306988783,0.150333919,0.179024345,0.258886808,0.685513471
1770917506.212609291,1.600000000,-1.731582959,-1.594769949,2.190071163,-0.598637056,1.398966876,3.889058097,0.066743598,-0.082171176,0.037989623,0.050415162,0.072313289,0.185483643
1770917506.312609434,1.700000000,-1.726539247,-1.600979494,2.192941989,-0.594827272,1.404431481,3.883267772,-0.000000024,0.000000121,0.000000092,-0.000000214,-0.000000026,-0.293916893
1770917506.412609339,1.800000000,-1.726539251,-1.600979472,2.192942006,-0.594827311,1.404431476,3.828876523,-0.000000066,0.000000327,0.000000250,-0.000000578,-0.000000071,-0.793909648
1770917506.512609482,1.900000000,-1.726539260,-1.600979429,2.192942039,-0.594827387,1.404431467,3.724485874,-0.000000108,0.000000533,0.000000407,-0.000000942,-0.000000115,-1.293903185
1770917506.612609386,2.000000000,-1.726539279,-1.600979369,2.192942089,-0.594827497,1.404431447,3.570095859,-0.000000386,0.000000586,0.000000642,-0.000001226,-0.000000396,-1.793896658
1770917506.712609291,2.100000000,-1.726539322,-1.600979304,2.192942161,-0.594827634,1.404431403,3.369686961,-0.000000451,0.000000684,0.000000749,-0.000001432,-0.000000462,-2.094395102
1770917506.812609434,2.200000000,-1.726539399,-1.600979248,2.192942233,-0.594827762,1.404431325,3.160247451,-0.000000840,0.000000529,0.000000716,-0.000001241,-0.000000850,-2.094395102
1770917506.912609339,2.300000000,-1.726539498,-1.600979204,2.192942301,-0.594827873,1.404431225,2.950807941,-0.000001160,0.000000331,0.000000625,-0.000000950,-0.000001168,-2.094395102
1770917507.012609482,2.400000000,-1.726539616,-1.600979173,2.192942362,-0.594827964,1.404431106,2.741368430,-0.000001387,0.000000107,0.000000483,-0.000000582,-0.000001392,-2.094395102
1770917507.112609386,2.500000000,-1.726539755,-1.600979163,2.192942410,-0.594828023,1.404430967,2.531928920,-0.000001387,0.000000107,0.000000483,-0.000000582,-0.000001392,-2.094395102
1770917507.212609291,2.600000000,-1.726539902,-1.600979169,2.192942445,-0.594828051,1.404430820,2.322489410,-0.000001502,-0.000000127,0.000000302,-0.000000167,-0.000001503,-2.094395102
1770917507.312609434,2.700000000,-1.726540052,-1.600979190,2.192942468,-0.594828052,1.404430670,2.113049900,-0.000001494,-0.000000350,0.000000097,0.000000261,-0.000001493,-2.094395102
1770917507.412609339,2.800000000,-1.726540201,-1.600979225,2.192942477,-0.594828026,1.404430521,1.903610389,-0.000001366,-0.000000545,-0.000000117,0.000000669,-0.000001361,-2.094395102
1770917507.512609482,2.900000000,-1.726540335,-1.600979278,2.192942466,-0.594827960,1.404430387,1.697705532,-0.000001244,-0.000000496,-0.000000106,0.000000609,-0.000001239,-1.906388378
1770917507.612609386,3.000000000,-1.726540434,-1.600979327,2.192942448,-0.594827892,1.404430289,1.532066694,-0.000000757,-0.000000467,-0.000000215,0.000000686,-0.000000751,-1.406388378
1770917507.712609291,3.100000000,-1.726540496,-1.600979366,2.192942431,-0.594827836,1.404430228,1.416427857,-0.000000488,-0.000000301,-0.000000139,0.000000442,-0.000000484,-0.906388378
1770917507.812609434,3.200000000,-1.726540531,-1.600979388,2.192942421,-0.594827804,1.404430192,1.350789019,-0.000000219,-0.000000135,-0.000000062,0.000000198,-0.000000217,-0.406388378
1770917507.912609339,3.300000000,-1.725488911,-1.595816913,2.187929930,-0.594979222,1.405483519,1.332924484,0.023016424,0.112988153,-0.109705338,-0.003314210,0.023053727,0.052137664
1770917508.012609482,3.400000000,-1.724936316,-1.593104256,2.185296100,-0.595058807,1.406036994,1.360373557,0.000000208,0.000000147,0.000000100,-0.000000321,-0.000000096,0.510999741
1770917508.112609386,3.500000000,-1.724936284,-1.593104234,2.185296116,-0.595058859,1.406036981,1.436473077,0.000000422,0.000000297,0.000000225,-0.000000735,-0.000000161,1.010991011
1770917508.212609291,3.600000000,-1.724936231,-1.593104196,2.185296145,-0.595058957,1.406036963,1.562571827,0.000000656,0.000000457,0.000000381,-0.000001266,-0.000000169,1.510983866
1770917508.312609434,3.700000000,-1.724936129,-1.593104148,2.185296166,-0.595059042,1.406037035,1.738669805,0.000001299,0.000000518,0.000000112,-0.000000639,0.000001295,2.010975649
1770917508.412609339,3.800000000,-1.724935991,-1.593104098,2.185296173,-0.595059100,1.406037172,1.947412810,0.000001479,0.000000346,-0.000000096,-0.000000258,0.000001478,2.094395102
1770917508.512609482,3.900000000,-1.724935843,-1.593104064,2.185296164,-0.595059126,1.406037320,2.156852320,0.000001479,0.000000346,-0.000000096,-0.000000258,0.000001478,2.094395102
1770917508.612609386,4.000000000,-1.724935695,-1.593104048,2.185296137,-0.595059116,1.406037468,2.366291830,0.000001487,0.000000124,-0.000000300,0.000000169,0.000001488,2.094395102
1770917508.712609291,4.100000000,-1.724935551,-1.593104047,2.185296098,-0.595059079,1.406037612,2.575731340,0.000001373,-0.000000108,-0.000000480,0.000000582,0.000001378,2.094395102
1770917508.812609434,4.200000000,-1.724935417,-1.593104060,2.185296049,-0.595059017,1.406037747,2.785170850,0.000001149,-0.000000332,-0.000000622,0.000000947,0.000001157,2.094395102
1770917508.912609339,4.300000000,-1.724935302,-1.593104093,2.185295986,-0.595058922,1.406037863,2.994610361,0.000001149,-0.000000332,-0.000000622,0.000000947,0.000001157,2.094395102
1770917509.012609482,4.400000000,-1.724935211,-1.593104141,2.185295917,-0.595058805,1.406037954,3.204049871,0.000000831,-0.000000528,-0.000000712,0.000001236,0.000000841,2.094395102
1770917509.112609386,4.500000000,-1.724935143,-1.593104200,2.185295845,-0.595058674,1.406038024,3.413489381,0.000000446,-0.000000682,-0.000000745,0.000001425,0.000000458,2.094395102
1770917509.212609291,4.600000000,-1.724935099,-1.593104269,2.185295770,-0.595058532,1.406038068,3.622928891,0.000000025,-0.000000780,-0.000000718,0.000001498,0.000000037,2.094395102
1770917509.312609434,4.700000000,-1.724935097,-1.593104345,2.185295700,-0.595058385,1.406038072,3.828347161,0.000000023,-0.000000705,-0.000000649,0.000001355,0.000000034,1.893864785
1770917509.412609339,4.800000000,-1.724935113,-1.593104408,2.185295647,-0.595058269,1.406038057,3.992733639,-0.000000265,-0.000000542,-0.000000421,0.000000965,-0.000000257,1.393864785
1770917509.512609482,4.900000000,-1.724935135,-1.593104452,2.185295613,-0.595058190,1.406038036,4.107120118,-0.000000170,-0.000000348,-0.000000270,0.000000619,-0.000000165,0.893864785
1770917509.612609386,5.000000000,-1.724935147,-1.593104477,2.185295593,-0.595058145,1.406038024,4.171506596,-0.000000075,-0.000000153,-0.000000119,0.000000273,-0.000000073,0.393864785
1770917509.712609291,5.100000000,-1.723850653,-1.587707767,2.180000809,-0.595161540,1.407124542,4.188182276,0.022181035,0.110378147,-0.108293192,-0.002115016,0.022222408,-0.065196980
1770917509.812609434,5.200000000,-1.723362698,-1.585279587,2.177618516,-0.595208097,1.407613393,4.159497549,0.000000051,0.000000190,0.000000214,-0.000000563,-0.000000226,-0.524487938
1770917509.912609339,5.300000000,-1.723362691,-1.585279560,2.177618547,-0.595208176,1.407613358,4.082049372,0.000000085,0.000000365,0.000000394,-0.000001007,-0.000000487,-1.024477824
1770917510.012609482,5.400000000,-1.723362681,-1.585279515,2.177618594,-0.595208294,1.407613294,3.954601958,0.000000104,0.000000529,0.000000540,-0.000001327,-0.000000785,-1.524470707
1770917510.112609386,5.500000000,-1.723362680,-1.585279450,2.177618655,-0.595208428,1.407613265,3.777155318,-0.000000024,0.000000750,0.000000690,-0.000001438,-0.000000036,-2.024462409
1770917510.212609291,5.600000000,-1.723362692,-1.585279375,2.177618727,-0.595208575,1.407613252,3.568205485,-0.000000442,0.000000679,0.000000741,-0.000001418,-0.000000453,-2.094395102
1770917510.312609434,5.700000000,-1.723362736,-1.585279307,2.177618801,-0.595208716,1.407613206,3.358765974,-0.000000442,0.000000679,0.000000741,-0.000001418,-0.000000453,-2.094395102
1770917510.412609339,5.800000000,-1.723362813,-1.585279253,2.177618872,-0.595208842,1.407613128,3.149326464,-0.000000823,0.000000526,0.000000709,-0.000001231,-0.000000833,-2.094395102
1770917510.512609482,5.900000000,-1.723362912,-1.585279210,2.177618939,-0.595208950,1.407613029,2.939886954,-0.000001137,0.000000332,0.000000618,-0.000000944,-0.000001145,-2.094395102
1770917510.612609386,6.000000000,-1.723363029,-1.585279180,2.177618998,-0.595209040,1.407612911,2.730447444,-0.000001360,0.000000110,0.000000478,-0.000000581,-0.000001365,-2.094395102
1770917510.712609291,6.100000000,-1.723363165,-1.585279169,2.177619046,-0.595209098,1.407612775,2.521007933,-0.000001360,0.000000110,0.000000478,-0.000000581,-0.000001365,-2.094395102
1770917510.812609434,6.200000000,-1.723363309,-1.585279176,2.177619080,-0.595209124,1.407612630,2.311568423,-0.000001472,-0.000000121,0.000000299,-0.000000170,-0.000001473,-2.094395102
1770917510.912609339,6.300000000,-1.723363456,-1.585279197,2.177619101,-0.595209123,1.407612483,2.102128913,-0.000001465,-0.000000342,0.000000095,0.000000254,-0.000001463,-2.094395102
1770917511.012609482,6.400000000,-1.723363602,-1.585279232,2.177619110,-0.595209095,1.407612337,1.892689403,-0.000001339,-0.000000535,-0.000000116,0.000000658,-0.000001334,-2.094395102
1770917511.112609386,6.500000000,-1.723363733,-1.585279285,2.177619099,-0.595209031,1.407612207,1.687819577,-0.000001202,-0.000000480,-0.000000104,0.000000591,-0.000001198,-1.880626898
1770917511.212609291,6.600000000,-1.723363827,-1.585279333,2.177619081,-0.595208964,1.407612114,1.524756888,-0.000000728,-0.000000451,-0.000000209,0.000000664,-0.000000723,-1.380626898
1770917511.312609434,6.700000000,-1.723363886,-1.585279370,2.177619063,-0.595208910,1.407612054,1.411694198,-0.000000465,-0.000000288,-0.000000133,0.000000424,-0.000000461,-0.880626898
1770917511.412609339,6.800000000,-1.723363920,-1.585279391,2.177619054,-0.595208880,1.407612021,1.348631508,-0.000000201,-0.000000124,-0.000000058,0.000000183,-0.000000199,-0.380626898
1770917511.512609482,6.900000000,-1.722236356,-1.579591985,2.171981591,-0.595260338,1.408741970,1.333187879,0.021022427,0.106035875,-0.105104578,-0.000959583,0.021066869,0.078996147
1770917511.612609386,7.000000000,-1.721822179,-1.577502947,2.169910914,-0.595279261,1.409157007,1.363188450,0.000000217,0.000000153,0.000000104,-0.000000333,-0.000000097,0.539043122
1770917511.712609291,7.100000000,-1.721822147,-1.577502924,2.169910930,-0.595279314,1.409156994,1.442092239,0.000000427,0.000000301,0.000000227,-0.000000741,-0.000000158,1.039034249
1770917511.812609434,7.200000000,-1.721822093,-1.577502886,2.169910960,-0.595279413,1.409156977,1.570995274,0.000000659,0.000000460,0.000000381,-0.000001264,-0.000000163,1.539027126
1770917511.912609339,7.300000000,-1.721821989,-1.577502839,2.169910979,-0.595279494,1.409157056,1.749897532,0.000001291,0.000000516,0.000000112,-0.000000637,0.000001287,2.039018722
1770917512.012609482,7.400000000,-1.721821853,-1.577502791,2.169910985,-0.595279549,1.409157191,1.959029769,0.000001450,0.000000338,-0.000000095,-0.000000251,0.000001448,2.094395102
1770917512.112609386,7.500000000,-1.721821708,-1.577502757,2.169910976,-0.595279574,1.409157336,2.168469279,0.000001450,0.000000338,-0.000000095,-0.000000251,0.000001448,2.094395102
1770917512.212609291,7.600000000,-1.721821562,-1.577502743,2.169910948,-0.595279561,1.409157482,2.377908790,0.000001457,0.000000118,-0.000000297,0.000000171,0.000001459,2.094395102
1770917512.312609434,7.700000000,-1.721821423,-1.577502744,2.169910909,-0.595279522,1.409157622,2.587348300,0.000001346,-0.000000111,-0.000000475,0.000000580,0.000001351,2.094395102
1770917512.412609339,7.800000000,-1.721821292,-1.577502759,2.169910859,-0.595279458,1.409157753,2.796787810,0.000001126,-0.000000332,-0.000000615,0.000000941,0.000001134,2.094395102
1770917512.512609482,7.900000000,-1.721821179,-1.577502792,2.169910797,-0.595279364,1.409157867,3.006227320,0.000001126,-0.000000332,-0.000000615,0.000000941,0.000001134,2.094395102
1770917512.612609386,8.000000000,-1.721821092,-1.577502841,2.169910729,-0.595279246,1.409157955,3.215666831,0.000000815,-0.000000525,-0.000000705,0.000001226,0.000000825,2.094395102
1770917512.712609291,8.100000000,-1.721821027,-1.577502900,2.169910657,-0.595279116,1.409158021,3.425106341,0.000000438,-0.000000676,-0.000000738,0.000001411,0.000000449,2.094395102
1770917512.812609434,8.200000000,-1.721820987,-1.577502968,2.169910583,-0.595278974,1.409158063,3.634545851,0.000000025,-0.000000772,-0.000000711,0.000001483,0.000000037,2.094395102
1770917512.912609339,8.300000000,-1.721820984,-1.577503043,2.169910514,-0.595278829,1.409158066,3.838769000,0.000000022,-0.000000688,-0.000000633,0.000001321,0.000000033,1.866001569
1770917513.012609482,8.400000000,-1.721821002,-1.577503105,2.169910463,-0.595278717,1.409158050,4.000369157,-0.000000254,-0.000000525,-0.000000408,0.000000935,-0.000000247,1.366001569
1770917513.112609386,8.500000000,-1.721821023,-1.577503147,2.169910430,-0.595278641,1.409158029,4.111969314,-0.000000161,-0.000000333,-0.000000259,0.000000593,-0.000000156,0.866001569
1770917513.212609291,8.600000000,-1.721821034,-1.577503171,2.169910411,-0.595278599,1.409158018,4.173569471,-0.000000068,-0.000000141,-0.000000109,0.000000251,-0.000000066,0.366001569
1770917513.312609434,8.700000000,-1.720658555,-1.571560208,2.163959933,-0.595272636,1.410323252,4.187633645,0.019887575,0.101671469,-0.101799813,0.000101753,0.019934669,-0.093980948
1770917513.412609339,8.800000000,-1.720309180,-1.569774099,2.162171591,-0.595270880,1.410673439,4.156225072,0.000000051,0.000000198,0.000000218,-0.000000565,-0.000000243,-0.554316003
1770917513.512609482,8.900000000,-1.720309173,-1.569774070,2.162171622,-0.595270960,1.410673403,4.075793717,0.000000088,0.000000372,0.000000400,-0.000001019,-0.000000487,-1.054310203
1770917513.612609386,9.000000000,-1.720309163,-1.569774025,2.162171670,-0.595271079,1.410673340,3.945363107,0.000000108,0.000000535,0.000000543,-0.000001333,-0.000000778,-1.554303107
1770917513.712609291,9.100000000,-1.720309162,-1.569773960,2.162171731,-0.595271211,1.410673316,3.764933277,-0.000000024,0.000000753,0.000000693,-0.000001444,-0.000000036,-2.054294699
1770917513.812609434,9.200000000,-1.720309176,-1.569773886,2.162171802,-0.595271356,1.410673301,3.555655182,-0.000000433,0.000000673,0.000000734,-0.000001405,-0.000000445,-2.094395102
1770917513.912609339,9.300000000,-1.720309220,-1.569773818,2.162171876,-0.595271497,1.410673256,3.346215672,-0.000000433,0.000000673,0.000000734,-0.000001405,-0.000000445,-2.094395102
1770917514.012609482,9.400000000,-1.720309298,-1.569773765,2.162171946,-0.595271620,1.410673177,3.136776162,-0.000000807,0.000000523,0.000000701,-0.000001220,-0.000000817,-2.094395102
1770917514.112609386,9.500000000,-1.720309396,-1.569773724,2.162172011,-0.595271726,1.410673078,2.927336651,-0.000001115,0.000000332,0.000000612,-0.000000937,-0.000001123,-2.094395102
1770917514.212609291,9.600000000,-1.720309512,-1.569773695,2.162172069,-0.595271812,1.410672961,2.717897141,-0.000001333,0.000000113,0.000000473,-0.000000578,-0.000001338,-2.094395102
1770917514.312609434,9.700000000,-1.720309645,-1.569773684,2.162172117,-0.595271870,1.410672828,2.508457631,-0.000001333,0.000000113,0.000000473,-0.000000578,-0.000001338,-2.094395102
1770917514.412609339,9.800000000,-1.720309788,-1.569773692,2.162172149,-0.595271894,1.410672685,2.299018121,-0.000001443,-0.000000115,0.000000296,-0.000000173,-0.000001445,-2.094395102
1770917514.512609482,9.900000000,-1.720309932,-1.569773713,2.162172169,-0.595271891,1.410672541,2.089578610,-0.000001436,-0.000000334,0.000000094,0.000000247,-0.000001434,-2.094395102
1770917514.612609386,10.000000000,-1.720310074,-1.569773749,2.162172176,-0.595271862,1.410672399,1.880139100,-0.000001313,-0.000000525,-0.000000114,0.000000647,-0.000001308,-2.094395102
1770917514.712609291,10.100000000,-1.720310202,-1.569773800,2.162172165,-0.595271799,1.410672272,1.676630159,-0.000001160,-0.000000464,-0.000000101,0.000000572,-0.000001156,-1.850867502
1770917514.812609434,10.200000000,-1.720310291,-1.569773847,2.162172147,-0.595271733,1.410672183,1.516543409,-0.000000699,-0.000000435,-0.000000203,0.000000641,-0.000000693,-1.350867502
1770917514.912609339,10.300000000,-1.720310348,-1.569773883,2.162172130,-0.595271681,1.410672127,1.406456659,-0.000000440,-0.000000274,-0.000000128,0.000000404,-0.000000437,-0.850867502
1770917515.012609482,10.400000000,-1.720310379,-1.569773902,2.162172121,-0.595271652,1.410672096,1.346369909,-0.000000181,-0.000000113,-0.000000053,0.000000167,-0.000000180,-0.350867502
1770917515.112609386,10.500000000,-1.719110717,-1.563558194,2.155886490,-0.595203320,1.411874911,1.333651540,0.018458158,0.095635072,-0.096710772,0.001051204,0.018506631,0.108425823
1770917515.212609291,10.600000000,-1.718827429,-1.562090484,2.154402285,-0.595187206,1.412158925,1.366345142,0.000000227,0.000000160,0.000000114,-0.000000367,-0.000000092,0.568316413
1770917515.312609434,10.700000000,-1.718827397,-1.562090460,2.154402302,-0.595187261,1.412158913,1.448176519,0.000000434,0.000000306,0.000000230,-0.000000748,-0.000000155,1.068310514
1770917515.412609339,10.800000000,-1.718827342,-1.562090422,2.154402332,-0.595187361,1.412158897,1.580007139,0.000000661,0.000000463,0.000000382,-0.000001264,-0.000000158,1.568303389
1770917515.512609482,10.900000000,-1.718827236,-1.562090375,2.154402350,-0.595187437,1.412158982,1.761836974,0.000001284,0.000000514,0.000000113,-0.000000636,0.000001280,2.068294985
1770917515.612609386,11.000000000,-1.718827103,-1.562090329,2.154402354,-0.595187488,1.412159116,1.971207743,0.000001422,0.000000330,-0.000000094,-0.000000244,0.000001420,2.094395102
1770917515.712609291,11.100000000,-1.718826960,-1.562090296,2.154402345,-0.595187513,1.412159258,2.180647253,0.000001422,0.000000330,-0.000000094,-0.000000244,0.000001420,2.094395102
1770917515.812609434,11.200000000,-1.718826817,-1.562090284,2.154402316,-0.595187497,1.412159401,2.390086764,0.000001429,0.000000112,-0.000000294,0.000000174,0.000001431,2.094395102
1770917515.912609339,11.300000000,-1.718826681,-1.562090286,2.154402277,-0.595187456,1.412159538,2.599526274,0.000001320,-0.000000114,-0.000000470,0.000000577,0.000001325,2.094395102
1770917516.012609482,11.400000000,-1.718826554,-1.562090303,2.154402226,-0.595187390,1.412159665,2.808965784,0.000001105,-0.000000331,-0.000000609,0.000000934,0.000001112,2.094395102
1770917516.112609386,11.500000000,-1.718826443,-1.562090336,2.154402165,-0.595187296,1.412159777,3.018405294,0.000001105,-0.000000331,-0.000000609,0.000000934,0.000001112,2.094395102
1770917516.212609291,11.600000000,-1.718826359,-1.562090385,2.154402097,-0.595187178,1.412159861,3.227844805,0.000000799,-0.000000522,-0.000000698,0.000001215,0.000000809,2.094395102
1770917516.312609434,11.700000000,-1.718826298,-1.562090445,2.154402025,-0.595187048,1.412159924,3.437284315,0.000000429,-0.000000670,-0.000000730,0.000001398,0.000000441,2.094395102
1770917516.412609339,11.800000000,-1.718826261,-1.562090513,2.154401953,-0.595186907,1.412159962,3.646723825,0.000000024,-0.000000764,-0.000000703,0.000001467,0.000000036,2.094395102
1770917516.512609482,11.900000000,-1.718826259,-1.562090587,2.154401885,-0.595186765,1.412159966,3.849518678,0.000000021,-0.000000670,-0.000000617,0.000001287,0.000000032,1.836622787
1770917516.612609386,12.000000000,-1.718826277,-1.562090647,2.154401836,-0.595186656,1.412159948,4.008180957,-0.000000244,-0.000000508,-0.000000395,0.000000905,-0.000000237,1.336622787
1770917516.712609291,12.100000000,-1.718826297,-1.562090688,2.154401804,-0.595186583,1.412159929,4.116843236,-0.000000153,-0.000000318,-0.000000247,0.000000566,-0.000000148,0.836622787
1770917516.812609434,12.200000000,-1.718826308,-1.562090710,2.154401786,-0.595186543,1.412159918,4.175505515,-0.000000061,-0.000000128,-0.000000100,0.000000228,-0.000000060,0.336622787
1770917516.912609339,12.300000000,-1.717604802,-1.555676872,2.147852144,-0.595052348,1.413384958,4.186937599,0.017190585,0.090263562,-0.092174571,0.001888334,0.017240261,-0.121965419
1770917517.012609482,12.400000000,-1.717371513,-1.554451936,2.146601298,-0.595026755,1.413618904,4.153055033,0.000000054,0.000000206,0.000000225,-0.000000583,-0.000000248,-0.581108180
1770917517.112609386,12.500000000,-1.717371506,-1.554451907,2.146601330,-0.595026837,1.413618868,4.069944494,0.000000091,0.000000378,0.000000404,-0.000001029,-0.000000486,-1.081102304
1770917517.212609291,12.600000000,-1.717371496,-1.554451861,2.146601377,-0.595026955,1.413618805,3.936834713,0.000000112,0.000000540,0.000000545,-0.000001336,-0.000000769,-1.581095186
1770917517.312609434,12.700000000,-1.717371495,-1.554451795,2.146601439,-0.595027087,1.413618786,3.753725720,-0.000000024,0.000000755,0.000000695,-0.000001448,-0.000000036,-2.081086781
1770917517.412609339,12.800000000,-1.717371512,-1.554451722,2.146601509,-0.595027230,1.413618768,3.544304539,-0.000000425,0.000000667,0.000000726,-0.000001391,-0.000000437,-2.094395102
1770917517.512609482,12.900000000,-1.717371554,-1.554451656,2.146601582,-0.595027369,1.413618724,3.334865028,-0.000000425,0.000000667,0.000000726,-0.000001391,-0.000000437,-2.094395102
1770917517.612609386,13.000000000,-1.717371633,-1.554451603,2.146601651,-0.595027490,1.413618645,3.125425518,-0.000000792,0.000000520,0.000000694,-0.000001210,-0.000000802,-2.094395102
1770917517.712609291,13.100000000,-1.717371731,-1.554451563,2.146601715,-0.595027594,1.413618546,2.915986008,-0.000001094,0.000000331,0.000000606,-0.000000931,-0.000001102,-2.094395102
1770917517.812609434,13.200000000,-1.717371846,-1.554451536,2.146601772,-0.595027678,1.413618430,2.706546498,-0.000001308,0.000000115,0.000000468,-0.000000576,-0.000001313,-2.094395102
1770917517.912609339,13.300000000,-1.717371976,-1.554451524,2.146601819,-0.595027736,1.413618299,2.497106987,-0.000001308,0.000000115,0.000000468,-0.000000576,-0.000001313,-2.094395102
1770917518.012609482,13.400000000,-1.717372117,-1.554451533,2.146601850,-0.595027757,1.413618159,2.287667477,-0.000001416,-0.000000110,0.000000293,-0.000000175,-0.000001417,-2.094395102
1770917518.112609386,13.500000000,-1.717372258,-1.554451555,2.146601869,-0.595027753,1.413618017,2.078227967,-0.000001409,-0.000000326,0.000000093,0.000000241,-0.000001407,-2.094395102
1770917518.212609291,13.600000000,-1.717372397,-1.554451591,2.146601875,-0.595027722,1.413617879,1.868788457,-0.000001288,-0.000000516,-0.000000113,0.000000637,-0.000001283,-2.094395102
1770917518.312609434,13.700000000,-1.717372521,-1.554451641,2.146601864,-0.595027661,1.413617755,1.666666045,-0.000001121,-0.000000449,-0.000000099,0.000000554,-0.000001117,-1.823893737
1770917518.412609339,13.800000000,-1.717372606,-1.554451687,2.146601845,-0.595027595,1.413617670,1.509276672,-0.000000672,-0.000000420,-0.000000196,0.000000620,-0.000000667,-1.323893737
1770917518.512609482,13.900000000,-1.717372661,-1.554451721,2.146601829,-0.595027545,1.413617616,1.401887298,-0.000000418,-0.000000261,-0.000000122,0.000000386,-0.000000415,-0.823893737
1770917518.612609386,14.000000000,-1.717372690,-1.554451739,2.146601821,-0.595027518,1.413617587,1.344497924,-0.000000164,-0.000000103,-0.000000048,0.000000152,-0.000000163,-0.323893737
1770917518.712609291,14.100000000,-1.716130925,-1.547844457,2.139789472,-0.594824076,1.414863278,1.334185358,0.015730586,0.083700009,-0.086297631,0.002577034,0.015780252,0.134018599
1770917518.812609434,14.200000000,-1.715945136,-1.546855963,2.138770316,-0.594793661,1.415049635,1.369132276,0.000000234,0.000000165,0.000000117,-0.000000376,-0.000000092,0.592767972
1770917518.912609339,14.300000000,-1.715945103,-1.546855940,2.138770334,-0.594793717,1.415049622,1.453408779,0.000000438,0.000000309,0.000000232,-0.000000752,-0.000000151,1.092762018
1770917519.012609482,14.400000000,-1.715945048,-1.546855901,2.138770364,-0.594793818,1.415049607,1.587684511,0.000000669,0.000000467,0.000000392,-0.000001299,-0.000000131,1.592753085
1770917519.112609386,14.500000000,-1.715944941,-1.546855854,2.138770380,-0.594793889,1.415049698,1.771959430,0.000001275,0.000000511,0.000000113,-0.000000633,0.000001270,2.092377486
1770917519.212609291,14.600000000,-1.715944809,-1.546855810,2.138770384,-0.594793938,1.415049830,1.981398071,0.000001396,0.000000323,-0.000000093,-0.000000238,0.000001394,2.094395102
1770917519.312609434,14.700000000,-1.715944670,-1.546855778,2.138770374,-0.594793961,1.415049969,2.190837581,0.000001402,0.000000107,-0.000000291,0.000000176,0.000001404,2.094395102
1770917519.412609339,14.800000000,-1.715944529,-1.546855768,2.138770345,-0.594793944,1.415050110,2.400277091,0.000001402,0.000000107,-0.000000291,0.000000176,0.000001404,2.094395102
1770917519.512609482,14.900000000,-1.715944396,-1.546855771,2.138770305,-0.594793900,1.415050243,2.609716601,0.000001296,-0.000000116,-0.000000466,0.000000575,0.000001300,2.094395102
1770917519.612609386,15.000000000,-1.715944272,-1.546855789,2.138770255,-0.594793833,1.415050368,2.819156112,0.000001084,-0.000000331,-0.000000602,0.000000927,0.000001092,2.094395102
1770917519.712609291,15.100000000,-1.715944164,-1.546855822,2.138770194,-0.594793740,1.415050477,3.028595622,0.000001084,-0.000000331,-0.000000602,0.000000927,0.000001092,2.094395102
1770917519.812609434,15.200000000,-1.715944083,-1.546855872,2.138770126,-0.594793622,1.415050559,3.238035132,0.000000784,-0.000000518,-0.000000691,0.000001205,0.000000794,2.094395102
1770917519.912609339,15.300000000,-1.715944025,-1.546855932,2.138770055,-0.594793492,1.415050618,3.447474642,0.000000421,-0.000000664,-0.000000723,0.000001384,0.000000433,2.094395102
1770917520.012609482,15.400000000,-1.715943990,-1.546856000,2.138769983,-0.594793352,1.415050654,3.656914153,0.000000024,-0.000000756,-0.000000696,0.000001452,0.000000036,2.094395102
1770917520.112609386,15.500000000,-1.715943988,-1.546856073,2.138769916,-0.594793212,1.415050657,3.858378682,0.000000021,-0.000000654,-0.000000602,0.000001256,0.000000031,1.811995018
1770917520.212609291,15.600000000,-1.715944007,-1.546856131,2.138769869,-0.594793107,1.415050639,4.014578183,-0.000000235,-0.000000493,-0.000000384,0.000000878,-0.000000228,1.311995018
1770917520.312609434,15.700000000,-1.715944026,-1.546856171,2.138769838,-0.594793036,1.415050620,4.120777685,-0.000000145,-0.000000305,-0.000000238,0.000000544,-0.000000141,0.811995018
1770917520.412609339,15.800000000,-1.715944036,-1.546856192,2.138769821,-0.594792998,1.415050610,4.176977187,-0.000000056,-0.000000117,-0.000000091,0.000000209,-0.000000054,0.311995018
1770917520.512609482,15.900000000,-1.714694347,-1.540118265,2.131756734,-0.594519460,1.416304593,4.186222320,0.014490801,0.078129663,-0.081320113,0.003171593,0.014540516,-0.145242919
1770917520.612609386,16.000000000,-1.714543038,-1.539302464,2.130907645,-0.594486379,1.416456403,4.150300773,0.000000056,0.000000211,0.000000231,-0.000000596,-0.000000250,-0.603295878
1770917520.712609291,16.100000000,-1.714543031,-1.539302435,2.130907677,-0.594486461,1.416456367,4.064971491,0.000000093,0.000000382,0.000000407,-0.000001034,-0.000000482,-1.103289943
1770917520.812609434,16.200000000,-1.714543020,-1.539302389,2.130907725,-0.594486579,1.416456305,3.929642985,0.000000111,0.000000539,0.000000534,-0.000001293,-0.000000769,-1.603281016
1770917520.912609339,16.300000000,-1.714543020,-1.539302323,2.130907786,-0.594486710,1.416456289,3.744323767,-0.000000024,0.000000752,0.000000692,-0.000001442,-0.000000036,-2.094395102
1770917521.012609482,16.400000000,-1.714543038,-1.539302251,2.130907857,-0.594486852,1.416456270,3.534884257,-0.000000417,0.000000661,0.000000719,-0.000001378,-0.000000429,-2.094395102
1770917521.112609386,16.500000000,-1.714543081,-1.539302185,2.130907928,-0.594486989,1.416456226,3.325444747,-0.000000777,0.000000516,0.000000687,-0.000001199,-0.000000787,-2.094395102
1770917521.212609291,16.600000000,-1.714543159,-1.539302134,2.130907997,-0.594487109,1.416456147,3.116005237,-0.000000777,0.000000516,0.000000687,-0.000001199,-0.000000787,-2.094395102
1770917521.312609434,16.700000000,-1.714543256,-1.539302094,2.130908060,-0.594487210,1.416456049,2.906565726,-0.000001074,0.000000330,0.000000600,-0.000000924,-0.000001081,-2.094395102
1770917521.412609339,16.800000000,-1.714543370,-1.539302068,2.130908116,-0.594487292,1.416455935,2.697126216,-0.000001283,0.000000117,0.000000463,-0.000000574,-0.000001288,-2.094395102
1770917521.512609482,16.900000000,-1.714543498,-1.539302056,2.130908162,-0.594487350,1.416455806,2.487686706,-0.000001283,0.000000117,0.000000463,-0.000000574,-0.000001288,-2.094395102
1770917521.612609386,17.000000000,-1.714543636,-1.539302065,2.130908192,-0.594487370,1.416455667,2.278247196,-0.000001389,-0.000000105,0.000000290,-0.000000177,-0.000001391,-2.094395102
1770917521.712609291,17.100000000,-1.714543775,-1.539302088,2.130908210,-0.594487364,1.416455529,2.068807686,-0.000001382,-0.000000319,0.000000093,0.000000234,-0.000001381,-2.094395102
1770917521.812609434,17.200000000,-1.714543911,-1.539302124,2.130908215,-0.594487332,1.416455393,1.859368175,-0.000001264,-0.000000507,-0.000000112,0.000000627,-0.000001259,-2.094395102
1770917521.912609339,17.300000000,-1.714544032,-1.539302173,2.130908204,-0.594487272,1.416455273,1.658505411,-0.000001087,-0.000000436,-0.000000096,0.000000539,-0.000001083,-1.801534290
1770917522.012609482,17.400000000,-1.714544113,-1.539302218,2.130908185,-0.594487207,1.416455192,1.503351982,-0.000000648,-0.000000407,-0.000000191,0.000000602,-0.000000643,-1.301534290
1770917522.112609386,17.500000000,-1.714544166,-1.539302251,2.130908170,-0.594487158,1.416455140,1.398198553,-0.000000399,-0.000000250,-0.000000118,0.000000370,-0.000000396,-0.801534290
1770917522.212609291,17.600000000,-1.714544193,-1.539302268,2.130908161,-0.594487133,1.416455113,1.343045124,-0.000000150,-0.000000094,-0.000000044,0.000000139,-0.000000149,-0.301534290
1770917522.312609434,17.700000000,-1.713287512,-1.532436932,2.123695596,-0.594141525,1.417716460,1.334707785,0.013095411,0.071540615,-0.075158816,0.003601297,0.013143967,0.155047121
1770917522.412609339,17.800000000,-1.713168899,-1.531789010,2.123014923,-0.594108930,1.417835494,1.371487943,0.000000239,0.000000169,0.000000119,-0.000000383,-0.000000090,0.612760156
1770917522.512609482,17.900000000,-1.713168865,-1.531788986,2.123014940,-0.594108987,1.417835482,1.457763641,0.000000440,0.000000311,0.000000233,-0.000000753,-0.000000146,1.112754166
1770917522.612609386,18.000000000,-1.713168810,-1.531788947,2.123014971,-0.594109088,1.417835468,1.594038551,0.000000668,0.000000467,0.000000391,-0.000001292,-0.000000125,1.612745219
1770917522.712609291,18.100000000,-1.713168703,-1.531788901,2.123014985,-0.594109155,1.417835563,1.780278409,0.000001252,0.000000503,0.000000112,-0.000000624,0.000001248,2.094395102
1770917522.812609434,18.200000000,-1.713168573,-1.531788859,2.123014988,-0.594109201,1.417835693,1.989717919,0.000001370,0.000000316,-0.000000092,-0.000000231,0.000001368,2.094395102
1770917522.912609339,18.300000000,-1.713168436,-1.531788828,2.123014978,-0.594109223,1.417835829,2.199157429,0.000001376,0.000000103,-0.000000288,0.000000178,0.000001378,2.094395102
1770917523.012609482,18.400000000,-1.713168298,-1.531788818,2.123014949,-0.594109205,1.417835967,2.408596939,0.000001376,0.000000103,-0.000000288,0.000000178,0.000001378,2.094395102
1770917523.112609386,18.500000000,-1.713168167,-1.531788823,2.123014909,-0.594109160,1.417836098,2.618036449,0.000001272,-0.000000118,-0.000000461,0.000000572,0.000001276,2.094395102
1770917523.212609291,18.600000000,-1.713168047,-1.531788842,2.123014858,-0.594109092,1.417836219,2.827475960,0.000001064,-0.000000330,-0.000000597,0.000000920,0.000001071,2.094395102
1770917523.312609434,18.700000000,-1.713167941,-1.531788875,2.123014799,-0.594109000,1.417836326,3.036915470,0.000001064,-0.000000330,-0.000000597,0.000000920,0.000001071,2.094395102
1770917523.412609339,18.800000000,-1.713167862,-1.531788925,2.123014731,-0.594108881,1.417836405,3.246354980,0.000000770,-0.000000515,-0.000000684,0.000001194,0.000000780,2.094395102
1770917523.512609482,18.900000000,-1.713167806,-1.531788985,2.123014660,-0.594108751,1.417836462,3.455794490,0.000000414,-0.000000658,-0.000000716,0.000001371,0.000000425,2.094395102
1770917523.612609386,19.000000000,-1.713167774,-1.531789053,2.123014589,-0.594108613,1.417836496,3.665234001,0.000000024,-0.000000748,-0.000000689,0.000001437,0.000000036,2.094395102
1770917523.712609291,19.100000000,-1.713167772,-1.531789124,2.123014523,-0.594108475,1.417836499,3.865519414,0.000000020,-0.000000640,-0.000000590,0.000001229,0.000000030,1.791837730
1770917523.812609434,19.200000000,-1.713167792,-1.531789181,2.123014477,-0.594108372,1.417836480,4.019703187,-0.000000227,-0.000000479,-0.000000375,0.000000855,-0.000000220,1.291837730
1770917523.912609339,19.300000000,-1.713167810,-1.531789220,2.123014447,-0.594108303,1.417836462,4.123886960,-0.000000139,-0.000000294,-0.000000230,0.000000524,-0.000000135,0.791837730
1770917524.012609482,19.400000000,-1.713167820,-1.531789240,2.123014431,-0.594108268,1.417836453,4.178070733,-0.000000051,-0.000000108,-0.000000085,0.000000193,-0.000000050,0.291837730
1770917524.112609386,19.500000000,-1.711913668,-1.524847295,2.115654204,-0.593691592,1.419095618,4.185544360,0.011970019,0.066256013,-0.070248052,0.003976671,0.012017795,-0.164110929
1770917524.212609291,19.600000000,-1.711817601,-1.524315556,2.115090455,-0.593659714,1.419192050,4.147989330,0.000000057,0.000000215,0.000000234,-0.000000604,-0.000000251,-0.621158966
1770917524.312609434,19.700000000,-1.711817593,-1.524315526,2.115090487,-0.593659796,1.419192014,4.060873763,0.000000091,0.000000382,0.000000401,-0.000001007,-0.000000488,-1.121150271
1770917524.412609339,19.800000000,-1.711817583,-1.524315480,2.115090534,-0.593659913,1.419191952,3.923758984,0.000000114,0.000000541,0.000000534,-0.000001290,-0.000000756,-1.621144048
1770917524.512609482,19.900000000,-1.711817583,-1.524315414,2.115090596,-0.593660043,1.419191940,3.736717121,-0.000000024,0.000000744,0.000000685,-0.000001427,-0.000000036,-2.094395102
1770917524.612609386,20.000000000,-1.711817602,-1.524315343,2.115090665,-0.593660183,1.419191920,3.527277610,-0.000000410,0.000000655,0.000000712,-0.000001365,-0.000000421,-2.094395102
1770917524.712609291,20.100000000,-1.711817646,-1.524315279,2.115090736,-0.593660319,1.419191875,3.317838100,-0.000000763,0.000000513,0.000000680,-0.000001189,-0.000000773,-2.094395102
1770917524.812609434,20.200000000,-1.711817722,-1.524315228,2.115090804,-0.593660438,1.419191798,3.108398590,-0.000000763,0.000000513,0.000000680,-0.000001189,-0.000000773,-2.094395102
1770917524.912609339,20.300000000,-1.711817819,-1.524315189,2.115090866,-0.593660537,1.419191700,2.898959080,-0.000001054,0.000000329,0.000000594,-0.000000917,-0.000001062,-2.094395102
1770917525.012609482,20.400000000,-1.711817931,-1.524315163,2.115090921,-0.593660617,1.419191587,2.689519569,-0.000001260,0.000000119,0.000000459,-0.000000571,-0.000001265,-2.094395102
1770917525.112609386,20.500000000,-1.711818057,-1.524315152,2.115090967,-0.593660675,1.419191461,2.480080059,-0.000001260,0.000000119,0.000000459,-0.000000571,-0.000001265,-2.094395102
1770917525.212609291,20.600000000,-1.711818193,-1.524315161,2.115090996,-0.593660693,1.419191325,2.270640549,-0.000001364,-0.000000101,0.000000287,-0.000000178,-0.000001365,-2.094395102
1770917525.312609434,20.700000000,-1.711818329,-1.524315184,2.115091013,-0.593660686,1.419191189,2.061201039,-0.000001357,-0.000000312,0.000000092,0.000000229,-0.000001355,-2.094395102
1770917525.412609339,20.800000000,-1.711818462,-1.524315220,2.115091017,-0.593660654,1.419191056,1.851761528,-0.000001240,-0.000000499,-0.000000111,0.000000617,-0.000001235,-2.094395102
1770917525.512609482,20.900000000,-1.711818579,-1.524315267,2.115091007,-0.593660596,1.419190940,1.654174495,-0.000001037,-0.000000417,-0.000000093,0.000000516,-0.000001032,-1.750120850
1770917525.612609386,21.000000000,-1.711818656,-1.524315310,2.115090988,-0.593660533,1.419190863,1.504162410,-0.000000611,-0.000000385,-0.000000182,0.000000570,-0.000000606,-1.250120850
1770917525.712609291,21.100000000,-1.711818705,-1.524315341,2.115090974,-0.593660488,1.419190815,1.404150325,-0.000000367,-0.000000231,-0.000000109,0.000000342,-0.000000364,-0.750120850
1770917525.812609434,21.200000000,-1.711818729,-1.524315357,2.115090966,-0.593660465,1.419190790,1.354138240,-0.000000122,-0.000000077,-0.000000036,0.000000114,-0.000000121,-0.250120850
1770917525.912609339,21.300000000,-1.711916438,-1.524849612,2.115681821,-0.593716940,1.419092511,1.353122678,-0.001072099,-0.005862620,0.006483820,-0.000619842,-0.001078354,0.229300112
1770917526.012609482,21.400000000,-1.712141063,-1.526075846,2.117036460,-0.593845060,1.418866585,1.401052328,-0.003421180,-0.018663243,0.020608057,-0.001940474,-0.003440945,0.729293933
1770917526.112609386,21.500000000,-1.712602408,-1.528584864,2.119801320,-0.594100317,1.418402608,1.498981098,-0.005805286,-0.031516541,0.034689859,-0.003165939,-0.005838166,1.229285426
1770917526.212609291,21.600000000,-1.713304743,-1.532383105,2.123971300,-0.594471161,1.417696359,1.646909232,-0.008258245,-0.044473745,0.048690015,-0.004205732,-0.008303470,1.729277959
1770917526.312609434,21.700000000,-1.714246259,-1.537434170,2.129487102,-0.594934694,1.416749769,1.843016971,-0.010114946,-0.054034724,0.058838076,-0.004790394,-0.010168462,2.094395102
1770917526.412609339,21.800000000,-1.715265036,-1.542848666,2.135362537,-0.595394325,1.415725721,2.052456481,-0.010253261,-0.054244185,0.058679612,-0.004422230,-0.010305250,2.094395102
1770917526.512609482,21.900000000,-1.716297828,-1.548284412,2.141222108,-0.595816818,1.414687812,2.261895992,-0.010394525,-0.054458561,0.058521410,-0.004049406,-0.010444969,2.094395102
1770917526.612609386,22.000000000,-1.717344936,-1.553741904,2.147065839,-0.596201698,1.413635742,2.471335503,-0.010538824,-0.054677943,0.058363437,-0.003671800,-0.010587705,2.094395102
1770917526.712609291,22.100000000,-1.718406671,-1.559221652,2.152893750,-0.596548479,1.412569204,2.680775014,-0.010686247,-0.054902423,0.058205662,-0.003289288,-0.010733545,2.094395102
1770917526.812609434,22.200000000,-1.719483349,-1.564724172,2.158705861,-0.596856661,1.411487882,2.890214525,-0.010836886,-0.055132098,0.058048054,-0.002901741,-0.010882581,2.094395102
1770917526.912609339,22.300000000,-1.720575300,-1.570249990,2.164502186,-0.597125731,1.410391448,3.099654036,-0.010990835,-0.055367065,0.057890580,-0.002509028,-0.011034907,2.094395102
1770917527.012609482,22.400000000,-1.721682861,-1.575799645,2.170282737,-0.597355164,1.409279569,3.309093547,-0.011148194,-0.055607429,0.057733207,-0.002111015,-0.011190621,2.094395102
1770917527.112609386,22.500000000,-1.722806381,-1.581373683,2.176047523,-0.597544420,1.408151898,3.518533059,-0.011309066,-0.055853294,0.057575904,-0.001707562,-0.011349825,2.094395102
1770917527.212609291,22.600000000,-1.723946216,-1.586972663,2.181796548,-0.597692945,1.407008078,3.727972570,-0.011473556,-0.056104769,0.057418637,-0.001298529,-0.011512626,2.094395102
1770917527.312609434,22.700000000,-1.724972181,-1.591965084,2.186887659,-0.597790259,1.405978718,3.913924568,-0.008947881,-0.043319865,0.044011150,-0.000679266,-0.008976594,1.609754232
1770917527.412609339,22.800000000,-1.725730878,-1.595628689,2.190602620,-0.597840596,1.405217625,4.049899907,-0.006229152,-0.029956954,0.030285392,-0.000320045,-0.006248335,1.109752336
1770917527.512609482,22.900000000,-1.726214410,-1.597950971,2.192948045,-0.597863086,1.404732616,4.135875110,-0.003439422,-0.016485519,0.016624996,-0.000134835,-0.003449793,0.609751708
1770917527.612609386,23.000000000,-1.726417585,-1.598923993,2.193928689,-0.597870434,1.404528832,4.171850270,-0.000620598,-0.002969619,0.002991022,-0.000020565,-0.000622449,0.109751539
1770917527.712609291,23.100000000,-1.726512765,-1.599379375,2.194387312,-0.597873547,1.404433368,4.159141612,-0.000000245,-0.000000336,-0.000000172,0.000000508,-0.000000243,-0.372760039
1770917527.812609434,23.200000000,-1.726512806,-1.599379431,2.194387283,-0.597873462,1.404433327,4.096866199,-0.000000573,-0.000000788,-0.000000403,0.000001190,-0.000000570,-0.872752942
1770917527.912609339,23.300000000,-1.726512880,-1.599379532,2.194387231,-0.597873309,1.404433254,3.984591261,-0.000000901,-0.000001239,-0.000000634,0.000001874,-0.000000897,-1.372745860
1770917528.012609482,23.400000000,-1.726512934,-1.599379575,2.194387221,-0.597873256,1.404433199,3.822316861,-0.000000023,0.000000705,0.000000643,-0.000001348,-0.000000033,-1.872741275
1770917528.112609386,23.500000000,-1.726512937,-1.599379498,2.194387291,-0.597873403,1.404433195,3.617790803,-0.000000025,0.000000788,0.000000719,-0.000001508,-0.000000037,-2.094395102
1770917528.212609291,23.600000000,-1.726512982,-1.599379429,2.194387366,-0.597873546,1.404433149,3.408351293,-0.000000451,0.000000688,0.000000747,-0.000001433,-0.000000462,-2.094395102
1770917528.312609434,23.700000000,-1.726513052,-1.599379370,2.194387439,-0.597873677,1.404433078,3.198911782,-0.000000840,0.000000533,0.000000714,-0.000001243,-0.000000850,-2.094395102
1770917528.412609339,23.800000000,-1.726513144,-1.599379322,2.194387508,-0.597873794,1.404432985,2.989472272,-0.000001160,0.000000334,0.000000623,-0.000000952,-0.000001168,-2.094395102
1770917528.512609482,23.900000000,-1.726513260,-1.599379289,2.194387570,-0.597873889,1.404432868,2.780032762,-0.000001160,0.000000334,0.000000623,-0.000000952,-0.000001168,-2.094395102
1770917528.612609386,24.000000000,-1.726513397,-1.599379276,2.194387619,-0.597873951,1.404432731,2.570593252,-0.000001387,0.000000109,0.000000482,-0.000000584,-0.000001392,-2.094395102
1770917528.712609291,24.100000000,-1.726513542,-1.599379278,2.194387658,-0.597873986,1.404432585,2.361153742,-0.000001502,-0.000000126,0.000000302,-0.000000168,-0.000001503,-2.094395102
1770917528.812609434,24.200000000,-1.726513692,-1.599379295,2.194387684,-0.597873995,1.404432435,2.151714231,-0.000001494,-0.000000350,0.000000097,0.000000261,-0.000001492,-2.094395102
1770917528.912609339,24.300000000,-1.726513841,-1.599379330,2.194387694,-0.597873969,1.404432286,1.942274721,-0.000001494,-0.000000350,0.000000097,0.000000261,-0.000001492,-2.094395102
1770917529.012609482,24.400000000,-1.726513980,-1.599379380,2.194387686,-0.597873910,1.404432148,1.733751128,-0.000001304,-0.000000521,-0.000000110,0.000000638,-0.000001299,-1.998691543
1770917529.112609386,24.500000000,-1.726514087,-1.599379430,2.194387671,-0.597873844,1.404432041,1.558881974,-0.000000807,-0.000000499,-0.000000228,0.000000732,-0.000000801,-1.498691543
1770917529.212609291,24.600000000,-1.726514154,-1.599379472,2.194387652,-0.597873783,1.404431975,1.434012820,-0.000000538,-0.000000333,-0.000000152,0.000000488,-0.000000534,-0.998691543
1770917529.312609434,24.700000000,-1.726514195,-1.599379497,2.194387641,-0.597873747,1.404431935,1.359143665,-0.000000268,-0.000000166,-0.000000076,0.000000244,-0.000000266,-0.498691543
1770917529.412609339,24.800000000,-1.725899718,-1.596365383,2.191455028,-0.597956081,1.405047434,1.332816944,0.023476440,0.115153746,-0.112039534,-0.003146046,0.023515522,-0.039990877
1770917529.512609482,24.900000000,-1.724910374,-1.591512611,2.186733504,-0.598088674,1.406038414,1.351813225,0.000000170,0.000000121,0.000000082,-0.000000264,-0.000000079,0.418942073
1770917529.612609386,25.000000000,-1.724910346,-1.591512591,2.186733518,-0.598088719,1.406038402,1.418707107,0.000000380,0.000000269,0.000000196,-0.000000643,-0.000000155,0.918935166
1770917529.712609291,25.100000000,-1.724910297,-1.591512557,2.186733545,-0.598088807,1.406038385,1.535600207,0.000000610,0.000000428,0.000000346,-0.000001151,-0.000000176,1.418927381
1770917529.812609434,25.200000000,-1.724910207,-1.591512510,2.186733570,-0.598088904,1.406038430,1.702492564,0.000001239,0.000000496,0.000000106,-0.000000610,0.000001235,1.918919276
1770917529.912609339,25.300000000,-1.724910073,-1.591512457,2.186733581,-0.598088968,1.406038564,1.908852228,0.000001479,0.000000346,-0.000000097,-0.000000257,0.000001477,2.094395102
1770917530.012609482,25.400000000,-1.724909925,-1.591512422,2.186733571,-0.598088994,1.406038711,2.118291739,0.000001479,0.000000346,-0.000000097,-0.000000257,0.000001477,2.094395102
1770917530.112609386,25.500000000,-1.724909777,-1.591512402,2.186733548,-0.598088992,1.406038860,2.327731249,0.000001487,0.000000123,-0.000000300,0.000000169,0.000001488,2.094395102
1770917530.212609291,25.600000000,-1.724909632,-1.591512397,2.186733513,-0.598088962,1.406039005,2.537170759,0.000001373,-0.000000110,-0.000000480,0.000000583,0.000001378,2.094395102
1770917530.312609434,25.700000000,-1.724909494,-1.591512408,2.186733465,-0.598088904,1.406039143,2.746610269,0.000001373,-0.000000110,-0.000000480,0.000000583,0.000001378,2.094395102
1770917530.412609339,25.800000000,-1.724909378,-1.591512440,2.186733404,-0.598088812,1.406039260,2.956049780,0.000001149,-0.000000334,-0.000000620,0.000000949,0.000001157,2.094395102
1770917530.512609482,25.900000000,-1.724909281,-1.591512485,2.186733337,-0.598088700,1.406039358,3.165489290,0.000000831,-0.000000532,-0.000000710,0.000001238,0.000000841,2.094395102
1770917530.612609386,26.000000000,-1.724909206,-1.591512541,2.186733265,-0.598088573,1.406039434,3.374928800,0.000000446,-0.000000686,-0.000000743,0.000001426,0.000000458,2.094395102
1770917530.712609291,26.100000000,-1.724909161,-1.591512610,2.186733191,-0.598088430,1.406039480,3.584368310,0.000000446,-0.000000686,-0.000000743,0.000001426,0.000000458,2.094395102
1770917530.812609434,26.200000000,-1.724909152,-1.591512686,2.186733119,-0.598088282,1.406039490,3.792631606,0.000000024,-0.000000744,-0.000000678,0.000001422,0.000000035,1.985941678
1770917530.912609339,26.300000000,-1.724909163,-1.591512752,2.186733062,-0.598088159,1.406039481,3.966225774,-0.000000282,-0.000000581,-0.000000447,0.000001030,-0.000000274,1.485941678
1770917531.012609482,26.400000000,-1.724909186,-1.591512800,2.186733025,-0.598088074,1.406039458,4.089819942,-0.000000187,-0.000000386,-0.000000297,0.000000683,-0.000000182,0.985941678
1770917531.112609386,26.500000000,-1.724909200,-1.591512829,2.186733003,-0.598088023,1.406039444,4.163414109,-0.000000092,-0.000000190,-0.000000146,0.000000337,-0.000000090,0.485941678
1770917531.212609291,26.600000000,-1.724250324,-1.588236768,2.183512184,-0.598144152,1.406699579,4.188541931,0.023228390,0.115495525,-0.113547411,-0.001979393,0.023272751,0.026517607
1770917531.312609434,26.700000000,-1.723337132,-1.583696225,2.179048245,-0.598221991,1.407614505,4.168295391,0.000000042,0.000000158,0.000000176,-0.000000465,-0.000000186,-0.432659662
1770917531.412609339,26.800000000,-1.723337125,-1.583696200,2.179048272,-0.598222062,1.407614474,4.100029879,0.000000081,0.000000336,0.000000364,-0.000000943,-0.000000431,-0.932651318
1770917531.512609482,26.900000000,-1.723337116,-1.583696158,2.179048316,-0.598222174,1.407614416,3.981765175,0.000000102,0.000000504,0.000000517,-0.000001290,-0.000000724,-1.432643648
1770917531.612609386,27.000000000,-1.723337112,-1.583696097,2.179048374,-0.598222306,1.407614374,3.813501212,-0.000000023,0.000000720,0.000000656,-0.000001374,-0.000000035,-1.932635561
1770917531.712609291,27.100000000,-1.723337116,-1.583696021,2.179048444,-0.598222453,1.407614368,3.606678980,-0.000000442,0.000000683,0.000000739,-0.000001420,-0.000000453,-2.094395102
1770917531.812609434,27.200000000,-1.723337161,-1.583695952,2.179048518,-0.598222595,1.407614323,3.397239470,-0.000000442,0.000000683,0.000000739,-0.000001420,-0.000000453,-2.094395102
1770917531.912609339,27.300000000,-1.723337231,-1.583695895,2.179048590,-0.598222724,1.407614252,3.187799959,-0.000000823,0.000000530,0.000000706,-0.000001232,-0.000000833,-2.094395102
1770917532.012609482,27.400000000,-1.723337324,-1.583695848,2.179048658,-0.598222838,1.407614158,2.978360449,-0.000001137,0.000000335,0.000000617,-0.000000945,-0.000001145,-2.094395102
1770917532.112609386,27.500000000,-1.723337437,-1.583695815,2.179048719,-0.598222932,1.407614044,2.768920939,-0.000001137,0.000000335,0.000000617,-0.000000945,-0.000001145,-2.094395102
1770917532.212609291,27.600000000,-1.723337572,-1.583695802,2.179048767,-0.598222992,1.407613908,2.559481429,-0.000001360,0.000000112,0.000000477,-0.000000582,-0.000001365,-2.094395102
1770917532.312609434,27.700000000,-1.723337715,-1.583695805,2.179048805,-0.598223026,1.407613765,2.350041918,-0.000001472,-0.000000120,0.000000299,-0.000000171,-0.000001473,-2.094395102
1770917532.412609339,27.800000000,-1.723337862,-1.583695822,2.179048830,-0.598223033,1.407613618,2.140602408,-0.000001465,-0.000000342,0.000000096,0.000000254,-0.000001463,-2.094395102
1770917532.512609482,27.900000000,-1.723338009,-1.583695857,2.179048839,-0.598223008,1.407613472,1.931162898,-0.000001465,-0.000000342,0.000000096,0.000000254,-0.000001463,-2.094395102
1770917532.612609386,28.000000000,-1.723338143,-1.583695907,2.179048831,-0.598222947,1.407613338,1.723209841,-0.000001261,-0.000000505,-0.000000108,0.000000620,-0.000001256,-1.972474914
1770917532.712609291,28.100000000,-1.723338246,-1.583695956,2.179048815,-0.598222882,1.407613236,1.550962350,-0.000000777,-0.000000483,-0.000000222,0.000000709,-0.000000771,-1.472474914
1770917532.812609434,28.200000000,-1.723338310,-1.583695996,2.179048796,-0.598222823,1.407613172,1.428714859,-0.000000513,-0.000000319,-0.000000146,0.000000468,-0.000000509,-0.972474914
1770917532.912609339,28.300000000,-1.723338348,-1.583696020,2.179048786,-0.598222788,1.407613134,1.356467367,-0.000000249,-0.000000155,-0.000000071,0.000000228,-0.000000247,-0.472474914
1770917533.012609482,28.400000000,-1.722622975,-1.580090652,2.175467746,-0.598248073,1.408330052,1.332583427,0.023104808,0.116442785,-0.115656689,-0.000816989,0.023154705,-0.012666348
1770917533.112609386,28.500000000,-1.721796985,-1.575927895,2.171333102,-0.598277294,1.409157814,1.354152898,0.000000180,0.000000128,0.000000086,-0.000000277,-0.000000080,0.447447033
1770917533.212609291,28.600000000,-1.721796956,-1.575927875,2.171333116,-0.598277340,1.409157802,1.423897220,0.000000387,0.000000274,0.000000199,-0.000000650,-0.000000152,0.947439902
1770917533.312609434,28.700000000,-1.721796907,-1.575927840,2.171333143,-0.598277430,1.409157785,1.543640757,0.000000613,0.000000432,0.000000347,-0.000001152,-0.000000170,1.447432206
1770917533.412609339,28.800000000,-1.721796814,-1.575927793,2.171333167,-0.598277521,1.409157838,1.713383550,0.000001233,0.000000494,0.000000106,-0.000000609,0.000001229,1.947422656
1770917533.512609482,28.900000000,-1.721796682,-1.575927742,2.171333176,-0.598277583,1.409157970,1.920662350,0.000001450,0.000000338,-0.000000096,-0.000000250,0.000001448,2.094395102
1770917533.612609386,29.000000000,-1.721796537,-1.575927708,2.171333167,-0.598277608,1.409158115,2.130101860,0.000001450,0.000000338,-0.000000096,-0.000000250,0.000001448,2.094395102
1770917533.712609291,29.100000000,-1.721796391,-1.575927690,2.171333143,-0.598277603,1.409158260,2.339541370,0.000001457,0.000000117,-0.000000297,0.000000172,0.000001459,2.094395102
1770917533.812609434,29.200000000,-1.721796250,-1.575927687,2.171333107,-0.598277571,1.409158402,2.548980880,0.000001346,-0.000000113,-0.000000474,0.000000580,0.000001351,2.094395102
1770917533.912609339,29.300000000,-1.721796115,-1.575927698,2.171333059,-0.598277513,1.409158538,2.758420391,0.000001346,-0.000000113,-0.000000474,0.000000580,0.000001351,2.094395102
1770917534.012609482,29.400000000,-1.721796002,-1.575927731,2.171332998,-0.598277419,1.409158651,2.967859901,0.000001126,-0.000000334,-0.000000613,0.000000942,0.000001134,2.094395102
1770917534.112609386,29.500000000,-1.721795909,-1.575927777,2.171332931,-0.598277307,1.409158745,3.177299411,0.000000815,-0.000000529,-0.000000703,0.000001227,0.000000825,2.094395102
1770917534.212609291,29.600000000,-1.721795837,-1.575927834,2.171332860,-0.598277179,1.409158818,3.386738921,0.000000438,-0.000000680,-0.000000735,0.000001413,0.000000449,2.094395102
1770917534.312609434,29.700000000,-1.721795794,-1.575927902,2.171332787,-0.598277038,1.409158863,3.596178432,0.000000438,-0.000000680,-0.000000735,0.000001413,0.000000449,2.094395102
1770917534.412609339,29.800000000,-1.721795787,-1.575927978,2.171332716,-0.598276892,1.409158871,3.803746598,0.000000023,-0.000000725,-0.000000662,0.000001387,0.000000034,1.957598047
1770917534.512609482,29.900000000,-1.721795799,-1.575928042,2.171332661,-0.598276772,1.409158859,3.974506403,-0.000000271,-0.000000563,-0.000000434,0.000000999,-0.000000263,1.457598047
1770917534.612609386,30.000000000,-1.721795822,-1.575928089,2.171332626,-0.598276690,1.409158838,4.095266208,-0.000000178,-0.000000370,-0.000000285,0.000000656,-0.000000173,0.957598047
1770917534.712609291,30.100000000,-1.721795835,-1.575928116,2.171332604,-0.598276641,1.409158825,4.166026012,-0.000000085,-0.000000177,-0.000000136,0.000000314,-0.000000083,0.457598047
1770917534.812609434,30.200000000,-1.721031511,-1.572023927,2.167415500,-0.598264740,1.409924994,4.188522103,0.022871227,0.116826543,-0.117212573,0.000355664,0.022926440,-0.002584848
1770917534.912609339,30.300000000,-1.720284345,-1.568207393,2.163586372,-0.598253145,1.410673952,4.165564404,0.000000045,0.000000167,0.000000185,-0.000000488,-0.000000193,-0.462473208
1770917535.012609482,30.400000000,-1.720284338,-1.568207367,2.163586399,-0.598253217,1.410673921,4.094317570,0.000000084,0.000000344,0.000000370,-0.000000957,-0.000000432,-0.962465069
1770917535.112609386,30.500000000,-1.720284329,-1.568207325,2.163586444,-0.598253330,1.410673863,3.973071530,0.000000106,0.000000510,0.000000520,-0.000001296,-0.000000718,-1.462457462
1770917535.212609291,30.600000000,-1.720284325,-1.568207263,2.163586502,-0.598253461,1.410673826,3.801826239,-0.000000023,0.000000724,0.000000659,-0.000001381,-0.000000035,-1.962447924
1770917535.312609434,30.700000000,-1.720284332,-1.568207188,2.163586572,-0.598253606,1.410673818,3.594128349,-0.000000433,0.000000677,0.000000731,-0.000001406,-0.000000445,-2.094395102
1770917535.412609339,30.800000000,-1.720284375,-1.568207120,2.163586645,-0.598253747,1.410673774,3.384688839,-0.000000433,0.000000677,0.000000731,-0.000001406,-0.000000445,-2.094395102
1770917535.512609482,30.900000000,-1.720284446,-1.568207063,2.163586716,-0.598253874,1.410673701,3.175249329,-0.000000807,0.000000527,0.000000699,-0.000001222,-0.000000817,-2.094395102
1770917535.612609386,31.000000000,-1.720284539,-1.568207018,2.163586783,-0.598253985,1.410673608,2.965809818,-0.000001115,0.000000334,0.000000610,-0.000000939,-0.000001123,-2.094395102
1770917535.712609291,31.100000000,-1.720284651,-1.568206985,2.163586843,-0.598254078,1.410673495,2.756370308,-0.000001333,0.000000115,0.000000472,-0.000000579,-0.000001338,-2.094395102
1770917535.812609434,31.200000000,-1.720284784,-1.568206974,2.163586891,-0.598254136,1.410673361,2.546930798,-0.000001333,0.000000115,0.000000472,-0.000000579,-0.000001338,-2.094395102
1770917535.912609339,31.300000000,-1.720284925,-1.568206977,2.163586926,-0.598254167,1.410673221,2.337491288,-0.000001443,-0.000000114,0.000000295,-0.000000173,-0.000001445,-2.094395102
1770917536.012609482,31.400000000,-1.720285069,-1.568206995,2.163586950,-0.598254172,1.410673077,2.128051777,-0.000001436,-0.000000334,0.000000095,0.000000247,-0.000001434,-2.094395102
1770917536.112609386,31.500000000,-1.720285212,-1.568207028,2.163586959,-0.598254148,1.410672933,1.918612267,-0.000001436,-0.000000334,0.000000095,0.000000247,-0.000001434,-2.094395102
1770917536.212609291,31.600000000,-1.720285343,-1.568207079,2.163586950,-0.598254086,1.410672803,1.711474027,-0.000001218,-0.000000489,-0.000000105,0.000000600,-0.000001213,-1.942695724
1770917536.312609434,31.700000000,-1.720285441,-1.568207127,2.163586933,-0.598254022,1.410672706,1.542204455,-0.000000746,-0.000000466,-0.000000215,0.000000685,-0.000000741,-1.442695724
1770917536.412609339,31.800000000,-1.720285503,-1.568207166,2.163586916,-0.598253965,1.410672644,1.422934883,-0.000000488,-0.000000305,-0.000000140,0.000000448,-0.000000484,-0.942695724
1770917536.512609482,31.900000000,-1.720285539,-1.568207188,2.163586905,-0.598253932,1.410672609,1.353665310,-0.000000229,-0.000000143,-0.000000066,0.000000210,-0.000000227,-0.442695724
1770917536.612609386,32.000000000,-1.719467596,-1.563972829,2.159296224,-0.598198688,1.411492738,1.332505553,0.022093124,0.114371262,-0.115892271,0.001491882,0.022152179,0.016631212
1770917536.712609291,32.100000000,-1.718802950,-1.560532143,2.155809792,-0.598153821,1.412159147,1.356735701,0.000000189,0.000000134,0.000000090,-0.000000290,-0.000000081,0.476243399
1770917536.812609434,32.200000000,-1.718802921,-1.560532122,2.155809806,-0.598153869,1.412159136,1.429359826,0.000000396,0.000000281,0.000000209,-0.000000685,-0.000000140,0.976236796
1770917536.912609339,32.300000000,-1.718802870,-1.560532087,2.155809834,-0.598153960,1.412159120,1.551983203,0.000000616,0.000000435,0.000000348,-0.000001153,-0.000000165,1.476231006
1770917537.012609482,32.400000000,-1.718802776,-1.560532040,2.155809856,-0.598154046,1.412159180,1.724605821,0.000001227,0.000000493,0.000000107,-0.000000608,0.000001223,1.976221453
1770917537.112609386,32.500000000,-1.718802645,-1.560531991,2.155809864,-0.598154105,1.412159310,1.932648207,0.000001422,0.000000330,-0.000000095,-0.000000244,0.000001420,2.094395102
1770917537.212609291,32.600000000,-1.718802503,-1.560531958,2.155809855,-0.598154129,1.412159452,2.142087718,0.000001422,0.000000330,-0.000000095,-0.000000244,0.000001420,2.094395102
1770917537.312609434,32.700000000,-1.718802360,-1.560531942,2.155809830,-0.598154121,1.412159595,2.351527228,0.000001429,0.000000112,-0.000000294,0.000000174,0.000001431,2.094395102
1770917537.412609339,32.800000000,-1.718802222,-1.560531940,2.155809793,-0.598154087,1.412159734,2.560966738,0.000001320,-0.000000116,-0.000000470,0.000000578,0.000001325,2.094395102
1770917537.512609482,32.900000000,-1.718802091,-1.560531953,2.155809746,-0.598154028,1.412159866,2.770406248,0.000001105,-0.000000334,-0.000000607,0.000000935,0.000001112,2.094395102
1770917537.612609386,33.000000000,-1.718801980,-1.560531986,2.155809685,-0.598153934,1.412159977,2.979845759,0.000001105,-0.000000334,-0.000000607,0.000000935,0.000001112,2.094395102
1770917537.712609291,33.100000000,-1.718801891,-1.560532033,2.155809618,-0.598153821,1.412160067,3.189285269,0.000000799,-0.000000525,-0.000000695,0.000001216,0.000000809,2.094395102
1770917537.812609434,33.200000000,-1.718801823,-1.560532090,2.155809548,-0.598153694,1.412160136,3.398724779,0.000000429,-0.000000674,-0.000000727,0.000001399,0.000000441,2.094395102
1770917537.912609339,33.300000000,-1.718801780,-1.560532157,2.155809475,-0.598153554,1.412160181,3.608164289,0.000000429,-0.000000674,-0.000000727,0.000001399,0.000000441,2.094395102
1770917538.012609482,33.400000000,-1.718801776,-1.560532233,2.155809406,-0.598153409,1.412160186,3.814857595,0.000000022,-0.000000707,-0.000000645,0.000001352,0.000000033,1.928678349
1770917538.112609386,33.500000000,-1.718801789,-1.560532296,2.155809353,-0.598153294,1.412160173,3.982725430,-0.000000261,-0.000000546,-0.000000421,0.000000968,-0.000000253,1.428678349
1770917538.212609291,33.600000000,-1.718801811,-1.560532341,2.155809318,-0.598153214,1.412160152,4.100593265,-0.000000170,-0.000000355,-0.000000273,0.000000629,-0.000000164,0.928678349
1770917538.312609434,33.700000000,-1.718801823,-1.560532366,2.155809298,-0.598153168,1.412160140,4.168461100,-0.000000078,-0.000000164,-0.000000126,0.000000290,-0.000000076,0.428678349
1770917538.412609339,33.800000000,-1.717946881,-1.556047128,2.151219847,-0.598050074,1.413017594,4.188343120,0.021583708,0.113233220,-0.115863769,0.002602290,0.021647098,-0.029991088
1770917538.512609482,33.900000000,-1.717347376,-1.552901988,2.148001660,-0.597977820,1.413618847,4.162930422,0.000000048,0.000000175,0.000000193,-0.000000508,-0.000000199,-0.488814338
1770917538.612609386,34.000000000,-1.717347370,-1.552901961,2.148001688,-0.597977893,1.413618815,4.089049224,0.000000083,0.000000348,0.000000368,-0.000000942,-0.000000443,-0.988807714
1770917538.712609291,34.100000000,-1.717347360,-1.552901918,2.148001733,-0.597978006,1.413618758,3.965168770,0.000000106,0.000000511,0.000000512,-0.000001260,-0.000000722,-1.488800594
1770917538.812609434,34.200000000,-1.717347357,-1.552901856,2.148001792,-0.597978135,1.413618726,3.791289083,-0.000000023,0.000000725,0.000000661,-0.000001385,-0.000000035,-1.988792378
1770917538.912609339,34.300000000,-1.717347366,-1.552901782,2.148001861,-0.597978279,1.413618715,3.582965387,-0.000000425,0.000000671,0.000000724,-0.000001392,-0.000000437,-2.094395102
1770917539.012609482,34.400000000,-1.717347408,-1.552901715,2.148001934,-0.597978419,1.413618672,3.373525877,-0.000000425,0.000000671,0.000000724,-0.000001392,-0.000000437,-2.094395102
1770917539.112609386,34.500000000,-1.717347480,-1.552901659,2.148002003,-0.597978543,1.413618599,3.164086366,-0.000000792,0.000000524,0.000000692,-0.000001211,-0.000000802,-2.094395102
1770917539.212609291,34.600000000,-1.717347572,-1.552901615,2.148002069,-0.597978652,1.413618506,2.954646856,-0.000001094,0.000000334,0.000000604,-0.000000932,-0.000001102,-2.094395102
1770917539.312609434,34.700000000,-1.717347683,-1.552901584,2.148002128,-0.597978743,1.413618394,2.745207346,-0.000001308,0.000000117,0.000000467,-0.000000577,-0.000001313,-2.094395102
1770917539.412609339,34.800000000,-1.717347814,-1.552901572,2.148002175,-0.597978801,1.413618263,2.535767836,-0.000001308,0.000000117,0.000000467,-0.000000577,-0.000001313,-2.094395102
1770917539.512609482,34.900000000,-1.717347953,-1.552901576,2.148002209,-0.597978830,1.413618124,2.326328325,-0.000001416,-0.000000109,0.000000292,-0.000000175,-0.000001417,-2.094395102
1770917539.612609386,35.000000000,-1.717348094,-1.552901595,2.148002232,-0.597978833,1.413617983,2.116888815,-0.000001409,-0.000000327,0.000000094,0.000000240,-0.000001407,-2.094395102
1770917539.712609291,35.100000000,-1.717348235,-1.552901627,2.148002241,-0.597978809,1.413617842,1.907449305,-0.000001409,-0.000000327,0.000000094,0.000000240,-0.000001407,-2.094395102
1770917539.812609434,35.200000000,-1.717348362,-1.552901678,2.148002230,-0.597978747,1.413617715,1.701186188,-0.000001178,-0.000000474,-0.000000102,0.000000583,-0.000001173,-1.916170724
1770917539.912609339,35.300000000,-1.717348455,-1.552901725,2.148002214,-0.597978683,1.413617622,1.534569115,-0.000000718,-0.000000451,-0.000000209,0.000000664,-0.000000713,-1.416170724
1770917540.012609482,35.400000000,-1.717348514,-1.552901762,2.148002196,-0.597978628,1.413617564,1.417952043,-0.000000465,-0.000000292,-0.000000135,0.000000429,-0.000000461,-0.916170724
1770917540.112609386,35.500000000,-1.717348548,-1.552901783,2.148002187,-0.597978597,1.413617530,1.351334971,-0.000000211,-0.000000132,-0.000000061,0.000000195,-0.000000210,-0.416170724
1770917540.212609291,35.600000000,-1.716454377,-1.548148121,2.143091156,-0.597822391,1.414514568,1.332563782,0.020858969,0.110890993,-0.114561757,0.003643652,0.020925833,0.041884361
1770917540.312609434,35.700000000,-1.715921340,-1.545314420,2.140163665,-0.597729297,1.415049300,1.359028541,0.000000196,0.000000140,0.000000094,-0.000000299,-0.000000081,0.500260407
1770917540.412609339,35.800000000,-1.715921310,-1.545314399,2.140163680,-0.597729345,1.415049289,1.434054119,0.000000401,0.000000285,0.000000211,-0.000000689,-0.000000136,1.000251364
1770917540.512609482,35.900000000,-1.715921259,-1.545314363,2.140163708,-0.597729437,1.415049274,1.559078920,0.000000624,0.000000439,0.000000358,-0.000001188,-0.000000140,1.500244217
1770917540.612609386,36.000000000,-1.715921164,-1.545314317,2.140163728,-0.597729520,1.415049339,1.734102951,0.000001218,0.000000490,0.000000107,-0.000000606,0.000001214,2.000236000
1770917540.712609291,36.100000000,-1.715921035,-1.545314269,2.140163736,-0.597729575,1.415049468,1.942655241,0.000001395,0.000000323,-0.000000094,-0.000000237,0.000001394,2.094395102
1770917540.812609434,36.200000000,-1.715920895,-1.545314237,2.140163726,-0.597729599,1.415049608,2.152094751,0.000001395,0.000000323,-0.000000094,-0.000000237,0.000001394,2.094395102
1770917540.912609339,36.300000000,-1.715920755,-1.545314222,2.140163701,-0.597729589,1.415049748,2.361534262,0.000001402,0.000000107,-0.000000291,0.000000176,0.000001404,2.094395102
1770917541.012609482,36.400000000,-1.715920620,-1.545314222,2.140163663,-0.597729553,1.415049884,2.570973772,0.000001296,-0.000000118,-0.000000465,0.000000576,0.000001300,2.094395102
1770917541.112609386,36.500000000,-1.715920492,-1.545314236,2.140163616,-0.597729492,1.415050012,2.780413282,0.000001084,-0.000000333,-0.000000601,0.000000928,0.000001092,2.094395102
1770917541.212609291,36.600000000,-1.715920384,-1.545314269,2.140163556,-0.597729399,1.415050121,2.989852792,0.000001084,-0.000000333,-0.000000601,0.000000928,0.000001092,2.094395102
1770917541.312609434,36.700000000,-1.715920297,-1.545314316,2.140163489,-0.597729286,1.415050208,3.199292303,0.000000784,-0.000000522,-0.000000688,0.000001206,0.000000794,2.094395102
1770917541.412609339,36.800000000,-1.715920232,-1.545314374,2.140163419,-0.597729159,1.415050274,3.408731813,0.000000421,-0.000000668,-0.000000720,0.000001386,0.000000433,2.094395102
1770917541.512609482,36.900000000,-1.715920190,-1.545314441,2.140163347,-0.597729020,1.415050317,3.618171323,0.000000024,-0.000000760,-0.000000693,0.000001453,0.000000036,2.094395102
1770917541.612609386,37.000000000,-1.715920188,-1.545314515,2.140163279,-0.597728877,1.415050321,3.824004383,0.000000022,-0.000000691,-0.000000631,0.000001321,0.000000033,1.904488550
1770917541.712609291,37.100000000,-1.715920203,-1.545314577,2.140163228,-0.597728764,1.415050307,3.989453238,-0.000000252,-0.000000530,-0.000000409,0.000000941,-0.000000244,1.404488550
1770917541.812609434,37.200000000,-1.715920223,-1.545314620,2.140163194,-0.597728687,1.415050287,4.104902093,-0.000000162,-0.000000341,-0.000000264,0.000000606,-0.000000157,0.904488550
1770917541.912609339,37.300000000,-1.715920235,-1.545314645,2.140163175,-0.597728643,1.415050276,4.170350948,-0.000000072,-0.000000153,-0.000000118,0.000000271,-0.000000070,0.404488550
1770917542.012609482,37.400000000,-1.715002265,-1.540369588,2.135005908,-0.597517618,1.415971441,4.188062812,0.020261482,0.109147287,-0.113830873,0.004657431,0.020331978,-0.052953170
1770917542.112609386,37.500000000,-1.714519570,-1.537769345,2.132294107,-0.597406690,1.416455803,4.160629456,0.000000050,0.000000181,0.000000199,-0.000000522,-0.000000202,-0.510577368
1770917542.212609291,37.600000000,-1.714519563,-1.537769318,2.132294135,-0.597406764,1.416455771,4.084572179,0.000000086,0.000000352,0.000000372,-0.000000948,-0.000000440,-1.010568581
1770917542.312609434,37.700000000,-1.714519553,-1.537769275,2.132294180,-0.597406876,1.416455714,3.958515670,0.000000109,0.000000514,0.000000513,-0.000001260,-0.000000712,-1.510561441
1770917542.412609339,37.800000000,-1.714519550,-1.537769212,2.132294238,-0.597407005,1.416455685,3.782459934,-0.000000023,0.000000725,0.000000662,-0.000001386,-0.000000035,-2.010553224
1770917542.512609482,37.900000000,-1.714519561,-1.537769139,2.132294308,-0.597407148,1.416455673,3.573723995,-0.000000417,0.000000665,0.000000716,-0.000001379,-0.000000429,-2.094395102
1770917542.612609386,38.000000000,-1.714519603,-1.537769072,2.132294379,-0.597407285,1.416455631,3.364284484,-0.000000417,0.000000665,0.000000716,-0.000001379,-0.000000429,-2.094395102
1770917542.712609291,38.100000000,-1.714519675,-1.537769018,2.132294448,-0.597407408,1.416455558,3.154844974,-0.000000777,0.000000520,0.000000685,-0.000001201,-0.000000787,-2.094395102
1770917542.812609434,38.200000000,-1.714519767,-1.537768975,2.132294513,-0.597407515,1.416455465,2.945405464,-0.000001074,0.000000333,0.000000598,-0.000000925,-0.000001081,-2.094395102
1770917542.912609339,38.300000000,-1.714519876,-1.537768944,2.132294571,-0.597407604,1.416455354,2.735965954,-0.000001283,0.000000119,0.000000462,-0.000000574,-0.000001288,-2.094395102
1770917543.012609482,38.400000000,-1.714520005,-1.537768933,2.132294617,-0.597407661,1.416455225,2.526526444,-0.000001283,0.000000119,0.000000462,-0.000000574,-0.000001288,-2.094395102
1770917543.112609386,38.500000000,-1.714520141,-1.537768937,2.132294650,-0.597407689,1.416455089,2.317086933,-0.000001389,-0.000000104,0.000000290,-0.000000177,-0.000001391,-2.094395102
1770917543.212609291,38.600000000,-1.714520280,-1.537768956,2.132294672,-0.597407690,1.416454950,2.107647423,-0.000001382,-0.000000320,0.000000093,0.000000234,-0.000001381,-2.094395102
1770917543.312609434,38.700000000,-1.714520418,-1.537768989,2.132294680,-0.597407666,1.416454812,1.898207913,-0.000001264,-0.000000509,-0.000000111,0.000000627,-0.000001259,-2.094395102
1770917543.412609339,38.800000000,-1.714520542,-1.537769039,2.132294670,-0.597407604,1.416454689,1.692774649,-0.000001143,-0.000000460,-0.000000100,0.000000567,-0.000001138,-1.894239017
1770917543.512609482,38.900000000,-1.714520631,-1.537769085,2.132294653,-0.597407541,1.416454600,1.528350747,-0.000000694,-0.000000437,-0.000000204,0.000000645,-0.000000689,-1.394239017
1770917543.612609386,39.000000000,-1.714520688,-1.537769121,2.132294636,-0.597407488,1.416454543,1.413926845,-0.000000445,-0.000000280,-0.000000131,0.000000414,-0.000000442,-0.894239017
1770917543.712609291,39.100000000,-1.714520720,-1.537769141,2.132294626,-0.597407458,1.416454511,1.349502944,-0.000000196,-0.000000124,-0.000000058,0.000000182,-0.000000195,-0.394239017
1770917543.812609434,39.200000000,-1.713576839,-1.532617201,2.126871390,-0.597137370,1.417401941,1.332690900,0.019489132,0.106375555,-0.111977013,0.005576485,0.019562366,0.062610468
1770917543.912609339,39.300000000,-1.713145757,-1.530264320,2.124394625,-0.597014042,1.417834628,1.360970708,0.000000201,0.000000143,0.000000096,-0.000000306,-0.000000080,0.519838142
1770917544.012609482,39.400000000,-1.713145727,-1.530264299,2.124394640,-0.597014091,1.417834618,1.437953839,0.000000403,0.000000287,0.000000212,-0.000000691,-0.000000132,1.019827113
1770917544.112609386,39.500000000,-1.713145676,-1.530264262,2.124394668,-0.597014183,1.417834603,1.564936187,0.000000623,0.000000439,0.000000357,-0.000001181,-0.000000134,1.519819948
1770917544.212609291,39.600000000,-1.713145580,-1.530264217,2.124394687,-0.597014262,1.417834673,1.741917758,0.000001208,0.000000486,0.000000107,-0.000000602,0.000001204,2.019811730
1770917544.312609434,39.700000000,-1.713145452,-1.530264171,2.124394694,-0.597014315,1.417834800,1.950800373,0.000001370,0.000000316,-0.000000093,-0.000000231,0.000001368,2.094395102
1770917544.412609339,39.800000000,-1.713145315,-1.530264140,2.124394684,-0.597014338,1.417834937,2.160239883,0.000001370,0.000000316,-0.000000093,-0.000000231,0.000001368,2.094395102
1770917544.512609482,39.900000000,-1.713145178,-1.530264126,2.124394658,-0.597014326,1.417835075,2.369679393,0.000001376,0.000000102,-0.000000288,0.000000178,0.000001378,2.094395102
1770917544.612609386,40.000000000,-1.713145045,-1.530264127,2.124394621,-0.597014289,1.417835207,2.579118904,0.000001272,-0.000000120,-0.000000460,0.000000573,0.000001276,2.094395102
1770917544.712609291,40.100000000,-1.713144921,-1.530264142,2.124394573,-0.597014227,1.417835332,2.788558414,0.000001064,-0.000000332,-0.000000595,0.000000922,0.000001071,2.094395102
1770917544.812609434,40.200000000,-1.713144814,-1.530264175,2.124394514,-0.597014135,1.417835439,2.997997924,0.000001064,-0.000000332,-0.000000595,0.000000922,0.000001071,2.094395102
1770917544.912609339,40.300000000,-1.713144731,-1.530264223,2.124394447,-0.597014021,1.417835524,3.207437434,0.000000770,-0.000000518,-0.000000682,0.000001195,0.000000780,2.094395102
1770917545.012609482,40.400000000,-1.713144668,-1.530264281,2.124394378,-0.597013895,1.417835588,3.416876945,0.000000414,-0.000000661,-0.000000713,0.000001372,0.000000425,2.094395102
1770917545.112609386,40.500000000,-1.713144629,-1.530264347,2.124394307,-0.597013757,1.417835628,3.626316455,0.000000024,-0.000000751,-0.000000687,0.000001438,0.000000036,2.094395102
1770917545.212609291,40.600000000,-1.713144626,-1.530264421,2.124394240,-0.597013616,1.417835632,3.831360804,0.000000021,-0.000000676,-0.000000618,0.000001294,0.000000032,1.884748710
1770917545.312609434,40.700000000,-1.713144642,-1.530264481,2.124394190,-0.597013506,1.417835617,3.994835675,-0.000000243,-0.000000516,-0.000000400,0.000000917,-0.000000236,1.384748710
1770917545.412609339,40.800000000,-1.713144662,-1.530264523,2.124394157,-0.597013431,1.417835598,4.108310546,-0.000000155,-0.000000330,-0.000000255,0.000000586,-0.000000151,0.884748710
1770917545.512609482,40.900000000,-1.713144673,-1.530264547,2.124394138,-0.597013389,1.417835587,4.171785417,-0.000000068,-0.000000143,-0.000000111,0.000000255,-0.000000066,0.384748710
1770917545.612609386,41.000000000,-1.712188266,-1.524975403,2.118775254,-0.596684864,1.418795861,4.187741464,0.018884140,0.104433312,-0.110943733,0.006486386,0.018960461,-0.071526386
1770917545.712609291,41.100000000,-1.711794773,-1.522799309,2.116463522,-0.596549735,1.419190931,4.158692357,0.000000052,0.000000185,0.000000203,-0.000000531,-0.000000203,-0.528036069
1770917545.812609434,41.200000000,-1.711794766,-1.522799282,2.116463550,-0.596549809,1.419190899,4.080889428,0.000000088,0.000000354,0.000000373,-0.000000950,-0.000000436,-1.028025283
1770917545.912609339,41.300000000,-1.711794756,-1.522799238,2.116463595,-0.596549921,1.419190843,3.953087275,0.000000112,0.000000515,0.000000513,-0.000001257,-0.000000700,-1.528018125
1770917546.012609482,41.400000000,-1.711794754,-1.522799176,2.116463653,-0.596550048,1.419190817,3.775285899,-0.000000023,0.000000724,0.000000661,-0.000001383,-0.000000035,-2.028009727
1770917546.112609386,41.500000000,-1.711794766,-1.522799103,2.116463722,-0.596550190,1.419190804,3.566287716,-0.000000410,0.000000658,0.000000710,-0.000001366,-0.000000421,-2.094395102
1770917546.212609291,41.600000000,-1.711794807,-1.522799038,2.116463793,-0.596550326,1.419190762,3.356848205,-0.000000410,0.000000658,0.000000710,-0.000001366,-0.000000421,-2.094395102
1770917546.312609434,41.700000000,-1.711794879,-1.522798984,2.116463861,-0.596550447,1.419190689,3.147408695,-0.000000763,0.000000516,0.000000678,-0.000001190,-0.000000773,-2.094395102
1770917546.412609339,41.800000000,-1.711794970,-1.522798942,2.116463925,-0.596550552,1.419190597,2.937969185,-0.000001054,0.000000332,0.000000592,-0.000000918,-0.000001062,-2.094395102
1770917546.512609482,41.900000000,-1.711795078,-1.522798912,2.116463982,-0.596550639,1.419190488,2.728529675,-0.000001260,0.000000121,0.000000458,-0.000000572,-0.000001265,-2.094395102
1770917546.612609386,42.000000000,-1.711795204,-1.522798900,2.116464028,-0.596550696,1.419190361,2.519090164,-0.000001260,0.000000121,0.000000458,-0.000000572,-0.000001265,-2.094395102
1770917546.712609291,42.100000000,-1.711795338,-1.522798905,2.116464060,-0.596550722,1.419190227,2.309650654,-0.000001364,-0.000000100,0.000000287,-0.000000179,-0.000001365,-2.094395102
1770917546.812609434,42.200000000,-1.711795475,-1.522798924,2.116464080,-0.596550723,1.419190091,2.100211144,-0.000001357,-0.000000313,0.000000092,0.000000228,-0.000001355,-2.094395102
1770917546.912609339,42.300000000,-1.711795610,-1.522798957,2.116464088,-0.596550698,1.419189956,1.890771634,-0.000001240,-0.000000500,-0.000000110,0.000000617,-0.000001235,-2.094395102
1770917547.012609482,42.400000000,-1.711795730,-1.522799005,2.116464078,-0.596550638,1.419189836,1.687640004,-0.000001092,-0.000000440,-0.000000097,0.000000543,-0.000001087,-1.843240176
1770917547.112609386,42.500000000,-1.711795815,-1.522799050,2.116464061,-0.596550576,1.419189751,1.528315986,-0.000000656,-0.000000415,-0.000000194,0.000000613,-0.000000651,-1.343240176
1770917547.212609291,42.600000000,-1.711795868,-1.522799083,2.116464045,-0.596550526,1.419189698,1.418991968,-0.000000412,-0.000000260,-0.000000122,0.000000385,-0.000000409,-0.843240176
1770917547.312609434,42.700000000,-1.711795897,-1.522799102,2.116464037,-0.596550499,1.419189670,1.359667951,-0.000000168,-0.000000106,-0.000000050,0.000000157,-0.000000166,-0.343240176
1770917547.412609339,42.800000000,-1.711877673,-1.523245754,2.116958995,-0.596598703,1.419107414,1.349722486,-0.000636356,-0.003476247,0.003852312,-0.000375265,-0.000640098,0.136135490
1770917547.512609482,42.900000000,-1.712058499,-1.524232249,2.118051257,-0.596704242,1.418925530,1.388335788,-0.002983436,-0.016258556,0.017988904,-0.001726590,-0.003000809,0.636129275
1770917547.612609386,43.000000000,-1.712475350,-1.526498953,2.120555579,-0.596941334,1.418506273,1.476948251,-0.005364055,-0.029091298,0.032085001,-0.002986932,-0.005394682,1.136120769
1770917547.712609291,43.100000000,-1.713132192,-1.530051843,2.124467223,-0.597299258,1.417845721,1.615560036,-0.007794022,-0.041998520,0.046122775,-0.004114386,-0.007837351,1.636114575
1770917547.812609434,43.200000000,-1.714034606,-1.534896122,2.129773757,-0.597760368,1.416938370,1.803996629,-0.010089795,-0.053932572,0.058910143,-0.004964745,-0.010144009,2.094395102
1770917547.912609339,43.300000000,-1.715050565,-1.540299940,2.135656749,-0.598238247,1.415917067,2.013436140,-0.010227588,-0.054141168,0.058752311,-0.004598079,-0.010280283,2.094395102
1770917548.012609482,43.400000000,-1.716080480,-1.545724911,2.141523939,-0.598679148,1.414881960,2.222875650,-0.010368317,-0.054354675,0.058594752,-0.004226770,-0.010419475,2.094395102
1770917548.112609386,43.500000000,-1.717124651,-1.551171531,2.147375353,-0.599082598,1.413832753,2.432315161,-0.010512065,-0.054573182,0.058437433,-0.003850694,-0.010561667,2.094395102
1770917548.212609291,43.600000000,-1.718183385,-1.556640308,2.153211014,-0.599448113,1.412769140,2.641754672,-0.010658920,-0.054796783,0.058280323,-0.003469727,-0.010706948,2.094395102
1770917548.312609434,43.700000000,-1.719257000,-1.562131759,2.159030941,-0.599775195,1.411690804,2.851194183,-0.010808975,-0.055025574,0.058123391,-0.003083742,-0.010855408,2.094395102
1770917548.412609339,43.800000000,-1.720345820,-1.567646409,2.164835150,-0.600063333,1.410597424,3.060633694,-0.010962323,-0.055259654,0.057966604,-0.002692606,-0.011007142,2.094395102
1770917548.512609482,43.900000000,-1.721450183,-1.573184795,2.170623655,-0.600312002,1.409488664,3.270073206,-0.011119064,-0.055499125,0.057809930,-0.002296186,-0.011162246,2.094395102
1770917548.612609386,44.000000000,-1.722570434,-1.578747464,2.176396464,-0.600520666,1.408364181,3.479512717,-0.011279298,-0.055744094,0.057653338,-0.001894342,-0.011320822,2.094395102
1770917548.712609291,44.100000000,-1.723706930,-1.584334974,2.182153585,-0.600688773,1.407223621,3.688952228,-0.011443131,-0.055994668,0.057496793,-0.001486934,-0.011482975,2.094395102
1770917548.812609434,44.200000000,-1.724775078,-1.589536289,2.187475447,-0.600807897,1.406151857,3.883066511,-0.009440454,-0.045736758,0.046622453,-0.000873102,-0.009471465,1.702919192
1770917548.912609339,44.300000000,-1.725584114,-1.593443997,2.191449947,-0.600873609,1.405340212,4.028358327,-0.006733967,-0.032407767,0.032873477,-0.000456698,-0.006755213,1.202917146
1770917549.012609482,44.400000000,-1.726119186,-1.596013736,2.194052615,-0.600905821,1.404803473,4.123649990,-0.003963976,-0.018981650,0.019183111,-0.000196144,-0.003976099,0.702916114
1770917549.112609386,44.500000000,-1.726374810,-1.597237117,2.195288469,-0.600917951,1.404547070,4.168941593,-0.001147125,-0.005483876,0.005535201,-0.000049784,-0.001150596,0.202915945
1770917549.212609291,44.600000000,-1.726486432,-1.597770680,2.195826993,-0.600922763,1.404435110,4.165226880,-0.000000183,-0.000000252,-0.000000128,0.000000380,-0.000000182,-0.279535360
1770917549.312609434,44.700000000,-1.726486467,-1.597770727,2.195826968,-0.600922691,1.404435076,4.112273796,-0.000000511,-0.000000702,-0.000000358,0.000001060,-0.000000509,-0.779528342
1770917549.412609339,44.800000000,-1.726486534,-1.597770820,2.195826921,-0.600922550,1.404435008,4.009321199,-0.000000840,-0.000001153,-0.000000588,0.000001741,-0.000000836,-1.279522807
1770917549.512609482,44.900000000,-1.726486605,-1.597770898,2.195826888,-0.600922439,1.404434938,3.856369169,-0.000000021,0.000000673,0.000000609,-0.000001282,-0.000000032,-1.779517715
1770917549.612609386,45.000000000,-1.726486607,-1.597770823,2.195826957,-0.600922583,1.404434935,3.656844903,-0.000000025,0.000000793,0.000000717,-0.000001509,-0.000000037,-2.094395102
1770917549.712609291,45.100000000,-1.726486644,-1.597770751,2.195827031,-0.600922728,1.404434896,3.447405393,-0.000000451,0.000000693,0.000000744,-0.000001435,-0.000000462,-2.094395102
1770917549.812609434,45.200000000,-1.726486707,-1.597770689,2.195827104,-0.600922863,1.404434833,3.237965882,-0.000000839,0.000000537,0.000000712,-0.000001245,-0.000000850,-2.094395102
1770917549.912609339,45.300000000,-1.726486793,-1.597770637,2.195827174,-0.600922985,1.404434745,3.028526372,-0.000001160,0.000000337,0.000000622,-0.000000953,-0.000001168,-2.094395102
1770917550.012609482,45.400000000,-1.726486909,-1.597770603,2.195827236,-0.600923080,1.404434628,2.819086862,-0.000001160,0.000000337,0.000000622,-0.000000953,-0.000001168,-2.094395102
1770917550.112609386,45.500000000,-1.726487042,-1.597770586,2.195827288,-0.600923149,1.404434495,2.609647352,-0.000001387,0.000000111,0.000000481,-0.000000585,-0.000001392,-2.094395102
1770917550.212609291,45.600000000,-1.726487185,-1.597770583,2.195827330,-0.600923193,1.404434352,2.400207841,-0.000001502,-0.000000125,0.000000302,-0.000000169,-0.000001503,-2.094395102
1770917550.312609434,45.700000000,-1.726487335,-1.597770596,2.195827360,-0.600923210,1.404434202,2.190768331,-0.000001502,-0.000000125,0.000000302,-0.000000169,-0.000001503,-2.094395102
1770917550.412609339,45.800000000,-1.726487484,-1.597770631,2.195827370,-0.600923184,1.404434053,1.981328821,-0.000001494,-0.000000351,0.000000098,0.000000261,-0.000001492,-2.094395102
1770917550.512609482,45.900000000,-1.726487626,-1.597770678,2.195827366,-0.600923132,1.404433912,1.771889921,-0.000001365,-0.000000547,-0.000000114,0.000000669,-0.000001359,-2.091924884
1770917550.612609386,46.000000000,-1.726487742,-1.597770729,2.195827353,-0.600923068,1.404433795,1.587697397,-0.000000857,-0.000000533,-0.000000241,0.000000778,-0.000000851,-1.591925242
1770917550.712609291,46.100000000,-1.726487814,-1.597770774,2.195827333,-0.600923002,1.404433724,1.453504873,-0.000000588,-0.000000365,-0.000000165,0.000000534,-0.000000583,-1.091925242
1770917550.812609434,46.200000000,-1.726487860,-1.597770802,2.195827320,-0.600922961,1.404433679,1.369312348,-0.000000319,-0.000000198,-0.000000089,0.000000289,-0.000000316,-0.591925242
1770917550.912609339,46.300000000,-1.726269027,-1.596698214,2.194781546,-0.600950070,1.404652885,1.334431431,0.017890709,0.087683417,-0.085490126,-0.002217411,0.017921260,-0.132855392
1770917551.012609482,46.400000000,-1.724884434,-1.589912283,2.188165367,-0.601121690,1.406039835,1.344887254,0.000000133,0.000000095,0.000000063,-0.000000206,-0.000000061,0.325956939
1770917551.112609386,46.500000000,-1.724884411,-1.589912266,2.188165378,-0.601121728,1.406039825,1.402482742,0.000000342,0.000000243,0.000000176,-0.000000578,-0.000000138,0.825949866
1770917551.212609291,46.600000000,-1.724884366,-1.589912234,2.188165402,-0.601121807,1.406039809,1.510077446,0.000000564,0.000000399,0.000000312,-0.000001040,-0.000000179,1.325943301
1770917551.312609434,46.700000000,-1.724884287,-1.589912188,2.188165432,-0.601121913,1.406039828,1.667671423,0.000001179,0.000000473,0.000000099,-0.000000581,0.000001175,1.825935631
1770917551.412609339,46.800000000,-1.724884156,-1.589912136,2.188165443,-0.601121977,1.406039958,1.869903140,0.000001353,0.000000543,0.000000114,-0.000000666,0.000001349,2.094395102
1770917551.512609482,46.900000000,-1.724884010,-1.589912098,2.188165437,-0.601122010,1.406040104,2.079342650,0.000001479,0.000000347,-0.000000097,-0.000000257,0.000001477,2.094395102
1770917551.612609386,47.000000000,-1.724883862,-1.589912074,2.188165417,-0.601122015,1.406040252,2.288782161,0.000001487,0.000000122,-0.000000300,0.000000170,0.000001488,2.094395102
1770917551.712609291,47.100000000,-1.724883715,-1.589912065,2.188165385,-0.601121994,1.406040400,2.498221671,0.000001373,-0.000000112,-0.000000479,0.000000584,0.000001378,2.094395102
1770917551.812609434,47.200000000,-1.724883577,-1.589912076,2.188165337,-0.601121935,1.406040538,2.707661181,0.000001373,-0.000000112,-0.000000479,0.000000584,0.000001378,2.094395102
1770917551.912609339,47.300000000,-1.724883457,-1.589912104,2.188165279,-0.601121850,1.406040659,2.917100691,0.000001149,-0.000000337,-0.000000618,0.000000950,0.000001156,2.094395102
1770917552.012609482,47.400000000,-1.724883354,-1.589912145,2.188165214,-0.601121743,1.406040763,3.126540202,0.000000831,-0.000000535,-0.000000708,0.000001239,0.000000841,2.094395102
1770917552.112609386,47.500000000,-1.724883272,-1.589912199,2.188165143,-0.601121619,1.406040846,3.335979712,0.000000446,-0.000000690,-0.000000740,0.000001428,0.000000458,2.094395102
1770917552.212609291,47.600000000,-1.724883227,-1.589912268,2.188165069,-0.601121476,1.406040892,3.545419222,0.000000446,-0.000000690,-0.000000740,0.000001428,0.000000458,2.094395102
1770917552.312609434,47.700000000,-1.724883210,-1.589912343,2.188164997,-0.601121329,1.406040910,3.754834866,0.000000025,-0.000000783,-0.000000707,0.000001490,0.000000037,2.078946308
1770917552.412609339,47.800000000,-1.724883215,-1.589912413,2.188164936,-0.601121199,1.406040906,3.937729496,-0.000000300,-0.000000621,-0.000000473,0.000001095,-0.000000291,1.578946308
1770917552.512609482,47.900000000,-1.724883240,-1.589912465,2.188164896,-0.601121106,1.406040882,4.070624127,-0.000000205,-0.000000424,-0.000000323,0.000000748,-0.000000199,1.078946308
1770917552.612609386,48.000000000,-1.724883256,-1.589912498,2.188164871,-0.601121049,1.406040866,4.153518758,-0.000000110,-0.000000228,-0.000000173,0.000000402,-0.000000107,0.578946308
1770917552.712609291,48.100000000,-1.724623276,-1.588620895,2.186892396,-0.601140524,1.406301354,4.187192479,0.018667465,0.092740465,-0.091365480,-0.001399974,0.018703924,0.119200839
1770917552.812609434,48.200000000,-1.723311568,-1.582104298,2.180472430,-0.601238915,1.407615617,4.175469797,0.000000033,0.000000125,0.000000138,-0.000000365,-0.000000145,-0.339906694
1770917552.912609339,48.300000000,-1.723311562,-1.582104276,2.180472453,-0.601238977,1.407615591,4.116479434,0.000000073,0.000000305,0.000000327,-0.000000850,-0.000000387,-0.839898231
1770917553.012609482,48.400000000,-1.723311554,-1.582104237,2.180472494,-0.601239083,1.407615539,4.007489903,0.000000101,0.000000477,0.000000492,-0.000001245,-0.000000662,-1.339891760
1770917553.112609386,48.500000000,-1.723311547,-1.582104180,2.180472550,-0.601239213,1.407615484,3.848501098,-0.000000022,0.000000689,0.000000622,-0.000001310,-0.000000033,-1.839884130
1770917553.212609291,48.600000000,-1.723311549,-1.582104104,2.180472618,-0.601239358,1.407615481,3.645539910,-0.000000025,0.000000785,0.000000708,-0.000001491,-0.000000037,-2.094395102
1770917553.312609434,48.700000000,-1.723311588,-1.582104034,2.180472692,-0.601239501,1.407615441,3.436100399,-0.000000442,0.000000687,0.000000736,-0.000001421,-0.000000453,-2.094395102
1770917553.412609339,48.800000000,-1.723311651,-1.582103973,2.180472764,-0.601239634,1.407615377,3.226660889,-0.000000823,0.000000534,0.000000704,-0.000001234,-0.000000833,-2.094395102
1770917553.512609482,48.900000000,-1.723311738,-1.582103922,2.180472833,-0.601239753,1.407615289,3.017221379,-0.000001137,0.000000337,0.000000615,-0.000000947,-0.000001145,-2.094395102
1770917553.612609386,49.000000000,-1.723311852,-1.582103888,2.180472894,-0.601239848,1.407615175,2.807781869,-0.000001137,0.000000337,0.000000615,-0.000000947,-0.000001145,-2.094395102
1770917553.712609291,49.100000000,-1.723311983,-1.582103872,2.180472945,-0.601239914,1.407615043,2.598342358,-0.000001360,0.000000114,0.000000476,-0.000000583,-0.000001364,-2.094395102
1770917553.812609434,49.200000000,-1.723312123,-1.582103870,2.180472985,-0.601239955,1.407614902,2.388902848,-0.000001472,-0.000000119,0.000000299,-0.000000171,-0.000001473,-2.094395102
1770917553.912609339,49.300000000,-1.723312270,-1.582103883,2.180473014,-0.601239971,1.407614755,2.179463338,-0.000001465,-0.000000342,0.000000097,0.000000254,-0.000001463,-2.094395102
1770917554.012609482,49.400000000,-1.723312417,-1.582103917,2.180473024,-0.601239945,1.407614609,1.970023828,-0.000001465,-0.000000342,0.000000097,0.000000254,-0.000001463,-2.094395102
1770917554.112609386,49.500000000,-1.723312555,-1.582103965,2.180473019,-0.601239892,1.407614471,1.760669274,-0.000001320,-0.000000531,-0.000000111,0.000000649,-0.000001315,-2.065247897
1770917554.212609291,49.600000000,-1.723312666,-1.582104014,2.180473006,-0.601239829,1.407614360,1.579144484,-0.000000826,-0.000000516,-0.000000234,0.000000754,-0.000000820,-1.565247897
1770917554.312609434,49.700000000,-1.723312736,-1.582104058,2.180472986,-0.601239765,1.407614291,1.447619695,-0.000000562,-0.000000351,-0.000000159,0.000000513,-0.000000558,-1.065247897
1770917554.412609339,49.800000000,-1.723312779,-1.582104085,2.180472974,-0.601239726,1.407614248,1.366094905,-0.000000298,-0.000000186,-0.000000085,0.000000272,-0.000000296,-0.565247897
1770917554.512609482,49.900000000,-1.723000924,-1.580533663,2.178909918,-0.601247506,1.407926791,1.333679592,0.019510820,0.098246996,-0.097785276,-0.000487652,0.019553805,-0.105143072
1770917554.612609386,50.000000000,-1.721771793,-1.574344394,2.172749746,-0.601278238,1.409158621,1.346729771,0.000000143,0.000000102,0.000000068,-0.000000220,-0.000000063,0.354929004
1770917554.712609291,50.100000000,-1.721771768,-1.574344377,2.172749758,-0.601278278,1.409158611,1.407222412,0.000000349,0.000000248,0.000000179,-0.000000588,-0.000000136,0.854921704
1770917554.812609434,50.200000000,-1.721771722,-1.574344344,2.172749782,-0.601278358,1.409158595,1.517714268,0.000000568,0.000000403,0.000000314,-0.000001043,-0.000000174,1.354915211
1770917554.912609339,50.300000000,-1.721771641,-1.574344299,2.172749810,-0.601278459,1.409158623,1.678205395,0.000001174,0.000000472,0.000000100,-0.000000580,0.000001170,1.854907573
1770917555.012609482,50.400000000,-1.721771512,-1.574344247,2.172749821,-0.601278523,1.409158751,1.881908737,0.000001326,0.000000533,0.000000113,-0.000000655,0.000001322,2.094395102
1770917555.112609386,50.500000000,-1.721771369,-1.574344211,2.172749814,-0.601278552,1.409158895,2.091348248,0.000001450,0.000000338,-0.000000096,-0.000000250,0.000001448,2.094395102
1770917555.212609291,50.600000000,-1.721771223,-1.574344189,2.172749793,-0.601278555,1.409159040,2.300787758,0.000001457,0.000000116,-0.000000297,0.000000173,0.000001459,2.094395102
1770917555.312609434,50.700000000,-1.721771079,-1.574344181,2.172749761,-0.601278531,1.409159184,2.510227268,0.000001346,-0.000000115,-0.000000474,0.000000581,0.000001351,2.094395102
1770917555.412609339,50.800000000,-1.721770945,-1.574344193,2.172749713,-0.601278473,1.409159319,2.719666778,0.000001346,-0.000000115,-0.000000474,0.000000581,0.000001351,2.094395102
1770917555.512609482,50.900000000,-1.721770828,-1.574344222,2.172749655,-0.601278385,1.409159437,2.929106289,0.000001126,-0.000000337,-0.000000612,0.000000943,0.000001134,2.094395102
1770917555.612609386,51.000000000,-1.721770729,-1.574344265,2.172749590,-0.601278278,1.409159537,3.138545799,0.000000815,-0.000000532,-0.000000701,0.000001228,0.000000825,2.094395102
1770917555.712609291,51.100000000,-1.721770650,-1.574344319,2.172749519,-0.601278154,1.409159616,3.347985309,0.000000438,-0.000000684,-0.000000732,0.000001414,0.000000449,2.094395102
1770917555.812609434,51.200000000,-1.721770607,-1.574344387,2.172749446,-0.601278013,1.409159661,3.557424819,0.000000438,-0.000000684,-0.000000732,0.000001414,0.000000449,2.094395102
1770917555.912609339,51.300000000,-1.721770592,-1.574344463,2.172749375,-0.601277866,1.409159677,3.766668271,0.000000024,-0.000000764,-0.000000690,0.000001454,0.000000036,2.050116591
1770917556.012609482,51.400000000,-1.721770599,-1.574344530,2.172749316,-0.601277740,1.409159671,3.946679930,-0.000000289,-0.000000602,-0.000000459,0.000001063,-0.000000280,1.550116591
1770917556.112609386,51.500000000,-1.721770623,-1.574344581,2.172749278,-0.601277650,1.409159648,4.076691589,-0.000000196,-0.000000408,-0.000000311,0.000000720,-0.000000190,1.050116591
1770917556.212609291,51.600000000,-1.721770638,-1.574344612,2.172749254,-0.601277596,1.409159633,4.156703248,-0.000000102,-0.000000214,-0.000000163,0.000000377,-0.000000099,0.550116591
1770917556.312609434,51.700000000,-1.721409817,-1.572503093,2.170897834,-0.601268171,1.409521342,4.187716137,0.020017021,0.102159693,-0.102707829,0.000521721,0.020066224,0.089986500
1770917556.412609339,51.800000000,-1.720259511,-1.566632351,2.164995608,-0.601238209,1.410674467,4.173284119,0.000000036,0.000000134,0.000000148,-0.000000391,-0.000000154,-0.369725346
1770917556.512609482,51.900000000,-1.720259506,-1.566632329,2.164995632,-0.601238272,1.410674440,4.111311910,0.000000077,0.000000313,0.000000334,-0.000000866,-0.000000389,-0.869717350
1770917556.612609386,52.000000000,-1.720259496,-1.566632289,2.164995674,-0.601238379,1.410674388,3.999340503,0.000000104,0.000000483,0.000000496,-0.000001253,-0.000000658,-1.369710916
1770917556.712609291,52.100000000,-1.720259490,-1.566632231,2.164995729,-0.601238508,1.410674339,3.837369829,-0.000000022,0.000000693,0.000000626,-0.000001317,-0.000000033,-1.869701658
1770917556.812609434,52.200000000,-1.720259493,-1.566632155,2.164995797,-0.601238652,1.410674335,3.632979692,-0.000000024,0.000000776,0.000000701,-0.000001475,-0.000000037,-2.094395102
1770917556.912609339,52.300000000,-1.720259533,-1.566632087,2.164995870,-0.601238793,1.410674294,3.423540182,-0.000000433,0.000000681,0.000000729,-0.000001407,-0.000000445,-2.094395102
1770917557.012609482,52.400000000,-1.720259597,-1.566632027,2.164995941,-0.601238923,1.410674228,3.214100671,-0.000000807,0.000000531,0.000000697,-0.000001223,-0.000000817,-2.094395102
1770917557.112609386,52.500000000,-1.720259684,-1.566631978,2.164996009,-0.601239040,1.410674140,3.004661161,-0.000001115,0.000000337,0.000000609,-0.000000940,-0.000001123,-2.094395102
1770917557.212609291,52.600000000,-1.720259796,-1.566631944,2.164996070,-0.601239134,1.410674028,2.795221651,-0.000001115,0.000000337,0.000000609,-0.000000940,-0.000001123,-2.094395102
1770917557.312609434,52.700000000,-1.720259925,-1.566631929,2.164996119,-0.601239198,1.410673898,2.585782141,-0.000001333,0.000000116,0.000000471,-0.000000580,-0.000001338,-2.094395102
1770917557.412609339,52.800000000,-1.720260064,-1.566631928,2.164996158,-0.601239237,1.410673759,2.376342630,-0.000001443,-0.000000114,0.000000295,-0.000000174,-0.000001445,-2.094395102
1770917557.512609482,52.900000000,-1.720260208,-1.566631942,2.164996186,-0.601239250,1.410673615,2.166903120,-0.000001436,-0.000000335,0.000000096,0.000000247,-0.000001434,-2.094395102
1770917557.612609386,53.000000000,-1.720260352,-1.566631975,2.164996195,-0.601239225,1.410673471,1.957463610,-0.000001436,-0.000000335,0.000000096,0.000000247,-0.000001434,-2.094395102
1770917557.712609291,53.100000000,-1.720260486,-1.566632023,2.164996189,-0.601239171,1.410673338,1.748371827,-0.000001276,-0.000000514,-0.000000108,0.000000629,-0.000001271,-2.035426669
1770917557.812609434,53.200000000,-1.720260593,-1.566632071,2.164996175,-0.601239108,1.410673231,1.569829161,-0.000000794,-0.000000498,-0.000000227,0.000000730,-0.000000788,-1.535426669
1770917557.912609339,53.300000000,-1.720260659,-1.566632113,2.164996156,-0.601239047,1.410673165,1.441286494,-0.000000535,-0.000000336,-0.000000153,0.000000492,-0.000000532,-1.035426669
1770917558.012609482,53.400000000,-1.720260700,-1.566632139,2.164996145,-0.601239009,1.410673125,1.362743827,-0.000000277,-0.000000174,-0.000000079,0.000000255,-0.000000275,-0.535426669
1770917558.112609386,53.500000000,-1.719846933,-1.564491947,2.162823047,-0.601206645,1.411088016,1.333062849,0.020476131,0.105908771,-0.107536475,0.001600879,0.020531779,-0.076147013
1770917558.212609291,53.600000000,-1.718778472,-1.558965578,2.157211753,-0.601123122,1.412159372,1.348752505,0.000000152,0.000000109,0.000000072,-0.000000233,-0.000000065,0.383266250
1770917558.312609434,53.700000000,-1.718778447,-1.558965560,2.157211766,-0.601123163,1.412159362,1.412079026,0.000000356,0.000000254,0.000000182,-0.000000596,-0.000000134,0.883261892
1770917558.412609339,53.800000000,-1.718778400,-1.558965527,2.157211790,-0.601123245,1.412159346,1.525404859,0.000000578,0.000000409,0.000000325,-0.000001081,-0.000000152,1.383254161
1770917558.512609482,53.900000000,-1.718778317,-1.558965482,2.157211817,-0.601123342,1.412159381,1.688729952,0.000001169,0.000000471,0.000000100,-0.000000580,0.000001165,1.883246064
1770917558.612609386,54.000000000,-1.718778190,-1.558965430,2.157211828,-0.601123405,1.412159508,1.893710404,0.000001301,0.000000524,0.000000111,-0.000000644,0.000001297,2.094395102
1770917558.712609291,54.100000000,-1.718778049,-1.558965396,2.157211819,-0.601123431,1.412159650,2.103149914,0.000001422,0.000000331,-0.000000095,-0.000000243,0.000001420,2.094395102
1770917558.812609434,54.200000000,-1.718777906,-1.558965376,2.157211798,-0.601123431,1.412159792,2.312589424,0.000001429,0.000000111,-0.000000294,0.000000175,0.000001431,2.094395102
1770917558.912609339,54.300000000,-1.718777765,-1.558965370,2.157211764,-0.601123404,1.412159933,2.522028935,0.000001320,-0.000000118,-0.000000469,0.000000579,0.000001325,2.094395102
1770917559.012609482,54.400000000,-1.718777633,-1.558965382,2.157211718,-0.601123346,1.412160065,2.731468445,0.000001320,-0.000000118,-0.000000469,0.000000579,0.000001325,2.094395102
1770917559.112609386,54.500000000,-1.718777520,-1.558965413,2.157211659,-0.601123257,1.412160180,2.940907955,0.000001105,-0.000000337,-0.000000605,0.000000936,0.000001112,2.094395102
1770917559.212609291,54.600000000,-1.718777425,-1.558965456,2.157211594,-0.601123150,1.412160276,3.150347465,0.000000799,-0.000000529,-0.000000693,0.000001218,0.000000809,2.094395102
1770917559.312609434,54.700000000,-1.718777350,-1.558965511,2.157211524,-0.601123026,1.412160352,3.359786976,0.000000429,-0.000000678,-0.000000725,0.000001401,0.000000441,2.094395102
1770917559.412609339,54.800000000,-1.718777307,-1.558965579,2.157211452,-0.601122886,1.412160396,3.569226486,0.000000429,-0.000000678,-0.000000725,0.000001401,0.000000441,2.094395102
1770917559.512609482,54.900000000,-1.718777295,-1.558965653,2.157211382,-0.601122741,1.412160409,3.778136623,0.000000024,-0.000000745,-0.000000673,0.000001419,0.000000035,2.021637056
1770917559.612609386,55.000000000,-1.718777303,-1.558965720,2.157211325,-0.601122617,1.412160402,3.955300328,-0.000000278,-0.000000584,-0.000000446,0.000001032,-0.000000269,1.521637056
1770917559.712609291,55.100000000,-1.718777326,-1.558965768,2.157211287,-0.601122531,1.412160379,4.082464034,-0.000000187,-0.000000392,-0.000000300,0.000000693,-0.000000181,1.021637056
1770917559.812609434,55.200000000,-1.718777341,-1.558965798,2.157211265,-0.601122479,1.412160365,4.159627739,-0.000000095,-0.000000200,-0.000000153,0.000000354,-0.000000092,0.521637056
1770917559.912609339,55.300000000,-1.718322044,-1.556579283,2.154764329,-0.601062650,1.412617020,4.188042137,0.020573776,0.107840317,-0.110569751,0.002702676,0.020635129,0.062850534
1770917560.012609482,55.400000000,-1.717323241,-1.551343923,2.149396477,-0.600931462,1.413618792,4.171173776,0.000000039,0.000000142,0.000000156,-0.000000411,-0.000000160,-0.395615789
1770917560.112609386,55.500000000,-1.717323235,-1.551343900,2.149396502,-0.600931527,1.413618765,4.106612316,0.000000079,0.000000319,0.000000339,-0.000000877,-0.000000390,-0.895611371
1770917560.212609291,55.600000000,-1.717323226,-1.551343860,2.149396544,-0.600931634,1.413618713,3.992051552,0.000000103,0.000000485,0.000000488,-0.000001220,-0.000000664,-1.395603668
1770917560.312609434,55.700000000,-1.717323221,-1.551343802,2.149396599,-0.600931762,1.413618668,3.827491528,-0.000000022,0.000000695,0.000000628,-0.000001321,-0.000000033,-1.895595576
1770917560.412609339,55.800000000,-1.717323223,-1.551343726,2.149396668,-0.600931905,1.413618665,3.622004808,-0.000000024,0.000000768,0.000000694,-0.000001460,-0.000000036,-2.094395102
1770917560.512609482,55.900000000,-1.717323265,-1.551343659,2.149396740,-0.600932044,1.413618622,3.412565298,-0.000000425,0.000000675,0.000000721,-0.000001394,-0.000000437,-2.094395102
1770917560.612609386,56.000000000,-1.717323330,-1.551343600,2.149396810,-0.600932173,1.413618556,3.203125787,-0.000000792,0.000000527,0.000000690,-0.000001212,-0.000000802,-2.094395102
1770917560.712609291,56.100000000,-1.717323416,-1.551343552,2.149396877,-0.600932287,1.413618468,2.993686277,-0.000001094,0.000000337,0.000000602,-0.000000933,-0.000001102,-2.094395102
1770917560.812609434,56.200000000,-1.717323526,-1.551343519,2.149396937,-0.600932380,1.413618358,2.784246767,-0.000001094,0.000000337,0.000000602,-0.000000933,-0.000001102,-2.094395102
1770917560.912609339,56.300000000,-1.717323654,-1.551343504,2.149396985,-0.600932442,1.413618229,2.574807257,-0.000001308,0.000000119,0.000000466,-0.000000578,-0.000001313,-2.094395102
1770917561.012609482,56.400000000,-1.717323791,-1.551343504,2.149397022,-0.600932479,1.413618092,2.365367747,-0.000001416,-0.000000109,0.000000292,-0.000000176,-0.000001417,-2.094395102
1770917561.112609386,56.500000000,-1.717323932,-1.551343518,2.149397049,-0.600932490,1.413617951,2.155928236,-0.000001409,-0.000000327,0.000000095,0.000000240,-0.000001407,-2.094395102
1770917561.212609291,56.600000000,-1.717324073,-1.551343551,2.149397058,-0.600932466,1.413617810,1.946488726,-0.000001409,-0.000000327,0.000000095,0.000000240,-0.000001407,-2.094395102
1770917561.312609434,56.700000000,-1.717324204,-1.551343599,2.149397051,-0.600932410,1.413617680,1.737772459,-0.000001235,-0.000000498,-0.000000106,0.000000611,-0.000001231,-2.009351386
1770917561.412609339,56.800000000,-1.717324306,-1.551343647,2.149397037,-0.600932348,1.413617578,1.561837321,-0.000000766,-0.000000482,-0.000000221,0.000000708,-0.000000760,-1.509351386
1770917561.512609482,56.900000000,-1.717324370,-1.551343687,2.149397018,-0.600932288,1.413617515,1.435902182,-0.000000512,-0.000000322,-0.000000148,0.000000473,-0.000000508,-1.009351386
1770917561.612609386,57.000000000,-1.717324408,-1.551343711,2.149397007,-0.600932253,1.413617477,1.359967043,-0.000000258,-0.000000163,-0.000000075,0.000000239,-0.000000256,-0.509351386
1770917561.712609291,57.100000000,-1.716825990,-1.548696287,2.146656410,-0.600839724,1.414117516,1.332656593,0.020681632,0.109851066,-0.113716600,0.003838830,0.020748877,-0.051361516
1770917561.812609434,57.200000000,-1.715897546,-1.543764866,2.141551468,-0.600667404,1.415048969,1.350562799,0.000000160,0.000000114,0.000000076,-0.000000244,-0.000000065,0.406845734
1770917561.912609339,57.300000000,-1.715897520,-1.543764847,2.141551481,-0.600667446,1.415048959,1.416247041,0.000000361,0.000000257,0.000000184,-0.000000602,-0.000000130,0.906838499
1770917562.012609482,57.400000000,-1.715897473,-1.543764814,2.141551506,-0.600667528,1.415048944,1.531930491,0.000000580,0.000000411,0.000000325,-0.000001079,-0.000000146,1.406830687
1770917562.112609386,57.500000000,-1.715897388,-1.543764769,2.141551531,-0.600667621,1.415048985,1.697613197,0.000001161,0.000000468,0.000000101,-0.000000577,0.000001158,1.906822577
1770917562.212609291,57.600000000,-1.715897263,-1.543764719,2.141551542,-0.600667683,1.415049110,1.903533692,0.000001276,0.000000515,0.000000110,-0.000000634,0.000001272,2.094395102
1770917562.312609434,57.700000000,-1.715897123,-1.543764686,2.141551532,-0.600667707,1.415049249,2.112973202,0.000001395,0.000000323,-0.000000094,-0.000000237,0.000001394,2.094395102
1770917562.412609339,57.800000000,-1.715896983,-1.543764668,2.141551510,-0.600667704,1.415049389,2.322412713,0.000001402,0.000000106,-0.000000291,0.000000177,0.000001404,2.094395102
1770917562.512609482,57.900000000,-1.715896846,-1.543764663,2.141551477,-0.600667676,1.415049527,2.531852223,0.000001296,-0.000000120,-0.000000464,0.000000577,0.000001300,2.094395102
1770917562.612609386,58.000000000,-1.715896717,-1.543764675,2.141551430,-0.600667618,1.415049657,2.741291733,0.000001296,-0.000000120,-0.000000464,0.000000577,0.000001300,2.094395102
1770917562.712609291,58.100000000,-1.715896606,-1.543764707,2.141551371,-0.600667528,1.415049768,2.950731243,0.000001084,-0.000000336,-0.000000599,0.000000929,0.000001091,2.094395102
1770917562.812609434,58.200000000,-1.715896514,-1.543764751,2.141551307,-0.600667420,1.415049861,3.160170754,0.000000784,-0.000000525,-0.000000686,0.000001207,0.000000794,2.094395102
1770917562.912609339,58.300000000,-1.715896442,-1.543764806,2.141551238,-0.600667296,1.415049934,3.369610264,0.000000421,-0.000000672,-0.000000717,0.000001387,0.000000433,2.094395102
1770917563.012609482,58.400000000,-1.715896400,-1.543764873,2.141551166,-0.600667158,1.415049977,3.579049774,0.000000421,-0.000000672,-0.000000717,0.000001387,0.000000433,2.094395102
1770917563.112609386,58.500000000,-1.715896391,-1.543764947,2.141551097,-0.600667014,1.415049988,3.787557889,0.000000023,-0.000000728,-0.000000659,0.000001387,0.000000034,1.997886305
1770917563.212609291,58.600000000,-1.715896400,-1.543765012,2.141551041,-0.600666894,1.415049979,3.962346520,-0.000000268,-0.000000568,-0.000000435,0.000001004,-0.000000260,1.497886305
1770917563.312609434,58.700000000,-1.715896422,-1.543765059,2.141551005,-0.600666810,1.415049958,4.087135150,-0.000000179,-0.000000378,-0.000000290,0.000000669,-0.000000173,0.997886305
1770917563.412609339,58.800000000,-1.715896436,-1.543765088,2.141550983,-0.600666760,1.415049945,4.161923781,-0.000000089,-0.000000189,-0.000000145,0.000000334,-0.000000086,0.497886305
1770917563.512609482,58.900000000,-1.715367187,-1.540916594,2.138574277,-0.600539226,1.415581059,4.188185020,0.020513728,0.110407364,-0.115376204,0.004942547,0.020586052,0.040332332
1770917563.612609386,59.000000000,-1.714496103,-1.536228319,2.133675023,-0.600329369,1.416455205,4.169314296,0.000000041,0.000000148,0.000000162,-0.000000426,-0.000000164,-0.416951477
1770917563.712609291,59.100000000,-1.714496097,-1.536228295,2.133675049,-0.600329435,1.416455177,4.102619477,0.000000081,0.000000323,0.000000342,-0.000000884,-0.000000388,-0.916944470
1770917563.812609434,59.200000000,-1.714496088,-1.536228254,2.133675090,-0.600329542,1.416455126,3.985925443,0.000000106,0.000000488,0.000000490,-0.000001221,-0.000000655,-1.416936687
1770917563.912609339,59.300000000,-1.714496083,-1.536228196,2.133675146,-0.600329668,1.416455085,3.819232153,-0.000000022,0.000000695,0.000000628,-0.000001322,-0.000000033,-1.916928582
1770917564.012609482,59.400000000,-1.714496086,-1.536228121,2.133675214,-0.600329810,1.416455081,3.612942748,-0.000000417,0.000000668,0.000000714,-0.000001380,-0.000000429,-2.094395102
1770917564.112609386,59.500000000,-1.714496128,-1.536228054,2.133675285,-0.600329948,1.416455038,3.403503238,-0.000000417,0.000000668,0.000000714,-0.000001380,-0.000000429,-2.094395102
1770917564.212609291,59.600000000,-1.714496193,-1.536227997,2.133675354,-0.600330075,1.416454971,3.194063727,-0.000000777,0.000000523,0.000000683,-0.000001202,-0.000000787,-2.094395102
1770917564.312609434,59.700000000,-1.714496279,-1.536227950,2.133675420,-0.600330187,1.416454884,2.984624217,-0.000001074,0.000000336,0.000000596,-0.000000926,-0.000001081,-2.094395102
1770917564.412609339,59.800000000,-1.714496387,-1.536227917,2.133675480,-0.600330279,1.416454776,2.775184707,-0.000001074,0.000000336,0.000000596,-0.000000926,-0.000001081,-2.094395102
1770917564.512609482,59.900000000,-1.714496513,-1.536227903,2.133675527,-0.600330339,1.416454649,2.565745197,-0.000001283,0.000000121,0.000000462,-0.000000575,-0.000001288,-2.094395102
1770917564.612609386,60.000000000,-1.714496648,-1.536227904,2.133675563,-0.600330375,1.416454514,2.356305687,-0.000001389,-0.000000104,0.000000289,-0.000000178,-0.000001391,-2.094395102
1770917564.712609291,60.100000000,-1.714496787,-1.536227918,2.133675588,-0.600330384,1.416454375,2.146866176,-0.000001382,-0.000000320,0.000000094,0.000000234,-0.000001381,-2.094395102
1770917564.812609434,60.200000000,-1.714496925,-1.536227950,2.133675598,-0.600330361,1.416454237,1.937426666,-0.000001382,-0.000000320,0.000000094,0.000000234,-0.000001381,-2.094395102
1770917564.912609339,60.300000000,-1.714497052,-1.536227998,2.133675590,-0.600330305,1.416454110,1.729122374,-0.000001199,-0.000000484,-0.000000104,0.000000595,-0.000001195,-1.987848481
1770917565.012609482,60.400000000,-1.714497151,-1.536228045,2.133675575,-0.600330242,1.416454012,1.555337526,-0.000000741,-0.000000468,-0.000000216,0.000000688,-0.000000735,-1.487848481
1770917565.112609386,60.500000000,-1.714497212,-1.536228084,2.133675557,-0.600330185,1.416453951,1.431552678,-0.000000492,-0.000000311,-0.000000143,0.000000457,-0.000000488,-0.987848481
1770917565.212609291,60.600000000,-1.714497249,-1.536228107,2.133675546,-0.600330151,1.416453915,1.357767830,-0.000000243,-0.000000154,-0.000000071,0.000000226,-0.000000241,-0.487848481
1770917565.312609434,60.700000000,-1.713935133,-1.533162667,2.130442238,-0.600162998,1.417018170,1.332399256,0.020419742,0.111354676,-0.117452213,0.006071555,0.020497434,-0.031051551
1770917565.412609339,60.800000000,-1.713122617,-1.528731825,2.125768783,-0.599921421,1.417833767,1.352103322,0.000000165,0.000000118,0.000000078,-0.000000251,-0.000000065,0.426005963
1770917565.512609482,60.900000000,-1.713122590,-1.528731806,2.125768796,-0.599921463,1.417833757,1.419703420,0.000000364,0.000000260,0.000000186,-0.000000604,-0.000000127,0.925996915
1770917565.612609386,61.000000000,-1.713122543,-1.528731772,2.125768821,-0.599921546,1.417833743,1.537302675,0.000000579,0.000000411,0.000000325,-0.000001074,-0.000000140,1.425989029
1770917565.712609291,61.100000000,-1.713122458,-1.528731728,2.125768844,-0.599921635,1.417833788,1.704901183,0.000001151,0.000000465,0.000000101,-0.000000574,0.000001148,1.925980908
1770917565.812609434,61.200000000,-1.713122334,-1.528731679,2.125768855,-0.599921695,1.417833912,1.911503688,0.000001370,0.000000316,-0.000000093,-0.000000231,0.000001368,2.094395102
1770917565.912609339,61.300000000,-1.713122197,-1.528731647,2.125768845,-0.599921719,1.417834048,2.120943198,0.000001370,0.000000316,-0.000000093,-0.000000231,0.000001368,2.094395102
1770917566.012609482,61.400000000,-1.713122060,-1.528731630,2.125768823,-0.599921714,1.417834186,2.330382709,0.000001376,0.000000101,-0.000000288,0.000000179,0.000001378,2.094395102
1770917566.112609386,61.500000000,-1.713121925,-1.528731627,2.125768789,-0.599921684,1.417834321,2.539822219,0.000001272,-0.000000122,-0.000000459,0.000000574,0.000001276,2.094395102
1770917566.212609291,61.600000000,-1.713121798,-1.528731639,2.125768743,-0.599921626,1.417834448,2.749261729,0.000001272,-0.000000122,-0.000000459,0.000000574,0.000001276,2.094395102
1770917566.312609434,61.700000000,-1.713121691,-1.528731671,2.125768684,-0.599921536,1.417834556,2.958701239,0.000001064,-0.000000335,-0.000000593,0.000000923,0.000001071,2.094395102
1770917566.412609339,61.800000000,-1.713121601,-1.528731716,2.125768620,-0.599921428,1.417834646,3.168140749,0.000000770,-0.000000521,-0.000000679,0.000001197,0.000000780,2.094395102
1770917566.512609482,61.900000000,-1.713121532,-1.528731771,2.125768551,-0.599921304,1.417834717,3.377580260,0.000000413,-0.000000665,-0.000000710,0.000001374,0.000000425,2.094395102
1770917566.612609386,62.000000000,-1.713121491,-1.528731838,2.125768480,-0.599921167,1.417834759,3.587019770,0.000000413,-0.000000665,-0.000000710,0.000001374,0.000000425,2.094395102
1770917566.712609291,62.100000000,-1.713121483,-1.528731911,2.125768412,-0.599921025,1.417834768,3.795117616,0.000000022,-0.000000714,-0.000000646,0.000001360,0.000000034,1.978564912
1770917566.812609434,62.200000000,-1.713121493,-1.528731974,2.125768358,-0.599920908,1.417834759,3.967974108,-0.000000260,-0.000000554,-0.000000425,0.000000980,-0.000000252,1.478564912
1770917566.912609339,62.300000000,-1.713121515,-1.528732020,2.125768322,-0.599920826,1.417834738,4.090830599,-0.000000172,-0.000000366,-0.000000281,0.000000649,-0.000000167,0.978564912
1770917567.012609482,62.400000000,-1.713121528,-1.528732048,2.125768302,-0.599920778,1.417834726,4.163687090,-0.000000084,-0.000000179,-0.000000138,0.000000317,-0.000000081,0.478564912
1770917567.112609386,62.500000000,-1.712538987,-1.525513390,2.122342194,-0.599714064,1.418419648,4.188208835,0.020104167,0.111079241,-0.118237995,0.007133360,0.020186371,0.022157563
1770917567.212609291,62.600000000,-1.711771947,-1.521275355,2.117831045,-0.599441924,1.419189815,4.167739543,0.000000042,0.000000153,0.000000166,-0.000000437,-0.000000166,-0.434003882
1770917567.312609434,62.700000000,-1.711771941,-1.521275331,2.117831071,-0.599441991,1.419189787,4.099339652,0.000000083,0.000000326,0.000000344,-0.000000887,-0.000000384,-0.933995039
1770917567.412609339,62.800000000,-1.711771931,-1.521275290,2.117831113,-0.599442097,1.419189736,3.980940594,0.000000109,0.000000489,0.000000490,-0.000001218,-0.000000644,-1.433987184
1770917567.512609482,62.900000000,-1.711771926,-1.521275232,2.117831168,-0.599442222,1.419189699,3.812542283,-0.000000022,0.000000694,0.000000628,-0.000001320,-0.000000033,-1.933979067
1770917567.612609386,63.000000000,-1.711771931,-1.521275158,2.117831235,-0.599442363,1.419189693,3.605676773,-0.000000410,0.000000662,0.000000707,-0.000001367,-0.000000421,-2.094395102
1770917567.712609291,63.100000000,-1.711771972,-1.521275092,2.117831306,-0.599442500,1.419189651,3.396237263,-0.000000410,0.000000662,0.000000707,-0.000001367,-0.000000421,-2.094395102
1770917567.812609434,63.200000000,-1.711772037,-1.521275035,2.117831374,-0.599442624,1.419189585,3.186797753,-0.000000763,0.000000519,0.000000676,-0.000001191,-0.000000773,-2.094395102
1770917567.912609339,63.300000000,-1.711772123,-1.521274989,2.117831439,-0.599442735,1.419189498,2.977358243,-0.000001054,0.000000334,0.000000590,-0.000000919,-0.000001062,-2.094395102
1770917568.012609482,63.400000000,-1.711772228,-1.521274956,2.117831498,-0.599442826,1.419189392,2.767918733,-0.000001054,0.000000334,0.000000590,-0.000000919,-0.000001062,-2.094395102
1770917568.112609386,63.500000000,-1.711772354,-1.521274943,2.117831545,-0.599442885,1.419189266,2.558479222,-0.000001260,0.000000123,0.000000457,-0.000000572,-0.000001265,-2.094395102
1770917568.212609291,63.600000000,-1.711772486,-1.521274944,2.117831580,-0.599442919,1.419189133,2.349039712,-0.000001364,-0.000000099,0.000000287,-0.000000179,-0.000001365,-2.094395102
1770917568.312609434,63.700000000,-1.711772622,-1.521274959,2.117831604,-0.599442927,1.419188997,2.139600202,-0.000001357,-0.000000313,0.000000093,0.000000228,-0.000001355,-2.094395102
1770917568.412609339,63.800000000,-1.711772758,-1.521274990,2.117831613,-0.599442904,1.419188862,1.930160692,-0.000001357,-0.000000313,0.000000093,0.000000228,-0.000001355,-2.094395102
1770917568.512609482,63.900000000,-1.711772882,-1.521275038,2.117831605,-0.599442848,1.419188737,1.722155335,-0.000001170,-0.000000473,-0.000000102,0.000000582,-0.000001165,-1.974638965
1770917568.612609386,64.000000000,-1.711772978,-1.521275084,2.117831590,-0.599442786,1.419188643,1.549691438,-0.000000721,-0.000000457,-0.000000212,0.000000673,-0.000000715,-1.474638965
1770917568.712609291,64.100000000,-1.711773037,-1.521275122,2.117831572,-0.599442730,1.419188583,1.427227542,-0.000000476,-0.000000302,-0.000000140,0.000000445,-0.000000473,-0.974638965
1770917568.812609434,64.200000000,-1.711773073,-1.521275144,2.117831562,-0.599442697,1.419188548,1.354763645,-0.000000232,-0.000000147,-0.000000068,0.000000217,-0.000000230,-0.474638965
1770917568.907537222,64.294927792,-1.711773084,-1.521275151,2.117831559,-0.599442687,1.419188537,1.332235431,0.000000000,0.000000000,0.000000000,-0.000000000,0.000000000,0.000000000
