timestamp_absolute,timestamp_relative,shoulder_pan_joint_pos,shoulder_lift_joint_pos,elbow_joint_pos,wrist_1_joint_pos,wrist_2_joint_pos,wrist_3_joint_pos,shoulder_pan_joint_vel,shoulder_lift_joint_vel,elbow_joint_vel,wrist_1_joint_vel,wrist_2_joint_vel,wrist_3_joint_vel
1770746279.938902378,0.000000000,-1.711773221,-1.521274869,2.117831945,-0.599442784,1.419188976,1.332234979,-0.000000000,-0.000000000,0.000000000,0.000000000,-0.000000000,0.000000000
1770746280.038902283,0.100000000,-1.711903700,-1.522027839,2.118578744,-0.599436424,1.419058417,1.357234979,-0.002609586,-0.015059413,0.014935975,0.000127204,-0.002611184,0.500000000
1770746280.138902426,0.200000000,-1.712296791,-1.524289542,2.120816867,-0.599412277,1.418665106,1.432234697,-0.005251399,-0.030173244,0.029827698,0.000353109,-0.005254204,0.999995183
1770746280.238902330,0.300000000,-1.712956795,-1.528067242,2.124540468,-0.599357230,1.418004796,1.557233624,-0.007955484,-0.045392326,0.044635449,0.000768293,-0.007958736,1.499985576
1770746280.338902473,0.400000000,-1.713890722,-1.533372801,2.129740224,-0.599250090,1.417070560,1.732231759,-0.010740265,-0.060747934,0.059337263,0.001426011,-0.010742970,1.999976923
1770746280.438902378,0.500000000,-1.715019170,-1.539721675,2.135916502,-0.599075886,1.415941935,1.940779144,-0.011417984,-0.063904457,0.061916511,0.002004161,-0.011418707,2.094395102
1770746280.538902283,0.600000000,-1.716169760,-1.546126980,2.142096927,-0.598849377,1.414791382,2.150218656,-0.011592675,-0.064199693,0.061694225,0.002521847,-0.011591222,2.094395102
1770746280.638902426,0.700000000,-1.717338111,-1.552562290,2.148255003,-0.598570496,1.413623289,2.359658168,-0.011771512,-0.064501651,0.061471638,0.003046576,-0.011767817,2.094395102
1770746280.738902330,0.800000000,-1.718524651,-1.559028291,2.154390698,-0.598238523,1.412437238,2.569097680,-0.011954631,-0.064810452,0.061248691,0.003578536,-0.011948630,2.094395102
1770746280.838902473,0.900000000,-1.719729818,-1.565525678,2.160503970,-0.597852718,1.411232793,2.778537192,-0.012142175,-0.065126222,0.061025327,0.004117917,-0.012133808,2.094395102
1770746280.938902378,1.000000000,-1.720954066,-1.572055164,2.166594776,-0.597412321,1.410009508,2.987976704,-0.012334293,-0.065449091,0.060801488,0.004664913,-0.012323503,2.094395102
1770746281.038902283,1.100000000,-1.722197866,-1.578617471,2.172663064,-0.596916554,1.408766917,3.197416216,-0.012531140,-0.065779194,0.060577115,0.005219720,-0.012517878,2.094395102
1770746281.138902426,1.200000000,-1.723461704,-1.585213337,2.178708777,-0.596364618,1.407504539,3.406855729,-0.012732879,-0.066116668,0.060352152,0.005782537,-0.012717103,2.094395102
1770746281.238902330,1.300000000,-1.724647325,-1.591336268,2.184272959,-0.595804184,1.406320493,3.600310512,-0.010469546,-0.053774381,0.048648616,0.005140693,-0.010454717,1.694583144
1770746281.338902473,1.400000000,-1.725544348,-1.595927904,2.188415247,-0.595353553,1.405424790,3.744768609,-0.007460688,-0.038041299,0.034208333,0.003843668,-0.007449255,1.194578974
1770746281.438902378,1.500000000,-1.726136340,-1.598939330,2.191117986,-0.595044015,1.404833727,3.839226399,-0.004373479,-0.022177772,0.019852540,0.002331537,-0.004366401,0.694576880
1770746281.538902283,1.600000000,-1.726416537,-1.600359297,2.192388407,-0.594894065,1.404553986,3.883684070,-0.001228518,-0.006218361,0.005557914,0.000662221,-0.001226495,0.194576543
1770746281.638902426,1.700000000,-1.726538991,-1.600979028,2.192942270,-0.594828020,1.404431734,3.879356700,-0.000000302,-0.000000388,-0.000000214,0.000000603,-0.000000300,-0.284441489
1770746281.738902330,1.800000000,-1.726539048,-1.600979101,2.192942230,-0.594827907,1.404431677,3.825913172,-0.000000832,-0.000001070,-0.000000592,0.000001663,-0.000000827,-0.784432546
1770746281.838902473,1.900000000,-1.726539158,-1.600979242,2.192942151,-0.594827688,1.404431568,3.722470155,-0.000001363,-0.000001752,-0.000000969,0.000002725,-0.000001354,-1.284427076
1770746281.938902378,2.000000000,-1.726539279,-1.600979369,2.192942090,-0.594827498,1.404431447,3.569027702,-0.000000384,0.000000583,0.000000639,-0.000001220,-0.000000394,-1.784421996
1770746282.038902283,2.100000000,-1.726539322,-1.600979304,2.192942161,-0.594827635,1.404431403,3.369197004,-0.000000451,0.000000684,0.000000749,-0.000001432,-0.000000462,-2.094395102
1770746282.138902426,2.200000000,-1.726539399,-1.600979248,2.192942233,-0.594827762,1.404431325,3.159757493,-0.000000840,0.000000529,0.000000716,-0.000001241,-0.000000850,-2.094395102
1770746282.238902330,2.300000000,-1.726539498,-1.600979204,2.192942301,-0.594827873,1.404431225,2.950317983,-0.000001160,0.000000331,0.000000625,-0.000000950,-0.000001168,-2.094395102
1770746282.338902473,2.400000000,-1.726539616,-1.600979173,2.192942362,-0.594827965,1.404431106,2.740878473,-0.000001387,0.000000107,0.000000483,-0.000000582,-0.000001392,-2.094395102
1770746282.438902378,2.500000000,-1.726539755,-1.600979162,2.192942410,-0.594828023,1.404430967,2.531438963,-0.000001387,0.000000107,0.000000483,-0.000000582,-0.000001392,-2.094395102
1770746282.538902283,2.600000000,-1.726539902,-1.600979169,2.192942445,-0.594828051,1.404430820,2.321999452,-0.000001502,-0.000000127,0.000000302,-0.000000167,-0.000001503,-2.094395102
1770746282.638902426,2.700000000,-1.726540052,-1.600979190,2.192942468,-0.594828052,1.404430670,2.112559942,-0.000001494,-0.000000350,0.000000097,0.000000261,-0.000001493,-2.094395102
1770746282.738902330,2.800000000,-1.726540201,-1.600979225,2.192942477,-0.594828026,1.404430520,1.903120432,-0.000001366,-0.000000545,-0.000000117,0.000000669,-0.000001361,-2.094395102
1770746282.838902473,2.900000000,-1.726540336,-1.600979278,2.192942466,-0.594827960,1.404430387,1.697259693,-0.000001243,-0.000000495,-0.000000106,0.000000608,-0.000001238,-1.905218691
1770746282.938902378,3.000000000,-1.726540434,-1.600979328,2.192942448,-0.594827892,1.404430289,1.531737824,-0.000000756,-0.000000466,-0.000000215,0.000000686,-0.000000751,-1.405218691
1770746283.038902283,3.100000000,-1.726540496,-1.600979366,2.192942431,-0.594827836,1.404430227,1.416215955,-0.000000487,-0.000000300,-0.000000139,0.000000442,-0.000000484,-0.905218691
1770746283.138902426,3.200000000,-1.726540531,-1.600979388,2.192942421,-0.594827804,1.404430192,1.350694086,-0.000000218,-0.000000135,-0.000000062,0.000000198,-0.000000217,-0.405218691
1770746283.238902330,3.300000000,-1.725483531,-1.595790505,2.187904288,-0.594979996,1.405488907,1.332936817,0.022975682,0.112788149,-0.109511144,-0.003308345,0.023012918,0.053305745
1770746283.338902473,3.400000000,-1.724936316,-1.593104256,2.185296100,-0.595058807,1.406036994,1.360493236,0.000000208,0.000000147,0.000000100,-0.000000322,-0.000000097,0.512169428
1770746283.438902378,3.500000000,-1.724936284,-1.593104233,2.185296116,-0.595058859,1.406036981,1.436709722,0.000000422,0.000000297,0.000000225,-0.000000736,-0.000000162,1.012160698
1770746283.538902283,3.600000000,-1.724936231,-1.593104196,2.185296145,-0.595058957,1.406036963,1.562925440,0.000000657,0.000000458,0.000000381,-0.000001267,-0.000000169,1.512153554
1770746283.638902426,3.700000000,-1.724936128,-1.593104148,2.185296166,-0.595059043,1.406037035,1.739140385,0.000001300,0.000000518,0.000000112,-0.000000639,0.000001295,2.012145337
1770746283.738902330,3.800000000,-1.724935991,-1.593104098,2.185296173,-0.595059100,1.406037172,1.947902767,0.000001479,0.000000346,-0.000000096,-0.000000258,0.000001478,2.094395102
1770746283.838902473,3.900000000,-1.724935843,-1.593104064,2.185296164,-0.595059126,1.406037320,2.157342277,0.000001479,0.000000346,-0.000000096,-0.000000258,0.000001478,2.094395102
1770746283.938902378,4.000000000,-1.724935694,-1.593104048,2.185296137,-0.595059116,1.406037469,2.366781788,0.000001487,0.000000124,-0.000000300,0.000000169,0.000001488,2.094395102
1770746284.038902283,4.100000000,-1.724935551,-1.593104047,2.185296098,-0.595059079,1.406037612,2.576221298,0.000001373,-0.000000108,-0.000000480,0.000000582,0.000001378,2.094395102
1770746284.138902426,4.200000000,-1.724935416,-1.593104060,2.185296048,-0.595059016,1.406037747,2.785660808,0.000001149,-0.000000332,-0.000000622,0.000000947,0.000001157,2.094395102
1770746284.238902330,4.300000000,-1.724935302,-1.593104093,2.185295986,-0.595058922,1.406037863,2.995100318,0.000001149,-0.000000332,-0.000000622,0.000000947,0.000001157,2.094395102
1770746284.338902473,4.400000000,-1.724935211,-1.593104141,2.185295917,-0.595058805,1.406037955,3.204539828,0.000000831,-0.000000528,-0.000000712,0.000001236,0.000000841,2.094395102
1770746284.438902378,4.500000000,-1.724935143,-1.593104200,2.185295845,-0.595058674,1.406038024,3.413979339,0.000000446,-0.000000682,-0.000000745,0.000001425,0.000000458,2.094395102
1770746284.538902283,4.600000000,-1.724935099,-1.593104269,2.185295770,-0.595058531,1.406038068,3.623418849,0.000000025,-0.000000780,-0.000000718,0.000001498,0.000000037,2.094395102
1770746284.638902426,4.700000000,-1.724935097,-1.593104345,2.185295700,-0.595058384,1.406038072,3.828790070,0.000000023,-0.000000705,-0.000000649,0.000001354,0.000000034,1.892695097
1770746284.738902330,4.800000000,-1.724935113,-1.593104408,2.185295647,-0.595058269,1.406038057,3.993059580,-0.000000265,-0.000000542,-0.000000421,0.000000964,-0.000000257,1.392695097
1770746284.838902473,4.900000000,-1.724935135,-1.593104452,2.185295613,-0.595058190,1.406038036,4.107329089,-0.000000170,-0.000000347,-0.000000270,0.000000618,-0.000000165,0.892695097
1770746284.938902378,5.000000000,-1.724935147,-1.593104477,2.185295593,-0.595058145,1.406038024,4.171598599,-0.000000075,-0.000000153,-0.000000119,0.000000272,-0.000000072,0.392695097
1770746285.038902283,5.100000000,-1.723845470,-1.587681975,2.179975504,-0.595162034,1.407129735,4.188166887,0.022130966,0.110128993,-0.108048743,-0.002110243,0.022172246,-0.066365127
1770746285.138902426,5.200000000,-1.723362698,-1.585279587,2.177618517,-0.595208097,1.407613393,4.159374714,0.000000051,0.000000191,0.000000214,-0.000000564,-0.000000226,-0.525657626
1770746285.238902330,5.300000000,-1.723362691,-1.585279560,2.177618547,-0.595208176,1.407613357,4.081809571,0.000000085,0.000000365,0.000000394,-0.000001008,-0.000000487,-1.025647511
1770746285.338902473,5.400000000,-1.723362681,-1.585279515,2.177618594,-0.595208295,1.407613294,3.954245191,0.000000104,0.000000530,0.000000540,-0.000001328,-0.000000786,-1.525640395
1770746285.438902378,5.500000000,-1.723362680,-1.585279450,2.177618655,-0.595208428,1.407613265,3.776681583,-0.000000024,0.000000751,0.000000690,-0.000001439,-0.000000036,-2.025632050
1770746285.538902283,5.600000000,-1.723362692,-1.585279375,2.177618727,-0.595208575,1.407613252,3.567715527,-0.000000442,0.000000679,0.000000741,-0.000001418,-0.000000453,-2.094395102
1770746285.638902426,5.700000000,-1.723362736,-1.585279307,2.177618801,-0.595208717,1.407613206,3.358276017,-0.000000442,0.000000679,0.000000741,-0.000001418,-0.000000453,-2.094395102
1770746285.738902330,5.800000000,-1.723362814,-1.585279253,2.177618873,-0.595208842,1.407613128,3.148836507,-0.000000823,0.000000526,0.000000709,-0.000001231,-0.000000833,-2.094395102
1770746285.838902473,5.900000000,-1.723362912,-1.585279210,2.177618939,-0.595208951,1.407613029,2.939396996,-0.000001137,0.000000332,0.000000618,-0.000000944,-0.000001145,-2.094395102
1770746285.938902378,6.000000000,-1.723363029,-1.585279180,2.177618999,-0.595209040,1.407612911,2.729957486,-0.000001360,0.000000110,0.000000478,-0.000000581,-0.000001365,-2.094395102
1770746286.038902283,6.100000000,-1.723363165,-1.585279169,2.177619046,-0.595209098,1.407612774,2.520517976,-0.000001360,0.000000110,0.000000478,-0.000000581,-0.000001365,-2.094395102
1770746286.138902426,6.200000000,-1.723363310,-1.585279176,2.177619080,-0.595209124,1.407612630,2.311078466,-0.000001472,-0.000000121,0.000000299,-0.000000170,-0.000001473,-2.094395102
1770746286.238902330,6.300000000,-1.723363456,-1.585279197,2.177619101,-0.595209123,1.407612483,2.101638955,-0.000001465,-0.000000342,0.000000095,0.000000254,-0.000001463,-2.094395102
1770746286.338902473,6.400000000,-1.723363602,-1.585279233,2.177619110,-0.595209095,1.407612337,1.892199445,-0.000001339,-0.000000535,-0.000000116,0.000000658,-0.000001334,-2.094395102
1770746286.438902378,6.500000000,-1.723363733,-1.585279285,2.177619099,-0.595209031,1.407612207,1.687379765,-0.000001202,-0.000000480,-0.000000104,0.000000590,-0.000001197,-1.879457210
1770746286.538902283,6.600000000,-1.723363827,-1.585279333,2.177619081,-0.595208964,1.407612113,1.524434044,-0.000000728,-0.000000451,-0.000000209,0.000000664,-0.000000722,-1.379457210
1770746286.638902426,6.700000000,-1.723363886,-1.585279370,2.177619063,-0.595208910,1.407612054,1.411488323,-0.000000464,-0.000000287,-0.000000133,0.000000423,-0.000000461,-0.879457210
1770746286.738902330,6.800000000,-1.723363920,-1.585279391,2.177619054,-0.595208880,1.407612021,1.348542602,-0.000000200,-0.000000124,-0.000000057,0.000000183,-0.000000199,-0.379457210
1770746286.838902473,6.900000000,-1.722231446,-1.579567215,2.171957038,-0.595260563,1.408746892,1.333206496,0.020961159,0.105726841,-0.104798258,-0.000956787,0.021005471,0.080162100
1770746286.938902378,7.000000000,-1.721822179,-1.577502947,2.169910914,-0.595279261,1.409157007,1.363314689,0.000000217,0.000000154,0.000000104,-0.000000334,-0.000000097,0.540212810
1770746287.038902283,7.100000000,-1.721822147,-1.577502924,2.169910930,-0.595279315,1.409156994,1.442335445,0.000000428,0.000000302,0.000000228,-0.000000742,-0.000000158,1.040203936
1770746287.138902426,7.200000000,-1.721822092,-1.577502886,2.169910960,-0.595279414,1.409156977,1.571355447,0.000000659,0.000000460,0.000000381,-0.000001265,-0.000000164,1.540196813
1770746287.238902330,7.300000000,-1.721821989,-1.577502839,2.169910979,-0.595279494,1.409157056,1.750374672,0.000001292,0.000000516,0.000000113,-0.000000638,0.000001288,2.040188409
1770746287.338902473,7.400000000,-1.721821853,-1.577502791,2.169910985,-0.595279549,1.409157192,1.959519727,0.000001450,0.000000338,-0.000000095,-0.000000251,0.000001448,2.094395102
1770746287.438902378,7.500000000,-1.721821708,-1.577502757,2.169910976,-0.595279574,1.409157337,2.168959237,0.000001450,0.000000338,-0.000000095,-0.000000251,0.000001448,2.094395102
1770746287.538902283,7.600000000,-1.721821562,-1.577502743,2.169910948,-0.595279561,1.409157482,2.378398747,0.000001457,0.000000118,-0.000000297,0.000000171,0.000001459,2.094395102
1770746287.638902426,7.700000000,-1.721821422,-1.577502744,2.169910909,-0.595279522,1.409157622,2.587838257,0.000001346,-0.000000111,-0.000000475,0.000000580,0.000001351,2.094395102
1770746287.738902330,7.800000000,-1.721821292,-1.577502759,2.169910859,-0.595279457,1.409157754,2.797277768,0.000001126,-0.000000332,-0.000000615,0.000000941,0.000001134,2.094395102
1770746287.838902473,7.900000000,-1.721821179,-1.577502792,2.169910797,-0.595279363,1.409157867,3.006717278,0.000001126,-0.000000332,-0.000000615,0.000000941,0.000001134,2.094395102
1770746287.938902378,8.000000000,-1.721821092,-1.577502841,2.169910728,-0.595279246,1.409157955,3.216156788,0.000000815,-0.000000525,-0.000000705,0.000001226,0.000000825,2.094395102
1770746288.038902283,8.100000000,-1.721821027,-1.577502900,2.169910656,-0.595279115,1.409158021,3.425596298,0.000000438,-0.000000676,-0.000000738,0.000001411,0.000000449,2.094395102
1770746288.138902426,8.200000000,-1.721820987,-1.577502968,2.169910583,-0.595278974,1.409158063,3.635035809,0.000000025,-0.000000772,-0.000000711,0.000001483,0.000000037,2.094395102
1770746288.238902330,8.300000000,-1.721820984,-1.577503044,2.169910514,-0.595278829,1.409158066,3.839205391,0.000000022,-0.000000687,-0.000000633,0.000001320,0.000000033,1.864831882
1770746288.338902473,8.400000000,-1.721821002,-1.577503105,2.169910463,-0.595278717,1.409158050,4.000688579,-0.000000254,-0.000000525,-0.000000408,0.000000934,-0.000000247,1.364831882
1770746288.438902378,8.500000000,-1.721821023,-1.577503148,2.169910430,-0.595278641,1.409158029,4.112171768,-0.000000161,-0.000000333,-0.000000258,0.000000592,-0.000000156,0.864831882
1770746288.538902283,8.600000000,-1.721821034,-1.577503171,2.169910411,-0.595278599,1.409158018,4.173654956,-0.000000068,-0.000000140,-0.000000109,0.000000250,-0.000000066,0.364831882
1770746288.638902426,8.700000000,-1.720653911,-1.571536467,2.163936161,-0.595272612,1.410327907,4.187611523,0.019814758,0.101299206,-0.101427079,0.000101379,0.019861679,-0.095145331
1770746288.738902330,8.800000000,-1.720309180,-1.569774099,2.162171591,-0.595270880,1.410673439,4.156095260,0.000000051,0.000000199,0.000000218,-0.000000566,-0.000000243,-0.555485690
1770746288.838902473,8.900000000,-1.720309173,-1.569774070,2.162171622,-0.595270960,1.410673403,4.075546937,0.000000088,0.000000373,0.000000400,-0.000001021,-0.000000488,-1.055479891
1770746288.938902378,9.000000000,-1.720309163,-1.569774025,2.162171670,-0.595271079,1.410673340,3.944999361,0.000000108,0.000000536,0.000000544,-0.000001334,-0.000000778,-1.555472795
1770746289.038902283,9.100000000,-1.720309162,-1.569773960,2.162171731,-0.595271211,1.410673316,3.764452563,-0.000000024,0.000000754,0.000000693,-0.000001445,-0.000000036,-2.055464386
1770746289.138902426,9.200000000,-1.720309176,-1.569773886,2.162171802,-0.595271357,1.410673301,3.555165225,-0.000000433,0.000000673,0.000000734,-0.000001405,-0.000000445,-2.094395102
1770746289.238902330,9.300000000,-1.720309220,-1.569773818,2.162171876,-0.595271497,1.410673256,3.345725714,-0.000000433,0.000000673,0.000000734,-0.000001405,-0.000000445,-2.094395102
1770746289.338902473,9.400000000,-1.720309298,-1.569773765,2.162171946,-0.595271620,1.410673177,3.136286204,-0.000000807,0.000000523,0.000000701,-0.000001220,-0.000000817,-2.094395102
1770746289.438902378,9.500000000,-1.720309396,-1.569773724,2.162172011,-0.595271726,1.410673078,2.926846694,-0.000001115,0.000000332,0.000000612,-0.000000937,-0.000001123,-2.094395102
1770746289.538902283,9.600000000,-1.720309512,-1.569773695,2.162172069,-0.595271813,1.410672961,2.717407184,-0.000001333,0.000000113,0.000000473,-0.000000578,-0.000001338,-2.094395102
1770746289.638902426,9.700000000,-1.720309646,-1.569773684,2.162172117,-0.595271870,1.410672827,2.507967673,-0.000001333,0.000000113,0.000000473,-0.000000578,-0.000001338,-2.094395102
1770746289.738902330,9.800000000,-1.720309788,-1.569773692,2.162172149,-0.595271894,1.410672684,2.298528163,-0.000001443,-0.000000115,0.000000296,-0.000000173,-0.000001445,-2.094395102
1770746289.838902473,9.900000000,-1.720309932,-1.569773714,2.162172169,-0.595271891,1.410672540,2.089088653,-0.000001436,-0.000000334,0.000000094,0.000000247,-0.000001434,-2.094395102
1770746289.938902378,10.000000000,-1.720310074,-1.569773749,2.162172176,-0.595271862,1.410672399,1.879649143,-0.000001313,-0.000000525,-0.000000114,0.000000647,-0.000001308,-2.094395102
1770746290.038902283,10.100000000,-1.720310202,-1.569773800,2.162172165,-0.595271799,1.410672271,1.676197309,-0.000001160,-0.000000464,-0.000000101,0.000000571,-0.000001155,-1.849697814
1770746290.138902426,10.200000000,-1.720310291,-1.569773847,2.162172146,-0.595271733,1.410672183,1.516227528,-0.000000698,-0.000000434,-0.000000202,0.000000641,-0.000000693,-1.349697814
1770746290.238902330,10.300000000,-1.720310348,-1.569773883,2.162172130,-0.595271681,1.410672126,1.406257746,-0.000000439,-0.000000274,-0.000000127,0.000000403,-0.000000436,-0.849697814
1770746290.338902473,10.400000000,-1.720310379,-1.569773902,2.162172121,-0.595271652,1.410672096,1.346287965,-0.000000181,-0.000000113,-0.000000052,0.000000166,-0.000000180,-0.349697814
1770746290.438902378,10.500000000,-1.719106409,-1.563535873,2.155863917,-0.595203075,1.411879231,1.333677041,0.018373155,0.095194654,-0.096265400,0.001046362,0.018421404,0.109588341
1770746290.538902283,10.600000000,-1.718827429,-1.562090484,2.154402285,-0.595187206,1.412158925,1.366478229,0.000000228,0.000000161,0.000000114,-0.000000368,-0.000000092,0.569486101
1770746290.638902426,10.700000000,-1.718827396,-1.562090460,2.154402302,-0.595187261,1.412158913,1.448426574,0.000000434,0.000000306,0.000000230,-0.000000749,-0.000000155,1.069480202
1770746290.738902330,10.800000000,-1.718827342,-1.562090422,2.154402332,-0.595187361,1.412158897,1.580374161,0.000000662,0.000000463,0.000000382,-0.000001265,-0.000000158,1.569473076
1770746290.838902473,10.900000000,-1.718827236,-1.562090375,2.154402350,-0.595187437,1.412158982,1.762320962,0.000001285,0.000000514,0.000000113,-0.000000636,0.000001281,2.069464673
1770746290.938902378,11.000000000,-1.718827102,-1.562090329,2.154402354,-0.595187488,1.412159116,1.971697701,0.000001422,0.000000330,-0.000000094,-0.000000244,0.000001420,2.094395102
1770746291.038902283,11.100000000,-1.718826960,-1.562090296,2.154402345,-0.595187513,1.412159258,2.181137211,0.000001422,0.000000330,-0.000000094,-0.000000244,0.000001420,2.094395102
1770746291.138902426,11.200000000,-1.718826817,-1.562090284,2.154402316,-0.595187497,1.412159401,2.390576721,0.000001429,0.000000112,-0.000000294,0.000000174,0.000001431,2.094395102
1770746291.238902330,11.300000000,-1.718826681,-1.562090286,2.154402276,-0.595187455,1.412159538,2.600016231,0.000001320,-0.000000114,-0.000000470,0.000000577,0.000001325,2.094395102
1770746291.338902473,11.400000000,-1.718826554,-1.562090303,2.154402226,-0.595187389,1.412159666,2.809455742,0.000001105,-0.000000331,-0.000000609,0.000000934,0.000001112,2.094395102
1770746291.438902378,11.500000000,-1.718826443,-1.562090336,2.154402165,-0.595187296,1.412159777,3.018895252,0.000001105,-0.000000331,-0.000000609,0.000000934,0.000001112,2.094395102
1770746291.538902283,11.600000000,-1.718826359,-1.562090385,2.154402097,-0.595187178,1.412159862,3.228334762,0.000000799,-0.000000522,-0.000000698,0.000001215,0.000000809,2.094395102
1770746291.638902426,11.700000000,-1.718826298,-1.562090445,2.154402025,-0.595187047,1.412159924,3.437774272,0.000000429,-0.000000670,-0.000000730,0.000001398,0.000000441,2.094395102
1770746291.738902330,11.800000000,-1.718826261,-1.562090513,2.154401953,-0.595186907,1.412159962,3.647213783,0.000000024,-0.000000764,-0.000000703,0.000001467,0.000000036,2.094395102
1770746291.838902473,11.900000000,-1.718826259,-1.562090587,2.154401885,-0.595186764,1.412159966,3.849948197,0.000000021,-0.000000669,-0.000000616,0.000001286,0.000000032,1.835453099
1770746291.938902378,12.000000000,-1.718826277,-1.562090647,2.154401836,-0.595186656,1.412159948,4.008493507,-0.000000244,-0.000000507,-0.000000395,0.000000904,-0.000000237,1.335453099
1770746292.038902283,12.100000000,-1.718826297,-1.562090688,2.154401803,-0.595186582,1.412159929,4.117038817,-0.000000153,-0.000000317,-0.000000247,0.000000566,-0.000000148,0.835453099
1770746292.138902426,12.200000000,-1.718826308,-1.562090710,2.154401786,-0.595186543,1.412159918,4.175584126,-0.000000061,-0.000000127,-0.000000099,0.000000227,-0.000000059,0.335453099
1770746292.238902330,12.300000000,-1.717600791,-1.555655815,2.147830640,-0.595051907,1.413388980,4.186908930,0.017095161,0.089762516,-0.091662916,0.001877850,0.017144561,-0.123130682
1770746292.338902473,12.400000000,-1.717371513,-1.554451936,2.146601298,-0.595026755,1.413618904,4.152918954,0.000000054,0.000000206,0.000000226,-0.000000584,-0.000000248,-0.582277868
1770746292.438902378,12.500000000,-1.717371506,-1.554451907,2.146601330,-0.595026837,1.413618868,4.069691447,0.000000091,0.000000378,0.000000405,-0.000001030,-0.000000486,-1.082271991
1770746292.538902283,12.600000000,-1.717371496,-1.554451861,2.146601377,-0.595026955,1.413618805,3.936464699,0.000000112,0.000000540,0.000000546,-0.000001337,-0.000000769,-1.582264873
1770746292.638902426,12.700000000,-1.717371495,-1.554451795,2.146601439,-0.595027087,1.413618786,3.753238739,-0.000000024,0.000000756,0.000000695,-0.000001449,-0.000000037,-2.082256468
1770746292.738902330,12.800000000,-1.717371512,-1.554451722,2.146601510,-0.595027230,1.413618768,3.543814581,-0.000000425,0.000000667,0.000000726,-0.000001391,-0.000000437,-2.094395102
1770746292.838902473,12.900000000,-1.717371554,-1.554451655,2.146601582,-0.595027370,1.413618724,3.334375071,-0.000000425,0.000000667,0.000000726,-0.000001391,-0.000000437,-2.094395102
1770746292.938902378,13.000000000,-1.717371633,-1.554451603,2.146601652,-0.595027491,1.413618645,3.124935561,-0.000000792,0.000000520,0.000000694,-0.000001210,-0.000000802,-2.094395102
1770746293.038902283,13.100000000,-1.717371731,-1.554451563,2.146601716,-0.595027594,1.413618546,2.915496050,-0.000001094,0.000000331,0.000000606,-0.000000931,-0.000001102,-2.094395102
1770746293.138902426,13.200000000,-1.717371846,-1.554451536,2.146601773,-0.595027678,1.413618430,2.706056540,-0.000001308,0.000000115,0.000000468,-0.000000576,-0.000001313,-2.094395102
1770746293.238902330,13.300000000,-1.717371977,-1.554451524,2.146601819,-0.595027736,1.413618299,2.496617030,-0.000001308,0.000000115,0.000000468,-0.000000576,-0.000001313,-2.094395102
1770746293.338902473,13.400000000,-1.717372117,-1.554451533,2.146601850,-0.595027757,1.413618158,2.287177520,-0.000001416,-0.000000110,0.000000293,-0.000000175,-0.000001417,-2.094395102
1770746293.438902378,13.500000000,-1.717372258,-1.554451555,2.146601869,-0.595027753,1.413618017,2.077738009,-0.000001409,-0.000000326,0.000000093,0.000000241,-0.000001407,-2.094395102
1770746293.538902283,13.600000000,-1.717372397,-1.554451591,2.146601875,-0.595027722,1.413617878,1.868298499,-0.000001288,-0.000000516,-0.000000113,0.000000637,-0.000001283,-2.094395102
1770746293.638902426,13.700000000,-1.717372521,-1.554451641,2.146601864,-0.595027661,1.413617755,1.666239505,-0.000001121,-0.000000449,-0.000000099,0.000000554,-0.000001116,-1.822724049
1770746293.738902330,13.800000000,-1.717372606,-1.554451687,2.146601845,-0.595027595,1.413617670,1.508967100,-0.000000671,-0.000000419,-0.000000196,0.000000620,-0.000000666,-1.322724049
1770746293.838902473,13.900000000,-1.717372661,-1.554451721,2.146601829,-0.595027545,1.413617616,1.401694695,-0.000000417,-0.000000261,-0.000000122,0.000000385,-0.000000414,-0.822724049
1770746293.938902378,14.000000000,-1.717372690,-1.554451739,2.146601821,-0.595027518,1.413617587,1.344422290,-0.000000164,-0.000000102,-0.000000048,0.000000151,-0.000000162,-0.322724049
1770746294.038902283,14.100000000,-1.716127258,-1.547824943,2.139769353,-0.594823475,1.414866957,1.334216845,0.015623761,0.083131607,-0.085711588,0.002559532,0.015673089,0.135180670
1770746294.138902426,14.200000000,-1.715945136,-1.546855963,2.138770316,-0.594793661,1.415049635,1.369271083,0.000000234,0.000000166,0.000000117,-0.000000377,-0.000000092,0.593937659
1770746294.238902330,14.300000000,-1.715945103,-1.546855940,2.138770334,-0.594793717,1.415049622,1.453664554,0.000000438,0.000000310,0.000000232,-0.000000753,-0.000000151,1.093931706
1770746294.338902473,14.400000000,-1.715945047,-1.546855901,2.138770365,-0.594793818,1.415049607,1.588057253,0.000000670,0.000000468,0.000000393,-0.000001300,-0.000000131,1.593922773
1770746294.438902378,14.500000000,-1.715944941,-1.546855854,2.138770380,-0.594793889,1.415049699,1.772448980,0.000001275,0.000000511,0.000000113,-0.000000633,0.000001271,2.092925130
1770746294.538902283,14.600000000,-1.715944809,-1.546855810,2.138770384,-0.594793938,1.415049830,1.981888028,0.000001396,0.000000323,-0.000000093,-0.000000238,0.000001394,2.094395102
1770746294.638902426,14.700000000,-1.715944669,-1.546855778,2.138770374,-0.594793961,1.415049970,2.191327538,0.000001402,0.000000107,-0.000000291,0.000000176,0.000001404,2.094395102
1770746294.738902330,14.800000000,-1.715944529,-1.546855768,2.138770345,-0.594793944,1.415050110,2.400767049,0.000001402,0.000000107,-0.000000291,0.000000176,0.000001404,2.094395102
1770746294.838902473,14.900000000,-1.715944396,-1.546855771,2.138770305,-0.594793900,1.415050244,2.610206559,0.000001296,-0.000000116,-0.000000466,0.000000575,0.000001300,2.094395102
1770746294.938902378,15.000000000,-1.715944272,-1.546855789,2.138770254,-0.594793833,1.415050368,2.819646069,0.000001084,-0.000000331,-0.000000602,0.000000927,0.000001092,2.094395102
1770746295.038902283,15.100000000,-1.715944164,-1.546855822,2.138770194,-0.594793740,1.415050477,3.029085579,0.000001084,-0.000000331,-0.000000602,0.000000927,0.000001092,2.094395102
1770746295.138902426,15.200000000,-1.715944083,-1.546855872,2.138770126,-0.594793622,1.415050559,3.238525090,0.000000784,-0.000000518,-0.000000691,0.000001205,0.000000794,2.094395102
1770746295.238902330,15.300000000,-1.715944025,-1.546855932,2.138770055,-0.594793491,1.415050618,3.447964600,0.000000421,-0.000000664,-0.000000723,0.000001384,0.000000433,2.094395102
1770746295.338902473,15.400000000,-1.715943990,-1.546856000,2.138769983,-0.594793352,1.415050654,3.657404110,0.000000024,-0.000000756,-0.000000696,0.000001452,0.000000036,2.094395102
1770746295.438902378,15.500000000,-1.715943988,-1.546856073,2.138769916,-0.594793212,1.415050657,3.858802438,0.000000021,-0.000000653,-0.000000602,0.000001255,0.000000031,1.810825330
1770746295.538902283,15.600000000,-1.715944007,-1.546856131,2.138769869,-0.594793107,1.415050639,4.014884972,-0.000000235,-0.000000492,-0.000000384,0.000000877,-0.000000228,1.310825330
1770746295.638902426,15.700000000,-1.715944026,-1.546856171,2.138769838,-0.594793036,1.415050620,4.120967505,-0.000000145,-0.000000304,-0.000000237,0.000000543,-0.000000141,0.810825330
1770746295.738902330,15.800000000,-1.715944036,-1.546856192,2.138769821,-0.594792998,1.415050610,4.177050038,-0.000000056,-0.000000117,-0.000000091,0.000000208,-0.000000054,0.310825330
1770746295.838902473,15.900000000,-1.714690970,-1.540100061,2.131737786,-0.594518721,1.416307981,4.186188206,0.014374813,0.077504291,-0.080669202,0.003146205,0.014424128,-0.146409826
1770746295.938902378,16.000000000,-1.714543038,-1.539302464,2.130907645,-0.594486379,1.416456403,4.150159502,0.000000056,0.000000212,0.000000231,-0.000000597,-0.000000251,-0.604465565
1770746296.038902283,16.100000000,-1.714543031,-1.539302435,2.130907678,-0.594486461,1.416456367,4.064713253,0.000000093,0.000000382,0.000000408,-0.000001035,-0.000000483,-1.104459630
1770746296.138902426,16.200000000,-1.714543020,-1.539302388,2.130907725,-0.594486579,1.416456304,3.929267780,0.000000111,0.000000540,0.000000535,-0.000001294,-0.000000769,-1.604450703
1770746296.238902330,16.300000000,-1.714543020,-1.539302322,2.130907786,-0.594486710,1.416456289,3.743833810,-0.000000024,0.000000752,0.000000692,-0.000001442,-0.000000036,-2.094395102
1770746296.338902473,16.400000000,-1.714543038,-1.539302251,2.130907857,-0.594486852,1.416456270,3.534394300,-0.000000417,0.000000661,0.000000719,-0.000001378,-0.000000429,-2.094395102
1770746296.438902378,16.500000000,-1.714543081,-1.539302185,2.130907929,-0.594486989,1.416456226,3.324954789,-0.000000777,0.000000516,0.000000687,-0.000001199,-0.000000787,-2.094395102
1770746296.538902283,16.600000000,-1.714543159,-1.539302134,2.130907997,-0.594487109,1.416456147,3.115515279,-0.000000777,0.000000516,0.000000687,-0.000001199,-0.000000787,-2.094395102
1770746296.638902426,16.700000000,-1.714543256,-1.539302094,2.130908060,-0.594487211,1.416456049,2.906075769,-0.000001074,0.000000330,0.000000600,-0.000000924,-0.000001081,-2.094395102
1770746296.738902330,16.800000000,-1.714543370,-1.539302068,2.130908116,-0.594487292,1.416455934,2.696636259,-0.000001283,0.000000117,0.000000463,-0.000000574,-0.000001288,-2.094395102
1770746296.838902473,16.900000000,-1.714543498,-1.539302056,2.130908162,-0.594487350,1.416455806,2.487196748,-0.000001283,0.000000117,0.000000463,-0.000000574,-0.000001288,-2.094395102
1770746296.938902378,17.000000000,-1.714543637,-1.539302065,2.130908192,-0.594487370,1.416455667,2.277757238,-0.000001389,-0.000000105,0.000000290,-0.000000177,-0.000001391,-2.094395102
1770746297.038902283,17.100000000,-1.714543775,-1.539302088,2.130908210,-0.594487364,1.416455529,2.068317728,-0.000001382,-0.000000319,0.000000093,0.000000234,-0.000001381,-2.094395102
1770746297.138902426,17.200000000,-1.714543911,-1.539302124,2.130908215,-0.594487332,1.416455393,1.858878218,-0.000001264,-0.000000507,-0.000000112,0.000000627,-0.000001259,-2.094395102
1770746297.238902330,17.300000000,-1.714544032,-1.539302173,2.130908204,-0.594487272,1.416455272,1.658084101,-0.000001086,-0.000000436,-0.000000096,0.000000539,-0.000001082,-1.800364603
1770746297.338902473,17.400000000,-1.714544113,-1.539302218,2.130908185,-0.594487207,1.416455192,1.503047641,-0.000000647,-0.000000406,-0.000000191,0.000000601,-0.000000642,-1.300364603
1770746297.438902378,17.500000000,-1.714544166,-1.539302251,2.130908170,-0.594487158,1.416455140,1.398011181,-0.000000398,-0.000000250,-0.000000118,0.000000370,-0.000000395,-0.800364603
1770746297.538902283,17.600000000,-1.714544193,-1.539302268,2.130908161,-0.594487133,1.416455113,1.342974720,-0.000000150,-0.000000094,-0.000000044,0.000000139,-0.000000148,-0.300364603
1770746297.638902426,17.700000000,-1.713284463,-1.532420276,2.123678098,-0.594140686,1.417719521,1.334744192,0.012969207,0.070851154,-0.074434484,0.003566588,0.013017293,0.156212764
1770746297.738902330,17.800000000,-1.713168899,-1.531789010,2.123014923,-0.594108930,1.417835494,1.371631428,0.000000239,0.000000169,0.000000120,-0.000000383,-0.000000090,0.613929844
1770746297.838902473,17.900000000,-1.713168865,-1.531788986,2.123014940,-0.594108987,1.417835482,1.458024093,0.000000440,0.000000312,0.000000233,-0.000000753,-0.000000146,1.113923854
1770746297.938902378,18.000000000,-1.713168809,-1.531788947,2.123014971,-0.594109088,1.417835468,1.594415970,0.000000668,0.000000468,0.000000391,-0.000001293,-0.000000125,1.613914906
1770746298.038902283,18.100000000,-1.713168702,-1.531788901,2.123014986,-0.594109155,1.417835563,1.780768366,0.000001252,0.000000503,0.000000112,-0.000000624,0.000001248,2.094395102
1770746298.138902426,18.200000000,-1.713168572,-1.531788859,2.123014988,-0.594109202,1.417835693,1.990207876,0.000001370,0.000000316,-0.000000092,-0.000000231,0.000001368,2.094395102
1770746298.238902330,18.300000000,-1.713168435,-1.531788828,2.123014978,-0.594109223,1.417835830,2.199647387,0.000001376,0.000000103,-0.000000288,0.000000178,0.000001378,2.094395102
1770746298.338902473,18.400000000,-1.713168298,-1.531788818,2.123014949,-0.594109205,1.417835967,2.409086897,0.000001376,0.000000103,-0.000000288,0.000000178,0.000001378,2.094395102
1770746298.438902378,18.500000000,-1.713168167,-1.531788823,2.123014909,-0.594109160,1.417836098,2.618526407,0.000001272,-0.000000118,-0.000000461,0.000000572,0.000001276,2.094395102
1770746298.538902283,18.600000000,-1.713168047,-1.531788842,2.123014858,-0.594109092,1.417836219,2.827965917,0.000001064,-0.000000330,-0.000000597,0.000000920,0.000001071,2.094395102
1770746298.638902426,18.700000000,-1.713167940,-1.531788875,2.123014798,-0.594108999,1.417836326,3.037405427,0.000001064,-0.000000330,-0.000000597,0.000000920,0.000001071,2.094395102
1770746298.738902330,18.800000000,-1.713167862,-1.531788925,2.123014730,-0.594108881,1.417836406,3.246844938,0.000000770,-0.000000515,-0.000000684,0.000001194,0.000000780,2.094395102
1770746298.838902473,18.900000000,-1.713167806,-1.531788985,2.123014660,-0.594108751,1.417836462,3.456284448,0.000000414,-0.000000658,-0.000000716,0.000001371,0.000000425,2.094395102
1770746298.938902378,19.000000000,-1.713167774,-1.531789053,2.123014589,-0.594108613,1.417836496,3.665723958,0.000000024,-0.000000748,-0.000000689,0.000001437,0.000000036,2.094395102
1770746299.038902283,19.100000000,-1.713167772,-1.531789125,2.123014523,-0.594108475,1.417836499,3.865938455,0.000000020,-0.000000639,-0.000000589,0.000001229,0.000000030,1.790668042
1770746299.138902426,19.200000000,-1.713167792,-1.531789181,2.123014477,-0.594108372,1.417836480,4.020005260,-0.000000227,-0.000000479,-0.000000374,0.000000854,-0.000000220,1.290668042
1770746299.238902330,19.300000000,-1.713167810,-1.531789220,2.123014447,-0.594108303,1.417836462,4.124072064,-0.000000139,-0.000000293,-0.000000229,0.000000523,-0.000000135,0.790668042
1770746299.338902473,19.400000000,-1.713167820,-1.531789240,2.123014431,-0.594108268,1.417836453,4.178138868,-0.000000051,-0.000000108,-0.000000084,0.000000192,-0.000000049,0.290668042
1770746299.438902378,19.500000000,-1.711910884,-1.524831883,2.115637863,-0.593690667,1.419098413,4.185505833,0.011834520,0.065506008,-0.069452855,0.003931653,0.011881754,-0.165262555
1770746299.538902283,19.600000000,-1.711817601,-1.524315556,2.115090455,-0.593659714,1.419192050,4.147843881,0.000000058,0.000000216,0.000000235,-0.000000605,-0.000000251,-0.622328654
1770746299.638902426,19.700000000,-1.711817593,-1.524315526,2.115090487,-0.593659796,1.419192014,4.060611347,0.000000091,0.000000383,0.000000401,-0.000001008,-0.000000488,-1.122319958
1770746299.738902330,19.800000000,-1.711817583,-1.524315480,2.115090535,-0.593659914,1.419191952,3.923379600,0.000000114,0.000000541,0.000000535,-0.000001291,-0.000000756,-1.622313736
1770746299.838902473,19.900000000,-1.711817583,-1.524315414,2.115090596,-0.593660044,1.419191940,3.736227163,-0.000000024,0.000000744,0.000000685,-0.000001427,-0.000000036,-2.094395102
1770746299.938902378,20.000000000,-1.711817602,-1.524315343,2.115090666,-0.593660184,1.419191920,3.526787653,-0.000000410,0.000000655,0.000000712,-0.000001365,-0.000000421,-2.094395102
1770746300.038902283,20.100000000,-1.711817646,-1.524315279,2.115090737,-0.593660319,1.419191875,3.317348143,-0.000000763,0.000000513,0.000000680,-0.000001189,-0.000000773,-2.094395102
1770746300.138902426,20.200000000,-1.711817722,-1.524315228,2.115090805,-0.593660438,1.419191798,3.107908632,-0.000000763,0.000000513,0.000000680,-0.000001189,-0.000000773,-2.094395102
1770746300.238902330,20.300000000,-1.711817819,-1.524315189,2.115090867,-0.593660538,1.419191700,2.898469122,-0.000001054,0.000000329,0.000000594,-0.000000917,-0.000001062,-2.094395102
1770746300.338902473,20.400000000,-1.711817931,-1.524315163,2.115090921,-0.593660618,1.419191587,2.689029612,-0.000001260,0.000000119,0.000000459,-0.000000571,-0.000001265,-2.094395102
1770746300.438902378,20.500000000,-1.711818057,-1.524315151,2.115090967,-0.593660675,1.419191461,2.479590102,-0.000001260,0.000000119,0.000000459,-0.000000571,-0.000001265,-2.094395102
1770746300.538902283,20.600000000,-1.711818193,-1.524315161,2.115090996,-0.593660693,1.419191324,2.270150591,-0.000001364,-0.000000101,0.000000287,-0.000000178,-0.000001365,-2.094395102
1770746300.638902426,20.700000000,-1.711818329,-1.524315184,2.115091013,-0.593660686,1.419191188,2.060711081,-0.000001357,-0.000000312,0.000000092,0.000000229,-0.000001355,-2.094395102
1770746300.738902330,20.800000000,-1.711818462,-1.524315220,2.115091017,-0.593660654,1.419191056,1.851271571,-0.000001240,-0.000000499,-0.000000111,0.000000617,-0.000001235,-2.094395102
1770746300.838902473,20.900000000,-1.711818579,-1.524315267,2.115091007,-0.593660596,1.419190939,1.653765213,-0.000001036,-0.000000416,-0.000000093,0.000000515,-0.000001032,-1.748951163
1770746300.938902378,21.000000000,-1.711818656,-1.524315311,2.115090988,-0.593660533,1.419190863,1.503870096,-0.000000610,-0.000000384,-0.000000182,0.000000570,-0.000000606,-1.248951163
1770746301.038902283,21.100000000,-1.711818705,-1.524315341,2.115090974,-0.593660487,1.419190815,1.403974980,-0.000000366,-0.000000230,-0.000000109,0.000000342,-0.000000363,-0.748951163
1770746301.138902426,21.200000000,-1.711818729,-1.524315357,2.115090966,-0.593660465,1.419190790,1.354079864,-0.000000122,-0.000000077,-0.000000036,0.000000114,-0.000000121,-0.248951163
1770746301.238902330,21.300000000,-1.711916690,-1.524850987,2.115683342,-0.593717085,1.419092259,1.353176457,-0.001077568,-0.005892526,0.006516895,-0.000623004,-0.001083855,0.230469800
1770746301.338902473,21.400000000,-1.712141864,-1.526080216,2.117041285,-0.593845515,1.418865779,1.401223074,-0.003426667,-0.018693177,0.020641109,-0.001943587,-0.003446464,0.730463621
1770746301.438902378,21.500000000,-1.712603767,-1.528592240,2.119809439,-0.594101058,1.418401242,1.499268811,-0.005810809,-0.031546530,0.034722867,-0.003168951,-0.005843721,1.230455113
1770746301.538902283,21.600000000,-1.713306675,-1.532393513,2.123982694,-0.594472145,1.417694416,1.647313912,-0.008263831,-0.044503827,0.048722949,-0.004208577,-0.008309087,1.730447647
1770746301.638902426,21.700000000,-1.714248626,-1.537446811,2.129500866,-0.594935815,1.416747390,1.843506928,-0.010114946,-0.054034724,0.058838076,-0.004790394,-0.010168462,2.094395102
1770746301.738902330,21.800000000,-1.715267434,-1.542861356,2.135376265,-0.595395360,1.415723311,2.052946439,-0.010253261,-0.054244185,0.058679612,-0.004422230,-0.010305250,2.094395102
1770746301.838902473,21.900000000,-1.716300260,-1.548297151,2.141235798,-0.595817765,1.414685369,2.262385950,-0.010394525,-0.054458561,0.058521410,-0.004049406,-0.010444969,2.094395102
1770746301.938902378,22.000000000,-1.717347402,-1.553754696,2.147079492,-0.596202557,1.413633265,2.471825460,-0.010538824,-0.054677943,0.058363437,-0.003671800,-0.010587705,2.094395102
1770746302.038902283,22.100000000,-1.718409171,-1.559234496,2.152907367,-0.596549249,1.412566693,2.681264971,-0.010686247,-0.054902423,0.058205662,-0.003289288,-0.010733545,2.094395102
1770746302.138902426,22.200000000,-1.719485885,-1.564737069,2.158719441,-0.596857340,1.411485336,2.890704482,-0.010836886,-0.055132098,0.058048054,-0.002901741,-0.010882581,2.094395102
1770746302.238902330,22.300000000,-1.720577872,-1.570262943,2.164515729,-0.597126318,1.410388867,3.100143994,-0.010990835,-0.055367065,0.057890580,-0.002509028,-0.011034907,2.094395102
1770746302.338902473,22.400000000,-1.721685469,-1.575812654,2.170296243,-0.597355658,1.409276951,3.309583505,-0.011148194,-0.055607429,0.057733207,-0.002111015,-0.011190621,2.094395102
1770746302.438902378,22.500000000,-1.722809026,-1.581386749,2.176060992,-0.597544820,1.408149242,3.519023016,-0.011309066,-0.055853294,0.057575904,-0.001707562,-0.011349825,2.094395102
1770746302.538902283,22.600000000,-1.723948900,-1.586985788,2.181809980,-0.597693249,1.407005385,3.728462528,-0.011473556,-0.056104769,0.057418637,-0.001298529,-0.011512626,2.094395102
1770746302.638902426,22.700000000,-1.724974274,-1.591975215,2.186897951,-0.597790418,1.405976619,3.914301013,-0.008941379,-0.043288388,0.043979171,-0.000678773,-0.008970072,1.608584544
1770746302.738902330,22.800000000,-1.725732334,-1.595635693,2.190609701,-0.597840671,1.405216164,4.050159383,-0.006222586,-0.029925379,0.030253471,-0.000319707,-0.006241749,1.108582648
1770746302.838902473,22.900000000,-1.726215214,-1.597954824,2.192951930,-0.597863118,1.404731810,4.136017617,-0.003432825,-0.016453895,0.016593104,-0.000134576,-0.003443175,0.608582020
1770746302.938902378,23.000000000,-1.726417729,-1.598924684,2.193929385,-0.597870438,1.404528687,4.171875808,-0.000613983,-0.002937970,0.002959145,-0.000020346,-0.000615815,0.108581852
1770746303.038902283,23.100000000,-1.726512765,-1.599379375,2.194387312,-0.597873547,1.404433368,4.159054273,-0.000000245,-0.000000337,-0.000000172,0.000000510,-0.000000244,-0.373929727
1770746303.138902426,23.200000000,-1.726512806,-1.599379431,2.194387283,-0.597873462,1.404433327,4.096661893,-0.000000573,-0.000000789,-0.000000403,0.000001192,-0.000000571,-0.873922630
1770746303.238902330,23.300000000,-1.726512880,-1.599379532,2.194387231,-0.597873308,1.404433253,3.984269987,-0.000000902,-0.000001240,-0.000000635,0.000001876,-0.000000898,-1.373915548
1770746303.338902473,23.400000000,-1.726512934,-1.599379575,2.194387221,-0.597873256,1.404433199,3.821878619,-0.000000023,0.000000705,0.000000644,-0.000001349,-0.000000034,-1.873910963
1770746303.438902378,23.500000000,-1.726512937,-1.599379498,2.194387291,-0.597873403,1.404433195,3.617300845,-0.000000451,0.000000688,0.000000747,-0.000001433,-0.000000462,-2.094395102
1770746303.538902283,23.600000000,-1.726512982,-1.599379429,2.194387366,-0.597873546,1.404433149,3.407861335,-0.000000451,0.000000688,0.000000747,-0.000001433,-0.000000462,-2.094395102
1770746303.638902426,23.700000000,-1.726513052,-1.599379370,2.194387439,-0.597873678,1.404433078,3.198421825,-0.000000840,0.000000533,0.000000714,-0.000001243,-0.000000850,-2.094395102
1770746303.738902330,23.800000000,-1.726513145,-1.599379322,2.194387508,-0.597873794,1.404432984,2.988982315,-0.000001160,0.000000334,0.000000623,-0.000000952,-0.000001168,-2.094395102
1770746303.838902473,23.900000000,-1.726513261,-1.599379289,2.194387570,-0.597873889,1.404432868,2.779542804,-0.000001160,0.000000334,0.000000623,-0.000000952,-0.000001168,-2.094395102
1770746303.938902378,24.000000000,-1.726513397,-1.599379276,2.194387620,-0.597873951,1.404432730,2.570103294,-0.000001387,0.000000109,0.000000482,-0.000000584,-0.000001392,-2.094395102
1770746304.038902283,24.100000000,-1.726513542,-1.599379278,2.194387658,-0.597873986,1.404432585,2.360663784,-0.000001502,-0.000000126,0.000000302,-0.000000168,-0.000001503,-2.094395102
1770746304.138902426,24.200000000,-1.726513692,-1.599379295,2.194387684,-0.597873995,1.404432435,2.151224274,-0.000001494,-0.000000350,0.000000097,0.000000261,-0.000001492,-2.094395102
1770746304.238902330,24.300000000,-1.726513842,-1.599379330,2.194387694,-0.597873969,1.404432286,1.941784764,-0.000001494,-0.000000350,0.000000097,0.000000261,-0.000001492,-2.094395102
1770746304.338902473,24.400000000,-1.726513980,-1.599379381,2.194387686,-0.597873910,1.404432148,1.733283696,-0.000001303,-0.000000521,-0.000000110,0.000000638,-0.000001298,-1.997521855
1770746304.438902378,24.500000000,-1.726514087,-1.599379430,2.194387671,-0.597873844,1.404432041,1.558531511,-0.000000806,-0.000000499,-0.000000228,0.000000731,-0.000000800,-1.497521855
1770746304.538902283,24.600000000,-1.726514154,-1.599379472,2.194387652,-0.597873783,1.404431975,1.433779325,-0.000000537,-0.000000332,-0.000000152,0.000000487,-0.000000533,-0.997521855
1770746304.638902426,24.700000000,-1.726514195,-1.599379497,2.194387641,-0.597873747,1.404431935,1.359027140,-0.000000268,-0.000000166,-0.000000076,0.000000243,-0.000000266,-0.497521855
1770746304.738902330,24.800000000,-1.725894222,-1.596338427,2.191428801,-0.597956818,1.405052939,1.332807726,0.023506961,0.115303453,-0.112185193,-0.003150137,0.023546095,-0.038823047
1770746304.838902473,24.900000000,-1.724910374,-1.591512611,2.186733504,-0.598088674,1.406038414,1.351911368,0.000000171,0.000000121,0.000000082,-0.000000265,-0.000000079,0.420111760
1770746304.938902378,25.000000000,-1.724910346,-1.591512591,2.186733518,-0.598088719,1.406038402,1.418922217,0.000000381,0.000000269,0.000000197,-0.000000643,-0.000000155,0.920104854
1770746305.038902283,25.100000000,-1.724910297,-1.591512557,2.186733545,-0.598088808,1.406038385,1.535932284,0.000000610,0.000000429,0.000000346,-0.000001152,-0.000000176,1.420097069
1770746305.138902426,25.200000000,-1.724910206,-1.591512510,2.186733570,-0.598088904,1.406038431,1.702941608,0.000001240,0.000000496,0.000000106,-0.000000610,0.000001236,1.920088963
1770746305.238902330,25.300000000,-1.724910073,-1.591512457,2.186733581,-0.598088968,1.406038564,1.909342186,0.000001479,0.000000346,-0.000000097,-0.000000257,0.000001477,2.094395102
1770746305.338902473,25.400000000,-1.724909925,-1.591512422,2.186733571,-0.598088994,1.406038712,2.118781696,0.000001479,0.000000346,-0.000000097,-0.000000257,0.000001477,2.094395102
1770746305.438902378,25.500000000,-1.724909776,-1.591512402,2.186733548,-0.598088992,1.406038860,2.328221207,0.000001487,0.000000123,-0.000000300,0.000000169,0.000001488,2.094395102
1770746305.538902283,25.600000000,-1.724909631,-1.591512397,2.186733513,-0.598088962,1.406039006,2.537660717,0.000001373,-0.000000110,-0.000000480,0.000000583,0.000001378,2.094395102
1770746305.638902426,25.700000000,-1.724909494,-1.591512408,2.186733465,-0.598088904,1.406039143,2.747100227,0.000001373,-0.000000110,-0.000000480,0.000000583,0.000001378,2.094395102
1770746305.738902330,25.800000000,-1.724909378,-1.591512440,2.186733404,-0.598088812,1.406039261,2.956539737,0.000001149,-0.000000334,-0.000000620,0.000000949,0.000001157,2.094395102
1770746305.838902473,25.900000000,-1.724909281,-1.591512485,2.186733337,-0.598088700,1.406039358,3.165979247,0.000000831,-0.000000532,-0.000000710,0.000001238,0.000000841,2.094395102
1770746305.938902378,26.000000000,-1.724909206,-1.591512541,2.186733265,-0.598088572,1.406039434,3.375418758,0.000000446,-0.000000686,-0.000000743,0.000001426,0.000000458,2.094395102
1770746306.038902283,26.100000000,-1.724909161,-1.591512610,2.186733191,-0.598088430,1.406039480,3.584858268,0.000000446,-0.000000686,-0.000000743,0.000001426,0.000000458,2.094395102
1770746306.138902426,26.200000000,-1.724909152,-1.591512686,2.186733119,-0.598088282,1.406039490,3.793096055,0.000000024,-0.000000743,-0.000000678,0.000001421,0.000000035,1.984771990
1770746306.238902330,26.300000000,-1.724909163,-1.591512752,2.186733062,-0.598088159,1.406039481,3.966573254,-0.000000282,-0.000000581,-0.000000447,0.000001029,-0.000000274,1.484771990
1770746306.338902473,26.400000000,-1.724909186,-1.591512800,2.186733025,-0.598088074,1.406039458,4.090050453,-0.000000187,-0.000000385,-0.000000296,0.000000682,-0.000000182,0.984771990
1770746306.438902378,26.500000000,-1.724909200,-1.591512829,2.186733003,-0.598088023,1.406039444,4.163527652,-0.000000092,-0.000000190,-0.000000146,0.000000336,-0.000000089,0.484771990
1770746306.538902283,26.600000000,-1.724244887,-1.588209738,2.183485610,-0.598144615,1.406705026,4.188547997,0.023247464,0.115590364,-0.113640649,-0.001981019,0.023291862,0.025348143
1770746306.638902426,26.700000000,-1.723337132,-1.583696225,2.179048245,-0.598221991,1.407614505,4.168194039,0.000000042,0.000000158,0.000000176,-0.000000466,-0.000000186,-0.433829349
1770746306.738902330,26.800000000,-1.723337125,-1.583696200,2.179048272,-0.598222062,1.407614474,4.099811560,0.000000082,0.000000337,0.000000365,-0.000000944,-0.000000431,-0.933821005
1770746306.838902473,26.900000000,-1.723337116,-1.583696158,2.179048316,-0.598222175,1.407614416,3.981429889,0.000000103,0.000000504,0.000000517,-0.000001291,-0.000000724,-1.433813336
1770746306.938902378,27.000000000,-1.723337112,-1.583696097,2.179048374,-0.598222307,1.407614374,3.813048960,-0.000000023,0.000000720,0.000000656,-0.000001375,-0.000000035,-1.933805248
1770746307.038902283,27.100000000,-1.723337117,-1.583696021,2.179048444,-0.598222453,1.407614368,3.606189022,-0.000000442,0.000000683,0.000000739,-0.000001420,-0.000000453,-2.094395102
1770746307.138902426,27.200000000,-1.723337161,-1.583695952,2.179048518,-0.598222595,1.407614323,3.396749512,-0.000000442,0.000000683,0.000000739,-0.000001420,-0.000000453,-2.094395102
1770746307.238902330,27.300000000,-1.723337231,-1.583695895,2.179048590,-0.598222724,1.407614251,3.187310002,-0.000000823,0.000000530,0.000000706,-0.000001232,-0.000000833,-2.094395102
1770746307.338902473,27.400000000,-1.723337324,-1.583695848,2.179048658,-0.598222838,1.407614158,2.977870492,-0.000001137,0.000000335,0.000000617,-0.000000945,-0.000001145,-2.094395102
1770746307.438902378,27.500000000,-1.723337438,-1.583695814,2.179048719,-0.598222933,1.407614043,2.768430981,-0.000001137,0.000000335,0.000000617,-0.000000945,-0.000001145,-2.094395102
1770746307.538902283,27.600000000,-1.723337573,-1.583695802,2.179048768,-0.598222992,1.407613908,2.558991471,-0.000001360,0.000000112,0.000000477,-0.000000582,-0.000001365,-2.094395102
1770746307.638902426,27.700000000,-1.723337715,-1.583695805,2.179048805,-0.598223026,1.407613765,2.349551961,-0.000001472,-0.000000120,0.000000299,-0.000000171,-0.000001473,-2.094395102
1770746307.738902330,27.800000000,-1.723337862,-1.583695822,2.179048830,-0.598223033,1.407613618,2.140112451,-0.000001465,-0.000000342,0.000000096,0.000000254,-0.000001463,-2.094395102
1770746307.838902473,27.900000000,-1.723338009,-1.583695857,2.179048839,-0.598223007,1.407613471,1.930672940,-0.000001465,-0.000000342,0.000000096,0.000000254,-0.000001463,-2.094395102
1770746307.938902378,28.000000000,-1.723338143,-1.583695907,2.179048831,-0.598222947,1.407613337,1.722748542,-0.000001260,-0.000000505,-0.000000107,0.000000619,-0.000001255,-1.971305227
1770746308.038902283,28.100000000,-1.723338246,-1.583695956,2.179048815,-0.598222882,1.407613235,1.550618020,-0.000000776,-0.000000483,-0.000000221,0.000000709,-0.000000770,-1.471305227
1770746308.138902426,28.200000000,-1.723338310,-1.583695996,2.179048796,-0.598222823,1.407613171,1.428487497,-0.000000512,-0.000000319,-0.000000146,0.000000468,-0.000000509,-0.971305227
1770746308.238902330,28.300000000,-1.723338348,-1.583696020,2.179048786,-0.598222788,1.407613134,1.356356974,-0.000000249,-0.000000155,-0.000000071,0.000000227,-0.000000247,-0.471305227
1770746308.338902473,28.400000000,-1.722617566,-1.580063393,2.175440671,-0.598248265,1.408335473,1.332580600,0.023135749,0.116598714,-0.115811566,-0.000818084,0.023185712,-0.011502804
1770746308.438902378,28.500000000,-1.721796985,-1.575927895,2.171333102,-0.598277294,1.409157814,1.354257709,0.000000180,0.000000128,0.000000086,-0.000000278,-0.000000080,0.448616720
1770746308.538902283,28.600000000,-1.721796956,-1.575927875,2.171333116,-0.598277340,1.409157802,1.424118998,0.000000387,0.000000274,0.000000200,-0.000000651,-0.000000152,0.948609589
1770746308.638902426,28.700000000,-1.721796906,-1.575927839,2.171333143,-0.598277430,1.409157785,1.543979503,0.000000614,0.000000432,0.000000347,-0.000001153,-0.000000170,1.448601893
1770746308.738902330,28.800000000,-1.721796814,-1.575927793,2.171333167,-0.598277521,1.409157838,1.713839262,0.000001234,0.000000494,0.000000106,-0.000000609,0.000001230,1.948592343
1770746308.838902473,28.900000000,-1.721796682,-1.575927742,2.171333176,-0.598277583,1.409157970,1.921152307,0.000001450,0.000000338,-0.000000096,-0.000000250,0.000001448,2.094395102
1770746308.938902378,29.000000000,-1.721796537,-1.575927708,2.171333167,-0.598277608,1.409158115,2.130591817,0.000001450,0.000000338,-0.000000096,-0.000000250,0.000001448,2.094395102
1770746309.038902283,29.100000000,-1.721796391,-1.575927690,2.171333143,-0.598277602,1.409158261,2.340031328,0.000001457,0.000000117,-0.000000297,0.000000172,0.000001459,2.094395102
1770746309.138902426,29.200000000,-1.721796249,-1.575927687,2.171333107,-0.598277571,1.409158403,2.549470838,0.000001346,-0.000000113,-0.000000474,0.000000580,0.000001351,2.094395102
1770746309.238902330,29.300000000,-1.721796115,-1.575927698,2.171333059,-0.598277513,1.409158538,2.758910348,0.000001346,-0.000000113,-0.000000474,0.000000580,0.000001351,2.094395102
1770746309.338902473,29.400000000,-1.721796002,-1.575927731,2.171332998,-0.598277419,1.409158651,2.968349858,0.000001126,-0.000000334,-0.000000613,0.000000942,0.000001134,2.094395102
1770746309.438902378,29.500000000,-1.721795909,-1.575927777,2.171332931,-0.598277307,1.409158745,3.177789369,0.000000815,-0.000000529,-0.000000703,0.000001227,0.000000825,2.094395102
1770746309.538902283,29.600000000,-1.721795837,-1.575927834,2.171332860,-0.598277179,1.409158818,3.387228879,0.000000438,-0.000000680,-0.000000735,0.000001413,0.000000449,2.094395102
1770746309.638902426,29.700000000,-1.721795794,-1.575927902,2.171332787,-0.598277038,1.409158863,3.596668389,0.000000438,-0.000000680,-0.000000735,0.000001413,0.000000449,2.094395102
1770746309.738902330,29.800000000,-1.721795787,-1.575927978,2.171332716,-0.598276891,1.409158871,3.804204417,0.000000023,-0.000000725,-0.000000661,0.000001386,0.000000034,1.956428359
1770746309.838902473,29.900000000,-1.721795799,-1.575928042,2.171332661,-0.598276772,1.409158859,3.974847253,-0.000000271,-0.000000563,-0.000000433,0.000000998,-0.000000263,1.456428359
1770746309.938902378,30.000000000,-1.721795822,-1.575928089,2.171332625,-0.598276690,1.409158837,4.095490089,-0.000000178,-0.000000370,-0.000000285,0.000000655,-0.000000173,0.956428359
1770746310.038902283,30.100000000,-1.721795835,-1.575928116,2.171332604,-0.598276641,1.409158825,4.166132925,-0.000000085,-0.000000176,-0.000000136,0.000000313,-0.000000082,0.456428359
1770746310.138902426,30.200000000,-1.721026175,-1.571996671,2.167388153,-0.598264657,1.409930343,4.188521361,0.022747031,0.116192146,-0.116576080,0.000353731,0.022801944,-0.003750834
1770746310.238902330,30.300000000,-1.720284344,-1.568207393,2.163586372,-0.598253145,1.410673952,4.165456078,0.000000045,0.000000167,0.000000186,-0.000000489,-0.000000194,-0.463642896
1770746310.338902473,30.400000000,-1.720284338,-1.568207367,2.163586400,-0.598253217,1.410673921,4.094092276,0.000000085,0.000000344,0.000000371,-0.000000958,-0.000000433,-0.963634756
1770746310.438902378,30.500000000,-1.720284328,-1.568207324,2.163586444,-0.598253330,1.410673863,3.972729270,0.000000106,0.000000510,0.000000521,-0.000001298,-0.000000718,-1.463627150
1770746310.538902283,30.600000000,-1.720284325,-1.568207263,2.163586502,-0.598253461,1.410673826,3.801367012,-0.000000023,0.000000724,0.000000660,-0.000001382,-0.000000035,-1.963617612
1770746310.638902426,30.700000000,-1.720284332,-1.568207187,2.163586572,-0.598253606,1.410673818,3.593638392,-0.000000433,0.000000677,0.000000731,-0.000001406,-0.000000445,-2.094395102
1770746310.738902330,30.800000000,-1.720284375,-1.568207120,2.163586646,-0.598253747,1.410673774,3.384198881,-0.000000433,0.000000677,0.000000731,-0.000001406,-0.000000445,-2.094395102
1770746310.838902473,30.900000000,-1.720284447,-1.568207063,2.163586716,-0.598253874,1.410673701,3.174759371,-0.000000807,0.000000527,0.000000699,-0.000001222,-0.000000817,-2.094395102
1770746310.938902378,31.000000000,-1.720284539,-1.568207018,2.163586783,-0.598253985,1.410673608,2.965319861,-0.000001115,0.000000334,0.000000610,-0.000000939,-0.000001123,-2.094395102
1770746311.038902283,31.100000000,-1.720284651,-1.568206985,2.163586843,-0.598254078,1.410673495,2.755880351,-0.000001333,0.000000115,0.000000472,-0.000000579,-0.000001338,-2.094395102
1770746311.138902426,31.200000000,-1.720284785,-1.568206974,2.163586891,-0.598254136,1.410673361,2.546440840,-0.000001333,0.000000115,0.000000472,-0.000000579,-0.000001338,-2.094395102
1770746311.238902330,31.300000000,-1.720284925,-1.568206977,2.163586926,-0.598254167,1.410673220,2.337001330,-0.000001443,-0.000000114,0.000000295,-0.000000173,-0.000001445,-2.094395102
1770746311.338902473,31.400000000,-1.720285069,-1.568206995,2.163586950,-0.598254172,1.410673076,2.127561820,-0.000001436,-0.000000334,0.000000095,0.000000247,-0.000001434,-2.094395102
1770746311.438902378,31.500000000,-1.720285213,-1.568207029,2.163586959,-0.598254148,1.410672933,1.918122310,-0.000001436,-0.000000334,0.000000095,0.000000247,-0.000001434,-2.094395102
1770746311.538902283,31.600000000,-1.720285344,-1.568207079,2.163586950,-0.598254086,1.410672803,1.711019695,-0.000001217,-0.000000488,-0.000000105,0.000000600,-0.000001212,-1.941526036
1770746311.638902426,31.700000000,-1.720285441,-1.568207127,2.163586933,-0.598254021,1.410672705,1.541867091,-0.000000746,-0.000000466,-0.000000215,0.000000685,-0.000000740,-1.441526036
1770746311.738902330,31.800000000,-1.720285503,-1.568207166,2.163586916,-0.598253965,1.410672644,1.422714488,-0.000000487,-0.000000304,-0.000000140,0.000000447,-0.000000483,-0.941526036
1770746311.838902473,31.900000000,-1.720285539,-1.568207188,2.163586905,-0.598253932,1.410672609,1.353561884,-0.000000228,-0.000000143,-0.000000066,0.000000210,-0.000000227,-0.441526036
1770746311.938902378,32.000000000,-1.719462429,-1.563946081,2.159269120,-0.598198339,1.411497919,1.332509580,0.022080877,0.114307860,-0.115828025,0.001491054,0.022139899,0.017800555
1770746312.038902283,32.100000000,-1.718802950,-1.560532143,2.155809792,-0.598153821,1.412159147,1.356847249,0.000000189,0.000000135,0.000000091,-0.000000290,-0.000000081,0.477413086
1770746312.138902426,32.200000000,-1.718802921,-1.560532122,2.155809806,-0.598153869,1.412159136,1.429588341,0.000000397,0.000000281,0.000000210,-0.000000685,-0.000000140,0.977406484
1770746312.238902330,32.300000000,-1.718802870,-1.560532087,2.155809834,-0.598153960,1.412159120,1.552328685,0.000000617,0.000000435,0.000000348,-0.000001153,-0.000000165,1.477400694
1770746312.338902473,32.400000000,-1.718802776,-1.560532040,2.155809856,-0.598154047,1.412159180,1.725068270,0.000001228,0.000000493,0.000000107,-0.000000608,0.000001224,1.977391140
1770746312.438902378,32.500000000,-1.718802645,-1.560531991,2.155809864,-0.598154105,1.412159311,1.933138165,0.000001422,0.000000330,-0.000000095,-0.000000244,0.000001420,2.094395102
1770746312.538902283,32.600000000,-1.718802503,-1.560531958,2.155809855,-0.598154129,1.412159453,2.142577675,0.000001422,0.000000330,-0.000000095,-0.000000244,0.000001420,2.094395102
1770746312.638902426,32.700000000,-1.718802360,-1.560531942,2.155809830,-0.598154121,1.412159596,2.352017185,0.000001429,0.000000112,-0.000000294,0.000000174,0.000001431,2.094395102
1770746312.738902330,32.800000000,-1.718802222,-1.560531940,2.155809793,-0.598154087,1.412159734,2.561456696,0.000001320,-0.000000116,-0.000000470,0.000000578,0.000001325,2.094395102
1770746312.838902473,32.900000000,-1.718802091,-1.560531953,2.155809745,-0.598154027,1.412159866,2.770896206,0.000001105,-0.000000334,-0.000000607,0.000000935,0.000001112,2.094395102
1770746312.938902378,33.000000000,-1.718801980,-1.560531986,2.155809685,-0.598153934,1.412159977,2.980335716,0.000001105,-0.000000334,-0.000000607,0.000000935,0.000001112,2.094395102
1770746313.038902283,33.100000000,-1.718801891,-1.560532033,2.155809618,-0.598153821,1.412160068,3.189775226,0.000000799,-0.000000525,-0.000000695,0.000001216,0.000000809,2.094395102
1770746313.138902426,33.200000000,-1.718801823,-1.560532090,2.155809547,-0.598153694,1.412160137,3.399214737,0.000000429,-0.000000674,-0.000000727,0.000001399,0.000000441,2.094395102
1770746313.238902330,33.300000000,-1.718801780,-1.560532158,2.155809475,-0.598153554,1.412160181,3.608654247,0.000000429,-0.000000674,-0.000000727,0.000001399,0.000000441,2.094395102
1770746313.338902473,33.400000000,-1.718801776,-1.560532233,2.155809405,-0.598153409,1.412160186,3.815308649,0.000000022,-0.000000707,-0.000000645,0.000001352,0.000000033,1.927508661
1770746313.438902378,33.500000000,-1.718801789,-1.560532296,2.155809353,-0.598153293,1.412160173,3.983059515,-0.000000261,-0.000000545,-0.000000420,0.000000967,-0.000000253,1.427508661
1770746313.538902283,33.600000000,-1.718801811,-1.560532341,2.155809318,-0.598153214,1.412160152,4.100810381,-0.000000169,-0.000000354,-0.000000273,0.000000628,-0.000000164,0.927508661
1770746313.638902426,33.700000000,-1.718801823,-1.560532367,2.155809298,-0.598153168,1.412160140,4.168561247,-0.000000078,-0.000000163,-0.000000126,0.000000290,-0.000000076,0.427508661
1770746313.738902330,33.800000000,-1.717941834,-1.556020651,2.151192755,-0.598049466,1.413022655,4.188335967,0.021563037,0.113124770,-0.115752798,0.002599797,0.021626365,-0.031160234
1770746313.838902473,33.900000000,-1.717347376,-1.552901988,2.148001660,-0.597977820,1.413618847,4.162815933,0.000000048,0.000000175,0.000000193,-0.000000509,-0.000000199,-0.489984025
1770746313.938902378,34.000000000,-1.717347369,-1.552901961,2.148001689,-0.597977893,1.413618815,4.088817768,0.000000083,0.000000348,0.000000369,-0.000000943,-0.000000443,-0.989977402
1770746314.038902283,34.100000000,-1.717347360,-1.552901918,2.148001733,-0.597978006,1.413618758,3.964820347,0.000000106,0.000000512,0.000000512,-0.000001261,-0.000000722,-1.489970282
1770746314.138902426,34.200000000,-1.717347357,-1.552901856,2.148001792,-0.597978136,1.413618726,3.790823693,-0.000000023,0.000000726,0.000000662,-0.000001386,-0.000000035,-1.989962066
1770746314.238902330,34.300000000,-1.717347366,-1.552901782,2.148001861,-0.597978280,1.413618715,3.582475429,-0.000000425,0.000000671,0.000000724,-0.000001392,-0.000000437,-2.094395102
1770746314.338902473,34.400000000,-1.717347408,-1.552901715,2.148001934,-0.597978419,1.413618672,3.373035919,-0.000000425,0.000000671,0.000000724,-0.000001392,-0.000000437,-2.094395102
1770746314.438902378,34.500000000,-1.717347480,-1.552901659,2.148002004,-0.597978544,1.413618599,3.163596409,-0.000000792,0.000000524,0.000000692,-0.000001211,-0.000000802,-2.094395102
1770746314.538902283,34.600000000,-1.717347573,-1.552901615,2.148002069,-0.597978653,1.413618505,2.954156899,-0.000001094,0.000000334,0.000000604,-0.000000932,-0.000001102,-2.094395102
1770746314.638902426,34.700000000,-1.717347684,-1.552901584,2.148002128,-0.597978743,1.413618394,2.744717388,-0.000001308,0.000000117,0.000000467,-0.000000577,-0.000001313,-2.094395102
1770746314.738902330,34.800000000,-1.717347814,-1.552901572,2.148002175,-0.597978801,1.413618262,2.535277878,-0.000001308,0.000000117,0.000000467,-0.000000577,-0.000001313,-2.094395102
1770746314.838902473,34.900000000,-1.717347953,-1.552901576,2.148002209,-0.597978830,1.413618124,2.325838368,-0.000001416,-0.000000109,0.000000292,-0.000000175,-0.000001417,-2.094395102
1770746314.938902378,35.000000000,-1.717348094,-1.552901595,2.148002232,-0.597978833,1.413617982,2.116398858,-0.000001409,-0.000000327,0.000000094,0.000000240,-0.000001407,-2.094395102
1770746315.038902283,35.100000000,-1.717348235,-1.552901627,2.148002241,-0.597978809,1.413617842,1.906959347,-0.000001409,-0.000000327,0.000000094,0.000000240,-0.000001407,-2.094395102
1770746315.138902426,35.200000000,-1.717348362,-1.552901678,2.148002230,-0.597978747,1.413617715,1.700738060,-0.000001177,-0.000000473,-0.000000102,0.000000582,-0.000001173,-1.915001036
1770746315.238902330,35.300000000,-1.717348455,-1.552901725,2.148002214,-0.597978682,1.413617622,1.534237957,-0.000000718,-0.000000450,-0.000000209,0.000000663,-0.000000712,-1.415001036
1770746315.338902473,35.400000000,-1.717348515,-1.552901762,2.148002196,-0.597978628,1.413617564,1.417737853,-0.000000464,-0.000000291,-0.000000135,0.000000429,-0.000000461,-0.915001036
1770746315.438902378,35.500000000,-1.717348548,-1.552901783,2.148002187,-0.597978597,1.413617530,1.351237749,-0.000000211,-0.000000132,-0.000000061,0.000000194,-0.000000209,-0.415001036
1770746315.538902283,35.600000000,-1.716449501,-1.548122197,2.143064375,-0.597821539,1.414519460,1.332573717,0.020829554,0.110734611,-0.114400198,0.003638513,0.020896322,0.043052924
1770746315.638902426,35.700000000,-1.715921340,-1.545314420,2.140163665,-0.597729297,1.415049300,1.359145707,0.000000197,0.000000140,0.000000094,-0.000000300,-0.000000081,0.501430094
1770746315.738902330,35.800000000,-1.715921310,-1.545314398,2.140163680,-0.597729346,1.415049289,1.434288252,0.000000401,0.000000285,0.000000212,-0.000000690,-0.000000137,1.001421052
1770746315.838902473,35.900000000,-1.715921259,-1.545314362,2.140163708,-0.597729437,1.415049274,1.559430020,0.000000624,0.000000440,0.000000358,-0.000001188,-0.000000141,1.501413904
1770746315.938902378,36.000000000,-1.715921164,-1.545314317,2.140163728,-0.597729520,1.415049340,1.734571018,0.000001219,0.000000490,0.000000107,-0.000000606,0.000001215,2.001405687
1770746316.038902283,36.100000000,-1.715921034,-1.545314269,2.140163736,-0.597729575,1.415049469,1.943145199,0.000001395,0.000000323,-0.000000094,-0.000000237,0.000001394,2.094395102
1770746316.138902426,36.200000000,-1.715920895,-1.545314237,2.140163726,-0.597729599,1.415049608,2.152584709,0.000001395,0.000000323,-0.000000094,-0.000000237,0.000001394,2.094395102
1770746316.238902330,36.300000000,-1.715920755,-1.545314222,2.140163700,-0.597729589,1.415049748,2.362024219,0.000001402,0.000000107,-0.000000291,0.000000176,0.000001404,2.094395102
1770746316.338902473,36.400000000,-1.715920619,-1.545314222,2.140163663,-0.597729553,1.415049884,2.571463730,0.000001296,-0.000000118,-0.000000465,0.000000576,0.000001300,2.094395102
1770746316.438902378,36.500000000,-1.715920492,-1.545314236,2.140163616,-0.597729492,1.415050012,2.780903240,0.000001084,-0.000000333,-0.000000601,0.000000928,0.000001092,2.094395102
1770746316.538902283,36.600000000,-1.715920384,-1.545314269,2.140163555,-0.597729399,1.415050121,2.990342750,0.000001084,-0.000000333,-0.000000601,0.000000928,0.000001092,2.094395102
1770746316.638902426,36.700000000,-1.715920297,-1.545314317,2.140163489,-0.597729286,1.415050208,3.199782260,0.000000784,-0.000000522,-0.000000688,0.000001206,0.000000794,2.094395102
1770746316.738902330,36.800000000,-1.715920232,-1.545314374,2.140163419,-0.597729158,1.415050274,3.409221770,0.000000421,-0.000000668,-0.000000720,0.000001386,0.000000433,2.094395102
1770746316.838902473,36.900000000,-1.715920190,-1.545314441,2.140163347,-0.597729020,1.415050317,3.618661281,0.000000024,-0.000000760,-0.000000693,0.000001453,0.000000036,2.094395102
1770746316.938902378,37.000000000,-1.715920188,-1.545314516,2.140163279,-0.597728877,1.415050321,3.824449778,0.000000022,-0.000000690,-0.000000630,0.000001321,0.000000033,1.903318862
1770746317.038902283,37.100000000,-1.715920203,-1.545314577,2.140163228,-0.597728764,1.415050307,3.989781664,-0.000000251,-0.000000529,-0.000000409,0.000000940,-0.000000244,1.403318862
1770746317.138902426,37.200000000,-1.715920223,-1.545314620,2.140163194,-0.597728687,1.415050287,4.105113550,-0.000000162,-0.000000341,-0.000000263,0.000000605,-0.000000157,0.903318862
1770746317.238902330,37.300000000,-1.715920235,-1.545314645,2.140163175,-0.597728643,1.415050276,4.170445436,-0.000000072,-0.000000152,-0.000000118,0.000000270,-0.000000070,0.403318862
1770746317.338902473,37.400000000,-1.714997529,-1.540344077,2.134979303,-0.597516529,1.415976193,4.188050287,0.020224917,0.108950316,-0.113625450,0.004649024,0.020295285,-0.054121163
1770746317.438902378,37.500000000,-1.714519570,-1.537769345,2.132294107,-0.597406690,1.416455803,4.160509876,0.000000050,0.000000181,0.000000199,-0.000000523,-0.000000202,-0.511747055
1770746317.538902283,37.600000000,-1.714519563,-1.537769318,2.132294135,-0.597406764,1.416455771,4.084335632,0.000000086,0.000000352,0.000000372,-0.000000949,-0.000000441,-1.011738269
1770746317.638902426,37.700000000,-1.714519553,-1.537769275,2.132294180,-0.597406877,1.416455714,3.958162157,0.000000109,0.000000514,0.000000513,-0.000001261,-0.000000712,-1.511731128
1770746317.738902330,37.800000000,-1.714519550,-1.537769212,2.132294239,-0.597407005,1.416455685,3.781989453,-0.000000023,0.000000726,0.000000662,-0.000001386,-0.000000035,-2.011722912
1770746317.838902473,37.900000000,-1.714519561,-1.537769139,2.132294308,-0.597407148,1.416455673,3.573234037,-0.000000417,0.000000665,0.000000716,-0.000001379,-0.000000429,-2.094395102
1770746317.938902378,38.000000000,-1.714519603,-1.537769072,2.132294379,-0.597407286,1.416455630,3.363794527,-0.000000417,0.000000665,0.000000716,-0.000001379,-0.000000429,-2.094395102
1770746318.038902283,38.100000000,-1.714519675,-1.537769018,2.132294448,-0.597407409,1.416455557,3.154355017,-0.000000777,0.000000520,0.000000685,-0.000001201,-0.000000787,-2.094395102
1770746318.138902426,38.200000000,-1.714519767,-1.537768975,2.132294513,-0.597407515,1.416455464,2.944915506,-0.000001074,0.000000333,0.000000598,-0.000000925,-0.000001081,-2.094395102
1770746318.238902330,38.300000000,-1.714519877,-1.537768944,2.132294571,-0.597407604,1.416455354,2.735475996,-0.000001283,0.000000119,0.000000462,-0.000000574,-0.000001288,-2.094395102
1770746318.338902473,38.400000000,-1.714520005,-1.537768932,2.132294617,-0.597407661,1.416455225,2.526036486,-0.000001283,0.000000119,0.000000462,-0.000000574,-0.000001288,-2.094395102
1770746318.438902378,38.500000000,-1.714520141,-1.537768937,2.132294650,-0.597407689,1.416455088,2.316596976,-0.000001389,-0.000000104,0.000000290,-0.000000177,-0.000001391,-2.094395102
1770746318.538902283,38.600000000,-1.714520280,-1.537768956,2.132294672,-0.597407690,1.416454950,2.107157466,-0.000001382,-0.000000320,0.000000093,0.000000234,-0.000001381,-2.094395102
1770746318.638902426,38.700000000,-1.714520418,-1.537768989,2.132294680,-0.597407666,1.416454812,1.897717955,-0.000001264,-0.000000509,-0.000000111,0.000000627,-0.000001259,-2.094395102
1770746318.738902330,38.800000000,-1.714520542,-1.537769039,2.132294670,-0.597407604,1.416454689,1.692331652,-0.000001142,-0.000000460,-0.000000100,0.000000567,-0.000001138,-1.893069330
1770746318.838902473,38.900000000,-1.714520632,-1.537769085,2.132294652,-0.597407540,1.416454600,1.528024719,-0.000000693,-0.000000437,-0.000000203,0.000000644,-0.000000688,-1.393069330
1770746318.938902378,39.000000000,-1.714520688,-1.537769121,2.132294636,-0.597407488,1.416454543,1.413717786,-0.000000445,-0.000000280,-0.000000130,0.000000413,-0.000000441,-0.893069330
1770746319.038902283,39.100000000,-1.714520720,-1.537769141,2.132294626,-0.597407458,1.416454511,1.349410853,-0.000000196,-0.000000123,-0.000000057,0.000000182,-0.000000194,-0.393069330
1770746319.138902426,39.200000000,-1.713572285,-1.532592343,2.126845223,-0.597136067,1.417406513,1.332705684,0.019446019,0.106140231,-0.111729297,0.005564148,0.019519090,0.063777725
1770746319.238902330,39.300000000,-1.713145757,-1.530264320,2.124394625,-0.597014042,1.417834628,1.361092454,0.000000202,0.000000144,0.000000096,-0.000000307,-0.000000081,0.521007830
1770746319.338902473,39.400000000,-1.713145727,-1.530264298,2.124394640,-0.597014091,1.417834618,1.438192552,0.000000404,0.000000287,0.000000213,-0.000000691,-0.000000132,1.020996800
1770746319.438902378,39.500000000,-1.713145675,-1.530264262,2.124394668,-0.597014183,1.417834603,1.565291866,0.000000624,0.000000440,0.000000358,-0.000001182,-0.000000134,1.520989635
1770746319.538902283,39.600000000,-1.713145579,-1.530264217,2.124394687,-0.597014262,1.417834673,1.742390405,0.000001208,0.000000487,0.000000107,-0.000000602,0.000001204,2.020981417
1770746319.638902426,39.700000000,-1.713145452,-1.530264171,2.124394694,-0.597014315,1.417834801,1.951290330,0.000001370,0.000000316,-0.000000093,-0.000000231,0.000001368,2.094395102
1770746319.738902330,39.800000000,-1.713145315,-1.530264139,2.124394684,-0.597014339,1.417834937,2.160729841,0.000001370,0.000000316,-0.000000093,-0.000000231,0.000001368,2.094395102
1770746319.838902473,39.900000000,-1.713145177,-1.530264126,2.124394658,-0.597014326,1.417835075,2.370169351,0.000001376,0.000000102,-0.000000288,0.000000178,0.000001378,2.094395102
1770746319.938902378,40.000000000,-1.713145045,-1.530264127,2.124394621,-0.597014289,1.417835208,2.579608861,0.000001272,-0.000000120,-0.000000460,0.000000573,0.000001276,2.094395102
1770746320.038902283,40.100000000,-1.713144921,-1.530264142,2.124394573,-0.597014227,1.417835333,2.789048371,0.000001064,-0.000000332,-0.000000595,0.000000922,0.000001071,2.094395102
1770746320.138902426,40.200000000,-1.713144814,-1.530264175,2.124394513,-0.597014134,1.417835440,2.998487882,0.000001064,-0.000000332,-0.000000595,0.000000922,0.000001071,2.094395102
1770746320.238902330,40.300000000,-1.713144731,-1.530264223,2.124394447,-0.597014021,1.417835524,3.207927392,0.000000770,-0.000000518,-0.000000682,0.000001195,0.000000780,2.094395102
1770746320.338902473,40.400000000,-1.713144668,-1.530264281,2.124394378,-0.597013894,1.417835588,3.417366902,0.000000414,-0.000000661,-0.000000713,0.000001372,0.000000425,2.094395102
1770746320.438902378,40.500000000,-1.713144629,-1.530264347,2.124394307,-0.597013757,1.417835628,3.626806412,0.000000024,-0.000000751,-0.000000687,0.000001438,0.000000036,2.094395102
1770746320.538902283,40.600000000,-1.713144626,-1.530264421,2.124394239,-0.597013616,1.417835632,3.831801580,0.000000021,-0.000000676,-0.000000617,0.000001293,0.000000032,1.883579022
1770746320.638902426,40.700000000,-1.713144642,-1.530264481,2.124394189,-0.597013506,1.417835617,3.995159482,-0.000000243,-0.000000516,-0.000000399,0.000000917,-0.000000236,1.383579022
1770746320.738902330,40.800000000,-1.713144662,-1.530264523,2.124394157,-0.597013431,1.417835598,4.108517385,-0.000000155,-0.000000329,-0.000000255,0.000000585,-0.000000150,0.883579022
1770746320.838902473,40.900000000,-1.713144673,-1.530264547,2.124394138,-0.597013389,1.417835587,4.171875287,-0.000000067,-0.000000143,-0.000000111,0.000000254,-0.000000065,0.383579022
1770746320.938902378,41.000000000,-1.712183854,-1.524951003,2.118749333,-0.596683349,1.418800291,4.187724595,0.018836018,0.104167185,-0.110661015,0.006469856,0.018912143,-0.072694779
1770746321.038902283,41.100000000,-1.711794773,-1.522799309,2.116463522,-0.596549735,1.419190931,4.158568692,0.000000052,0.000000185,0.000000203,-0.000000532,-0.000000204,-0.529205756
1770746321.138902426,41.200000000,-1.711794766,-1.522799282,2.116463551,-0.596549809,1.419190899,4.080648797,0.000000088,0.000000355,0.000000374,-0.000000951,-0.000000436,-1.029194970
1770746321.238902330,41.300000000,-1.711794756,-1.522799238,2.116463595,-0.596549921,1.419190842,3.952729678,0.000000112,0.000000515,0.000000513,-0.000001258,-0.000000701,-1.529187813
1770746321.338902473,41.400000000,-1.711794754,-1.522799176,2.116463654,-0.596550049,1.419190817,3.774811335,-0.000000023,0.000000724,0.000000661,-0.000001384,-0.000000035,-2.029179415
1770746321.438902378,41.500000000,-1.711794766,-1.522799103,2.116463722,-0.596550190,1.419190804,3.565797758,-0.000000410,0.000000658,0.000000710,-0.000001366,-0.000000421,-2.094395102
1770746321.538902283,41.600000000,-1.711794807,-1.522799037,2.116463793,-0.596550326,1.419190762,3.356358248,-0.000000410,0.000000658,0.000000710,-0.000001366,-0.000000421,-2.094395102
1770746321.638902426,41.700000000,-1.711794879,-1.522798984,2.116463862,-0.596550448,1.419190689,3.146918738,-0.000000763,0.000000516,0.000000678,-0.000001190,-0.000000773,-2.094395102
1770746321.738902330,41.800000000,-1.711794970,-1.522798942,2.116463925,-0.596550552,1.419190597,2.937479227,-0.000001054,0.000000332,0.000000592,-0.000000918,-0.000001062,-2.094395102
1770746321.838902473,41.900000000,-1.711795079,-1.522798912,2.116463982,-0.596550639,1.419190487,2.728039717,-0.000001260,0.000000121,0.000000458,-0.000000572,-0.000001265,-2.094395102
1770746321.938902378,42.000000000,-1.711795205,-1.522798900,2.116464028,-0.596550696,1.419190361,2.518600207,-0.000001260,0.000000121,0.000000458,-0.000000572,-0.000001265,-2.094395102
1770746322.038902283,42.100000000,-1.711795339,-1.522798905,2.116464060,-0.596550722,1.419190226,2.309160697,-0.000001364,-0.000000100,0.000000287,-0.000000179,-0.000001365,-2.094395102
1770746322.138902426,42.200000000,-1.711795475,-1.522798924,2.116464081,-0.596550723,1.419190090,2.099721186,-0.000001357,-0.000000313,0.000000092,0.000000228,-0.000001355,-2.094395102
1770746322.238902330,42.300000000,-1.711795610,-1.522798957,2.116464088,-0.596550697,1.419189956,1.890281676,-0.000001240,-0.000000500,-0.000000110,0.000000617,-0.000001235,-2.094395102
1770746322.338902473,42.400000000,-1.711795730,-1.522799005,2.116464078,-0.596550638,1.419189836,1.687208937,-0.000001091,-0.000000440,-0.000000097,0.000000543,-0.000001087,-1.842070488
1770746322.438902378,42.500000000,-1.711795815,-1.522799050,2.116464061,-0.596550576,1.419189751,1.528001889,-0.000000656,-0.000000415,-0.000000194,0.000000612,-0.000000651,-1.342070488
1770746322.538902283,42.600000000,-1.711795868,-1.522799083,2.116464045,-0.596550526,1.419189698,1.418794840,-0.000000411,-0.000000260,-0.000000122,0.000000384,-0.000000408,-0.842070488
1770746322.638902426,42.700000000,-1.711795897,-1.522799102,2.116464037,-0.596550499,1.419189670,1.359587791,-0.000000167,-0.000000106,-0.000000049,0.000000156,-0.000000166,-0.342070488
1770746322.738902330,42.800000000,-1.711877822,-1.523246570,2.116959900,-0.596598791,1.419107263,1.349754470,-0.000641824,-0.003506115,0.003885412,-0.000378490,-0.000645598,0.137305178
1770746322.838902473,42.900000000,-1.712059197,-1.524236056,2.118055469,-0.596704646,1.418924828,1.388484739,-0.002988921,-0.016288452,0.018021981,-0.001729765,-0.003006327,0.637298962
1770746322.938902378,43.000000000,-1.712476605,-1.526505762,2.120563089,-0.596942033,1.418505011,1.477214169,-0.005369578,-0.029121249,0.032118034,-0.002990007,-0.005400236,1.137290456
1770746323.038902283,43.100000000,-1.713134016,-1.530061672,2.124478016,-0.597300221,1.417843887,1.615942921,-0.007799594,-0.042028545,0.046155749,-0.004117328,-0.007842954,1.637284262
1770746323.138902426,43.200000000,-1.714036967,-1.534908739,2.129787538,-0.597761530,1.416935996,1.804486587,-0.010089795,-0.053932572,0.058910143,-0.004964745,-0.010144009,2.094395102
1770746323.238902330,43.300000000,-1.715052957,-1.540312606,2.135670493,-0.598239323,1.415914662,2.013926097,-0.010227588,-0.054141168,0.058752311,-0.004598079,-0.010280283,2.094395102
1770746323.338902473,43.400000000,-1.716082905,-1.545737626,2.141537646,-0.598680137,1.414879523,2.223365608,-0.010368317,-0.054354675,0.058594752,-0.004226770,-0.010419475,2.094395102
1770746323.438902378,43.500000000,-1.717127110,-1.551184298,2.147389023,-0.599083499,1.413830283,2.432805119,-0.010512065,-0.054573182,0.058437433,-0.003850694,-0.010561667,2.094395102
1770746323.538902283,43.600000000,-1.718185879,-1.556653127,2.153224648,-0.599448925,1.412766635,2.642244630,-0.010658920,-0.054796783,0.058280323,-0.003469727,-0.010706948,2.094395102
1770746323.638902426,43.700000000,-1.719259528,-1.562144631,2.159044538,-0.599775916,1.411688265,2.851684141,-0.010808975,-0.055025574,0.058123391,-0.003083742,-0.010855408,2.094395102
1770746323.738902330,43.800000000,-1.720348385,-1.567659336,2.164848711,-0.600063962,1.410594849,3.061123652,-0.010962323,-0.055259654,0.057966604,-0.002692606,-0.011007142,2.094395102
1770746323.838902473,43.900000000,-1.721452785,-1.573197779,2.170637179,-0.600312540,1.409486053,3.270563163,-0.011119064,-0.055499125,0.057809930,-0.002296186,-0.011162246,2.094395102
1770746323.938902378,44.000000000,-1.722573073,-1.578760505,2.176409952,-0.600521109,1.408361533,3.480002674,-0.011279298,-0.055744094,0.057653338,-0.001894342,-0.011320822,2.094395102
1770746324.038902283,44.100000000,-1.723709607,-1.584348073,2.182167036,-0.600689120,1.407220935,3.689442186,-0.011443131,-0.055994668,0.057496793,-0.001486934,-0.011482975,2.094395102
1770746324.138902426,44.200000000,-1.724777286,-1.589546985,2.187486350,-0.600808101,1.406149642,3.883464751,-0.009433970,-0.045705342,0.046590429,-0.000872502,-0.009464960,1.701749505
1770746324.238902330,44.300000000,-1.725585689,-1.593451575,2.191457633,-0.600873715,1.405338632,4.028639598,-0.006727419,-0.032376255,0.032841512,-0.000456254,-0.006748644,1.201747459
1770746324.338902473,44.400000000,-1.726120113,-1.596018172,2.194057098,-0.600905867,1.404802543,4.123814291,-0.003957379,-0.018950063,0.019151189,-0.000195817,-0.003969482,0.701746426
1770746324.438902378,44.500000000,-1.726375077,-1.597238396,2.195289760,-0.600917962,1.404546802,4.168988926,-0.001140512,-0.005452265,0.005503294,-0.000049497,-0.001143964,0.201746258
1770746324.538902283,44.600000000,-1.726486432,-1.597770680,2.195826993,-0.600922762,1.404435110,4.165161349,-0.000000184,-0.000000253,-0.000000129,0.000000381,-0.000000183,-0.280705047
1770746324.638902426,44.700000000,-1.726486467,-1.597770727,2.195826968,-0.600922690,1.404435076,4.112091298,-0.000000512,-0.000000703,-0.000000358,0.000001062,-0.000000510,-0.780698029
1770746324.738902330,44.800000000,-1.726486535,-1.597770820,2.195826921,-0.600922550,1.404435008,4.009021734,-0.000000840,-0.000001154,-0.000000588,0.000001743,-0.000000837,-1.280692495
1770746324.838902473,44.900000000,-1.726486605,-1.597770898,2.195826888,-0.600922440,1.404434938,3.855952737,-0.000000021,0.000000674,0.000000609,-0.000001283,-0.000000032,-1.780687403
1770746324.938902378,45.000000000,-1.726486607,-1.597770822,2.195826957,-0.600922584,1.404434935,3.656354945,-0.000000025,0.000000793,0.000000717,-0.000001509,-0.000000037,-2.094395102
1770746325.038902283,45.100000000,-1.726486644,-1.597770751,2.195827031,-0.600922728,1.404434896,3.446915435,-0.000000451,0.000000693,0.000000744,-0.000001435,-0.000000462,-2.094395102
1770746325.138902426,45.200000000,-1.726486707,-1.597770689,2.195827104,-0.600922863,1.404434833,3.237475925,-0.000000839,0.000000537,0.000000712,-0.000001245,-0.000000850,-2.094395102
1770746325.238902330,45.300000000,-1.726486794,-1.597770637,2.195827174,-0.600922985,1.404434745,3.028036415,-0.000001160,0.000000337,0.000000622,-0.000000953,-0.000001168,-2.094395102
1770746325.338902473,45.400000000,-1.726486910,-1.597770603,2.195827236,-0.600923081,1.404434628,2.818596904,-0.000001160,0.000000337,0.000000622,-0.000000953,-0.000001168,-2.094395102
1770746325.438902378,45.500000000,-1.726487042,-1.597770586,2.195827288,-0.600923149,1.404434495,2.609157394,-0.000001387,0.000000111,0.000000481,-0.000000585,-0.000001392,-2.094395102
1770746325.538902283,45.600000000,-1.726487185,-1.597770583,2.195827330,-0.600923193,1.404434352,2.399717884,-0.000001502,-0.000000125,0.000000302,-0.000000169,-0.000001503,-2.094395102
1770746325.638902426,45.700000000,-1.726487335,-1.597770596,2.195827360,-0.600923210,1.404434201,2.190278374,-0.000001502,-0.000000125,0.000000302,-0.000000169,-0.000001503,-2.094395102
1770746325.738902330,45.800000000,-1.726487485,-1.597770631,2.195827370,-0.600923184,1.404434052,1.980838863,-0.000001494,-0.000000351,0.000000098,0.000000261,-0.000001492,-2.094395102
1770746325.838902473,45.900000000,-1.726487626,-1.597770678,2.195827366,-0.600923132,1.404433911,1.771400678,-0.000001364,-0.000000547,-0.000000114,0.000000668,-0.000001359,-2.090755462
1770746325.938902378,46.000000000,-1.726487742,-1.597770729,2.195827353,-0.600923068,1.404433795,1.587325123,-0.000000856,-0.000000532,-0.000000240,0.000000777,-0.000000850,-1.590755555
1770746326.038902283,46.100000000,-1.726487815,-1.597770774,2.195827333,-0.600923002,1.404433724,1.453249567,-0.000000587,-0.000000365,-0.000000165,0.000000533,-0.000000583,-1.090755555
1770746326.138902426,46.200000000,-1.726487860,-1.597770802,2.195827320,-0.600922961,1.404433679,1.369174012,-0.000000318,-0.000000198,-0.000000089,0.000000289,-0.000000316,-0.590755555
1770746326.238902330,46.300000000,-1.726264828,-1.596677636,2.194761483,-0.600950590,1.404657091,1.334400487,0.018005301,0.088245038,-0.086037698,-0.002231615,0.018036048,-0.131691974
1770746326.338902473,46.400000000,-1.724884434,-1.589912283,2.188165367,-0.601121690,1.406039835,1.344963645,0.000000133,0.000000095,0.000000064,-0.000000206,-0.000000061,0.327126627
1770746326.438902378,46.500000000,-1.724884411,-1.589912266,2.188165378,-0.601121728,1.406039825,1.402676100,0.000000342,0.000000243,0.000000176,-0.000000579,-0.000000138,0.827119553
1770746326.538902283,46.600000000,-1.724884365,-1.589912234,2.188165402,-0.601121808,1.406039808,1.510387771,0.000000565,0.000000399,0.000000313,-0.000001041,-0.000000179,1.327112988
1770746326.638902426,46.700000000,-1.724884286,-1.589912188,2.188165432,-0.601121913,1.406039828,1.668098715,0.000001180,0.000000473,0.000000099,-0.000000581,0.000001176,1.827105319
1770746326.738902330,46.800000000,-1.724884156,-1.589912136,2.188165443,-0.601121978,1.406039959,1.870393098,0.000001353,0.000000543,0.000000114,-0.000000666,0.000001349,2.094395102
1770746326.838902473,46.900000000,-1.724884010,-1.589912098,2.188165437,-0.601122010,1.406040104,2.079832608,0.000001479,0.000000347,-0.000000097,-0.000000257,0.000001477,2.094395102
1770746326.938902378,47.000000000,-1.724883862,-1.589912074,2.188165417,-0.601122015,1.406040253,2.289272118,0.000001487,0.000000122,-0.000000300,0.000000170,0.000001488,2.094395102
1770746327.038902283,47.100000000,-1.724883714,-1.589912065,2.188165385,-0.601121994,1.406040400,2.498711628,0.000001373,-0.000000112,-0.000000479,0.000000584,0.000001378,2.094395102
1770746327.138902426,47.200000000,-1.724883577,-1.589912076,2.188165337,-0.601121935,1.406040538,2.708151139,0.000001373,-0.000000112,-0.000000479,0.000000584,0.000001378,2.094395102
1770746327.238902330,47.300000000,-1.724883456,-1.589912104,2.188165279,-0.601121849,1.406040659,2.917590649,0.000001149,-0.000000337,-0.000000618,0.000000950,0.000001156,2.094395102
1770746327.338902473,47.400000000,-1.724883354,-1.589912145,2.188165214,-0.601121743,1.406040763,3.127030159,0.000000831,-0.000000535,-0.000000708,0.000001239,0.000000841,2.094395102
1770746327.438902378,47.500000000,-1.724883272,-1.589912199,2.188165143,-0.601121619,1.406040846,3.336469669,0.000000446,-0.000000690,-0.000000740,0.000001428,0.000000458,2.094395102
1770746327.538902283,47.600000000,-1.724883227,-1.589912268,2.188165069,-0.601121476,1.406040892,3.545909180,0.000000446,-0.000000690,-0.000000740,0.000001428,0.000000458,2.094395102
1770746327.638902426,47.700000000,-1.724883210,-1.589912344,2.188164996,-0.601121328,1.406040910,3.755321072,0.000000025,-0.000000782,-0.000000707,0.000001489,0.000000037,2.077776620
1770746327.738902330,47.800000000,-1.724883215,-1.589912413,2.188164936,-0.601121198,1.406040906,3.938098734,-0.000000300,-0.000000620,-0.000000472,0.000001095,-0.000000291,1.577776620
1770746327.838902473,47.900000000,-1.724883240,-1.589912465,2.188164896,-0.601121106,1.406040881,4.070876396,-0.000000205,-0.000000424,-0.000000323,0.000000748,-0.000000199,1.077776620
1770746327.938902378,48.000000000,-1.724883256,-1.589912498,2.188164871,-0.601121049,1.406040866,4.153654058,-0.000000110,-0.000000227,-0.000000173,0.000000401,-0.000000107,0.577776620
1770746328.038902283,48.100000000,-1.724618898,-1.588599142,2.186870966,-0.601140853,1.406305741,4.187220229,0.018766407,0.093232007,-0.091849734,-0.001407396,0.018803059,0.118038795
1770746328.138902426,48.200000000,-1.723311568,-1.582104298,2.180472430,-0.601238915,1.407615617,4.175390144,0.000000033,0.000000125,0.000000138,-0.000000367,-0.000000146,-0.341076382
1770746328.238902330,48.300000000,-1.723311562,-1.582104276,2.180472453,-0.601238977,1.407615591,4.116282813,0.000000074,0.000000305,0.000000327,-0.000000851,-0.000000387,-0.841067919
1770746328.338902473,48.400000000,-1.723311554,-1.582104237,2.180472495,-0.601239083,1.407615539,4.007176316,0.000000101,0.000000477,0.000000492,-0.000001247,-0.000000663,-1.341061447
1770746328.438902378,48.500000000,-1.723311547,-1.582104180,2.180472550,-0.601239214,1.407615484,3.848070543,-0.000000022,0.000000690,0.000000623,-0.000001311,-0.000000033,-1.841053818
1770746328.538902283,48.600000000,-1.723311549,-1.582104104,2.180472619,-0.601239358,1.407615481,3.645049952,-0.000000025,0.000000785,0.000000708,-0.000001491,-0.000000037,-2.094395102
1770746328.638902426,48.700000000,-1.723311588,-1.582104034,2.180472692,-0.601239501,1.407615441,3.435610442,-0.000000442,0.000000687,0.000000736,-0.000001421,-0.000000453,-2.094395102
1770746328.738902330,48.800000000,-1.723311651,-1.582103973,2.180472764,-0.601239634,1.407615377,3.226170932,-0.000000823,0.000000534,0.000000704,-0.000001234,-0.000000833,-2.094395102
1770746328.838902473,48.900000000,-1.723311738,-1.582103922,2.180472833,-0.601239753,1.407615289,3.016731421,-0.000001137,0.000000337,0.000000615,-0.000000947,-0.000001145,-2.094395102
1770746328.938902378,49.000000000,-1.723311852,-1.582103888,2.180472895,-0.601239848,1.407615174,2.807291911,-0.000001137,0.000000337,0.000000615,-0.000000947,-0.000001145,-2.094395102
1770746329.038902283,49.100000000,-1.723311983,-1.582103872,2.180472945,-0.601239914,1.407615043,2.597852401,-0.000001360,0.000000114,0.000000476,-0.000000583,-0.000001364,-2.094395102
1770746329.138902426,49.200000000,-1.723312124,-1.582103870,2.180472986,-0.601239955,1.407614902,2.388412891,-0.000001472,-0.000000119,0.000000299,-0.000000171,-0.000001473,-2.094395102
1770746329.238902330,49.300000000,-1.723312271,-1.582103883,2.180473014,-0.601239970,1.407614755,2.178973380,-0.000001465,-0.000000342,0.000000097,0.000000254,-0.000001463,-2.094395102
1770746329.338902473,49.400000000,-1.723312417,-1.582103918,2.180473024,-0.601239945,1.407614608,1.969533870,-0.000001465,-0.000000342,0.000000097,0.000000254,-0.000001463,-2.094395102
1770746329.438902378,49.500000000,-1.723312555,-1.582103965,2.180473019,-0.601239892,1.407614471,1.760186272,-0.000001320,-0.000000530,-0.000000111,0.000000649,-0.000001314,-2.064078209
1770746329.538902283,49.600000000,-1.723312666,-1.582104015,2.180473006,-0.601239828,1.407614360,1.578778451,-0.000000825,-0.000000515,-0.000000234,0.000000754,-0.000000819,-1.564078209
1770746329.638902426,49.700000000,-1.723312736,-1.582104058,2.180472986,-0.601239765,1.407614291,1.447370630,-0.000000561,-0.000000351,-0.000000159,0.000000513,-0.000000557,-1.064078209
1770746329.738902330,49.800000000,-1.723312779,-1.582104085,2.180472974,-0.601239726,1.407614248,1.365962809,-0.000000298,-0.000000186,-0.000000084,0.000000272,-0.000000295,-0.564078209
1770746329.838902473,49.900000000,-1.722996350,-1.580510631,2.178886994,-0.601247620,1.407931375,1.333655132,0.019593836,0.098665022,-0.098201337,-0.000489728,0.019637004,-0.103978795
1770746329.938902378,50.000000000,-1.721771793,-1.574344394,2.172749746,-0.601278238,1.409158621,1.346812939,0.000000143,0.000000102,0.000000068,-0.000000221,-0.000000063,0.356098692
1770746330.038902283,50.100000000,-1.721771768,-1.574344377,2.172749758,-0.601278278,1.409158611,1.407422547,0.000000350,0.000000249,0.000000179,-0.000000588,-0.000000136,0.856091392
1770746330.138902426,50.200000000,-1.721771722,-1.574344344,2.172749782,-0.601278359,1.409158595,1.518031370,0.000000569,0.000000403,0.000000314,-0.000001044,-0.000000174,1.356084899
1770746330.238902330,50.300000000,-1.721771641,-1.574344299,2.172749810,-0.601278460,1.409158623,1.678639464,0.000001175,0.000000472,0.000000100,-0.000000581,0.000001171,1.856077261
1770746330.338902473,50.400000000,-1.721771512,-1.574344247,2.172749821,-0.601278523,1.409158752,1.882398695,0.000001326,0.000000533,0.000000113,-0.000000655,0.000001322,2.094395102
1770746330.438902378,50.500000000,-1.721771368,-1.574344211,2.172749814,-0.601278552,1.409158895,2.091838205,0.000001450,0.000000338,-0.000000096,-0.000000250,0.000001448,2.094395102
1770746330.538902283,50.600000000,-1.721771223,-1.574344189,2.172749793,-0.601278555,1.409159041,2.301277715,0.000001457,0.000000116,-0.000000297,0.000000173,0.000001459,2.094395102
1770746330.638902426,50.700000000,-1.721771079,-1.574344181,2.172749760,-0.601278531,1.409159185,2.510717226,0.000001346,-0.000000115,-0.000000474,0.000000581,0.000001351,2.094395102
1770746330.738902330,50.800000000,-1.721770944,-1.574344193,2.172749713,-0.601278472,1.409159320,2.720156736,0.000001346,-0.000000115,-0.000000474,0.000000581,0.000001351,2.094395102
1770746330.838902473,50.900000000,-1.721770828,-1.574344222,2.172749655,-0.601278385,1.409159437,2.929596246,0.000001126,-0.000000337,-0.000000612,0.000000943,0.000001134,2.094395102
1770746330.938902378,51.000000000,-1.721770729,-1.574344265,2.172749590,-0.601278278,1.409159537,3.139035756,0.000000815,-0.000000532,-0.000000701,0.000001228,0.000000825,2.094395102
1770746331.038902283,51.100000000,-1.721770650,-1.574344319,2.172749519,-0.601278154,1.409159617,3.348475267,0.000000438,-0.000000684,-0.000000732,0.000001414,0.000000449,2.094395102
1770746331.138902426,51.200000000,-1.721770607,-1.574344387,2.172749446,-0.601278012,1.409159661,3.557914777,0.000000438,-0.000000684,-0.000000732,0.000001414,0.000000449,2.094395102
1770746331.238902330,51.300000000,-1.721770592,-1.574344463,2.172749375,-0.601277866,1.409159677,3.767147733,0.000000024,-0.000000763,-0.000000690,0.000001453,0.000000036,2.048946904
1770746331.338902473,51.400000000,-1.721770599,-1.574344530,2.172749316,-0.601277739,1.409159671,3.947042423,-0.000000288,-0.000000602,-0.000000459,0.000001062,-0.000000280,1.548946904
1770746331.438902378,51.500000000,-1.721770623,-1.574344581,2.172749277,-0.601277650,1.409159648,4.076937114,-0.000000195,-0.000000407,-0.000000311,0.000000719,-0.000000190,1.048946904
1770746331.538902283,51.600000000,-1.721770638,-1.574344612,2.172749254,-0.601277596,1.409159633,4.156831804,-0.000000102,-0.000000213,-0.000000163,0.000000376,-0.000000099,0.548946904
1770746331.638902426,51.700000000,-1.721405126,-1.572479153,2.170873765,-0.601268049,1.409526044,4.187737052,0.020085696,0.102510182,-0.103060197,0.000523510,0.020135067,0.088821881
1770746331.738902330,51.800000000,-1.720259511,-1.566632351,2.164995608,-0.601238209,1.410674467,4.173197490,0.000000036,0.000000135,0.000000148,-0.000000392,-0.000000154,-0.370895033
1770746331.838902473,51.900000000,-1.720259505,-1.566632329,2.164995632,-0.601238272,1.410674440,4.111108314,0.000000077,0.000000313,0.000000334,-0.000000867,-0.000000390,-0.870887038
1770746331.938902378,52.000000000,-1.720259496,-1.566632289,2.164995674,-0.601238379,1.410674388,3.999019940,0.000000105,0.000000483,0.000000496,-0.000001254,-0.000000658,-1.370880604
1770746332.038902283,52.100000000,-1.720259490,-1.566632231,2.164995729,-0.601238508,1.410674339,3.836932299,-0.000000022,0.000000693,0.000000626,-0.000001318,-0.000000033,-1.870871345
1770746332.138902426,52.200000000,-1.720259493,-1.566632155,2.164995798,-0.601238652,1.410674335,3.632489734,-0.000000024,0.000000776,0.000000701,-0.000001475,-0.000000037,-2.094395102
1770746332.238902330,52.300000000,-1.720259533,-1.566632086,2.164995870,-0.601238793,1.410674294,3.423050224,-0.000000433,0.000000681,0.000000729,-0.000001407,-0.000000445,-2.094395102
1770746332.338902473,52.400000000,-1.720259598,-1.566632027,2.164995941,-0.601238924,1.410674228,3.213610714,-0.000000807,0.000000531,0.000000697,-0.000001223,-0.000000817,-2.094395102
1770746332.438902378,52.500000000,-1.720259684,-1.566631978,2.164996009,-0.601239040,1.410674140,3.004171204,-0.000001115,0.000000337,0.000000609,-0.000000940,-0.000001123,-2.094395102
1770746332.538902283,52.600000000,-1.720259796,-1.566631944,2.164996070,-0.601239134,1.410674028,2.794731693,-0.000001115,0.000000337,0.000000609,-0.000000940,-0.000001123,-2.094395102
1770746332.638902426,52.700000000,-1.720259926,-1.566631929,2.164996120,-0.601239198,1.410673898,2.585292183,-0.000001333,0.000000116,0.000000471,-0.000000580,-0.000001338,-2.094395102
1770746332.738902330,52.800000000,-1.720260064,-1.566631928,2.164996158,-0.601239237,1.410673759,2.375852673,-0.000001443,-0.000000114,0.000000295,-0.000000174,-0.000001445,-2.094395102
1770746332.838902473,52.900000000,-1.720260209,-1.566631942,2.164996186,-0.601239250,1.410673614,2.166413163,-0.000001436,-0.000000335,0.000000096,0.000000247,-0.000001434,-2.094395102
1770746332.938902378,53.000000000,-1.720260352,-1.566631975,2.164996195,-0.601239225,1.410673471,1.956973652,-0.000001436,-0.000000335,0.000000096,0.000000247,-0.000001434,-2.094395102
1770746333.038902283,53.100000000,-1.720260486,-1.566632023,2.164996189,-0.601239171,1.410673337,1.747895802,-0.000001275,-0.000000513,-0.000000108,0.000000629,-0.000001270,-2.034256981
1770746333.138902426,53.200000000,-1.720260593,-1.566632072,2.164996175,-0.601239107,1.410673231,1.569470104,-0.000000793,-0.000000498,-0.000000227,0.000000729,-0.000000788,-1.534256981
1770746333.238902330,53.300000000,-1.720260659,-1.566632113,2.164996156,-0.601239046,1.410673165,1.441044405,-0.000000535,-0.000000336,-0.000000153,0.000000492,-0.000000531,-1.034256981
1770746333.338902473,53.400000000,-1.720260700,-1.566632139,2.164996145,-0.601239009,1.410673125,1.362618707,-0.000000276,-0.000000173,-0.000000079,0.000000254,-0.000000274,-0.534256981
1770746333.438902378,53.500000000,-1.719842137,-1.564467137,2.162797856,-0.601206270,1.411092826,1.333045172,0.020531086,0.106193008,-0.107825080,0.001605174,0.020586882,-0.074977912
1770746333.538902283,53.600000000,-1.718778472,-1.558965578,2.157211753,-0.601123122,1.412159372,1.348842303,0.000000153,0.000000109,0.000000073,-0.000000234,-0.000000065,0.384435938
1770746333.638902426,53.700000000,-1.718778447,-1.558965560,2.157211766,-0.601123163,1.412159362,1.412285791,0.000000357,0.000000254,0.000000182,-0.000000597,-0.000000134,0.884431580
1770746333.738902330,53.800000000,-1.718778400,-1.558965527,2.157211791,-0.601123245,1.412159346,1.525728591,0.000000578,0.000000410,0.000000325,-0.000001082,-0.000000152,1.384423848
1770746333.838902473,53.900000000,-1.718778317,-1.558965481,2.157211817,-0.601123342,1.412159381,1.689170650,0.000001170,0.000000471,0.000000100,-0.000000580,0.000001166,1.884415751
1770746333.938902378,54.000000000,-1.718778190,-1.558965430,2.157211828,-0.601123405,1.412159508,1.894200361,0.000001301,0.000000524,0.000000111,-0.000000644,0.000001297,2.094395102
1770746334.038902283,54.100000000,-1.718778048,-1.558965396,2.157211819,-0.601123431,1.412159650,2.103639872,0.000001422,0.000000331,-0.000000095,-0.000000243,0.000001420,2.094395102
1770746334.138902426,54.200000000,-1.718777906,-1.558965376,2.157211798,-0.601123431,1.412159793,2.313079382,0.000001429,0.000000111,-0.000000294,0.000000175,0.000001431,2.094395102
1770746334.238902330,54.300000000,-1.718777765,-1.558965370,2.157211764,-0.601123404,1.412159933,2.522518892,0.000001320,-0.000000118,-0.000000469,0.000000579,0.000001325,2.094395102
1770746334.338902473,54.400000000,-1.718777633,-1.558965382,2.157211718,-0.601123346,1.412160066,2.731958402,0.000001320,-0.000000118,-0.000000469,0.000000579,0.000001325,2.094395102
1770746334.438902378,54.500000000,-1.718777520,-1.558965413,2.157211659,-0.601123257,1.412160180,2.941397913,0.000001105,-0.000000337,-0.000000605,0.000000936,0.000001112,2.094395102
1770746334.538902283,54.600000000,-1.718777424,-1.558965456,2.157211594,-0.601123150,1.412160276,3.150837423,0.000000799,-0.000000529,-0.000000693,0.000001218,0.000000809,2.094395102
1770746334.638902426,54.700000000,-1.718777350,-1.558965511,2.157211524,-0.601123025,1.412160352,3.360276933,0.000000429,-0.000000678,-0.000000725,0.000001401,0.000000441,2.094395102
1770746334.738902330,54.800000000,-1.718777307,-1.558965579,2.157211452,-0.601122885,1.412160396,3.569716443,0.000000429,-0.000000678,-0.000000725,0.000001401,0.000000441,2.094395102
1770746334.838902473,54.900000000,-1.718777295,-1.558965654,2.157211381,-0.601122740,1.412160409,3.778609423,0.000000023,-0.000000745,-0.000000673,0.000001418,0.000000035,2.020467368
1770746334.938902378,55.000000000,-1.718777303,-1.558965720,2.157211325,-0.601122617,1.412160401,3.955656159,-0.000000278,-0.000000583,-0.000000446,0.000001031,-0.000000269,1.520467368
1770746335.038902283,55.100000000,-1.718777326,-1.558965768,2.157211287,-0.601122531,1.412160379,4.082702896,-0.000000186,-0.000000392,-0.000000299,0.000000692,-0.000000181,1.020467368
1770746335.138902426,55.200000000,-1.718777341,-1.558965798,2.157211265,-0.601122479,1.412160365,4.159749633,-0.000000095,-0.000000200,-0.000000153,0.000000353,-0.000000092,0.520467368
1770746335.238902330,55.300000000,-1.718317226,-1.556554028,2.154738434,-0.601062017,1.412621852,4.188056703,0.020618224,0.108073298,-0.110808629,0.002708514,0.020679710,0.061682521
1770746335.338902473,55.400000000,-1.717323241,-1.551343923,2.149396477,-0.600931462,1.413618792,4.171081090,0.000000039,0.000000143,0.000000156,-0.000000412,-0.000000161,-0.396785476
1770746335.438902378,55.500000000,-1.717323235,-1.551343900,2.149396502,-0.600931527,1.413618765,4.106402662,0.000000079,0.000000319,0.000000339,-0.000000878,-0.000000390,-0.896781058
1770746335.538902283,55.600000000,-1.717323226,-1.551343860,2.149396544,-0.600931634,1.413618713,3.991724931,0.000000103,0.000000485,0.000000489,-0.000001221,-0.000000664,-1.396773356
1770746335.638902426,55.700000000,-1.717323221,-1.551343801,2.149396600,-0.600931762,1.413618668,3.827047941,-0.000000022,0.000000696,0.000000628,-0.000001322,-0.000000033,-1.896765263
1770746335.738902330,55.800000000,-1.717323223,-1.551343726,2.149396668,-0.600931905,1.413618665,3.621514850,-0.000000024,0.000000768,0.000000694,-0.000001460,-0.000000036,-2.094395102
1770746335.838902473,55.900000000,-1.717323265,-1.551343658,2.149396740,-0.600932045,1.413618622,3.412075340,-0.000000425,0.000000675,0.000000721,-0.000001394,-0.000000437,-2.094395102
1770746335.938902378,56.000000000,-1.717323330,-1.551343600,2.149396810,-0.600932173,1.413618556,3.202635830,-0.000000792,0.000000527,0.000000690,-0.000001212,-0.000000802,-2.094395102
1770746336.038902283,56.100000000,-1.717323417,-1.551343552,2.149396877,-0.600932287,1.413618468,2.993196320,-0.000001094,0.000000337,0.000000602,-0.000000933,-0.000001102,-2.094395102
1770746336.138902426,56.200000000,-1.717323526,-1.551343518,2.149396937,-0.600932380,1.413618358,2.783756809,-0.000001094,0.000000337,0.000000602,-0.000000933,-0.000001102,-2.094395102
1770746336.238902330,56.300000000,-1.717323654,-1.551343504,2.149396985,-0.600932442,1.413618229,2.574317299,-0.000001308,0.000000119,0.000000466,-0.000000578,-0.000001313,-2.094395102
1770746336.338902473,56.400000000,-1.717323791,-1.551343504,2.149397023,-0.600932479,1.413618092,2.364877789,-0.000001416,-0.000000109,0.000000292,-0.000000176,-0.000001417,-2.094395102
1770746336.438902378,56.500000000,-1.717323932,-1.551343519,2.149397049,-0.600932490,1.413617951,2.155438279,-0.000001409,-0.000000327,0.000000095,0.000000240,-0.000001407,-2.094395102
1770746336.538902283,56.600000000,-1.717324073,-1.551343551,2.149397058,-0.600932466,1.413617810,1.945998769,-0.000001409,-0.000000327,0.000000095,0.000000240,-0.000001407,-2.094395102
1770746336.638902426,56.700000000,-1.717324204,-1.551343599,2.149397051,-0.600932410,1.413617680,1.737302533,-0.000001235,-0.000000498,-0.000000106,0.000000611,-0.000001230,-2.008181699
1770746336.738902330,56.800000000,-1.717324306,-1.551343647,2.149397037,-0.600932347,1.413617578,1.561484364,-0.000000765,-0.000000482,-0.000000221,0.000000707,-0.000000759,-1.508181699
1770746336.838902473,56.900000000,-1.717324370,-1.551343687,2.149397018,-0.600932288,1.413617515,1.435666194,-0.000000511,-0.000000322,-0.000000148,0.000000473,-0.000000508,-1.008181699
1770746336.938902378,57.000000000,-1.717324408,-1.551343711,2.149397007,-0.600932253,1.413617477,1.359848024,-0.000000258,-0.000000162,-0.000000074,0.000000238,-0.000000256,-0.508181699
1770746337.038902283,57.100000000,-1.716821148,-1.548670567,2.146629785,-0.600838825,1.414122374,1.332644714,0.020716426,0.110035872,-0.113907908,0.003845288,0.020783784,-0.050192267
1770746337.138902426,57.200000000,-1.715897546,-1.543764866,2.141551468,-0.600667404,1.415048969,1.350658113,0.000000160,0.000000114,0.000000076,-0.000000244,-0.000000066,0.408015421
1770746337.238902330,57.300000000,-1.715897520,-1.543764847,2.141551481,-0.600667446,1.415048959,1.416459321,0.000000361,0.000000258,0.000000185,-0.000000602,-0.000000131,0.908008187
1770746337.338902473,57.400000000,-1.715897473,-1.543764814,2.141551506,-0.600667529,1.415048944,1.532259738,0.000000580,0.000000411,0.000000325,-0.000001080,-0.000000147,1.408000374
1770746337.438902378,57.500000000,-1.715897388,-1.543764769,2.141551531,-0.600667621,1.415048985,1.698059411,0.000001162,0.000000469,0.000000101,-0.000000578,0.000001158,1.907992264
1770746337.538902283,57.600000000,-1.715897263,-1.543764718,2.141551542,-0.600667683,1.415049110,1.904023650,0.000001395,0.000000323,-0.000000094,-0.000000237,0.000001394,2.094395102
1770746337.638902426,57.700000000,-1.715897123,-1.543764686,2.141551532,-0.600667707,1.415049249,2.113463160,0.000001395,0.000000323,-0.000000094,-0.000000237,0.000001394,2.094395102
1770746337.738902330,57.800000000,-1.715896983,-1.543764668,2.141551510,-0.600667704,1.415049389,2.322902670,0.000001402,0.000000106,-0.000000291,0.000000177,0.000001404,2.094395102
1770746337.838902473,57.900000000,-1.715896846,-1.543764663,2.141551476,-0.600667676,1.415049527,2.532342181,0.000001296,-0.000000120,-0.000000464,0.000000577,0.000001300,2.094395102
1770746337.938902378,58.000000000,-1.715896716,-1.543764675,2.141551430,-0.600667618,1.415049657,2.741781691,0.000001296,-0.000000120,-0.000000464,0.000000577,0.000001300,2.094395102
1770746338.038902283,58.100000000,-1.715896606,-1.543764707,2.141551371,-0.600667528,1.415049768,2.951221201,0.000001084,-0.000000336,-0.000000599,0.000000929,0.000001091,2.094395102
1770746338.138902426,58.200000000,-1.715896514,-1.543764751,2.141551307,-0.600667420,1.415049861,3.160660711,0.000000784,-0.000000525,-0.000000686,0.000001207,0.000000794,2.094395102
1770746338.238902330,58.300000000,-1.715896442,-1.543764806,2.141551237,-0.600667296,1.415049934,3.370100221,0.000000421,-0.000000672,-0.000000717,0.000001387,0.000000433,2.094395102
1770746338.338902473,58.400000000,-1.715896400,-1.543764873,2.141551166,-0.600667157,1.415049977,3.579539732,0.000000421,-0.000000672,-0.000000717,0.000001387,0.000000433,2.094395102
1770746338.438902378,58.500000000,-1.715896391,-1.543764948,2.141551096,-0.600667014,1.415049988,3.788025133,0.000000023,-0.000000728,-0.000000658,0.000001387,0.000000034,1.996716617
1770746338.538902283,58.600000000,-1.715896400,-1.543765012,2.141551041,-0.600666894,1.415049979,3.962696795,-0.000000268,-0.000000567,-0.000000434,0.000001003,-0.000000260,1.496716617
1770746338.638902426,58.700000000,-1.715896422,-1.543765059,2.141551005,-0.600666810,1.415049958,4.087368456,-0.000000179,-0.000000378,-0.000000289,0.000000668,-0.000000173,0.996716617
1770746338.738902330,58.800000000,-1.715896436,-1.543765088,2.141550983,-0.600666760,1.415049945,4.162040118,-0.000000089,-0.000000188,-0.000000144,0.000000333,-0.000000086,0.496716617
1770746338.838902473,58.900000000,-1.715362385,-1.540890748,2.138547268,-0.600538069,1.415585878,4.188194319,0.020540929,0.110553759,-0.115529187,0.004949099,0.020613349,0.039164072
1770746338.938902378,59.000000000,-1.714496103,-1.536228319,2.133675023,-0.600329369,1.416455205,4.169216618,0.000000041,0.000000149,0.000000162,-0.000000428,-0.000000165,-0.418121164
1770746339.038902283,59.100000000,-1.714496097,-1.536228295,2.133675049,-0.600329435,1.416455177,4.102404833,0.000000081,0.000000323,0.000000343,-0.000000885,-0.000000389,-0.918114157
1770746339.138902426,59.200000000,-1.714496088,-1.536228254,2.133675091,-0.600329542,1.416455125,3.985593832,0.000000106,0.000000488,0.000000490,-0.000001222,-0.000000655,-1.418106375
1770746339.238902330,59.300000000,-1.714496083,-1.536228196,2.133675146,-0.600329669,1.416455085,3.818783575,-0.000000022,0.000000696,0.000000629,-0.000001323,-0.000000033,-1.918098270
1770746339.338902473,59.400000000,-1.714496086,-1.536228121,2.133675214,-0.600329811,1.416455081,3.612452790,-0.000000417,0.000000668,0.000000714,-0.000001380,-0.000000429,-2.094395102
1770746339.438902378,59.500000000,-1.714496128,-1.536228054,2.133675285,-0.600329949,1.416455038,3.403013280,-0.000000417,0.000000668,0.000000714,-0.000001380,-0.000000429,-2.094395102
1770746339.538902283,59.600000000,-1.714496193,-1.536227997,2.133675354,-0.600330075,1.416454971,3.193573770,-0.000000777,0.000000523,0.000000683,-0.000001202,-0.000000787,-2.094395102
1770746339.638902426,59.700000000,-1.714496279,-1.536227950,2.133675420,-0.600330187,1.416454884,2.984134260,-0.000001074,0.000000336,0.000000596,-0.000000926,-0.000001081,-2.094395102
1770746339.738902330,59.800000000,-1.714496387,-1.536227916,2.133675480,-0.600330280,1.416454776,2.774694749,-0.000001074,0.000000336,0.000000596,-0.000000926,-0.000001081,-2.094395102
1770746339.838902473,59.900000000,-1.714496514,-1.536227903,2.133675527,-0.600330340,1.416454648,2.565255239,-0.000001283,0.000000121,0.000000462,-0.000000575,-0.000001288,-2.094395102
1770746339.938902378,60.000000000,-1.714496648,-1.536227904,2.133675563,-0.600330375,1.416454514,2.355815729,-0.000001389,-0.000000104,0.000000289,-0.000000178,-0.000001391,-2.094395102
1770746340.038902283,60.100000000,-1.714496787,-1.536227918,2.133675588,-0.600330384,1.416454375,2.146376219,-0.000001382,-0.000000320,0.000000094,0.000000234,-0.000001381,-2.094395102
1770746340.138902426,60.200000000,-1.714496925,-1.536227950,2.133675598,-0.600330361,1.416454237,1.936936708,-0.000001382,-0.000000320,0.000000094,0.000000234,-0.000001381,-2.094395102
1770746340.238902330,60.300000000,-1.714497053,-1.536227998,2.133675590,-0.600330304,1.416454110,1.728657479,-0.000001199,-0.000000484,-0.000000104,0.000000595,-0.000001194,-1.986678793
1770746340.338902473,60.400000000,-1.714497151,-1.536228045,2.133675575,-0.600330242,1.416454012,1.554989600,-0.000000740,-0.000000468,-0.000000216,0.000000688,-0.000000734,-1.486678793
1770746340.438902378,60.500000000,-1.714497212,-1.536228084,2.133675557,-0.600330185,1.416453951,1.431321720,-0.000000491,-0.000000311,-0.000000143,0.000000456,-0.000000487,-0.986678793
1770746340.538902283,60.600000000,-1.714497249,-1.536228107,2.133675546,-0.600330151,1.416453915,1.357653841,-0.000000242,-0.000000153,-0.000000071,0.000000225,-0.000000240,-0.486678793
1770746340.638902426,60.700000000,-1.713930353,-1.533136604,2.130414748,-0.600161577,1.417022967,1.332392128,0.020439610,0.111463018,-0.117566488,0.006077461,0.020517378,-0.029882145
1770746340.738902330,60.800000000,-1.713122617,-1.528731825,2.125768783,-0.599921421,1.417833767,1.352203118,0.000000166,0.000000118,0.000000078,-0.000000252,-0.000000065,0.427175651
1770746340.838902473,60.900000000,-1.713122590,-1.528731806,2.125768796,-0.599921464,1.417833757,1.419920182,0.000000364,0.000000260,0.000000186,-0.000000605,-0.000000127,0.927166603
1770746340.938902378,61.000000000,-1.713122543,-1.528731772,2.125768821,-0.599921547,1.417833743,1.537636404,0.000000580,0.000000412,0.000000325,-0.000001075,-0.000000140,1.427158717
1770746341.038902283,61.100000000,-1.713122458,-1.528731728,2.125768845,-0.599921636,1.417833788,1.705351879,0.000001152,0.000000465,0.000000101,-0.000000574,0.000001148,1.927150595
1770746341.138902426,61.200000000,-1.713122334,-1.528731679,2.125768854,-0.599921696,1.417833912,1.911993646,0.000001370,0.000000316,-0.000000093,-0.000000231,0.000001368,2.094395102
1770746341.238902330,61.300000000,-1.713122197,-1.528731647,2.125768845,-0.599921719,1.417834049,2.121433156,0.000001370,0.000000316,-0.000000093,-0.000000231,0.000001368,2.094395102
1770746341.338902473,61.400000000,-1.713122059,-1.528731630,2.125768823,-0.599921714,1.417834186,2.330872666,0.000001376,0.000000101,-0.000000288,0.000000179,0.000001378,2.094395102
1770746341.438902378,61.500000000,-1.713121925,-1.528731627,2.125768788,-0.599921684,1.417834321,2.540312176,0.000001272,-0.000000122,-0.000000459,0.000000574,0.000001276,2.094395102
1770746341.538902283,61.600000000,-1.713121798,-1.528731639,2.125768743,-0.599921626,1.417834448,2.749751687,0.000001272,-0.000000122,-0.000000459,0.000000574,0.000001276,2.094395102
1770746341.638902426,61.700000000,-1.713121690,-1.528731671,2.125768684,-0.599921536,1.417834557,2.959191197,0.000001064,-0.000000335,-0.000000593,0.000000923,0.000001071,2.094395102
1770746341.738902330,61.800000000,-1.713121601,-1.528731716,2.125768620,-0.599921428,1.417834647,3.168630707,0.000000770,-0.000000521,-0.000000679,0.000001197,0.000000780,2.094395102
1770746341.838902473,61.900000000,-1.713121532,-1.528731771,2.125768551,-0.599921304,1.417834717,3.378070217,0.000000413,-0.000000665,-0.000000710,0.000001374,0.000000425,2.094395102
1770746341.938902378,62.000000000,-1.713121491,-1.528731838,2.125768480,-0.599921167,1.417834759,3.587509728,0.000000413,-0.000000665,-0.000000710,0.000001374,0.000000425,2.094395102
1770746342.038902283,62.100000000,-1.713121483,-1.528731911,2.125768412,-0.599921025,1.417834768,3.795580340,0.000000022,-0.000000713,-0.000000646,0.000001359,0.000000034,1.977395225
1770746342.138902426,62.200000000,-1.713121493,-1.528731975,2.125768358,-0.599920907,1.417834759,3.968319863,-0.000000260,-0.000000553,-0.000000425,0.000000979,-0.000000252,1.477395225
1770746342.238902330,62.300000000,-1.713121515,-1.528732021,2.125768322,-0.599920826,1.417834738,4.091059385,-0.000000172,-0.000000366,-0.000000281,0.000000648,-0.000000166,0.977395225
1770746342.338902473,62.400000000,-1.713121528,-1.528732048,2.125768302,-0.599920778,1.417834726,4.163798908,-0.000000084,-0.000000179,-0.000000137,0.000000316,-0.000000081,0.477395225
1770746342.438902378,62.500000000,-1.712534283,-1.525487396,2.122314524,-0.599712394,1.418424372,4.188213882,0.020118099,0.111156221,-0.118319935,0.007138302,0.020200361,0.020988187
1770746342.538902283,62.600000000,-1.711771947,-1.521275355,2.117831045,-0.599441924,1.419189815,4.167637876,0.000000043,0.000000153,0.000000167,-0.000000438,-0.000000167,-0.435173570
1770746342.638902426,62.700000000,-1.711771941,-1.521275331,2.117831071,-0.599441991,1.419189787,4.099121018,0.000000083,0.000000326,0.000000344,-0.000000888,-0.000000385,-0.935164726
1770746342.738902330,62.800000000,-1.711771931,-1.521275290,2.117831113,-0.599442097,1.419189736,3.980604994,0.000000109,0.000000489,0.000000490,-0.000001219,-0.000000645,-1.435156871
1770746342.838902473,62.900000000,-1.711771926,-1.521275231,2.117831168,-0.599442223,1.419189699,3.812089715,-0.000000022,0.000000694,0.000000628,-0.000001321,-0.000000033,-1.935148755
1770746342.938902378,63.000000000,-1.711771931,-1.521275158,2.117831235,-0.599442363,1.419189693,3.605186816,-0.000000410,0.000000662,0.000000707,-0.000001367,-0.000000421,-2.094395102
1770746343.038902283,63.100000000,-1.711771972,-1.521275092,2.117831306,-0.599442500,1.419189651,3.395747306,-0.000000410,0.000000662,0.000000707,-0.000001367,-0.000000421,-2.094395102
1770746343.138902426,63.200000000,-1.711772037,-1.521275035,2.117831375,-0.599442625,1.419189584,3.186307795,-0.000000763,0.000000519,0.000000676,-0.000001191,-0.000000773,-2.094395102
1770746343.238902330,63.300000000,-1.711772123,-1.521274989,2.117831439,-0.599442735,1.419189498,2.976868285,-0.000001054,0.000000334,0.000000590,-0.000000919,-0.000001062,-2.094395102
1770746343.338902473,63.400000000,-1.711772229,-1.521274956,2.117831498,-0.599442827,1.419189391,2.767428775,-0.000001054,0.000000334,0.000000590,-0.000000919,-0.000001062,-2.094395102
1770746343.438902378,63.500000000,-1.711772354,-1.521274943,2.117831545,-0.599442885,1.419189266,2.557989265,-0.000001260,0.000000123,0.000000457,-0.000000572,-0.000001265,-2.094395102
1770746343.538902283,63.600000000,-1.711772486,-1.521274944,2.117831580,-0.599442919,1.419189133,2.348549755,-0.000001364,-0.000000099,0.000000287,-0.000000179,-0.000001365,-2.094395102
1770746343.638902426,63.700000000,-1.711772622,-1.521274959,2.117831604,-0.599442927,1.419188997,2.139110244,-0.000001357,-0.000000313,0.000000093,0.000000228,-0.000001355,-2.094395102
1770746343.738902330,63.800000000,-1.711772758,-1.521274990,2.117831613,-0.599442904,1.419188861,1.929670734,-0.000001357,-0.000000313,0.000000093,0.000000228,-0.000001355,-2.094395102
1770746343.838902473,63.900000000,-1.711772883,-1.521275038,2.117831605,-0.599442848,1.419188737,1.721693530,-0.000001169,-0.000000473,-0.000000102,0.000000582,-0.000001164,-1.973469277
1770746343.938902378,64.000000000,-1.711772978,-1.521275084,2.117831590,-0.599442786,1.419188643,1.549346602,-0.000000720,-0.000000457,-0.000000212,0.000000673,-0.000000714,-1.473469277
1770746344.038902283,64.100000000,-1.711773037,-1.521275122,2.117831572,-0.599442730,1.419188583,1.426999674,-0.000000476,-0.000000302,-0.000000140,0.000000444,-0.000000472,-0.973469277
1770746344.138902426,64.200000000,-1.711773073,-1.521275144,2.117831562,-0.599442697,1.419188548,1.354652746,-0.000000231,-0.000000147,-0.000000068,0.000000216,-0.000000230,-0.473469277
1770746344.233596325,64.294693855,-1.711773084,-1.521275151,2.117831559,-0.599442687,1.419188537,1.332235431,0.000000000,0.000000000,0.000000000,-0.000000000,0.000000000,0.000000000
