timestamp_absolute,timestamp_relative,shoulder_pan_joint_pos,shoulder_lift_joint_pos,elbow_joint_pos,wrist_1_joint_pos,wrist_2_joint_pos,wrist_3_joint_pos,shoulder_pan_joint_vel,shoulder_lift_joint_vel,elbow_joint_vel,wrist_1_joint_vel,wrist_2_joint_vel,wrist_3_joint_vel
1767795543.379695892,0.000000000,-2.088930909,-0.496968095,0.889032006,-0.364056889,0.962083995,1.557965994,0.000000000,-0.000000000,0.000000000,-0.000000000,0.000000000,0.000000000
1767795543.479695797,0.100000000,-2.087706940,-0.511180068,0.914031732,-0.376147845,0.963422035,1.581352622,0.024756823,-0.284637698,0.499971242,-0.241534961,0.027183240,0.470776812
1767795543.579695940,0.200000000,-2.083806865,-0.553485571,0.987688192,-0.411478181,0.967813080,1.653426708,0.054034768,-0.554250885,0.956319610,-0.455193029,0.062242128,0.970860389
1767795543.679695845,0.300000000,-2.076679356,-0.620503090,1.101593864,-0.464920224,0.976304631,1.775530195,0.089984125,-0.779100750,1.303607598,-0.601741107,0.110357085,1.471206199
1767795543.779695988,0.400000000,-2.065422222,-0.708155729,1.245025008,-0.529374403,0.990571460,1.947666886,0.137645683,-0.969886300,1.550010764,-0.674875468,0.179095563,1.971517660
1767795543.879695892,0.500000000,-2.049679436,-0.807401416,1.398984002,-0.593369747,1.011515073,2.155596863,0.171638822,-0.974483320,1.464086052,-0.575300987,0.232010252,2.094395352
1767795543.979695797,0.600000000,-2.031034826,-0.903206885,1.538032516,-0.644283196,1.036914897,2.365036387,0.202175111,-0.945186397,1.321716184,-0.443746914,0.276433563,2.094395275
1767795544.079695940,0.700000000,-2.009040357,-0.997034504,1.664035137,-0.682150725,1.066901420,2.574475908,0.238856157,-0.933879882,1.200816366,-0.313256204,0.323870987,2.094395167
1767795544.179695845,0.800000000,-1.983000627,-1.090411421,1.778516694,-0.706781196,1.101830214,2.783915429,0.283382111,-0.935419461,1.089721737,-0.178381053,0.375508683,2.094395191
1767795544.279695988,0.900000000,-1.952037957,-1.184401554,1.882043037,-0.717603082,1.142196091,2.993354950,0.337732439,-0.945443455,0.980584176,-0.036851973,0.432977060,2.094395105
1767795544.379695892,1.000000000,-1.917237002,-1.274390493,1.969749570,-0.714516159,1.185988923,3.191362141,0.349066055,-0.835174084,0.761537313,0.089750594,0.431278671,1.825122746
1767795544.479695797,1.100000000,-1.882330241,-1.352251775,2.036502530,-0.701263206,1.228386899,3.360616077,0.349066085,-0.726338197,0.583139855,0.168947743,0.417055167,1.571620058
1767795544.579695940,1.200000000,-1.847423640,-1.420341786,2.087930849,-0.681754623,1.269474184,3.507612139,0.349065876,-0.638303516,0.451792219,0.217108655,0.405059027,1.376423811
1767795544.679695845,1.300000000,-1.812517044,-1.480381377,2.127915388,-0.658518317,1.309466634,3.637266798,0.349065982,-0.564508375,0.352297799,0.244900493,0.395107511,1.222503106
1767795544.779695988,1.400000000,-1.777610449,-1.533577697,2.159132936,-0.633236313,1.348552416,3.753103459,0.349065960,-0.500931126,0.275211784,0.258902595,0.386871140,1.098553676
1767795544.879695892,1.500000000,-1.746919412,-1.575419233,2.180872723,-0.610226719,1.382294070,3.845622744,0.236978735,-0.306672366,0.150118284,0.178870965,0.258534005,0.684678506
1767795544.979695797,1.600000000,-1.731570068,-1.594782168,2.190077573,-0.598629685,1.398980117,3.889088870,0.066419196,-0.081820015,0.037817223,0.050201376,0.071971394,0.184648817
1767795545.079695940,1.700000000,-1.726539247,-1.600979494,2.192941989,-0.594827272,1.404431481,3.883219044,-0.000000024,0.000000121,0.000000093,-0.000000214,-0.000000026,-0.294721921
1767795545.179695845,1.800000000,-1.726539251,-1.600979472,2.192942006,-0.594827311,1.404431476,3.828747296,-0.000000066,0.000000327,0.000000250,-0.000000578,-0.000000071,-0.794714665
1767795545.279695988,1.900000000,-1.726539260,-1.600979429,2.192942039,-0.594827387,1.404431467,3.724276146,-0.000000108,0.000000533,0.000000407,-0.000000942,-0.000000115,-1.294708207
1767795545.379695892,2.000000000,-1.726539279,-1.600979369,2.192942089,-0.594827498,1.404431447,3.569805630,-0.000000386,0.000000586,0.000000642,-0.000001227,-0.000000396,-1.794701681
1767795545.479695797,2.100000000,-1.726539322,-1.600979304,2.192942161,-0.594827635,1.404431403,3.369348414,-0.000000451,0.000000684,0.000000749,-0.000001432,-0.000000462,-2.094395102
1767795545.579695940,2.200000000,-1.726539399,-1.600979248,2.192942233,-0.594827762,1.404431325,3.159908904,-0.000000840,0.000000529,0.000000716,-0.000001241,-0.000000850,-2.094395102
1767795545.679695845,2.300000000,-1.726539498,-1.600979204,2.192942301,-0.594827873,1.404431225,2.950469394,-0.000001160,0.000000331,0.000000625,-0.000000950,-0.000001168,-2.094395102
1767795545.779695988,2.400000000,-1.726539616,-1.600979173,2.192942362,-0.594827965,1.404431106,2.741029884,-0.000001387,0.000000107,0.000000483,-0.000000582,-0.000001392,-2.094395102
1767795545.879695892,2.500000000,-1.726539755,-1.600979162,2.192942410,-0.594828023,1.404430967,2.531590373,-0.000001387,0.000000107,0.000000483,-0.000000582,-0.000001392,-2.094395102
1767795545.979695797,2.600000000,-1.726539902,-1.600979169,2.192942445,-0.594828051,1.404430820,2.322150863,-0.000001502,-0.000000127,0.000000302,-0.000000167,-0.000001503,-2.094395102
1767795546.079695940,2.700000000,-1.726540052,-1.600979190,2.192942468,-0.594828052,1.404430670,2.112711353,-0.000001494,-0.000000350,0.000000097,0.000000261,-0.000001493,-2.094395102
1767795546.179695845,2.800000000,-1.726540201,-1.600979225,2.192942477,-0.594828026,1.404430521,1.903271843,-0.000001366,-0.000000545,-0.000000117,0.000000669,-0.000001361,-2.094395102
1767795546.279695988,2.900000000,-1.726540336,-1.600979278,2.192942466,-0.594827960,1.404430387,1.697397441,-0.000001243,-0.000000495,-0.000000106,0.000000608,-0.000001238,-1.905580157
1767795546.379695892,3.000000000,-1.726540434,-1.600979328,2.192942448,-0.594827892,1.404430289,1.531839425,-0.000000757,-0.000000467,-0.000000215,0.000000686,-0.000000751,-1.405580157
1767795546.479695797,3.100000000,-1.726540496,-1.600979366,2.192942431,-0.594827836,1.404430227,1.416281410,-0.000000487,-0.000000301,-0.000000139,0.000000442,-0.000000484,-0.905580157
1767795546.579695940,3.200000000,-1.726540531,-1.600979388,2.192942421,-0.594827804,1.404430192,1.350723394,-0.000000218,-0.000000135,-0.000000062,0.000000198,-0.000000217,-0.405580157
1767795546.679695845,3.300000000,-1.725485193,-1.595798661,2.187912208,-0.594979757,1.405487243,1.332932977,0.022988405,0.112850608,-0.109571788,-0.003310176,0.023025662,0.052944856
1767795546.779695988,3.400000000,-1.724936316,-1.593104256,2.185296100,-0.595058807,1.406036994,1.360456223,0.000000208,0.000000147,0.000000100,-0.000000322,-0.000000097,0.511807961
1767795546.879695892,3.500000000,-1.724936284,-1.593104233,2.185296116,-0.595058859,1.406036981,1.436636563,0.000000422,0.000000297,0.000000225,-0.000000735,-0.000000162,1.011799232
1767795546.979695797,3.600000000,-1.724936231,-1.593104196,2.185296145,-0.595058957,1.406036963,1.562816134,0.000000657,0.000000458,0.000000381,-0.000001266,-0.000000169,1.511792087
1767795547.079695940,3.700000000,-1.724936128,-1.593104148,2.185296166,-0.595059042,1.406037035,1.738994933,0.000001299,0.000000518,0.000000112,-0.000000639,0.000001295,2.011783870
1767795547.179695845,3.800000000,-1.724935991,-1.593104098,2.185296173,-0.595059100,1.406037172,1.947751356,0.000001479,0.000000346,-0.000000096,-0.000000258,0.000001478,2.094395102
1767795547.279695988,3.900000000,-1.724935843,-1.593104064,2.185296164,-0.595059126,1.406037320,2.157190866,0.000001479,0.000000346,-0.000000096,-0.000000258,0.000001478,2.094395102
1767795547.379695892,4.000000000,-1.724935694,-1.593104048,2.185296137,-0.595059116,1.406037468,2.366630377,0.000001487,0.000000124,-0.000000300,0.000000169,0.000001488,2.094395102
1767795547.479695797,4.100000000,-1.724935551,-1.593104047,2.185296098,-0.595059079,1.406037612,2.576069887,0.000001373,-0.000000108,-0.000000480,0.000000582,0.000001378,2.094395102
1767795547.579695940,4.200000000,-1.724935417,-1.593104060,2.185296049,-0.595059016,1.406037747,2.785509397,0.000001149,-0.000000332,-0.000000622,0.000000947,0.000001157,2.094395102
1767795547.679695845,4.300000000,-1.724935302,-1.593104093,2.185295986,-0.595058922,1.406037863,2.994948907,0.000001149,-0.000000332,-0.000000622,0.000000947,0.000001157,2.094395102
1767795547.779695988,4.400000000,-1.724935211,-1.593104141,2.185295917,-0.595058805,1.406037955,3.204388418,0.000000831,-0.000000528,-0.000000712,0.000001236,0.000000841,2.094395102
1767795547.879695892,4.500000000,-1.724935143,-1.593104200,2.185295845,-0.595058674,1.406038024,3.413827928,0.000000446,-0.000000682,-0.000000745,0.000001425,0.000000458,2.094395102
1767795547.979695797,4.600000000,-1.724935099,-1.593104269,2.185295770,-0.595058531,1.406038068,3.623267438,0.000000025,-0.000000780,-0.000000718,0.000001498,0.000000037,2.094395102
1767795548.079695940,4.700000000,-1.724935097,-1.593104345,2.185295700,-0.595058385,1.406038072,3.828653228,0.000000023,-0.000000705,-0.000000649,0.000001354,0.000000034,1.893056564
1767795548.179695845,4.800000000,-1.724935113,-1.593104408,2.185295647,-0.595058269,1.406038057,3.992958884,-0.000000265,-0.000000542,-0.000000421,0.000000965,-0.000000257,1.393056564
1767795548.279695988,4.900000000,-1.724935135,-1.593104452,2.185295613,-0.595058190,1.406038036,4.107264540,-0.000000170,-0.000000348,-0.000000270,0.000000618,-0.000000165,0.893056564
1767795548.379695892,5.000000000,-1.724935147,-1.593104477,2.185295593,-0.595058145,1.406038024,4.171570197,-0.000000075,-0.000000153,-0.000000119,0.000000272,-0.000000073,0.393056564
1767795548.479695797,5.100000000,-1.723847071,-1.587689939,2.179983318,-0.595161882,1.407128131,4.188171672,0.022146424,0.110205914,-0.108124211,-0.002111717,0.022187732,-0.066003790
1767795548.579695940,5.200000000,-1.723362698,-1.585279587,2.177618516,-0.595208097,1.407613393,4.159412703,0.000000051,0.000000190,0.000000214,-0.000000564,-0.000000226,-0.525296159
1767795548.679695845,5.300000000,-1.723362691,-1.585279560,2.177618547,-0.595208176,1.407613357,4.081883706,0.000000085,0.000000365,0.000000394,-0.000001008,-0.000000487,-1.025286044
1767795548.779695988,5.400000000,-1.723362681,-1.585279515,2.177618594,-0.595208295,1.407613294,3.954355471,0.000000104,0.000000530,0.000000540,-0.000001328,-0.000000786,-1.525278928
1767795548.879695892,5.500000000,-1.723362680,-1.585279450,2.177618655,-0.595208428,1.407613265,3.776828010,-0.000000024,0.000000750,0.000000690,-0.000001439,-0.000000036,-2.025270598
1767795548.979695797,5.600000000,-1.723362692,-1.585279375,2.177618727,-0.595208575,1.407613252,3.567866938,-0.000000442,0.000000679,0.000000741,-0.000001418,-0.000000453,-2.094395102
1767795549.079695940,5.700000000,-1.723362736,-1.585279307,2.177618801,-0.595208717,1.407613206,3.358427428,-0.000000442,0.000000679,0.000000741,-0.000001418,-0.000000453,-2.094395102
1767795549.179695845,5.800000000,-1.723362814,-1.585279253,2.177618872,-0.595208842,1.407613128,3.148987917,-0.000000823,0.000000526,0.000000709,-0.000001231,-0.000000833,-2.094395102
1767795549.279695988,5.900000000,-1.723362912,-1.585279210,2.177618939,-0.595208951,1.407613029,2.939548407,-0.000001137,0.000000332,0.000000618,-0.000000944,-0.000001145,-2.094395102
1767795549.379695892,6.000000000,-1.723363029,-1.585279180,2.177618999,-0.595209040,1.407612911,2.730108897,-0.000001360,0.000000110,0.000000478,-0.000000581,-0.000001365,-2.094395102
1767795549.479695797,6.100000000,-1.723363165,-1.585279169,2.177619046,-0.595209098,1.407612775,2.520669387,-0.000001360,0.000000110,0.000000478,-0.000000581,-0.000001365,-2.094395102
1767795549.579695940,6.200000000,-1.723363309,-1.585279176,2.177619080,-0.595209124,1.407612630,2.311229877,-0.000001472,-0.000000121,0.000000299,-0.000000170,-0.000001473,-2.094395102
1767795549.679695845,6.300000000,-1.723363456,-1.585279197,2.177619101,-0.595209123,1.407612483,2.101790366,-0.000001465,-0.000000342,0.000000095,0.000000254,-0.000001463,-2.094395102
1767795549.779695988,6.400000000,-1.723363602,-1.585279232,2.177619110,-0.595209095,1.407612337,1.892350856,-0.000001339,-0.000000535,-0.000000116,0.000000658,-0.000001334,-2.094395102
1767795549.879695892,6.500000000,-1.723363733,-1.585279285,2.177619099,-0.595209031,1.407612207,1.687515650,-0.000001202,-0.000000480,-0.000000104,0.000000590,-0.000001197,-1.879818677
1767795549.979695797,6.600000000,-1.723363827,-1.585279333,2.177619081,-0.595208964,1.407612114,1.524533783,-0.000000728,-0.000000451,-0.000000209,0.000000664,-0.000000723,-1.379818677
1767795550.079695940,6.700000000,-1.723363886,-1.585279370,2.177619063,-0.595208910,1.407612054,1.411551915,-0.000000464,-0.000000288,-0.000000133,0.000000423,-0.000000461,-0.879818677
1767795550.179695845,6.800000000,-1.723363920,-1.585279391,2.177619054,-0.595208880,1.407612021,1.348570047,-0.000000200,-0.000000124,-0.000000058,0.000000183,-0.000000199,-0.379818677
1767795550.279695988,6.900000000,-1.722232962,-1.579574862,2.171964618,-0.595260493,1.408745372,1.333200714,0.020980036,0.105822057,-0.104892638,-0.000957649,0.021024388,0.079801187
1767795550.379695892,7.000000000,-1.721822179,-1.577502947,2.169910914,-0.595279261,1.409157007,1.363275648,0.000000217,0.000000153,0.000000104,-0.000000334,-0.000000097,0.539851343
1767795550.479695797,7.100000000,-1.721822147,-1.577502924,2.169910930,-0.595279315,1.409156994,1.442260259,0.000000428,0.000000301,0.000000228,-0.000000742,-0.000000158,1.039842469
1767795550.579695940,7.200000000,-1.721822093,-1.577502886,2.169910960,-0.595279414,1.409156977,1.571244114,0.000000659,0.000000460,0.000000381,-0.000001265,-0.000000164,1.539835346
1767795550.679695845,7.300000000,-1.721821989,-1.577502839,2.169910979,-0.595279494,1.409157056,1.750227193,0.000001291,0.000000516,0.000000112,-0.000000638,0.000001287,2.039826942
1767795550.779695988,7.400000000,-1.721821853,-1.577502791,2.169910985,-0.595279549,1.409157192,1.959368316,0.000001450,0.000000338,-0.000000095,-0.000000251,0.000001448,2.094395102
1767795550.879695892,7.500000000,-1.721821708,-1.577502757,2.169910976,-0.595279574,1.409157336,2.168807826,0.000001450,0.000000338,-0.000000095,-0.000000251,0.000001448,2.094395102
1767795550.979695797,7.600000000,-1.721821562,-1.577502743,2.169910948,-0.595279561,1.409157482,2.378247336,0.000001457,0.000000118,-0.000000297,0.000000171,0.000001459,2.094395102
1767795551.079695940,7.700000000,-1.721821422,-1.577502744,2.169910909,-0.595279522,1.409157622,2.587686846,0.000001346,-0.000000111,-0.000000475,0.000000580,0.000001351,2.094395102
1767795551.179695845,7.800000000,-1.721821292,-1.577502759,2.169910859,-0.595279458,1.409157754,2.797126357,0.000001126,-0.000000332,-0.000000615,0.000000941,0.000001134,2.094395102
1767795551.279695988,7.900000000,-1.721821179,-1.577502792,2.169910797,-0.595279363,1.409157867,3.006565867,0.000001126,-0.000000332,-0.000000615,0.000000941,0.000001134,2.094395102
1767795551.379695892,8.000000000,-1.721821092,-1.577502841,2.169910728,-0.595279246,1.409157955,3.216005377,0.000000815,-0.000000525,-0.000000705,0.000001226,0.000000825,2.094395102
1767795551.479695797,8.100000000,-1.721821027,-1.577502900,2.169910657,-0.595279115,1.409158021,3.425444887,0.000000438,-0.000000676,-0.000000738,0.000001411,0.000000449,2.094395102
1767795551.579695940,8.200000000,-1.721820987,-1.577502968,2.169910583,-0.595278974,1.409158063,3.634884398,0.000000025,-0.000000772,-0.000000711,0.000001483,0.000000037,2.094395102
1767795551.679695845,8.300000000,-1.721820984,-1.577503044,2.169910514,-0.595278829,1.409158066,3.839070563,0.000000022,-0.000000687,-0.000000633,0.000001320,0.000000033,1.865193349
1767795551.779695988,8.400000000,-1.721821002,-1.577503105,2.169910463,-0.595278717,1.409158050,4.000589898,-0.000000254,-0.000000525,-0.000000408,0.000000935,-0.000000247,1.365193349
1767795551.879695892,8.500000000,-1.721821023,-1.577503148,2.169910430,-0.595278641,1.409158029,4.112109233,-0.000000161,-0.000000333,-0.000000259,0.000000592,-0.000000156,0.865193349
1767795551.979695797,8.600000000,-1.721821034,-1.577503171,2.169910411,-0.595278599,1.409158018,4.173628568,-0.000000068,-0.000000140,-0.000000109,0.000000250,-0.000000066,0.365193349
1767795552.079695940,8.700000000,-1.720655344,-1.571543795,2.163943498,-0.595272619,1.410326471,4.187618389,0.019837404,0.101414980,-0.101543000,0.000101496,0.019884379,-0.094785685
1767795552.179695845,8.800000000,-1.720309180,-1.569774099,2.162171591,-0.595270880,1.410673439,4.156135405,0.000000051,0.000000198,0.000000218,-0.000000566,-0.000000243,-0.555124224
1767795552.279695988,8.900000000,-1.720309173,-1.569774070,2.162171622,-0.595270960,1.410673403,4.075623228,0.000000088,0.000000372,0.000000400,-0.000001020,-0.000000487,-1.055118424
1767795552.379695892,9.000000000,-1.720309163,-1.569774025,2.162171670,-0.595271079,1.410673340,3.945111798,0.000000108,0.000000536,0.000000543,-0.000001334,-0.000000778,-1.555111328
1767795552.479695797,9.100000000,-1.720309162,-1.569773960,2.162171731,-0.595271211,1.410673316,3.764601147,-0.000000024,0.000000754,0.000000693,-0.000001445,-0.000000036,-2.055102920
1767795552.579695940,9.200000000,-1.720309176,-1.569773886,2.162171802,-0.595271356,1.410673301,3.555316635,-0.000000433,0.000000673,0.000000734,-0.000001405,-0.000000445,-2.094395102
1767795552.679695845,9.300000000,-1.720309220,-1.569773818,2.162171876,-0.595271497,1.410673256,3.345877125,-0.000000433,0.000000673,0.000000734,-0.000001405,-0.000000445,-2.094395102
1767795552.779695988,9.400000000,-1.720309298,-1.569773765,2.162171946,-0.595271620,1.410673177,3.136437615,-0.000000807,0.000000523,0.000000701,-0.000001220,-0.000000817,-2.094395102
1767795552.879695892,9.500000000,-1.720309396,-1.569773724,2.162172011,-0.595271726,1.410673078,2.926998105,-0.000001115,0.000000332,0.000000612,-0.000000937,-0.000001123,-2.094395102
1767795552.979695797,9.600000000,-1.720309512,-1.569773695,2.162172069,-0.595271812,1.410672961,2.717558594,-0.000001333,0.000000113,0.000000473,-0.000000578,-0.000001338,-2.094395102
1767795553.079695940,9.700000000,-1.720309646,-1.569773684,2.162172117,-0.595271870,1.410672827,2.508119084,-0.000001333,0.000000113,0.000000473,-0.000000578,-0.000001338,-2.094395102
1767795553.179695845,9.800000000,-1.720309788,-1.569773692,2.162172149,-0.595271894,1.410672685,2.298679574,-0.000001443,-0.000000115,0.000000296,-0.000000173,-0.000001445,-2.094395102
1767795553.279695988,9.900000000,-1.720309932,-1.569773713,2.162172169,-0.595271891,1.410672541,2.089240064,-0.000001436,-0.000000334,0.000000094,0.000000247,-0.000001434,-2.094395102
1767795553.379695892,10.000000000,-1.720310074,-1.569773749,2.162172176,-0.595271862,1.410672399,1.879800554,-0.000001313,-0.000000525,-0.000000114,0.000000647,-0.000001308,-2.094395102
1767795553.479695797,10.100000000,-1.720310202,-1.569773800,2.162172165,-0.595271799,1.410672272,1.676331043,-0.000001160,-0.000000464,-0.000000101,0.000000571,-0.000001155,-1.850059281
1767795553.579695940,10.200000000,-1.720310291,-1.569773847,2.162172146,-0.595271733,1.410672183,1.516325115,-0.000000698,-0.000000435,-0.000000202,0.000000641,-0.000000693,-1.350059281
1767795553.679695845,10.300000000,-1.720310348,-1.569773883,2.162172130,-0.595271681,1.410672126,1.406319187,-0.000000440,-0.000000274,-0.000000127,0.000000404,-0.000000436,-0.850059281
1767795553.779695988,10.400000000,-1.720310379,-1.569773902,2.162172121,-0.595271652,1.410672096,1.346313259,-0.000000181,-0.000000113,-0.000000052,0.000000166,-0.000000180,-0.350059281
1767795553.879695892,10.500000000,-1.719107738,-1.563542760,2.155870882,-0.595203150,1.411877898,1.333669132,0.018399575,0.095331541,-0.096403827,0.001047867,0.018447893,0.109229324
1767795553.979695797,10.600000000,-1.718827429,-1.562090484,2.154402285,-0.595187206,1.412158925,1.366437072,0.000000227,0.000000161,0.000000114,-0.000000368,-0.000000092,0.569124634
1767795554.079695940,10.700000000,-1.718827396,-1.562090460,2.154402302,-0.595187261,1.412158913,1.448349271,0.000000434,0.000000306,0.000000230,-0.000000749,-0.000000155,1.069118735
1767795554.179695845,10.800000000,-1.718827342,-1.562090422,2.154402332,-0.595187361,1.412158897,1.580260711,0.000000662,0.000000463,0.000000382,-0.000001265,-0.000000158,1.569111609
1767795554.279695988,10.900000000,-1.718827236,-1.562090375,2.154402350,-0.595187437,1.412158982,1.762171367,0.000001285,0.000000514,0.000000113,-0.000000636,0.000001281,2.069103206
1767795554.379695892,11.000000000,-1.718827102,-1.562090329,2.154402354,-0.595187488,1.412159116,1.971546290,0.000001422,0.000000330,-0.000000094,-0.000000244,0.000001420,2.094395102
1767795554.479695797,11.100000000,-1.718826960,-1.562090296,2.154402345,-0.595187513,1.412159258,2.180985800,0.000001422,0.000000330,-0.000000094,-0.000000244,0.000001420,2.094395102
1767795554.579695940,11.200000000,-1.718826817,-1.562090284,2.154402316,-0.595187497,1.412159401,2.390425310,0.000001429,0.000000112,-0.000000294,0.000000174,0.000001431,2.094395102
1767795554.679695845,11.300000000,-1.718826681,-1.562090286,2.154402276,-0.595187455,1.412159538,2.599864820,0.000001320,-0.000000114,-0.000000470,0.000000577,0.000001325,2.094395102
1767795554.779695988,11.400000000,-1.718826554,-1.562090303,2.154402226,-0.595187389,1.412159665,2.809304331,0.000001105,-0.000000331,-0.000000609,0.000000934,0.000001112,2.094395102
1767795554.879695892,11.500000000,-1.718826443,-1.562090336,2.154402165,-0.595187296,1.412159777,3.018743841,0.000001105,-0.000000331,-0.000000609,0.000000934,0.000001112,2.094395102
1767795554.979695797,11.600000000,-1.718826359,-1.562090385,2.154402097,-0.595187178,1.412159862,3.228183351,0.000000799,-0.000000522,-0.000000698,0.000001215,0.000000809,2.094395102
1767795555.079695940,11.700000000,-1.718826298,-1.562090445,2.154402025,-0.595187047,1.412159924,3.437622861,0.000000429,-0.000000670,-0.000000730,0.000001398,0.000000441,2.094395102
1767795555.179695845,11.800000000,-1.718826261,-1.562090513,2.154401953,-0.595186907,1.412159962,3.647062372,0.000000024,-0.000000764,-0.000000703,0.000001467,0.000000036,2.094395102
1767795555.279695988,11.900000000,-1.718826259,-1.562090587,2.154401885,-0.595186765,1.412159966,3.849815492,0.000000021,-0.000000670,-0.000000616,0.000001286,0.000000032,1.835814566
1767795555.379695892,12.000000000,-1.718826277,-1.562090647,2.154401836,-0.595186656,1.412159948,4.008396949,-0.000000244,-0.000000508,-0.000000395,0.000000904,-0.000000237,1.335814566
1767795555.479695797,12.100000000,-1.718826297,-1.562090688,2.154401804,-0.595186582,1.412159929,4.116978406,-0.000000153,-0.000000318,-0.000000247,0.000000566,-0.000000148,0.835814566
1767795555.579695940,12.200000000,-1.718826308,-1.562090710,2.154401786,-0.595186543,1.412159918,4.175559862,-0.000000061,-0.000000128,-0.000000099,0.000000227,-0.000000059,0.335814566
1767795555.679695845,12.300000000,-1.717602028,-1.555662310,2.147837273,-0.595052043,1.413387739,4.186917819,0.017124810,0.089918196,-0.091821892,0.001881108,0.017174296,-0.122770859
1767795555.779695988,12.400000000,-1.717371513,-1.554451936,2.146601298,-0.595026755,1.413618904,4.152961035,0.000000054,0.000000206,0.000000226,-0.000000584,-0.000000248,-0.581916401
1767795555.879695892,12.500000000,-1.717371506,-1.554451907,2.146601330,-0.595026837,1.413618868,4.069769675,0.000000091,0.000000378,0.000000405,-0.000001030,-0.000000486,-1.081910524
1767795555.979695797,12.600000000,-1.717371496,-1.554451861,2.146601377,-0.595026955,1.413618805,3.936579073,0.000000112,0.000000540,0.000000546,-0.000001337,-0.000000769,-1.581903406
1767795556.079695940,12.700000000,-1.717371495,-1.554451795,2.146601439,-0.595027087,1.413618786,3.753389259,-0.000000024,0.000000755,0.000000695,-0.000001448,-0.000000037,-2.081895001
1767795556.179695845,12.800000000,-1.717371512,-1.554451722,2.146601510,-0.595027230,1.413618768,3.543965992,-0.000000425,0.000000667,0.000000726,-0.000001391,-0.000000437,-2.094395102
1767795556.279695988,12.900000000,-1.717371554,-1.554451656,2.146601582,-0.595027369,1.413618724,3.334526482,-0.000000425,0.000000667,0.000000726,-0.000001391,-0.000000437,-2.094395102
1767795556.379695892,13.000000000,-1.717371633,-1.554451603,2.146601652,-0.595027491,1.413618645,3.125086972,-0.000000792,0.000000520,0.000000694,-0.000001210,-0.000000802,-2.094395102
1767795556.479695797,13.100000000,-1.717371731,-1.554451563,2.146601715,-0.595027594,1.413618546,2.915647461,-0.000001094,0.000000331,0.000000606,-0.000000931,-0.000001102,-2.094395102
1767795556.579695940,13.200000000,-1.717371846,-1.554451536,2.146601772,-0.595027678,1.413618430,2.706207951,-0.000001308,0.000000115,0.000000468,-0.000000576,-0.000001313,-2.094395102
1767795556.679695845,13.300000000,-1.717371977,-1.554451524,2.146601819,-0.595027736,1.413618299,2.496768441,-0.000001308,0.000000115,0.000000468,-0.000000576,-0.000001313,-2.094395102
1767795556.779695988,13.400000000,-1.717372117,-1.554451533,2.146601850,-0.595027757,1.413618158,2.287328931,-0.000001416,-0.000000110,0.000000293,-0.000000175,-0.000001417,-2.094395102
1767795556.879695892,13.500000000,-1.717372258,-1.554451555,2.146601869,-0.595027753,1.413618017,2.077889420,-0.000001409,-0.000000326,0.000000093,0.000000241,-0.000001407,-2.094395102
1767795556.979695797,13.600000000,-1.717372397,-1.554451591,2.146601875,-0.595027722,1.413617879,1.868449910,-0.000001288,-0.000000516,-0.000000113,0.000000637,-0.000001283,-2.094395102
1767795557.079695940,13.700000000,-1.717372521,-1.554451641,2.146601864,-0.595027661,1.413617755,1.666371289,-0.000001121,-0.000000449,-0.000000099,0.000000554,-0.000001117,-1.823085516
1767795557.179695845,13.800000000,-1.717372606,-1.554451687,2.146601845,-0.595027595,1.413617670,1.509062737,-0.000000671,-0.000000420,-0.000000196,0.000000620,-0.000000666,-1.323085516
1767795557.279695988,13.900000000,-1.717372661,-1.554451721,2.146601829,-0.595027545,1.413617616,1.401754186,-0.000000418,-0.000000261,-0.000000122,0.000000386,-0.000000414,-0.823085516
1767795557.379695892,14.000000000,-1.717372690,-1.554451739,2.146601821,-0.595027518,1.413617587,1.344445634,-0.000000164,-0.000000102,-0.000000048,0.000000151,-0.000000163,-0.323085516
1767795557.479695797,14.100000000,-1.716128388,-1.547830960,2.139775556,-0.594823660,1.414865823,1.334207086,0.015656657,0.083306642,-0.085892056,0.002564921,0.015706089,0.134819438
1767795557.579695940,14.200000000,-1.715945136,-1.546855963,2.138770316,-0.594793661,1.415049635,1.369228159,0.000000234,0.000000166,0.000000117,-0.000000377,-0.000000092,0.593576193
1767795557.679695845,14.300000000,-1.715945103,-1.546855940,2.138770334,-0.594793717,1.415049622,1.453585483,0.000000438,0.000000310,0.000000232,-0.000000753,-0.000000151,1.093570239
1767795557.779695988,14.400000000,-1.715945048,-1.546855901,2.138770365,-0.594793818,1.415049607,1.587942036,0.000000669,0.000000468,0.000000392,-0.000001300,-0.000000131,1.593561306
1767795557.879695892,14.500000000,-1.715944941,-1.546855854,2.138770380,-0.594793889,1.415049698,1.772297681,0.000001275,0.000000511,0.000000113,-0.000000633,0.000001271,2.092755892
1767795557.979695797,14.600000000,-1.715944809,-1.546855810,2.138770384,-0.594793938,1.415049830,1.981736617,0.000001396,0.000000323,-0.000000093,-0.000000238,0.000001394,2.094395102
1767795558.079695940,14.700000000,-1.715944669,-1.546855778,2.138770374,-0.594793961,1.415049970,2.191176128,0.000001402,0.000000107,-0.000000291,0.000000176,0.000001404,2.094395102
1767795558.179695845,14.800000000,-1.715944529,-1.546855768,2.138770345,-0.594793944,1.415050110,2.400615638,0.000001402,0.000000107,-0.000000291,0.000000176,0.000001404,2.094395102
1767795558.279695988,14.900000000,-1.715944396,-1.546855771,2.138770305,-0.594793900,1.415050244,2.610055148,0.000001296,-0.000000116,-0.000000466,0.000000575,0.000001300,2.094395102
1767795558.379695892,15.000000000,-1.715944272,-1.546855789,2.138770254,-0.594793833,1.415050368,2.819494658,0.000001084,-0.000000331,-0.000000602,0.000000927,0.000001092,2.094395102
1767795558.479695797,15.100000000,-1.715944164,-1.546855822,2.138770194,-0.594793740,1.415050477,3.028934169,0.000001084,-0.000000331,-0.000000602,0.000000927,0.000001092,2.094395102
1767795558.579695940,15.200000000,-1.715944083,-1.546855872,2.138770126,-0.594793622,1.415050559,3.238373679,0.000000784,-0.000000518,-0.000000691,0.000001205,0.000000794,2.094395102
1767795558.679695845,15.300000000,-1.715944025,-1.546855932,2.138770055,-0.594793492,1.415050618,3.447813189,0.000000421,-0.000000664,-0.000000723,0.000001384,0.000000433,2.094395102
1767795558.779695988,15.400000000,-1.715943990,-1.546856000,2.138769983,-0.594793352,1.415050654,3.657252699,0.000000024,-0.000000756,-0.000000696,0.000001452,0.000000036,2.094395102
1767795558.879695892,15.500000000,-1.715943988,-1.546856073,2.138769916,-0.594793212,1.415050657,3.858671515,0.000000021,-0.000000654,-0.000000602,0.000001256,0.000000031,1.811186797
1767795558.979695797,15.600000000,-1.715944007,-1.546856131,2.138769869,-0.594793107,1.415050639,4.014790194,-0.000000235,-0.000000492,-0.000000384,0.000000878,-0.000000228,1.311186797
1767795559.079695940,15.700000000,-1.715944026,-1.546856171,2.138769838,-0.594793036,1.415050620,4.120908874,-0.000000145,-0.000000305,-0.000000238,0.000000543,-0.000000141,0.811186797
1767795559.179695845,15.800000000,-1.715944036,-1.546856192,2.138769821,-0.594792998,1.415050610,4.177027554,-0.000000056,-0.000000117,-0.000000091,0.000000208,-0.000000054,0.311186797
1767795559.279695988,15.900000000,-1.714692011,-1.540105671,2.131743625,-0.594518949,1.416306937,4.186198778,0.014410801,0.077698326,-0.080871161,0.003154082,0.014460240,-0.146049245
1767795559.379695892,16.000000000,-1.714543038,-1.539302464,2.130907645,-0.594486379,1.416456403,4.150203188,0.000000056,0.000000212,0.000000231,-0.000000596,-0.000000250,-0.604104099
1767795559.479695797,16.100000000,-1.714543031,-1.539302435,2.130907678,-0.594486461,1.416456367,4.064793085,0.000000093,0.000000382,0.000000407,-0.000001035,-0.000000482,-1.104098163
1767795559.579695940,16.200000000,-1.714543020,-1.539302388,2.130907725,-0.594486579,1.416456305,3.929383758,0.000000111,0.000000540,0.000000535,-0.000001294,-0.000000769,-1.604089236
1767795559.679695845,16.300000000,-1.714543020,-1.539302322,2.130907786,-0.594486710,1.416456289,3.743985221,-0.000000024,0.000000752,0.000000692,-0.000001442,-0.000000036,-2.094395102
1767795559.779695988,16.400000000,-1.714543038,-1.539302251,2.130907857,-0.594486852,1.416456270,3.534545711,-0.000000417,0.000000661,0.000000719,-0.000001378,-0.000000429,-2.094395102
1767795559.879695892,16.500000000,-1.714543081,-1.539302185,2.130907929,-0.594486989,1.416456226,3.325106200,-0.000000777,0.000000516,0.000000687,-0.000001199,-0.000000787,-2.094395102
1767795559.979695797,16.600000000,-1.714543159,-1.539302134,2.130907997,-0.594487109,1.416456147,3.115666690,-0.000000777,0.000000516,0.000000687,-0.000001199,-0.000000787,-2.094395102
1767795560.079695940,16.700000000,-1.714543256,-1.539302094,2.130908060,-0.594487211,1.416456049,2.906227180,-0.000001074,0.000000330,0.000000600,-0.000000924,-0.000001081,-2.094395102
1767795560.179695845,16.800000000,-1.714543370,-1.539302068,2.130908116,-0.594487292,1.416455934,2.696787670,-0.000001283,0.000000117,0.000000463,-0.000000574,-0.000001288,-2.094395102
1767795560.279695988,16.900000000,-1.714543498,-1.539302056,2.130908162,-0.594487350,1.416455806,2.487348159,-0.000001283,0.000000117,0.000000463,-0.000000574,-0.000001288,-2.094395102
1767795560.379695892,17.000000000,-1.714543637,-1.539302065,2.130908192,-0.594487370,1.416455667,2.277908649,-0.000001389,-0.000000105,0.000000290,-0.000000177,-0.000001391,-2.094395102
1767795560.479695797,17.100000000,-1.714543775,-1.539302088,2.130908210,-0.594487364,1.416455529,2.068469139,-0.000001382,-0.000000319,0.000000093,0.000000234,-0.000001381,-2.094395102
1767795560.579695940,17.200000000,-1.714543911,-1.539302124,2.130908215,-0.594487332,1.416455393,1.859029629,-0.000001264,-0.000000507,-0.000000112,0.000000627,-0.000001259,-2.094395102
1767795560.679695845,17.300000000,-1.714544032,-1.539302173,2.130908204,-0.594487272,1.416455273,1.658214269,-0.000001087,-0.000000436,-0.000000096,0.000000539,-0.000001082,-1.800726070
1767795560.779695988,17.400000000,-1.714544113,-1.539302218,2.130908185,-0.594487207,1.416455192,1.503141662,-0.000000647,-0.000000406,-0.000000191,0.000000601,-0.000000643,-1.300726070
1767795560.879695892,17.500000000,-1.714544166,-1.539302251,2.130908170,-0.594487158,1.416455140,1.398069055,-0.000000399,-0.000000250,-0.000000118,0.000000370,-0.000000396,-0.800726070
1767795560.979695797,17.600000000,-1.714544193,-1.539302268,2.130908161,-0.594487133,1.416455113,1.342996448,-0.000000150,-0.000000094,-0.000000044,0.000000139,-0.000000149,-0.300726070
1767795561.079695940,17.700000000,-1.713285402,-1.532425406,2.123683488,-0.594140944,1.417718578,1.334732912,0.013008400,0.071065270,-0.074659429,0.003577367,0.013056632,0.155853034
1767795561.179695845,17.800000000,-1.713168899,-1.531789010,2.123014923,-0.594108930,1.417835494,1.371587058,0.000000239,0.000000169,0.000000120,-0.000000383,-0.000000090,0.613568377
1767795561.279695988,17.900000000,-1.713168865,-1.531788986,2.123014940,-0.594108987,1.417835482,1.457943577,0.000000440,0.000000312,0.000000233,-0.000000753,-0.000000146,1.113562387
1767795561.379695892,18.000000000,-1.713168809,-1.531788947,2.123014971,-0.594109088,1.417835468,1.594299307,0.000000668,0.000000467,0.000000391,-0.000001292,-0.000000125,1.613553439
1767795561.479695797,18.100000000,-1.713168702,-1.531788901,2.123014986,-0.594109155,1.417835563,1.780616955,0.000001252,0.000000503,0.000000112,-0.000000624,0.000001248,2.094395102
1767795561.579695940,18.200000000,-1.713168572,-1.531788859,2.123014988,-0.594109201,1.417835693,1.990056465,0.000001370,0.000000316,-0.000000092,-0.000000231,0.000001368,2.094395102
1767795561.679695845,18.300000000,-1.713168435,-1.531788828,2.123014978,-0.594109223,1.417835830,2.199495976,0.000001376,0.000000103,-0.000000288,0.000000178,0.000001378,2.094395102
1767795561.779695988,18.400000000,-1.713168298,-1.531788818,2.123014949,-0.594109205,1.417835967,2.408935486,0.000001376,0.000000103,-0.000000288,0.000000178,0.000001378,2.094395102
1767795561.879695892,18.500000000,-1.713168167,-1.531788823,2.123014909,-0.594109160,1.417836098,2.618374996,0.000001272,-0.000000118,-0.000000461,0.000000572,0.000001276,2.094395102
1767795561.979695797,18.600000000,-1.713168047,-1.531788842,2.123014858,-0.594109092,1.417836219,2.827814506,0.000001064,-0.000000330,-0.000000597,0.000000920,0.000001071,2.094395102
1767795562.079695940,18.700000000,-1.713167940,-1.531788875,2.123014798,-0.594109000,1.417836326,3.037254017,0.000001064,-0.000000330,-0.000000597,0.000000920,0.000001071,2.094395102
1767795562.179695845,18.800000000,-1.713167862,-1.531788925,2.123014730,-0.594108881,1.417836406,3.246693527,0.000000770,-0.000000515,-0.000000684,0.000001194,0.000000780,2.094395102
1767795562.279695988,18.900000000,-1.713167806,-1.531788985,2.123014660,-0.594108751,1.417836462,3.456133037,0.000000414,-0.000000658,-0.000000716,0.000001371,0.000000425,2.094395102
1767795562.379695892,19.000000000,-1.713167774,-1.531789053,2.123014589,-0.594108613,1.417836496,3.665572547,0.000000024,-0.000000748,-0.000000689,0.000001437,0.000000036,2.094395102
1767795562.479695797,19.100000000,-1.713167772,-1.531789125,2.123014523,-0.594108475,1.417836499,3.865808989,0.000000020,-0.000000639,-0.000000589,0.000001229,0.000000030,1.791029509
1767795562.579695940,19.200000000,-1.713167792,-1.531789181,2.123014477,-0.594108372,1.417836480,4.019911940,-0.000000227,-0.000000479,-0.000000374,0.000000855,-0.000000220,1.291029509
1767795562.679695845,19.300000000,-1.713167810,-1.531789220,2.123014447,-0.594108303,1.417836462,4.124014891,-0.000000139,-0.000000293,-0.000000229,0.000000524,-0.000000135,0.791029509
1767795562.779695988,19.400000000,-1.713167820,-1.531789240,2.123014431,-0.594108268,1.417836453,4.178117842,-0.000000051,-0.000000108,-0.000000084,0.000000193,-0.000000050,0.291029509
1767795562.879695892,19.500000000,-1.711911741,-1.524836627,2.115642893,-0.593690952,1.419097553,4.185517768,0.011876503,0.065738389,-0.069699239,0.003945601,0.011923905,-0.164906039
1767795562.979695797,19.600000000,-1.711817601,-1.524315556,2.115090455,-0.593659714,1.419192050,4.147888858,0.000000057,0.000000216,0.000000235,-0.000000605,-0.000000251,-0.621967187
1767795563.079695940,19.700000000,-1.711817593,-1.524315526,2.115090487,-0.593659796,1.419192014,4.060692470,0.000000091,0.000000383,0.000000401,-0.000001008,-0.000000488,-1.121958491
1767795563.179695845,19.800000000,-1.711817583,-1.524315480,2.115090535,-0.593659914,1.419191952,3.923496870,0.000000114,0.000000541,0.000000534,-0.000001290,-0.000000756,-1.621952269
1767795563.279695988,19.900000000,-1.711817583,-1.524315414,2.115090596,-0.593660044,1.419191940,3.736378574,-0.000000024,0.000000744,0.000000685,-0.000001427,-0.000000036,-2.094395102
1767795563.379695892,20.000000000,-1.711817602,-1.524315343,2.115090666,-0.593660184,1.419191920,3.526939064,-0.000000410,0.000000655,0.000000712,-0.000001365,-0.000000421,-2.094395102
1767795563.479695797,20.100000000,-1.711817646,-1.524315279,2.115090737,-0.593660319,1.419191875,3.317499553,-0.000000763,0.000000513,0.000000680,-0.000001189,-0.000000773,-2.094395102
1767795563.579695940,20.200000000,-1.711817722,-1.524315228,2.115090805,-0.593660438,1.419191798,3.108060043,-0.000000763,0.000000513,0.000000680,-0.000001189,-0.000000773,-2.094395102
1767795563.679695845,20.300000000,-1.711817819,-1.524315189,2.115090867,-0.593660538,1.419191700,2.898620533,-0.000001054,0.000000329,0.000000594,-0.000000917,-0.000001062,-2.094395102
1767795563.779695988,20.400000000,-1.711817931,-1.524315163,2.115090921,-0.593660618,1.419191587,2.689181023,-0.000001260,0.000000119,0.000000459,-0.000000571,-0.000001265,-2.094395102
1767795563.879695892,20.500000000,-1.711818057,-1.524315151,2.115090967,-0.593660675,1.419191461,2.479741512,-0.000001260,0.000000119,0.000000459,-0.000000571,-0.000001265,-2.094395102
1767795563.979695797,20.600000000,-1.711818193,-1.524315161,2.115090996,-0.593660693,1.419191324,2.270302002,-0.000001364,-0.000000101,0.000000287,-0.000000178,-0.000001365,-2.094395102
1767795564.079695940,20.700000000,-1.711818329,-1.524315184,2.115091013,-0.593660686,1.419191189,2.060862492,-0.000001357,-0.000000312,0.000000092,0.000000229,-0.000001355,-2.094395102
1767795564.179695845,20.800000000,-1.711818462,-1.524315220,2.115091017,-0.593660654,1.419191056,1.851422982,-0.000001240,-0.000000499,-0.000000111,0.000000617,-0.000001235,-2.094395102
1767795564.279695988,20.900000000,-1.711818579,-1.524315267,2.115091007,-0.593660596,1.419190939,1.653891663,-0.000001036,-0.000000416,-0.000000093,0.000000515,-0.000001032,-1.749312629
1767795564.379695892,21.000000000,-1.711818656,-1.524315311,2.115090988,-0.593660533,1.419190863,1.503960400,-0.000000610,-0.000000384,-0.000000182,0.000000570,-0.000000606,-1.249312629
1767795564.479695797,21.100000000,-1.711818705,-1.524315341,2.115090974,-0.593660488,1.419190815,1.404029137,-0.000000366,-0.000000231,-0.000000109,0.000000342,-0.000000363,-0.749312629
1767795564.579695940,21.200000000,-1.711818729,-1.524315357,2.115090966,-0.593660465,1.419190790,1.354097874,-0.000000122,-0.000000077,-0.000000036,0.000000114,-0.000000121,-0.249312629
1767795564.679695845,21.300000000,-1.711916612,-1.524850562,2.115682871,-0.593717040,1.419092337,1.353159808,-0.001075878,-0.005883284,0.006506674,-0.000622027,-0.001082155,0.230108333
1767795564.779695988,21.400000000,-1.712141617,-1.526078865,2.117039793,-0.593845374,1.418866028,1.401170280,-0.003424971,-0.018683926,0.020630895,-0.001942625,-0.003444759,0.730102154
1767795564.879695892,21.500000000,-1.712603347,-1.528589960,2.119806930,-0.594100829,1.418401664,1.499179871,-0.005809102,-0.031537262,0.034712666,-0.003168020,-0.005842005,1.230093646
1767795564.979695797,21.600000000,-1.713306078,-1.532390296,2.123979172,-0.594471841,1.417695016,1.647188825,-0.008262105,-0.044494531,0.048712771,-0.004207698,-0.008307351,1.730086180
1767795565.079695940,21.700000000,-1.714247894,-1.537442904,2.129496612,-0.594935468,1.416748125,1.843355517,-0.010114946,-0.054034724,0.058838076,-0.004790394,-0.010168462,2.094395102
1767795565.179695845,21.800000000,-1.715266693,-1.542857434,2.135372022,-0.595395040,1.415724056,2.052795028,-0.010253261,-0.054244185,0.058679612,-0.004422230,-0.010305250,2.094395102
1767795565.279695988,21.900000000,-1.716299508,-1.548293214,2.141231568,-0.595817473,1.414686124,2.262234539,-0.010394525,-0.054458561,0.058521410,-0.004049406,-0.010444969,2.094395102
1767795565.379695892,22.000000000,-1.717346640,-1.553750743,2.147075273,-0.596202292,1.413634031,2.471674050,-0.010538824,-0.054677943,0.058363437,-0.003671800,-0.010587705,2.094395102
1767795565.479695797,22.100000000,-1.718408398,-1.559230527,2.152903159,-0.596549011,1.412567469,2.681113561,-0.010686247,-0.054902423,0.058205662,-0.003289288,-0.010733545,2.094395102
1767795565.579695940,22.200000000,-1.719485101,-1.564733083,2.158715244,-0.596857130,1.411486123,2.890553072,-0.010836886,-0.055132098,0.058048054,-0.002901741,-0.010882581,2.094395102
1767795565.679695845,22.300000000,-1.720577077,-1.570258940,2.164511544,-0.597126137,1.410389665,3.099992583,-0.010990835,-0.055367065,0.057890580,-0.002509028,-0.011034907,2.094395102
1767795565.779695988,22.400000000,-1.721684664,-1.575808634,2.170292070,-0.597355506,1.409277760,3.309432094,-0.011148194,-0.055607429,0.057733207,-0.002111015,-0.011190621,2.094395102
1767795565.879695892,22.500000000,-1.722808209,-1.581382711,2.176056830,-0.597544696,1.408150063,3.518871605,-0.011309066,-0.055853294,0.057575904,-0.001707562,-0.011349825,2.094395102
1767795565.979695797,22.600000000,-1.723948071,-1.586981732,2.181805829,-0.597693155,1.407006217,3.728311117,-0.011473556,-0.056104769,0.057418637,-0.001298529,-0.011512626,2.094395102
1767795566.079695940,22.700000000,-1.724973627,-1.591972085,2.186894771,-0.597790369,1.405977267,3.914184710,-0.008943388,-0.043298115,0.043989054,-0.000678925,-0.008972087,1.608946011
1767795566.179695845,22.800000000,-1.725731884,-1.595633529,2.190607514,-0.597840648,1.405216615,4.050079226,-0.006224615,-0.029935137,0.030263336,-0.000319811,-0.006243784,1.108944115
1767795566.279695988,22.900000000,-1.726214966,-1.597953634,2.192950730,-0.597863108,1.404732059,4.135973607,-0.003434863,-0.016463668,0.016602960,-0.000134656,-0.003445220,0.608943487
1767795566.379695892,23.000000000,-1.726417685,-1.598924472,2.193929171,-0.597870437,1.404528732,4.171867945,-0.000616027,-0.002947751,0.002968996,-0.000020414,-0.000617865,0.108943318
1767795566.479695797,23.100000000,-1.726512765,-1.599379375,2.194387312,-0.597873547,1.404433368,4.159081292,-0.000000245,-0.000000337,-0.000000172,0.000000509,-0.000000244,-0.373568260
1767795566.579695940,23.200000000,-1.726512806,-1.599379431,2.194387283,-0.597873462,1.404433327,4.096725059,-0.000000573,-0.000000788,-0.000000403,0.000001191,-0.000000570,-0.873561163
1767795566.679695845,23.300000000,-1.726512880,-1.599379532,2.194387231,-0.597873308,1.404433254,3.984369299,-0.000000902,-0.000001240,-0.000000634,0.000001875,-0.000000898,-1.373554081
1767795566.779695988,23.400000000,-1.726512934,-1.599379575,2.194387221,-0.597873256,1.404433199,3.822014078,-0.000000023,0.000000705,0.000000643,-0.000001349,-0.000000034,-1.873549496
1767795566.879695892,23.500000000,-1.726512937,-1.599379498,2.194387291,-0.597873403,1.404433195,3.617452256,-0.000000451,0.000000688,0.000000747,-0.000001433,-0.000000462,-2.094395102
1767795566.979695797,23.600000000,-1.726512982,-1.599379429,2.194387366,-0.597873546,1.404433149,3.408012746,-0.000000451,0.000000688,0.000000747,-0.000001433,-0.000000462,-2.094395102
1767795567.079695940,23.700000000,-1.726513052,-1.599379370,2.194387439,-0.597873678,1.404433078,3.198573236,-0.000000840,0.000000533,0.000000714,-0.000001243,-0.000000850,-2.094395102
1767795567.179695845,23.800000000,-1.726513145,-1.599379322,2.194387508,-0.597873794,1.404432985,2.989133726,-0.000001160,0.000000334,0.000000623,-0.000000952,-0.000001168,-2.094395102
1767795567.279695988,23.900000000,-1.726513261,-1.599379289,2.194387570,-0.597873889,1.404432868,2.779694215,-0.000001160,0.000000334,0.000000623,-0.000000952,-0.000001168,-2.094395102
1767795567.379695892,24.000000000,-1.726513397,-1.599379276,2.194387619,-0.597873951,1.404432731,2.570254705,-0.000001387,0.000000109,0.000000482,-0.000000584,-0.000001392,-2.094395102
1767795567.479695797,24.100000000,-1.726513542,-1.599379278,2.194387658,-0.597873986,1.404432585,2.360815195,-0.000001502,-0.000000126,0.000000302,-0.000000168,-0.000001503,-2.094395102
1767795567.579695940,24.200000000,-1.726513692,-1.599379295,2.194387684,-0.597873995,1.404432435,2.151375685,-0.000001494,-0.000000350,0.000000097,0.000000261,-0.000001492,-2.094395102
1767795567.679695845,24.300000000,-1.726513842,-1.599379330,2.194387694,-0.597873969,1.404432286,1.941936174,-0.000001494,-0.000000350,0.000000097,0.000000261,-0.000001492,-2.094395102
1767795567.779695988,24.400000000,-1.726513980,-1.599379381,2.194387686,-0.597873910,1.404432148,1.733428117,-0.000001303,-0.000000521,-0.000000110,0.000000638,-0.000001298,-1.997883322
1767795567.879695892,24.500000000,-1.726514087,-1.599379430,2.194387671,-0.597873844,1.404432041,1.558639785,-0.000000806,-0.000000499,-0.000000228,0.000000732,-0.000000800,-1.497883322
1767795567.979695797,24.600000000,-1.726514154,-1.599379472,2.194387652,-0.597873783,1.404431975,1.433851452,-0.000000537,-0.000000333,-0.000000152,0.000000487,-0.000000533,-0.997883322
1767795568.079695940,24.700000000,-1.726514195,-1.599379497,2.194387641,-0.597873747,1.404431935,1.359063120,-0.000000268,-0.000000166,-0.000000076,0.000000243,-0.000000266,-0.497883322
1767795568.179695845,24.800000000,-1.725895921,-1.596346761,2.191436910,-0.597956590,1.405051237,1.332810545,0.023497653,0.115257798,-0.112140772,-0.003148889,0.023536771,-0.039183997
1767795568.279695988,24.900000000,-1.724910374,-1.591512611,2.186733504,-0.598088674,1.406038414,1.351881010,0.000000171,0.000000121,0.000000082,-0.000000264,-0.000000079,0.419750293
1767795568.379695892,25.000000000,-1.724910346,-1.591512591,2.186733518,-0.598088719,1.406038402,1.418855713,0.000000380,0.000000269,0.000000197,-0.000000643,-0.000000155,0.919743387
1767795568.479695797,25.100000000,-1.724910297,-1.591512557,2.186733545,-0.598088808,1.406038385,1.535829634,0.000000610,0.000000429,0.000000346,-0.000001152,-0.000000176,1.419735602
1767795568.579695940,25.200000000,-1.724910207,-1.591512510,2.186733570,-0.598088904,1.406038431,1.702802811,0.000001240,0.000000496,0.000000106,-0.000000610,0.000001236,1.919727496
1767795568.679695845,25.300000000,-1.724910073,-1.591512457,2.186733581,-0.598088968,1.406038564,1.909190775,0.000001479,0.000000346,-0.000000097,-0.000000257,0.000001477,2.094395102
1767795568.779695988,25.400000000,-1.724909925,-1.591512422,2.186733571,-0.598088994,1.406038712,2.118630285,0.000001479,0.000000346,-0.000000097,-0.000000257,0.000001477,2.094395102
1767795568.879695892,25.500000000,-1.724909777,-1.591512402,2.186733548,-0.598088992,1.406038860,2.328069796,0.000001487,0.000000123,-0.000000300,0.000000169,0.000001488,2.094395102
1767795568.979695797,25.600000000,-1.724909631,-1.591512397,2.186733513,-0.598088962,1.406039006,2.537509306,0.000001373,-0.000000110,-0.000000480,0.000000583,0.000001378,2.094395102
1767795569.079695940,25.700000000,-1.724909494,-1.591512408,2.186733465,-0.598088904,1.406039143,2.746948816,0.000001373,-0.000000110,-0.000000480,0.000000583,0.000001378,2.094395102
1767795569.179695845,25.800000000,-1.724909378,-1.591512440,2.186733404,-0.598088812,1.406039260,2.956388326,0.000001149,-0.000000334,-0.000000620,0.000000949,0.000001157,2.094395102
1767795569.279695988,25.900000000,-1.724909281,-1.591512485,2.186733337,-0.598088700,1.406039358,3.165827837,0.000000831,-0.000000532,-0.000000710,0.000001238,0.000000841,2.094395102
1767795569.379695892,26.000000000,-1.724909206,-1.591512541,2.186733265,-0.598088573,1.406039434,3.375267347,0.000000446,-0.000000686,-0.000000743,0.000001426,0.000000458,2.094395102
1767795569.479695797,26.100000000,-1.724909161,-1.591512610,2.186733191,-0.598088430,1.406039480,3.584706857,0.000000446,-0.000000686,-0.000000743,0.000001426,0.000000458,2.094395102
1767795569.579695940,26.200000000,-1.724909152,-1.591512686,2.186733119,-0.598088282,1.406039490,3.792952556,0.000000024,-0.000000743,-0.000000678,0.000001422,0.000000035,1.985133457
1767795569.679695845,26.300000000,-1.724909163,-1.591512752,2.186733062,-0.598088159,1.406039481,3.966465902,-0.000000282,-0.000000581,-0.000000447,0.000001029,-0.000000274,1.485133457
1767795569.779695988,26.400000000,-1.724909186,-1.591512800,2.186733025,-0.598088074,1.406039458,4.089979248,-0.000000187,-0.000000385,-0.000000296,0.000000683,-0.000000182,0.985133457
1767795569.879695892,26.500000000,-1.724909200,-1.591512829,2.186733003,-0.598088023,1.406039444,4.163492594,-0.000000092,-0.000000190,-0.000000146,0.000000336,-0.000000089,0.485133457
1767795569.979695797,26.600000000,-1.724246568,-1.588218094,2.183493825,-0.598144472,1.406703342,4.188546152,0.023241694,0.115561677,-0.113612446,-0.001980527,0.023286081,0.025709572
1767795570.079695940,26.700000000,-1.723337132,-1.583696225,2.179048245,-0.598221991,1.407614505,4.168225389,0.000000042,0.000000158,0.000000176,-0.000000465,-0.000000186,-0.433467882
1767795570.179695845,26.800000000,-1.723337125,-1.583696200,2.179048272,-0.598222062,1.407614474,4.099879056,0.000000081,0.000000337,0.000000364,-0.000000944,-0.000000431,-0.933459538
1767795570.279695988,26.900000000,-1.723337116,-1.583696158,2.179048316,-0.598222175,1.407614416,3.981533531,0.000000102,0.000000504,0.000000517,-0.000001290,-0.000000724,-1.433451869
1767795570.379695892,27.000000000,-1.723337112,-1.583696097,2.179048374,-0.598222306,1.407614374,3.813188748,-0.000000023,0.000000720,0.000000656,-0.000001375,-0.000000035,-1.933443781
1767795570.479695797,27.100000000,-1.723337117,-1.583696021,2.179048444,-0.598222453,1.407614368,3.606340433,-0.000000442,0.000000683,0.000000739,-0.000001420,-0.000000453,-2.094395102
1767795570.579695940,27.200000000,-1.723337161,-1.583695952,2.179048518,-0.598222595,1.407614323,3.396900923,-0.000000442,0.000000683,0.000000739,-0.000001420,-0.000000453,-2.094395102
1767795570.679695845,27.300000000,-1.723337231,-1.583695895,2.179048590,-0.598222724,1.407614251,3.187461413,-0.000000823,0.000000530,0.000000706,-0.000001232,-0.000000833,-2.094395102
1767795570.779695988,27.400000000,-1.723337324,-1.583695848,2.179048658,-0.598222838,1.407614158,2.978021902,-0.000001137,0.000000335,0.000000617,-0.000000945,-0.000001145,-2.094395102
1767795570.879695892,27.500000000,-1.723337437,-1.583695815,2.179048719,-0.598222933,1.407614043,2.768582392,-0.000001137,0.000000335,0.000000617,-0.000000945,-0.000001145,-2.094395102
1767795570.979695797,27.600000000,-1.723337573,-1.583695802,2.179048768,-0.598222992,1.407613908,2.559142882,-0.000001360,0.000000112,0.000000477,-0.000000582,-0.000001365,-2.094395102
1767795571.079695940,27.700000000,-1.723337715,-1.583695805,2.179048805,-0.598223026,1.407613765,2.349703372,-0.000001472,-0.000000120,0.000000299,-0.000000171,-0.000001473,-2.094395102
1767795571.179695845,27.800000000,-1.723337862,-1.583695822,2.179048830,-0.598223033,1.407613618,2.140263862,-0.000001465,-0.000000342,0.000000096,0.000000254,-0.000001463,-2.094395102
1767795571.279695988,27.900000000,-1.723338009,-1.583695857,2.179048839,-0.598223007,1.407613471,1.930824351,-0.000001465,-0.000000342,0.000000096,0.000000254,-0.000001463,-2.094395102
1767795571.379695892,28.000000000,-1.723338143,-1.583695907,2.179048831,-0.598222947,1.407613337,1.722891068,-0.000001261,-0.000000505,-0.000000107,0.000000619,-0.000001256,-1.971666694
1767795571.479695797,28.100000000,-1.723338246,-1.583695956,2.179048815,-0.598222882,1.407613235,1.550724398,-0.000000776,-0.000000483,-0.000000222,0.000000709,-0.000000771,-1.471666694
1767795571.579695940,28.200000000,-1.723338310,-1.583695996,2.179048796,-0.598222823,1.407613171,1.428557729,-0.000000513,-0.000000319,-0.000000146,0.000000468,-0.000000509,-0.971666694
1767795571.679695845,28.300000000,-1.723338348,-1.583696020,2.179048786,-0.598222788,1.407613134,1.356391060,-0.000000249,-0.000000155,-0.000000071,0.000000227,-0.000000247,-0.471666694
1767795571.779695988,28.400000000,-1.722619238,-1.580071821,2.175449042,-0.598248205,1.408333797,1.332581444,0.023126306,0.116551123,-0.115764296,-0.000817750,0.023176249,-0.011862748
1767795571.879695892,28.500000000,-1.721796985,-1.575927895,2.171333102,-0.598277294,1.409157814,1.354225291,0.000000180,0.000000128,0.000000086,-0.000000277,-0.000000080,0.448255253
1767795571.979695797,28.600000000,-1.721796956,-1.575927875,2.171333116,-0.598277340,1.409157802,1.424050433,0.000000387,0.000000274,0.000000199,-0.000000651,-0.000000152,0.948248122
1767795572.079695940,28.700000000,-1.721796906,-1.575927840,2.171333143,-0.598277430,1.409157785,1.543874791,0.000000613,0.000000432,0.000000347,-0.000001152,-0.000000170,1.448240427
1767795572.179695845,28.800000000,-1.721796814,-1.575927793,2.171333167,-0.598277521,1.409157838,1.713698405,0.000001233,0.000000494,0.000000106,-0.000000609,0.000001230,1.948230876
1767795572.279695988,28.900000000,-1.721796682,-1.575927742,2.171333176,-0.598277583,1.409157970,1.921000896,0.000001450,0.000000338,-0.000000096,-0.000000250,0.000001448,2.094395102
1767795572.379695892,29.000000000,-1.721796537,-1.575927708,2.171333167,-0.598277608,1.409158115,2.130440407,0.000001450,0.000000338,-0.000000096,-0.000000250,0.000001448,2.094395102
1767795572.479695797,29.100000000,-1.721796391,-1.575927690,2.171333143,-0.598277602,1.409158261,2.339879917,0.000001457,0.000000117,-0.000000297,0.000000172,0.000001459,2.094395102
1767795572.579695940,29.200000000,-1.721796249,-1.575927687,2.171333107,-0.598277571,1.409158403,2.549319427,0.000001346,-0.000000113,-0.000000474,0.000000580,0.000001351,2.094395102
1767795572.679695845,29.300000000,-1.721796115,-1.575927698,2.171333059,-0.598277513,1.409158538,2.758758937,0.000001346,-0.000000113,-0.000000474,0.000000580,0.000001351,2.094395102
1767795572.779695988,29.400000000,-1.721796002,-1.575927731,2.171332998,-0.598277419,1.409158651,2.968198448,0.000001126,-0.000000334,-0.000000613,0.000000942,0.000001134,2.094395102
1767795572.879695892,29.500000000,-1.721795909,-1.575927777,2.171332931,-0.598277307,1.409158745,3.177637958,0.000000815,-0.000000529,-0.000000703,0.000001227,0.000000825,2.094395102
1767795572.979695797,29.600000000,-1.721795837,-1.575927834,2.171332860,-0.598277179,1.409158818,3.387077468,0.000000438,-0.000000680,-0.000000735,0.000001413,0.000000449,2.094395102
1767795573.079695940,29.700000000,-1.721795794,-1.575927902,2.171332787,-0.598277038,1.409158863,3.596516978,0.000000438,-0.000000680,-0.000000735,0.000001413,0.000000449,2.094395102
1767795573.179695845,29.800000000,-1.721795787,-1.575927978,2.171332716,-0.598276892,1.409158871,3.804062967,0.000000023,-0.000000725,-0.000000661,0.000001387,0.000000034,1.956789826
1767795573.279695988,29.900000000,-1.721795799,-1.575928042,2.171332661,-0.598276772,1.409158859,3.974741950,-0.000000271,-0.000000563,-0.000000433,0.000000998,-0.000000263,1.456789826
1767795573.379695892,30.000000000,-1.721795822,-1.575928089,2.171332625,-0.598276690,1.409158837,4.095420932,-0.000000178,-0.000000370,-0.000000285,0.000000656,-0.000000173,0.956789826
1767795573.479695797,30.100000000,-1.721795835,-1.575928116,2.171332604,-0.598276641,1.409158825,4.166099915,-0.000000085,-0.000000177,-0.000000136,0.000000313,-0.000000083,0.456789826
1767795573.579695940,30.200000000,-1.721027821,-1.572005078,2.167396588,-0.598264682,1.409928693,4.188521619,0.022785526,0.116388781,-0.116773364,0.000354330,0.022840532,-0.003392540
1767795573.679695845,30.300000000,-1.720284344,-1.568207393,2.163586372,-0.598253145,1.410673952,4.165489583,0.000000045,0.000000167,0.000000186,-0.000000489,-0.000000193,-0.463281429
1767795573.779695988,30.400000000,-1.720284338,-1.568207367,2.163586400,-0.598253217,1.410673921,4.094161927,0.000000085,0.000000344,0.000000371,-0.000000958,-0.000000432,-0.963273289
1767795573.879695892,30.500000000,-1.720284328,-1.568207325,2.163586444,-0.598253330,1.410673863,3.972835067,0.000000106,0.000000510,0.000000521,-0.000001297,-0.000000718,-1.463265683
1767795573.979695797,30.600000000,-1.720284325,-1.568207263,2.163586502,-0.598253461,1.410673826,3.801508955,-0.000000023,0.000000724,0.000000659,-0.000001381,-0.000000035,-1.963256145
1767795574.079695940,30.700000000,-1.720284332,-1.568207187,2.163586572,-0.598253606,1.410673818,3.593789802,-0.000000433,0.000000677,0.000000731,-0.000001406,-0.000000445,-2.094395102
1767795574.179695845,30.800000000,-1.720284375,-1.568207120,2.163586646,-0.598253747,1.410673774,3.384350292,-0.000000433,0.000000677,0.000000731,-0.000001406,-0.000000445,-2.094395102
1767795574.279695988,30.900000000,-1.720284447,-1.568207063,2.163586716,-0.598253874,1.410673701,3.174910782,-0.000000807,0.000000527,0.000000699,-0.000001222,-0.000000817,-2.094395102
1767795574.379695892,31.000000000,-1.720284539,-1.568207018,2.163586783,-0.598253985,1.410673608,2.965471272,-0.000001115,0.000000334,0.000000610,-0.000000939,-0.000001123,-2.094395102
1767795574.479695797,31.100000000,-1.720284651,-1.568206985,2.163586843,-0.598254078,1.410673495,2.756031762,-0.000001333,0.000000115,0.000000472,-0.000000579,-0.000001338,-2.094395102
1767795574.579695940,31.200000000,-1.720284784,-1.568206974,2.163586891,-0.598254136,1.410673361,2.546592251,-0.000001333,0.000000115,0.000000472,-0.000000579,-0.000001338,-2.094395102
1767795574.679695845,31.300000000,-1.720284925,-1.568206977,2.163586926,-0.598254167,1.410673220,2.337152741,-0.000001443,-0.000000114,0.000000295,-0.000000173,-0.000001445,-2.094395102
1767795574.779695988,31.400000000,-1.720285069,-1.568206995,2.163586950,-0.598254172,1.410673076,2.127713231,-0.000001436,-0.000000334,0.000000095,0.000000247,-0.000001434,-2.094395102
1767795574.879695892,31.500000000,-1.720285213,-1.568207029,2.163586959,-0.598254148,1.410672933,1.918273721,-0.000001436,-0.000000334,0.000000095,0.000000247,-0.000001434,-2.094395102
1767795574.979695797,31.600000000,-1.720285343,-1.568207079,2.163586950,-0.598254086,1.410672803,1.711160067,-0.000001217,-0.000000488,-0.000000105,0.000000600,-0.000001212,-1.941887503
1767795575.079695940,31.700000000,-1.720285441,-1.568207127,2.163586933,-0.598254021,1.410672705,1.541971317,-0.000000746,-0.000000466,-0.000000215,0.000000685,-0.000000740,-1.441887503
1767795575.179695845,31.800000000,-1.720285503,-1.568207166,2.163586916,-0.598253965,1.410672644,1.422782567,-0.000000487,-0.000000304,-0.000000140,0.000000447,-0.000000484,-0.941887503
1767795575.279695988,31.900000000,-1.720285539,-1.568207188,2.163586905,-0.598253932,1.410672609,1.353593816,-0.000000229,-0.000000143,-0.000000066,0.000000210,-0.000000227,-0.441887503
1767795575.379695892,32.000000000,-1.719464026,-1.563954345,2.159277494,-0.598198446,1.411496318,1.332508306,0.022084779,0.114328062,-0.115848496,0.001491318,0.022143812,0.017439221
1767795575.479695797,32.100000000,-1.718802950,-1.560532143,2.155809792,-0.598153821,1.412159147,1.356812749,0.000000189,0.000000135,0.000000090,-0.000000290,-0.000000081,0.477051619
1767795575.579695940,32.200000000,-1.718802921,-1.560532122,2.155809806,-0.598153869,1.412159136,1.429517694,0.000000397,0.000000281,0.000000210,-0.000000685,-0.000000140,0.977045017
1767795575.679695845,32.300000000,-1.718802870,-1.560532087,2.155809834,-0.598153960,1.412159120,1.552221892,0.000000617,0.000000435,0.000000348,-0.000001153,-0.000000165,1.477039227
1767795575.779695988,32.400000000,-1.718802776,-1.560532040,2.155809856,-0.598154046,1.412159180,1.724925331,0.000001228,0.000000493,0.000000107,-0.000000608,0.000001224,1.977029673
1767795575.879695892,32.500000000,-1.718802645,-1.560531991,2.155809864,-0.598154105,1.412159311,1.932986754,0.000001422,0.000000330,-0.000000095,-0.000000244,0.000001420,2.094395102
1767795575.979695797,32.600000000,-1.718802503,-1.560531958,2.155809855,-0.598154129,1.412159453,2.142426264,0.000001422,0.000000330,-0.000000095,-0.000000244,0.000001420,2.094395102
1767795576.079695940,32.700000000,-1.718802360,-1.560531942,2.155809830,-0.598154121,1.412159596,2.351865774,0.000001429,0.000000112,-0.000000294,0.000000174,0.000001431,2.094395102
1767795576.179695845,32.800000000,-1.718802222,-1.560531940,2.155809793,-0.598154087,1.412159734,2.561305285,0.000001320,-0.000000116,-0.000000470,0.000000578,0.000001325,2.094395102
1767795576.279695988,32.900000000,-1.718802091,-1.560531953,2.155809746,-0.598154027,1.412159866,2.770744795,0.000001105,-0.000000334,-0.000000607,0.000000935,0.000001112,2.094395102
1767795576.379695892,33.000000000,-1.718801980,-1.560531986,2.155809685,-0.598153934,1.412159977,2.980184305,0.000001105,-0.000000334,-0.000000607,0.000000935,0.000001112,2.094395102
1767795576.479695797,33.100000000,-1.718801891,-1.560532033,2.155809618,-0.598153821,1.412160067,3.189623815,0.000000799,-0.000000525,-0.000000695,0.000001216,0.000000809,2.094395102
1767795576.579695940,33.200000000,-1.718801823,-1.560532090,2.155809547,-0.598153694,1.412160137,3.399063326,0.000000429,-0.000000674,-0.000000727,0.000001399,0.000000441,2.094395102
1767795576.679695845,33.300000000,-1.718801780,-1.560532158,2.155809475,-0.598153554,1.412160181,3.608502836,0.000000429,-0.000000674,-0.000000727,0.000001399,0.000000441,2.094395102
1767795576.779695988,33.400000000,-1.718801776,-1.560532233,2.155809406,-0.598153409,1.412160186,3.815169289,0.000000022,-0.000000707,-0.000000645,0.000001352,0.000000033,1.927870128
1767795576.879695892,33.500000000,-1.718801789,-1.560532296,2.155809353,-0.598153293,1.412160173,3.982956302,-0.000000261,-0.000000545,-0.000000420,0.000000967,-0.000000253,1.427870128
1767795576.979695797,33.600000000,-1.718801811,-1.560532341,2.155809318,-0.598153214,1.412160152,4.100743315,-0.000000169,-0.000000354,-0.000000273,0.000000629,-0.000000164,0.927870128
1767795577.079695940,33.700000000,-1.718801823,-1.560532367,2.155809298,-0.598153168,1.412160140,4.168530328,-0.000000078,-0.000000163,-0.000000126,0.000000290,-0.000000076,0.427870128
1767795577.179695845,33.800000000,-1.717943393,-1.556028831,2.151201125,-0.598049654,1.413021092,4.188338206,0.021569416,0.113158239,-0.115787046,0.002600566,0.021632764,-0.030798788
1767795577.279695988,33.900000000,-1.717347376,-1.552901988,2.148001660,-0.597977820,1.413618847,4.162851342,0.000000048,0.000000175,0.000000193,-0.000000508,-0.000000199,-0.489622559
1767795577.379695892,34.000000000,-1.717347370,-1.552901961,2.148001689,-0.597977893,1.413618815,4.088889323,0.000000083,0.000000348,0.000000369,-0.000000943,-0.000000443,-0.989615935
1767795577.479695797,34.100000000,-1.717347360,-1.552901918,2.148001733,-0.597978006,1.413618758,3.964928049,0.000000106,0.000000511,0.000000512,-0.000001261,-0.000000722,-1.489608815
1767795577.579695940,34.200000000,-1.717347357,-1.552901856,2.148001792,-0.597978136,1.413618726,3.790967541,-0.000000023,0.000000726,0.000000661,-0.000001385,-0.000000035,-1.989600599
1767795577.679695845,34.300000000,-1.717347366,-1.552901782,2.148001861,-0.597978280,1.413618715,3.582626840,-0.000000425,0.000000671,0.000000724,-0.000001392,-0.000000437,-2.094395102
1767795577.779695988,34.400000000,-1.717347408,-1.552901715,2.148001934,-0.597978419,1.413618672,3.373187330,-0.000000425,0.000000671,0.000000724,-0.000001392,-0.000000437,-2.094395102
1767795577.879695892,34.500000000,-1.717347480,-1.552901659,2.148002004,-0.597978544,1.413618599,3.163747820,-0.000000792,0.000000524,0.000000692,-0.000001211,-0.000000802,-2.094395102
1767795577.979695797,34.600000000,-1.717347573,-1.552901615,2.148002069,-0.597978652,1.413618505,2.954308309,-0.000001094,0.000000334,0.000000604,-0.000000932,-0.000001102,-2.094395102
1767795578.079695940,34.700000000,-1.717347684,-1.552901584,2.148002128,-0.597978743,1.413618394,2.744868799,-0.000001308,0.000000117,0.000000467,-0.000000577,-0.000001313,-2.094395102
1767795578.179695845,34.800000000,-1.717347814,-1.552901572,2.148002175,-0.597978801,1.413618262,2.535429289,-0.000001308,0.000000117,0.000000467,-0.000000577,-0.000001313,-2.094395102
1767795578.279695988,34.900000000,-1.717347953,-1.552901576,2.148002209,-0.597978830,1.413618124,2.325989779,-0.000001416,-0.000000109,0.000000292,-0.000000175,-0.000001417,-2.094395102
1767795578.379695892,35.000000000,-1.717348094,-1.552901595,2.148002232,-0.597978833,1.413617982,2.116550269,-0.000001409,-0.000000327,0.000000094,0.000000240,-0.000001407,-2.094395102
1767795578.479695797,35.100000000,-1.717348235,-1.552901627,2.148002241,-0.597978809,1.413617842,1.907110758,-0.000001409,-0.000000327,0.000000094,0.000000240,-0.000001407,-2.094395102
1767795578.579695940,35.200000000,-1.717348362,-1.552901678,2.148002230,-0.597978747,1.413617715,1.700876515,-0.000001178,-0.000000473,-0.000000102,0.000000582,-0.000001173,-1.915362503
1767795578.679695845,35.300000000,-1.717348455,-1.552901725,2.148002214,-0.597978682,1.413617622,1.534340265,-0.000000718,-0.000000450,-0.000000209,0.000000663,-0.000000713,-1.415362503
1767795578.779695988,35.400000000,-1.717348515,-1.552901762,2.148002196,-0.597978628,1.413617564,1.417804015,-0.000000464,-0.000000291,-0.000000135,0.000000429,-0.000000461,-0.915362503
1767795578.879695892,35.500000000,-1.717348548,-1.552901783,2.148002187,-0.597978597,1.413617530,1.351267764,-0.000000211,-0.000000132,-0.000000061,0.000000195,-0.000000209,-0.415362503
1767795578.979695797,35.600000000,-1.716451007,-1.548130204,2.143072647,-0.597821802,1.414517949,1.332570617,0.020838761,0.110783562,-0.114450770,0.003640122,0.020905560,0.042691869
1767795579.079695940,35.700000000,-1.715921340,-1.545314420,2.140163665,-0.597729297,1.415049300,1.359109470,0.000000196,0.000000140,0.000000094,-0.000000300,-0.000000081,0.501068628
1767795579.179695845,35.800000000,-1.715921310,-1.545314399,2.140163680,-0.597729346,1.415049289,1.434215869,0.000000401,0.000000285,0.000000212,-0.000000690,-0.000000137,1.001059585
1767795579.279695988,35.900000000,-1.715921259,-1.545314362,2.140163708,-0.597729437,1.415049274,1.559321491,0.000000624,0.000000440,0.000000358,-0.000001188,-0.000000141,1.501052437
1767795579.379695892,36.000000000,-1.715921164,-1.545314317,2.140163728,-0.597729520,1.415049340,1.734426343,0.000001219,0.000000490,0.000000107,-0.000000606,0.000001215,2.001044220
1767795579.479695797,36.100000000,-1.715921035,-1.545314269,2.140163736,-0.597729575,1.415049469,1.942993788,0.000001395,0.000000323,-0.000000094,-0.000000237,0.000001394,2.094395102
1767795579.579695940,36.200000000,-1.715920895,-1.545314237,2.140163726,-0.597729599,1.415049608,2.152433298,0.000001395,0.000000323,-0.000000094,-0.000000237,0.000001394,2.094395102
1767795579.679695845,36.300000000,-1.715920755,-1.545314222,2.140163701,-0.597729589,1.415049748,2.361872808,0.000001402,0.000000107,-0.000000291,0.000000176,0.000001404,2.094395102
1767795579.779695988,36.400000000,-1.715920620,-1.545314222,2.140163663,-0.597729553,1.415049884,2.571312319,0.000001296,-0.000000118,-0.000000465,0.000000576,0.000001300,2.094395102
1767795579.879695892,36.500000000,-1.715920492,-1.545314236,2.140163616,-0.597729492,1.415050012,2.780751829,0.000001084,-0.000000333,-0.000000601,0.000000928,0.000001092,2.094395102
1767795579.979695797,36.600000000,-1.715920384,-1.545314269,2.140163556,-0.597729399,1.415050121,2.990191339,0.000001084,-0.000000333,-0.000000601,0.000000928,0.000001092,2.094395102
1767795580.079695940,36.700000000,-1.715920297,-1.545314317,2.140163489,-0.597729286,1.415050208,3.199630849,0.000000784,-0.000000522,-0.000000688,0.000001206,0.000000794,2.094395102
1767795580.179695845,36.800000000,-1.715920232,-1.545314374,2.140163419,-0.597729158,1.415050274,3.409070360,0.000000421,-0.000000668,-0.000000720,0.000001386,0.000000433,2.094395102
1767795580.279695988,36.900000000,-1.715920190,-1.545314441,2.140163347,-0.597729020,1.415050317,3.618509870,0.000000024,-0.000000760,-0.000000693,0.000001453,0.000000036,2.094395102
1767795580.379695892,37.000000000,-1.715920188,-1.545314516,2.140163279,-0.597728877,1.415050321,3.824312167,0.000000022,-0.000000691,-0.000000630,0.000001321,0.000000033,1.903680329
1767795580.479695797,37.100000000,-1.715920203,-1.545314577,2.140163228,-0.597728764,1.415050307,3.989680200,-0.000000251,-0.000000530,-0.000000409,0.000000940,-0.000000244,1.403680329
1767795580.579695940,37.200000000,-1.715920223,-1.545314620,2.140163194,-0.597728687,1.415050287,4.105048233,-0.000000162,-0.000000341,-0.000000263,0.000000605,-0.000000157,0.903680329
1767795580.679695845,37.300000000,-1.715920235,-1.545314645,2.140163175,-0.597728643,1.415050276,4.170416266,-0.000000072,-0.000000152,-0.000000118,0.000000270,-0.000000070,0.403680329
1767795580.779695988,37.400000000,-1.714998992,-1.540351956,2.134987520,-0.597516865,1.415974725,4.188054187,0.020236334,0.109011820,-0.113689593,0.004651649,0.020306742,-0.053760302
1767795580.879695892,37.500000000,-1.714519570,-1.537769345,2.132294107,-0.597406690,1.416455803,4.160546859,0.000000050,0.000000181,0.000000199,-0.000000523,-0.000000202,-0.511385588
1767795580.979695797,37.600000000,-1.714519563,-1.537769318,2.132294135,-0.597406764,1.416455771,4.084408761,0.000000086,0.000000352,0.000000372,-0.000000949,-0.000000441,-1.011376802
1767795581.079695940,37.700000000,-1.714519553,-1.537769275,2.132294180,-0.597406877,1.416455714,3.958271432,0.000000109,0.000000514,0.000000513,-0.000001261,-0.000000712,-1.511369662
1767795581.179695845,37.800000000,-1.714519550,-1.537769212,2.132294238,-0.597407005,1.416455685,3.782134874,-0.000000023,0.000000726,0.000000662,-0.000001386,-0.000000035,-2.011361445
1767795581.279695988,37.900000000,-1.714519561,-1.537769139,2.132294308,-0.597407148,1.416455673,3.573385448,-0.000000417,0.000000665,0.000000716,-0.000001379,-0.000000429,-2.094395102
1767795581.379695892,38.000000000,-1.714519603,-1.537769072,2.132294379,-0.597407286,1.416455631,3.363945938,-0.000000417,0.000000665,0.000000716,-0.000001379,-0.000000429,-2.094395102
1767795581.479695797,38.100000000,-1.714519675,-1.537769018,2.132294448,-0.597407409,1.416455557,3.154506428,-0.000000777,0.000000520,0.000000685,-0.000001201,-0.000000787,-2.094395102
1767795581.579695940,38.200000000,-1.714519767,-1.537768975,2.132294513,-0.597407515,1.416455465,2.945066917,-0.000001074,0.000000333,0.000000598,-0.000000925,-0.000001081,-2.094395102
1767795581.679695845,38.300000000,-1.714519877,-1.537768944,2.132294571,-0.597407604,1.416455354,2.735627407,-0.000001283,0.000000119,0.000000462,-0.000000574,-0.000001288,-2.094395102
1767795581.779695988,38.400000000,-1.714520005,-1.537768932,2.132294617,-0.597407661,1.416455225,2.526187897,-0.000001283,0.000000119,0.000000462,-0.000000574,-0.000001288,-2.094395102
1767795581.879695892,38.500000000,-1.714520141,-1.537768937,2.132294650,-0.597407689,1.416455089,2.316748387,-0.000001389,-0.000000104,0.000000290,-0.000000177,-0.000001391,-2.094395102
1767795581.979695797,38.600000000,-1.714520280,-1.537768956,2.132294672,-0.597407690,1.416454950,2.107308876,-0.000001382,-0.000000320,0.000000093,0.000000234,-0.000001381,-2.094395102
1767795582.079695940,38.700000000,-1.714520418,-1.537768989,2.132294680,-0.597407666,1.416454812,1.897869366,-0.000001264,-0.000000509,-0.000000111,0.000000627,-0.000001259,-2.094395102
1767795582.179695845,38.800000000,-1.714520542,-1.537769039,2.132294670,-0.597407604,1.416454689,1.692468521,-0.000001142,-0.000000460,-0.000000100,0.000000567,-0.000001138,-1.893430796
1767795582.279695988,38.900000000,-1.714520631,-1.537769085,2.132294652,-0.597407540,1.416454600,1.528125442,-0.000000694,-0.000000437,-0.000000203,0.000000644,-0.000000688,-1.393430796
1767795582.379695892,39.000000000,-1.714520688,-1.537769121,2.132294636,-0.597407488,1.416454543,1.413782362,-0.000000445,-0.000000280,-0.000000130,0.000000413,-0.000000441,-0.893430796
1767795582.479695797,39.100000000,-1.714520720,-1.537769141,2.132294626,-0.597407458,1.416454511,1.349439282,-0.000000196,-0.000000123,-0.000000057,0.000000182,-0.000000194,-0.393430796
1767795582.579695940,39.200000000,-1.713573691,-1.532600019,2.126853303,-0.597136469,1.417405101,1.332701086,0.019459461,0.106213603,-0.111806532,0.005567995,0.019532583,0.063417113
1767795582.679695845,39.300000000,-1.713145757,-1.530264320,2.124394625,-0.597014042,1.417834628,1.361054802,0.000000202,0.000000144,0.000000096,-0.000000306,-0.000000080,0.520646363
1767795582.779695988,39.400000000,-1.713145727,-1.530264299,2.124394640,-0.597014091,1.417834618,1.438118754,0.000000404,0.000000287,0.000000213,-0.000000691,-0.000000132,1.020635334
1767795582.879695892,39.500000000,-1.713145676,-1.530264262,2.124394668,-0.597014183,1.417834603,1.565181922,0.000000624,0.000000440,0.000000357,-0.000001182,-0.000000134,1.520628168
1767795582.979695797,39.600000000,-1.713145579,-1.530264217,2.124394687,-0.597014262,1.417834673,1.742244315,0.000001208,0.000000486,0.000000107,-0.000000602,0.000001204,2.020619951
1767795583.079695940,39.700000000,-1.713145452,-1.530264171,2.124394694,-0.597014315,1.417834800,1.951138920,0.000001370,0.000000316,-0.000000093,-0.000000231,0.000001368,2.094395102
1767795583.179695845,39.800000000,-1.713145315,-1.530264139,2.124394684,-0.597014339,1.417834937,2.160578430,0.000001370,0.000000316,-0.000000093,-0.000000231,0.000001368,2.094395102
1767795583.279695988,39.900000000,-1.713145177,-1.530264126,2.124394658,-0.597014326,1.417835075,2.370017940,0.000001376,0.000000102,-0.000000288,0.000000178,0.000001378,2.094395102
1767795583.379695892,40.000000000,-1.713145045,-1.530264127,2.124394621,-0.597014289,1.417835208,2.579457450,0.000001272,-0.000000120,-0.000000460,0.000000573,0.000001276,2.094395102
1767795583.479695797,40.100000000,-1.713144921,-1.530264142,2.124394573,-0.597014227,1.417835332,2.788896961,0.000001064,-0.000000332,-0.000000595,0.000000922,0.000001071,2.094395102
1767795583.579695940,40.200000000,-1.713144814,-1.530264175,2.124394513,-0.597014135,1.417835440,2.998336471,0.000001064,-0.000000332,-0.000000595,0.000000922,0.000001071,2.094395102
1767795583.679695845,40.300000000,-1.713144731,-1.530264223,2.124394447,-0.597014021,1.417835524,3.207775981,0.000000770,-0.000000518,-0.000000682,0.000001195,0.000000780,2.094395102
1767795583.779695988,40.400000000,-1.713144668,-1.530264281,2.124394378,-0.597013894,1.417835588,3.417215491,0.000000414,-0.000000661,-0.000000713,0.000001372,0.000000425,2.094395102
1767795583.879695892,40.500000000,-1.713144629,-1.530264347,2.124394307,-0.597013757,1.417835628,3.626655002,0.000000024,-0.000000751,-0.000000687,0.000001438,0.000000036,2.094395102
1767795583.979695797,40.600000000,-1.713144626,-1.530264421,2.124394239,-0.597013616,1.417835632,3.831665397,0.000000021,-0.000000676,-0.000000618,0.000001294,0.000000032,1.883940489
1767795584.079695940,40.700000000,-1.713144642,-1.530264481,2.124394189,-0.597013506,1.417835617,3.995059446,-0.000000243,-0.000000516,-0.000000399,0.000000917,-0.000000236,1.383940489
1767795584.179695845,40.800000000,-1.713144662,-1.530264523,2.124394157,-0.597013431,1.417835598,4.108453495,-0.000000155,-0.000000329,-0.000000255,0.000000586,-0.000000151,0.883940489
1767795584.279695988,40.900000000,-1.713144673,-1.530264547,2.124394138,-0.597013389,1.417835587,4.171847544,-0.000000067,-0.000000143,-0.000000111,0.000000254,-0.000000065,0.383940489
1767795584.379695892,41.000000000,-1.712185216,-1.524958537,2.118757336,-0.596683817,1.418798923,4.187729837,0.018851009,0.104250090,-0.110749088,0.006475005,0.018927195,-0.072333826
1767795584.479695797,41.100000000,-1.711794773,-1.522799309,2.116463522,-0.596549735,1.419190931,4.158606937,0.000000052,0.000000185,0.000000203,-0.000000532,-0.000000203,-0.528844289
1767795584.579695940,41.200000000,-1.711794766,-1.522799282,2.116463551,-0.596549809,1.419190899,4.080723188,0.000000088,0.000000355,0.000000373,-0.000000951,-0.000000436,-1.028833504
1767795584.679695845,41.300000000,-1.711794756,-1.522799238,2.116463595,-0.596549921,1.419190843,3.952840215,0.000000112,0.000000515,0.000000513,-0.000001258,-0.000000701,-1.528826346
1767795584.779695988,41.400000000,-1.711794754,-1.522799176,2.116463654,-0.596550049,1.419190817,3.774958018,-0.000000023,0.000000724,0.000000661,-0.000001384,-0.000000035,-2.028817948
1767795584.879695892,41.500000000,-1.711794766,-1.522799103,2.116463722,-0.596550190,1.419190804,3.565949169,-0.000000410,0.000000658,0.000000710,-0.000001366,-0.000000421,-2.094395102
1767795584.979695797,41.600000000,-1.711794807,-1.522799037,2.116463793,-0.596550326,1.419190762,3.356509659,-0.000000410,0.000000658,0.000000710,-0.000001366,-0.000000421,-2.094395102
1767795585.079695940,41.700000000,-1.711794879,-1.522798984,2.116463861,-0.596550447,1.419190689,3.147070148,-0.000000763,0.000000516,0.000000678,-0.000001190,-0.000000773,-2.094395102
1767795585.179695845,41.800000000,-1.711794970,-1.522798942,2.116463925,-0.596550552,1.419190597,2.937630638,-0.000001054,0.000000332,0.000000592,-0.000000918,-0.000001062,-2.094395102
1767795585.279695988,41.900000000,-1.711795079,-1.522798912,2.116463982,-0.596550639,1.419190487,2.728191128,-0.000001260,0.000000121,0.000000458,-0.000000572,-0.000001265,-2.094395102
1767795585.379695892,42.000000000,-1.711795205,-1.522798900,2.116464028,-0.596550696,1.419190361,2.518751618,-0.000001260,0.000000121,0.000000458,-0.000000572,-0.000001265,-2.094395102
1767795585.479695797,42.100000000,-1.711795339,-1.522798905,2.116464060,-0.596550722,1.419190227,2.309312107,-0.000001364,-0.000000100,0.000000287,-0.000000179,-0.000001365,-2.094395102
1767795585.579695940,42.200000000,-1.711795475,-1.522798924,2.116464080,-0.596550723,1.419190090,2.099872597,-0.000001357,-0.000000313,0.000000092,0.000000228,-0.000001355,-2.094395102
1767795585.679695845,42.300000000,-1.711795610,-1.522798957,2.116464088,-0.596550698,1.419189956,1.890433087,-0.000001240,-0.000000500,-0.000000110,0.000000617,-0.000001235,-2.094395102
1767795585.779695988,42.400000000,-1.711795730,-1.522799005,2.116464078,-0.596550638,1.419189836,1.687342120,-0.000001091,-0.000000440,-0.000000097,0.000000543,-0.000001087,-1.842431955
1767795585.879695892,42.500000000,-1.711795815,-1.522799050,2.116464061,-0.596550576,1.419189751,1.528098924,-0.000000656,-0.000000415,-0.000000194,0.000000613,-0.000000651,-1.342431955
1767795585.979695797,42.600000000,-1.711795868,-1.522799083,2.116464045,-0.596550526,1.419189698,1.418855729,-0.000000412,-0.000000260,-0.000000122,0.000000384,-0.000000408,-0.842431955
1767795586.079695940,42.700000000,-1.711795897,-1.522799102,2.116464037,-0.596550499,1.419189670,1.359612533,-0.000000167,-0.000000106,-0.000000050,0.000000156,-0.000000166,-0.342431955
1767795586.179695845,42.800000000,-1.711877776,-1.523246317,2.116959619,-0.596598763,1.419107310,1.349744557,-0.000640134,-0.003496885,0.003875183,-0.000377493,-0.000643898,0.136943711
1767795586.279695988,42.900000000,-1.712058981,-1.524234879,2.118054167,-0.596704521,1.418925045,1.388438680,-0.002987226,-0.016279213,0.018011759,-0.001728784,-0.003004622,0.636937495
1767795586.379695892,43.000000000,-1.712476217,-1.526503657,2.120560767,-0.596941817,1.418505401,1.477131963,-0.005367871,-0.029111993,0.032107825,-0.002989057,-0.005398520,1.136928990
1767795586.479695797,43.100000000,-1.713133453,-1.530058633,2.124474680,-0.597299923,1.417844454,1.615824569,-0.007797872,-0.042019266,0.046145559,-0.004116419,-0.007841223,1.636922795
1767795586.579695940,43.200000000,-1.714036237,-1.534904840,2.129783280,-0.597761171,1.416936730,1.804335176,-0.010089795,-0.053932572,0.058910143,-0.004964745,-0.010144009,2.094395102
1767795586.679695845,43.300000000,-1.715052218,-1.540308692,2.135666246,-0.598238990,1.415915405,2.013774686,-0.010227588,-0.054141168,0.058752311,-0.004598079,-0.010280283,2.094395102
1767795586.779695988,43.400000000,-1.716082156,-1.545733697,2.141533410,-0.598679831,1.414880276,2.223214197,-0.010368317,-0.054354675,0.058594752,-0.004226770,-0.010419475,2.094395102
1767795586.879695892,43.500000000,-1.717126350,-1.551180352,2.147384799,-0.599083221,1.413831046,2.432653708,-0.010512065,-0.054573182,0.058437433,-0.003850694,-0.010561667,2.094395102
1767795586.979695797,43.600000000,-1.718185108,-1.556649166,2.153220434,-0.599448674,1.412767409,2.642093219,-0.010658920,-0.054796783,0.058280323,-0.003469727,-0.010706948,2.094395102
1767795587.079695940,43.700000000,-1.719258747,-1.562140653,2.159040336,-0.599775693,1.411689050,2.851532730,-0.010808975,-0.055025574,0.058123391,-0.003083742,-0.010855408,2.094395102
1767795587.179695845,43.800000000,-1.720347592,-1.567655342,2.164844520,-0.600063768,1.410595644,3.060972241,-0.010962323,-0.055259654,0.057966604,-0.002692606,-0.011007142,2.094395102
1767795587.279695988,43.900000000,-1.721451981,-1.573193766,2.170632999,-0.600312374,1.409486860,3.270411752,-0.011119064,-0.055499125,0.057809930,-0.002296186,-0.011162246,2.094395102
1767795587.379695892,44.000000000,-1.722572258,-1.578756475,2.176405784,-0.600520973,1.408362351,3.479851264,-0.011279298,-0.055744094,0.057653338,-0.001894342,-0.011320822,2.094395102
1767795587.479695797,44.100000000,-1.723708780,-1.584344025,2.182162879,-0.600689013,1.407221765,3.689290775,-0.011443131,-0.055994668,0.057496793,-0.001486934,-0.011482975,2.094395102
1767795587.579695940,44.200000000,-1.724776604,-1.589543681,2.187482981,-0.600808038,1.406150326,3.883341713,-0.009435974,-0.045715051,0.046600325,-0.000872688,-0.009466970,1.702110971
1767795587.679695845,44.300000000,-1.725585202,-1.593449234,2.191455259,-0.600873682,1.405339120,4.028552706,-0.006729443,-0.032385993,0.032851390,-0.000456392,-0.006750674,1.202108926
1767795587.779695988,44.400000000,-1.726119827,-1.596016802,2.194055714,-0.600905853,1.404802831,4.123763547,-0.003959418,-0.018959824,0.019161054,-0.000195918,-0.003971527,0.702107893
1767795587.879695892,44.500000000,-1.726374995,-1.597238002,2.195289361,-0.600917959,1.404546885,4.168974328,-0.001142555,-0.005462034,0.005513154,-0.000049586,-0.001146013,0.202107725
1767795587.979695797,44.600000000,-1.726486432,-1.597770680,2.195826993,-0.600922762,1.404435110,4.165181629,-0.000000184,-0.000000253,-0.000000129,0.000000381,-0.000000183,-0.280343580
1767795588.079695940,44.700000000,-1.726486467,-1.597770727,2.195826968,-0.600922690,1.404435076,4.112147725,-0.000000512,-0.000000703,-0.000000358,0.000001061,-0.000000509,-0.780336562
1767795588.179695845,44.800000000,-1.726486535,-1.597770820,2.195826921,-0.600922550,1.404435008,4.009114306,-0.000000840,-0.000001154,-0.000000588,0.000001742,-0.000000836,-1.280331028
1767795588.279695988,44.900000000,-1.726486605,-1.597770898,2.195826888,-0.600922440,1.404434938,3.856081455,-0.000000021,0.000000674,0.000000609,-0.000001283,-0.000000032,-1.780325936
1767795588.379695892,45.000000000,-1.726486607,-1.597770822,2.195826957,-0.600922584,1.404434935,3.656506356,-0.000000025,0.000000793,0.000000717,-0.000001509,-0.000000037,-2.094395102
1767795588.479695797,45.100000000,-1.726486644,-1.597770751,2.195827031,-0.600922728,1.404434896,3.447066846,-0.000000451,0.000000693,0.000000744,-0.000001435,-0.000000462,-2.094395102
1767795588.579695940,45.200000000,-1.726486707,-1.597770689,2.195827104,-0.600922863,1.404434833,3.237627336,-0.000000839,0.000000537,0.000000712,-0.000001245,-0.000000850,-2.094395102
1767795588.679695845,45.300000000,-1.726486794,-1.597770637,2.195827174,-0.600922985,1.404434745,3.028187825,-0.000001160,0.000000337,0.000000622,-0.000000953,-0.000001168,-2.094395102
1767795588.779695988,45.400000000,-1.726486910,-1.597770603,2.195827236,-0.600923081,1.404434628,2.818748315,-0.000001160,0.000000337,0.000000622,-0.000000953,-0.000001168,-2.094395102
1767795588.879695892,45.500000000,-1.726487042,-1.597770586,2.195827288,-0.600923149,1.404434495,2.609308805,-0.000001387,0.000000111,0.000000481,-0.000000585,-0.000001392,-2.094395102
1767795588.979695797,45.600000000,-1.726487185,-1.597770583,2.195827330,-0.600923193,1.404434352,2.399869295,-0.000001502,-0.000000125,0.000000302,-0.000000169,-0.000001503,-2.094395102
1767795589.079695940,45.700000000,-1.726487335,-1.597770596,2.195827360,-0.600923210,1.404434202,2.190429784,-0.000001502,-0.000000125,0.000000302,-0.000000169,-0.000001503,-2.094395102
1767795589.179695845,45.800000000,-1.726487484,-1.597770631,2.195827370,-0.600923184,1.404434052,1.980990274,-0.000001494,-0.000000351,0.000000098,0.000000261,-0.000001492,-2.094395102
1767795589.279695988,45.900000000,-1.726487626,-1.597770678,2.195827366,-0.600923132,1.404433911,1.771551839,-0.000001364,-0.000000547,-0.000000114,0.000000668,-0.000001359,-2.091116847
1767795589.379695892,46.000000000,-1.726487742,-1.597770729,2.195827353,-0.600923068,1.404433795,1.587440137,-0.000000856,-0.000000532,-0.000000241,0.000000778,-0.000000850,-1.591117022
1767795589.479695797,46.100000000,-1.726487815,-1.597770774,2.195827333,-0.600923002,1.404433724,1.453328435,-0.000000587,-0.000000365,-0.000000165,0.000000533,-0.000000583,-1.091117022
1767795589.579695940,46.200000000,-1.726487860,-1.597770802,2.195827320,-0.600922961,1.404433679,1.369216732,-0.000000318,-0.000000198,-0.000000089,0.000000289,-0.000000316,-0.591117022
1767795589.679695845,46.300000000,-1.726266129,-1.596684009,2.194767697,-0.600950429,1.404655788,1.334410021,0.017970073,0.088072382,-0.085869361,-0.002227248,0.018000760,-0.132051824
1767795589.779695988,46.400000000,-1.724884434,-1.589912283,2.188165367,-0.601121690,1.406039835,1.344940009,0.000000133,0.000000095,0.000000064,-0.000000206,-0.000000061,0.326765160
1767795589.879695892,46.500000000,-1.724884411,-1.589912266,2.188165378,-0.601121728,1.406039825,1.402616317,0.000000342,0.000000243,0.000000176,-0.000000579,-0.000000138,0.826758086
1767795589.979695797,46.600000000,-1.724884365,-1.589912234,2.188165402,-0.601121808,1.406039808,1.510291842,0.000000564,0.000000399,0.000000313,-0.000001041,-0.000000179,1.326751521
1767795590.079695940,46.700000000,-1.724884287,-1.589912188,2.188165432,-0.601121913,1.406039828,1.667966640,0.000001180,0.000000473,0.000000099,-0.000000581,0.000001176,1.826743852
1767795590.179695845,46.800000000,-1.724884156,-1.589912136,2.188165443,-0.601121978,1.406039959,1.870241687,0.000001353,0.000000543,0.000000114,-0.000000666,0.000001349,2.094395102
1767795590.279695988,46.900000000,-1.724884010,-1.589912098,2.188165437,-0.601122010,1.406040104,2.079681197,0.000001479,0.000000347,-0.000000097,-0.000000257,0.000001477,2.094395102
1767795590.379695892,47.000000000,-1.724883862,-1.589912074,2.188165417,-0.601122015,1.406040253,2.289120707,0.000001487,0.000000122,-0.000000300,0.000000170,0.000001488,2.094395102
1767795590.479695797,47.100000000,-1.724883714,-1.589912065,2.188165385,-0.601121994,1.406040400,2.498560218,0.000001373,-0.000000112,-0.000000479,0.000000584,0.000001378,2.094395102
1767795590.579695940,47.200000000,-1.724883577,-1.589912076,2.188165337,-0.601121935,1.406040538,2.707999728,0.000001373,-0.000000112,-0.000000479,0.000000584,0.000001378,2.094395102
1767795590.679695845,47.300000000,-1.724883456,-1.589912104,2.188165279,-0.601121849,1.406040659,2.917439238,0.000001149,-0.000000337,-0.000000618,0.000000950,0.000001156,2.094395102
1767795590.779695988,47.400000000,-1.724883354,-1.589912145,2.188165214,-0.601121743,1.406040763,3.126878748,0.000000831,-0.000000535,-0.000000708,0.000001239,0.000000841,2.094395102
1767795590.879695892,47.500000000,-1.724883272,-1.589912199,2.188165143,-0.601121619,1.406040846,3.336318259,0.000000446,-0.000000690,-0.000000740,0.000001428,0.000000458,2.094395102
1767795590.979695797,47.600000000,-1.724883227,-1.589912268,2.188165069,-0.601121476,1.406040892,3.545757769,0.000000446,-0.000000690,-0.000000740,0.000001428,0.000000458,2.094395102
1767795591.079695940,47.700000000,-1.724883210,-1.589912344,2.188164997,-0.601121329,1.406040910,3.755170850,0.000000025,-0.000000782,-0.000000707,0.000001490,0.000000037,2.078138087
1767795591.179695845,47.800000000,-1.724883215,-1.589912413,2.188164936,-0.601121198,1.406040906,3.937984658,-0.000000300,-0.000000620,-0.000000473,0.000001095,-0.000000291,1.578138087
1767795591.279695988,47.900000000,-1.724883240,-1.589912465,2.188164896,-0.601121106,1.406040882,4.070798467,-0.000000205,-0.000000424,-0.000000323,0.000000748,-0.000000199,1.078138087
1767795591.379695892,48.000000000,-1.724883256,-1.589912498,2.188164871,-0.601121049,1.406040866,4.153612276,-0.000000110,-0.000000227,-0.000000173,0.000000401,-0.000000107,0.578138087
1767795591.479695797,48.100000000,-1.724620253,-1.588605877,2.186877600,-0.601140751,1.406304383,4.187211683,0.018735998,0.093080939,-0.091700905,-0.001405115,0.018772591,0.118398167
1767795591.579695940,48.200000000,-1.723311568,-1.582104298,2.180472430,-0.601238915,1.407615617,4.175414788,0.000000033,0.000000125,0.000000138,-0.000000366,-0.000000146,-0.340714915
1767795591.679695845,48.300000000,-1.723311562,-1.582104276,2.180472453,-0.601238977,1.407615591,4.116343604,0.000000074,0.000000305,0.000000327,-0.000000851,-0.000000387,-0.840706452
1767795591.779695988,48.400000000,-1.723311554,-1.582104237,2.180472495,-0.601239083,1.407615539,4.007273252,0.000000101,0.000000477,0.000000492,-0.000001246,-0.000000663,-1.340699980
1767795591.879695892,48.500000000,-1.723311547,-1.582104180,2.180472550,-0.601239213,1.407615484,3.848203626,-0.000000022,0.000000690,0.000000622,-0.000001310,-0.000000033,-1.840692351
1767795591.979695797,48.600000000,-1.723311549,-1.582104104,2.180472619,-0.601239358,1.407615481,3.645201363,-0.000000025,0.000000785,0.000000708,-0.000001491,-0.000000037,-2.094395102
1767795592.079695940,48.700000000,-1.723311588,-1.582104034,2.180472692,-0.601239501,1.407615441,3.435761853,-0.000000442,0.000000687,0.000000736,-0.000001421,-0.000000453,-2.094395102
1767795592.179695845,48.800000000,-1.723311651,-1.582103973,2.180472764,-0.601239634,1.407615377,3.226322342,-0.000000823,0.000000534,0.000000704,-0.000001234,-0.000000833,-2.094395102
1767795592.279695988,48.900000000,-1.723311738,-1.582103922,2.180472833,-0.601239753,1.407615289,3.016882832,-0.000001137,0.000000337,0.000000615,-0.000000947,-0.000001145,-2.094395102
1767795592.379695892,49.000000000,-1.723311852,-1.582103888,2.180472894,-0.601239848,1.407615174,2.807443322,-0.000001137,0.000000337,0.000000615,-0.000000947,-0.000001145,-2.094395102
1767795592.479695797,49.100000000,-1.723311983,-1.582103872,2.180472945,-0.601239914,1.407615043,2.598003812,-0.000001360,0.000000114,0.000000476,-0.000000583,-0.000001364,-2.094395102
1767795592.579695940,49.200000000,-1.723312123,-1.582103870,2.180472985,-0.601239955,1.407614902,2.388564302,-0.000001472,-0.000000119,0.000000299,-0.000000171,-0.000001473,-2.094395102
1767795592.679695845,49.300000000,-1.723312271,-1.582103883,2.180473014,-0.601239970,1.407614755,2.179124791,-0.000001465,-0.000000342,0.000000097,0.000000254,-0.000001463,-2.094395102
1767795592.779695988,49.400000000,-1.723312417,-1.582103917,2.180473024,-0.601239945,1.407614608,1.969685281,-0.000001465,-0.000000342,0.000000097,0.000000254,-0.000001463,-2.094395102
1767795592.879695892,49.500000000,-1.723312555,-1.582103965,2.180473019,-0.601239892,1.407614471,1.760335504,-0.000001320,-0.000000530,-0.000000111,0.000000649,-0.000001315,-2.064439676
1767795592.979695797,49.600000000,-1.723312666,-1.582104015,2.180473006,-0.601239828,1.407614360,1.578891536,-0.000000825,-0.000000515,-0.000000234,0.000000754,-0.000000819,-1.564439676
1767795593.079695940,49.700000000,-1.723312736,-1.582104058,2.180472986,-0.601239765,1.407614291,1.447447569,-0.000000561,-0.000000351,-0.000000159,0.000000513,-0.000000557,-1.064439676
1767795593.179695845,49.800000000,-1.723312779,-1.582104085,2.180472974,-0.601239726,1.407614248,1.366003601,-0.000000298,-0.000000186,-0.000000084,0.000000272,-0.000000296,-0.564439676
1767795593.279695988,49.900000000,-1.722997765,-1.580517759,2.178894089,-0.601247585,1.407929956,1.333662662,0.019568219,0.098536028,-0.098072949,-0.000489087,0.019611331,-0.104338184
1767795593.379695892,50.000000000,-1.721771793,-1.574344394,2.172749746,-0.601278238,1.409158621,1.346787209,0.000000143,0.000000102,0.000000068,-0.000000220,-0.000000063,0.355737225
1767795593.479695797,50.100000000,-1.721771768,-1.574344377,2.172749758,-0.601278278,1.409158611,1.407360670,0.000000349,0.000000249,0.000000179,-0.000000588,-0.000000136,0.855729925
1767795593.579695940,50.200000000,-1.721771722,-1.574344344,2.172749782,-0.601278358,1.409158595,1.517933347,0.000000569,0.000000403,0.000000314,-0.000001043,-0.000000174,1.355723432
1767795593.679695845,50.300000000,-1.721771641,-1.574344299,2.172749810,-0.601278459,1.409158623,1.678505295,0.000001175,0.000000472,0.000000100,-0.000000581,0.000001171,1.855715794
1767795593.779695988,50.400000000,-1.721771512,-1.574344247,2.172749821,-0.601278523,1.409158752,1.882247284,0.000001326,0.000000533,0.000000113,-0.000000655,0.000001322,2.094395102
1767795593.879695892,50.500000000,-1.721771368,-1.574344211,2.172749814,-0.601278552,1.409158895,2.091686794,0.000001450,0.000000338,-0.000000096,-0.000000250,0.000001448,2.094395102
1767795593.979695797,50.600000000,-1.721771223,-1.574344189,2.172749793,-0.601278555,1.409159041,2.301126305,0.000001457,0.000000116,-0.000000297,0.000000173,0.000001459,2.094395102
1767795594.079695940,50.700000000,-1.721771079,-1.574344181,2.172749761,-0.601278531,1.409159185,2.510565815,0.000001346,-0.000000115,-0.000000474,0.000000581,0.000001351,2.094395102
1767795594.179695845,50.800000000,-1.721770945,-1.574344193,2.172749713,-0.601278472,1.409159320,2.720005325,0.000001346,-0.000000115,-0.000000474,0.000000581,0.000001351,2.094395102
1767795594.279695988,50.900000000,-1.721770828,-1.574344222,2.172749655,-0.601278385,1.409159437,2.929444835,0.000001126,-0.000000337,-0.000000612,0.000000943,0.000001134,2.094395102
1767795594.379695892,51.000000000,-1.721770729,-1.574344265,2.172749590,-0.601278278,1.409159537,3.138884345,0.000000815,-0.000000532,-0.000000701,0.000001228,0.000000825,2.094395102
1767795594.479695797,51.100000000,-1.721770650,-1.574344319,2.172749519,-0.601278154,1.409159617,3.348323856,0.000000438,-0.000000684,-0.000000732,0.000001414,0.000000449,2.094395102
1767795594.579695940,51.200000000,-1.721770607,-1.574344387,2.172749446,-0.601278012,1.409159661,3.557763366,0.000000438,-0.000000684,-0.000000732,0.000001414,0.000000449,2.094395102
1767795594.679695845,51.300000000,-1.721770592,-1.574344463,2.172749375,-0.601277866,1.409159677,3.766999595,0.000000024,-0.000000763,-0.000000690,0.000001454,0.000000036,2.049308370
1767795594.779695988,51.400000000,-1.721770599,-1.574344530,2.172749316,-0.601277739,1.409159671,3.946930432,-0.000000289,-0.000000602,-0.000000459,0.000001063,-0.000000280,1.549308370
1767795594.879695892,51.500000000,-1.721770623,-1.574344581,2.172749278,-0.601277650,1.409159648,4.076861269,-0.000000195,-0.000000408,-0.000000311,0.000000720,-0.000000190,1.049308370
1767795594.979695797,51.600000000,-1.721770638,-1.574344612,2.172749254,-0.601277596,1.409159633,4.156792106,-0.000000102,-0.000000213,-0.000000163,0.000000377,-0.000000099,0.549308370
1767795595.079695940,51.700000000,-1.721406577,-1.572486560,2.170881212,-0.601268086,1.409524589,4.187730618,0.020064581,0.102402423,-0.102951860,0.000522960,0.020113901,0.089181803
1767795595.179695845,51.800000000,-1.720259511,-1.566632351,2.164995608,-0.601238209,1.410674467,4.173224290,0.000000036,0.000000135,0.000000148,-0.000000392,-0.000000154,-0.370533567
1767795595.279695988,51.900000000,-1.720259505,-1.566632329,2.164995632,-0.601238272,1.410674440,4.111171260,0.000000077,0.000000313,0.000000334,-0.000000866,-0.000000390,-0.870525571
1767795595.379695892,52.000000000,-1.720259496,-1.566632289,2.164995674,-0.601238379,1.410674388,3.999119032,0.000000105,0.000000483,0.000000496,-0.000001254,-0.000000658,-1.370519137
1767795595.479695797,52.100000000,-1.720259490,-1.566632231,2.164995729,-0.601238508,1.410674339,3.837067537,-0.000000022,0.000000693,0.000000626,-0.000001317,-0.000000033,-1.870509878
1767795595.579695940,52.200000000,-1.720259493,-1.566632155,2.164995798,-0.601238652,1.410674335,3.632641145,-0.000000024,0.000000776,0.000000701,-0.000001475,-0.000000037,-2.094395102
1767795595.679695845,52.300000000,-1.720259533,-1.566632087,2.164995870,-0.601238793,1.410674294,3.423201635,-0.000000433,0.000000681,0.000000729,-0.000001407,-0.000000445,-2.094395102
1767795595.779695988,52.400000000,-1.720259598,-1.566632027,2.164995941,-0.601238924,1.410674228,3.213762125,-0.000000807,0.000000531,0.000000697,-0.000001223,-0.000000817,-2.094395102
1767795595.879695892,52.500000000,-1.720259684,-1.566631978,2.164996009,-0.601239040,1.410674140,3.004322614,-0.000001115,0.000000337,0.000000609,-0.000000940,-0.000001123,-2.094395102
1767795595.979695797,52.600000000,-1.720259796,-1.566631944,2.164996070,-0.601239134,1.410674028,2.794883104,-0.000001115,0.000000337,0.000000609,-0.000000940,-0.000001123,-2.094395102
1767795596.079695940,52.700000000,-1.720259926,-1.566631929,2.164996119,-0.601239198,1.410673898,2.585443594,-0.000001333,0.000000116,0.000000471,-0.000000580,-0.000001338,-2.094395102
1767795596.179695845,52.800000000,-1.720260064,-1.566631928,2.164996158,-0.601239237,1.410673759,2.376004084,-0.000001443,-0.000000114,0.000000295,-0.000000174,-0.000001445,-2.094395102
1767795596.279695988,52.900000000,-1.720260208,-1.566631942,2.164996186,-0.601239250,1.410673615,2.166564573,-0.000001436,-0.000000335,0.000000096,0.000000247,-0.000001434,-2.094395102
1767795596.379695892,53.000000000,-1.720260352,-1.566631975,2.164996195,-0.601239225,1.410673471,1.957125063,-0.000001436,-0.000000335,0.000000096,0.000000247,-0.000001434,-2.094395102
1767795596.479695797,53.100000000,-1.720260486,-1.566632023,2.164996189,-0.601239171,1.410673337,1.748042878,-0.000001275,-0.000000513,-0.000000108,0.000000629,-0.000001270,-2.034618448
1767795596.579695940,53.200000000,-1.720260593,-1.566632072,2.164996175,-0.601239107,1.410673231,1.569581033,-0.000000794,-0.000000498,-0.000000227,0.000000729,-0.000000788,-1.534618448
1767795596.679695845,53.300000000,-1.720260659,-1.566632113,2.164996156,-0.601239046,1.410673165,1.441119188,-0.000000535,-0.000000336,-0.000000153,0.000000492,-0.000000531,-1.034618448
1767795596.779695988,53.400000000,-1.720260700,-1.566632139,2.164996145,-0.601239009,1.410673125,1.362657344,-0.000000276,-0.000000173,-0.000000079,0.000000254,-0.000000274,-0.534618448
1767795596.879695892,53.500000000,-1.719843620,-1.564474811,2.162805648,-0.601206386,1.411091338,1.333050605,0.020514236,0.106105856,-0.107736589,0.001603857,0.020569986,-0.075339314
1767795596.979695797,53.600000000,-1.718778472,-1.558965578,2.157211753,-0.601123122,1.412159372,1.348814523,0.000000153,0.000000109,0.000000073,-0.000000234,-0.000000065,0.384074471
1767795597.079695940,53.700000000,-1.718778447,-1.558965560,2.157211766,-0.601123163,1.412159362,1.412221866,0.000000356,0.000000254,0.000000182,-0.000000597,-0.000000134,0.884070113
1767795597.179695845,53.800000000,-1.718778400,-1.558965527,2.157211791,-0.601123245,1.412159346,1.525628519,0.000000578,0.000000410,0.000000325,-0.000001082,-0.000000152,1.384062381
1767795597.279695988,53.900000000,-1.718778317,-1.558965482,2.157211817,-0.601123342,1.412159381,1.689034433,0.000001170,0.000000471,0.000000100,-0.000000580,0.000001166,1.884054284
1767795597.379695892,54.000000000,-1.718778190,-1.558965430,2.157211828,-0.601123405,1.412159508,1.894048951,0.000001301,0.000000524,0.000000111,-0.000000644,0.000001297,2.094395102
1767795597.479695797,54.100000000,-1.718778048,-1.558965396,2.157211819,-0.601123431,1.412159650,2.103488461,0.000001422,0.000000331,-0.000000095,-0.000000243,0.000001420,2.094395102
1767795597.579695940,54.200000000,-1.718777906,-1.558965376,2.157211798,-0.601123431,1.412159792,2.312927971,0.000001429,0.000000111,-0.000000294,0.000000175,0.000001431,2.094395102
1767795597.679695845,54.300000000,-1.718777765,-1.558965370,2.157211764,-0.601123404,1.412159933,2.522367481,0.000001320,-0.000000118,-0.000000469,0.000000579,0.000001325,2.094395102
1767795597.779695988,54.400000000,-1.718777633,-1.558965382,2.157211718,-0.601123346,1.412160066,2.731806992,0.000001320,-0.000000118,-0.000000469,0.000000579,0.000001325,2.094395102
1767795597.879695892,54.500000000,-1.718777520,-1.558965413,2.157211659,-0.601123257,1.412160180,2.941246502,0.000001105,-0.000000337,-0.000000605,0.000000936,0.000001112,2.094395102
1767795597.979695797,54.600000000,-1.718777425,-1.558965456,2.157211594,-0.601123150,1.412160276,3.150686012,0.000000799,-0.000000529,-0.000000693,0.000001218,0.000000809,2.094395102
1767795598.079695940,54.700000000,-1.718777350,-1.558965511,2.157211524,-0.601123025,1.412160352,3.360125522,0.000000429,-0.000000678,-0.000000725,0.000001401,0.000000441,2.094395102
1767795598.179695845,54.800000000,-1.718777307,-1.558965579,2.157211452,-0.601122885,1.412160396,3.569565033,0.000000429,-0.000000678,-0.000000725,0.000001401,0.000000441,2.094395102
1767795598.279695988,54.900000000,-1.718777295,-1.558965654,2.157211382,-0.601122740,1.412160409,3.778463343,0.000000023,-0.000000745,-0.000000673,0.000001418,0.000000035,2.020828835
1767795598.379695892,55.000000000,-1.718777303,-1.558965720,2.157211325,-0.601122617,1.412160401,3.955546227,-0.000000278,-0.000000584,-0.000000446,0.000001031,-0.000000269,1.520828835
1767795598.479695797,55.100000000,-1.718777326,-1.558965768,2.157211287,-0.601122531,1.412160379,4.082629110,-0.000000186,-0.000000392,-0.000000299,0.000000692,-0.000000181,1.020828835
1767795598.579695940,55.200000000,-1.718777341,-1.558965798,2.157211265,-0.601122479,1.412160365,4.159711994,-0.000000095,-0.000000200,-0.000000153,0.000000353,-0.000000092,0.520828835
1767795598.679695845,55.300000000,-1.718318716,-1.556561838,2.154746442,-0.601062213,1.412620358,4.188052231,0.020604613,0.108001957,-0.110735481,0.002706726,0.020666059,0.062043567
1767795598.779695988,55.400000000,-1.717323241,-1.551343923,2.149396477,-0.600931462,1.413618792,4.171109762,0.000000039,0.000000143,0.000000156,-0.000000412,-0.000000160,-0.396424010
1767795598.879695892,55.500000000,-1.717323235,-1.551343900,2.149396502,-0.600931527,1.413618765,4.106467480,0.000000079,0.000000319,0.000000339,-0.000000878,-0.000000390,-0.896419591
1767795598.979695797,55.600000000,-1.717323226,-1.551343860,2.149396544,-0.600931634,1.413618713,3.991825896,0.000000103,0.000000485,0.000000489,-0.000001221,-0.000000664,-1.396411889
1767795599.079695940,55.700000000,-1.717323221,-1.551343801,2.149396600,-0.600931762,1.413618668,3.827185051,-0.000000022,0.000000695,0.000000628,-0.000001322,-0.000000033,-1.896403796
1767795599.179695845,55.800000000,-1.717323223,-1.551343726,2.149396668,-0.600931905,1.413618665,3.621666261,-0.000000024,0.000000768,0.000000694,-0.000001460,-0.000000036,-2.094395102
1767795599.279695988,55.900000000,-1.717323265,-1.551343658,2.149396740,-0.600932045,1.413618622,3.412226751,-0.000000425,0.000000675,0.000000721,-0.000001394,-0.000000437,-2.094395102
1767795599.379695892,56.000000000,-1.717323330,-1.551343600,2.149396810,-0.600932173,1.413618556,3.202787241,-0.000000792,0.000000527,0.000000690,-0.000001212,-0.000000802,-2.094395102
1767795599.479695797,56.100000000,-1.717323417,-1.551343552,2.149396877,-0.600932287,1.413618468,2.993347731,-0.000001094,0.000000337,0.000000602,-0.000000933,-0.000001102,-2.094395102
1767795599.579695940,56.200000000,-1.717323526,-1.551343518,2.149396937,-0.600932380,1.413618358,2.783908220,-0.000001094,0.000000337,0.000000602,-0.000000933,-0.000001102,-2.094395102
1767795599.679695845,56.300000000,-1.717323654,-1.551343504,2.149396985,-0.600932442,1.413618229,2.574468710,-0.000001308,0.000000119,0.000000466,-0.000000578,-0.000001313,-2.094395102
1767795599.779695988,56.400000000,-1.717323791,-1.551343504,2.149397023,-0.600932479,1.413618092,2.365029200,-0.000001416,-0.000000109,0.000000292,-0.000000176,-0.000001417,-2.094395102
1767795599.879695892,56.500000000,-1.717323932,-1.551343519,2.149397049,-0.600932490,1.413617951,2.155589690,-0.000001409,-0.000000327,0.000000095,0.000000240,-0.000001407,-2.094395102
1767795599.979695797,56.600000000,-1.717324073,-1.551343551,2.149397058,-0.600932466,1.413617810,1.946150179,-0.000001409,-0.000000327,0.000000095,0.000000240,-0.000001407,-2.094395102
1767795600.079695940,56.700000000,-1.717324204,-1.551343599,2.149397051,-0.600932410,1.413617680,1.737447725,-0.000001235,-0.000000498,-0.000000106,0.000000611,-0.000001230,-2.008543166
1767795600.179695845,56.800000000,-1.717324306,-1.551343647,2.149397037,-0.600932347,1.413617578,1.561593408,-0.000000765,-0.000000482,-0.000000221,0.000000707,-0.000000759,-1.508543166
1767795600.279695988,56.900000000,-1.717324370,-1.551343687,2.149397018,-0.600932288,1.413617515,1.435739092,-0.000000512,-0.000000322,-0.000000148,0.000000473,-0.000000508,-1.008543166
1767795600.379695892,57.000000000,-1.717324408,-1.551343711,2.149397007,-0.600932253,1.413617477,1.359884775,-0.000000258,-0.000000162,-0.000000074,0.000000238,-0.000000256,-0.508543166
1767795600.479695797,57.100000000,-1.716822645,-1.548678519,2.146638018,-0.600839103,1.414120871,1.332648356,0.020705793,0.109979395,-0.113849444,0.003843315,0.020773116,-0.050553667
1767795600.579695940,57.200000000,-1.715897546,-1.543764866,2.141551468,-0.600667404,1.415048969,1.350628629,0.000000160,0.000000114,0.000000076,-0.000000244,-0.000000066,0.407653954
1767795600.679695845,57.300000000,-1.715897520,-1.543764847,2.141551481,-0.600667446,1.415048959,1.416393691,0.000000361,0.000000258,0.000000185,-0.000000602,-0.000000130,0.907646720
1767795600.779695988,57.400000000,-1.715897473,-1.543764814,2.141551506,-0.600667529,1.415048944,1.532157962,0.000000580,0.000000411,0.000000325,-0.000001080,-0.000000147,1.407638907
1767795600.879695892,57.500000000,-1.715897388,-1.543764769,2.141551531,-0.600667621,1.415048985,1.697921489,0.000001162,0.000000469,0.000000101,-0.000000578,0.000001158,1.907630797
1767795600.979695797,57.600000000,-1.715897263,-1.543764719,2.141551542,-0.600667683,1.415049110,1.903872239,0.000001395,0.000000323,-0.000000094,-0.000000237,0.000001394,2.094395102
1767795601.079695940,57.700000000,-1.715897123,-1.543764686,2.141551532,-0.600667707,1.415049249,2.113311749,0.000001395,0.000000323,-0.000000094,-0.000000237,0.000001394,2.094395102
1767795601.179695845,57.800000000,-1.715896983,-1.543764668,2.141551510,-0.600667704,1.415049389,2.322751259,0.000001402,0.000000106,-0.000000291,0.000000177,0.000001404,2.094395102
1767795601.279695988,57.900000000,-1.715896846,-1.543764663,2.141551476,-0.600667676,1.415049527,2.532190770,0.000001296,-0.000000120,-0.000000464,0.000000577,0.000001300,2.094395102
1767795601.379695892,58.000000000,-1.715896716,-1.543764675,2.141551430,-0.600667618,1.415049657,2.741630280,0.000001296,-0.000000120,-0.000000464,0.000000577,0.000001300,2.094395102
1767795601.479695797,58.100000000,-1.715896606,-1.543764707,2.141551371,-0.600667528,1.415049768,2.951069790,0.000001084,-0.000000336,-0.000000599,0.000000929,0.000001091,2.094395102
1767795601.579695940,58.200000000,-1.715896514,-1.543764751,2.141551307,-0.600667420,1.415049861,3.160509300,0.000000784,-0.000000525,-0.000000686,0.000001207,0.000000794,2.094395102
1767795601.679695845,58.300000000,-1.715896442,-1.543764806,2.141551238,-0.600667296,1.415049934,3.369948811,0.000000421,-0.000000672,-0.000000717,0.000001387,0.000000433,2.094395102
1767795601.779695988,58.400000000,-1.715896400,-1.543764873,2.141551166,-0.600667157,1.415049977,3.579388321,0.000000421,-0.000000672,-0.000000717,0.000001387,0.000000433,2.094395102
1767795601.879695892,58.500000000,-1.715896391,-1.543764948,2.141551097,-0.600667014,1.415049988,3.787880771,0.000000023,-0.000000728,-0.000000659,0.000001387,0.000000034,1.997078084
1767795601.979695797,58.600000000,-1.715896400,-1.543765012,2.141551041,-0.600666894,1.415049979,3.962588579,-0.000000268,-0.000000567,-0.000000435,0.000001004,-0.000000260,1.497078084
1767795602.079695940,58.700000000,-1.715896422,-1.543765059,2.141551005,-0.600666810,1.415049958,4.087296387,-0.000000179,-0.000000378,-0.000000289,0.000000668,-0.000000173,0.997078084
1767795602.179695845,58.800000000,-1.715896436,-1.543765088,2.141550983,-0.600666760,1.415049945,4.162004196,-0.000000089,-0.000000188,-0.000000144,0.000000333,-0.000000086,0.497078084
1767795602.279695988,58.900000000,-1.715363870,-1.540898739,2.138555619,-0.600538427,1.415584388,4.188191474,0.020532532,0.110508566,-0.115481960,0.004947077,0.020604922,0.039524957
1767795602.379695892,59.000000000,-1.714496103,-1.536228319,2.133675023,-0.600329369,1.416455205,4.169246832,0.000000041,0.000000149,0.000000162,-0.000000427,-0.000000164,-0.417759697
1767795602.479695797,59.100000000,-1.714496097,-1.536228295,2.133675049,-0.600329435,1.416455177,4.102471193,0.000000081,0.000000323,0.000000342,-0.000000885,-0.000000388,-0.917752690
1767795602.579695940,59.200000000,-1.714496088,-1.536228254,2.133675091,-0.600329542,1.416455126,3.985696338,0.000000106,0.000000488,0.000000490,-0.000001222,-0.000000655,-1.417744908
1767795602.679695845,59.300000000,-1.714496083,-1.536228196,2.133675146,-0.600329668,1.416455085,3.818922227,-0.000000022,0.000000696,0.000000629,-0.000001323,-0.000000033,-1.917736803
1767795602.779695988,59.400000000,-1.714496086,-1.536228121,2.133675214,-0.600329811,1.416455081,3.612604201,-0.000000417,0.000000668,0.000000714,-0.000001380,-0.000000429,-2.094395102
1767795602.879695892,59.500000000,-1.714496128,-1.536228054,2.133675285,-0.600329949,1.416455038,3.403164691,-0.000000417,0.000000668,0.000000714,-0.000001380,-0.000000429,-2.094395102
1767795602.979695797,59.600000000,-1.714496193,-1.536227997,2.133675354,-0.600330075,1.416454971,3.193725181,-0.000000777,0.000000523,0.000000683,-0.000001202,-0.000000787,-2.094395102
1767795603.079695940,59.700000000,-1.714496279,-1.536227950,2.133675420,-0.600330187,1.416454884,2.984285671,-0.000001074,0.000000336,0.000000596,-0.000000926,-0.000001081,-2.094395102
1767795603.179695845,59.800000000,-1.714496387,-1.536227917,2.133675480,-0.600330280,1.416454776,2.774846160,-0.000001074,0.000000336,0.000000596,-0.000000926,-0.000001081,-2.094395102
1767795603.279695988,59.900000000,-1.714496514,-1.536227903,2.133675527,-0.600330340,1.416454648,2.565406650,-0.000001283,0.000000121,0.000000462,-0.000000575,-0.000001288,-2.094395102
1767795603.379695892,60.000000000,-1.714496648,-1.536227904,2.133675563,-0.600330375,1.416454514,2.355967140,-0.000001389,-0.000000104,0.000000289,-0.000000178,-0.000001391,-2.094395102
1767795603.479695797,60.100000000,-1.714496787,-1.536227918,2.133675588,-0.600330384,1.416454375,2.146527630,-0.000001382,-0.000000320,0.000000094,0.000000234,-0.000001381,-2.094395102
1767795603.579695940,60.200000000,-1.714496925,-1.536227950,2.133675598,-0.600330361,1.416454237,1.937088119,-0.000001382,-0.000000320,0.000000094,0.000000234,-0.000001381,-2.094395102
1767795603.679695845,60.300000000,-1.714497053,-1.536227998,2.133675590,-0.600330305,1.416454110,1.728801116,-0.000001199,-0.000000484,-0.000000104,0.000000595,-0.000001194,-1.987040260
1767795603.779695988,60.400000000,-1.714497151,-1.536228045,2.133675575,-0.600330242,1.416454012,1.555097090,-0.000000740,-0.000000468,-0.000000216,0.000000688,-0.000000735,-1.487040260
1767795603.879695892,60.500000000,-1.714497212,-1.536228084,2.133675557,-0.600330185,1.416453951,1.431393064,-0.000000491,-0.000000311,-0.000000143,0.000000457,-0.000000488,-0.987040260
1767795603.979695797,60.600000000,-1.714497249,-1.536228107,2.133675546,-0.600330151,1.416453915,1.357689038,-0.000000242,-0.000000153,-0.000000071,0.000000225,-0.000000241,-0.487040260
1767795604.079695940,60.700000000,-1.713931831,-1.533144661,2.130423246,-0.600162016,1.417021484,1.332394302,0.020433514,0.111429775,-0.117531424,0.006075649,0.020511258,-0.030243463
1767795604.179695845,60.800000000,-1.713122617,-1.528731825,2.125768783,-0.599921421,1.417833767,1.352172249,0.000000165,0.000000118,0.000000078,-0.000000252,-0.000000065,0.426814184
1767795604.279695988,60.900000000,-1.713122590,-1.528731806,2.125768796,-0.599921464,1.417833757,1.419853167,0.000000364,0.000000260,0.000000186,-0.000000604,-0.000000127,0.926805136
1767795604.379695892,61.000000000,-1.713122543,-1.528731772,2.125768821,-0.599921547,1.417833743,1.537533243,0.000000580,0.000000412,0.000000325,-0.000001075,-0.000000140,1.426797250
1767795604.479695797,61.100000000,-1.713122458,-1.528731728,2.125768845,-0.599921635,1.417833788,1.705212572,0.000001152,0.000000465,0.000000101,-0.000000574,0.000001148,1.926789128
1767795604.579695940,61.200000000,-1.713122334,-1.528731679,2.125768854,-0.599921695,1.417833912,1.911842235,0.000001370,0.000000316,-0.000000093,-0.000000231,0.000001368,2.094395102
1767795604.679695845,61.300000000,-1.713122197,-1.528731647,2.125768845,-0.599921719,1.417834049,2.121281745,0.000001370,0.000000316,-0.000000093,-0.000000231,0.000001368,2.094395102
1767795604.779695988,61.400000000,-1.713122059,-1.528731630,2.125768823,-0.599921714,1.417834186,2.330721255,0.000001376,0.000000101,-0.000000288,0.000000179,0.000001378,2.094395102
1767795604.879695892,61.500000000,-1.713121925,-1.528731627,2.125768789,-0.599921684,1.417834321,2.540160765,0.000001272,-0.000000122,-0.000000459,0.000000574,0.000001276,2.094395102
1767795604.979695797,61.600000000,-1.713121798,-1.528731639,2.125768743,-0.599921626,1.417834448,2.749600276,0.000001272,-0.000000122,-0.000000459,0.000000574,0.000001276,2.094395102
1767795605.079695940,61.700000000,-1.713121691,-1.528731671,2.125768684,-0.599921536,1.417834557,2.959039786,0.000001064,-0.000000335,-0.000000593,0.000000923,0.000001071,2.094395102
1767795605.179695845,61.800000000,-1.713121601,-1.528731716,2.125768620,-0.599921428,1.417834647,3.168479296,0.000000770,-0.000000521,-0.000000679,0.000001197,0.000000780,2.094395102
1767795605.279695988,61.900000000,-1.713121532,-1.528731771,2.125768551,-0.599921304,1.417834717,3.377918806,0.000000413,-0.000000665,-0.000000710,0.000001374,0.000000425,2.094395102
1767795605.379695892,62.000000000,-1.713121491,-1.528731838,2.125768480,-0.599921167,1.417834759,3.587358317,0.000000413,-0.000000665,-0.000000710,0.000001374,0.000000425,2.094395102
1767795605.479695797,62.100000000,-1.713121483,-1.528731911,2.125768412,-0.599921025,1.417834768,3.795437375,0.000000022,-0.000000713,-0.000000646,0.000001359,0.000000034,1.977756692
1767795605.579695940,62.200000000,-1.713121493,-1.528731975,2.125768358,-0.599920907,1.417834759,3.968213044,-0.000000260,-0.000000553,-0.000000425,0.000000980,-0.000000252,1.477756692
1767795605.679695845,62.300000000,-1.713121515,-1.528732021,2.125768322,-0.599920826,1.417834738,4.090988713,-0.000000172,-0.000000366,-0.000000281,0.000000648,-0.000000166,0.977756692
1767795605.779695988,62.400000000,-1.713121528,-1.528732048,2.125768302,-0.599920778,1.417834726,4.163764382,-0.000000084,-0.000000179,-0.000000137,0.000000317,-0.000000081,0.477756692
1767795605.879695892,62.500000000,-1.712535737,-1.525495431,2.122323077,-0.599712910,1.418422912,4.188212351,0.020113902,0.111133031,-0.118295251,0.007136813,0.020196146,0.021349586
1767795605.979695797,62.600000000,-1.711771947,-1.521275355,2.117831045,-0.599441924,1.419189815,4.167669323,0.000000043,0.000000153,0.000000166,-0.000000438,-0.000000167,-0.434812103
1767795606.079695940,62.700000000,-1.711771941,-1.521275331,2.117831071,-0.599441991,1.419189787,4.099188611,0.000000083,0.000000326,0.000000344,-0.000000887,-0.000000385,-0.934803260
1767795606.179695845,62.800000000,-1.711771931,-1.521275290,2.117831113,-0.599442097,1.419189736,3.980708733,0.000000109,0.000000489,0.000000490,-0.000001219,-0.000000645,-1.434795404
1767795606.279695988,62.900000000,-1.711771926,-1.521275231,2.117831168,-0.599442222,1.419189699,3.812229601,-0.000000022,0.000000694,0.000000628,-0.000001321,-0.000000033,-1.934787288
1767795606.379695892,63.000000000,-1.711771931,-1.521275158,2.117831235,-0.599442363,1.419189693,3.605338227,-0.000000410,0.000000662,0.000000707,-0.000001367,-0.000000421,-2.094395102
1767795606.479695797,63.100000000,-1.711771972,-1.521275092,2.117831306,-0.599442500,1.419189651,3.395898717,-0.000000410,0.000000662,0.000000707,-0.000001367,-0.000000421,-2.094395102
1767795606.579695940,63.200000000,-1.711772037,-1.521275035,2.117831375,-0.599442625,1.419189584,3.186459206,-0.000000763,0.000000519,0.000000676,-0.000001191,-0.000000773,-2.094395102
1767795606.679695845,63.300000000,-1.711772123,-1.521274989,2.117831439,-0.599442735,1.419189498,2.977019696,-0.000001054,0.000000334,0.000000590,-0.000000919,-0.000001062,-2.094395102
1767795606.779695988,63.400000000,-1.711772229,-1.521274956,2.117831498,-0.599442827,1.419189391,2.767580186,-0.000001054,0.000000334,0.000000590,-0.000000919,-0.000001062,-2.094395102
1767795606.879695892,63.500000000,-1.711772354,-1.521274943,2.117831545,-0.599442885,1.419189266,2.558140676,-0.000001260,0.000000123,0.000000457,-0.000000572,-0.000001265,-2.094395102
1767795606.979695797,63.600000000,-1.711772486,-1.521274944,2.117831580,-0.599442919,1.419189133,2.348701165,-0.000001364,-0.000000099,0.000000287,-0.000000179,-0.000001365,-2.094395102
1767795607.079695940,63.700000000,-1.711772622,-1.521274959,2.117831604,-0.599442927,1.419188997,2.139261655,-0.000001357,-0.000000313,0.000000093,0.000000228,-0.000001355,-2.094395102
1767795607.179695845,63.800000000,-1.711772758,-1.521274990,2.117831613,-0.599442904,1.419188861,1.929822145,-0.000001357,-0.000000313,0.000000093,0.000000228,-0.000001355,-2.094395102
1767795607.279695988,63.900000000,-1.711772883,-1.521275038,2.117831605,-0.599442848,1.419188737,1.721836211,-0.000001169,-0.000000473,-0.000000102,0.000000582,-0.000001164,-1.973830744
1767795607.379695892,64.000000000,-1.711772978,-1.521275084,2.117831590,-0.599442786,1.419188643,1.549453137,-0.000000720,-0.000000457,-0.000000212,0.000000673,-0.000000715,-1.473830744
1767795607.479695797,64.100000000,-1.711773037,-1.521275122,2.117831572,-0.599442730,1.419188583,1.427070063,-0.000000476,-0.000000302,-0.000000140,0.000000445,-0.000000472,-0.973830744
1767795607.579695940,64.200000000,-1.711773073,-1.521275144,2.117831562,-0.599442697,1.419188548,1.354686988,-0.000000232,-0.000000147,-0.000000068,0.000000216,-0.000000230,-0.473830744
1767795607.674462080,64.294766148,-1.711773084,-1.521275151,2.117831559,-0.599442687,1.419188537,1.332235431,0.000000000,0.000000000,0.000000000,-0.000000000,0.000000000,0.000000000
