timestamp_absolute,timestamp_relative,shoulder_pan_joint_pos,shoulder_lift_joint_pos,elbow_joint_pos,wrist_1_joint_pos,wrist_2_joint_pos,wrist_3_joint_pos,shoulder_pan_joint_vel,shoulder_lift_joint_vel,elbow_joint_vel,wrist_1_joint_vel,wrist_2_joint_vel,wrist_3_joint_vel
1770918433.058655500,0.000000000,-2.089010064,-0.497077767,0.888900995,-0.363969151,0.962049007,1.557942033,0.000000000,-0.000000000,0.000000000,-0.000000000,0.000000000,0.000000000
1770918433.158655405,0.100000000,-2.087785755,-0.511288648,0.913900720,-0.376059559,0.963388603,1.581324719,0.024763581,-0.284615519,0.499971202,-0.241523880,0.027214238,0.470696743
1770918433.258655548,0.200000000,-2.083884451,-0.553592643,0.987560450,-0.411389633,0.967784457,1.653390293,0.054052876,-0.554242805,0.956384354,-0.455197501,0.062306657,0.970774939
1770918433.358655453,0.300000000,-2.076754530,-0.620609416,1.101474587,-0.464831997,0.976283851,1.775485244,0.090014297,-0.779090731,1.303706558,-0.601739246,0.110447597,1.471120923
1770918433.458655596,0.400000000,-2.065493748,-0.708260241,1.244916150,-0.529284853,0.990560499,1.947613408,0.137688496,-0.969857428,1.550116896,-0.674849109,0.179198507,1.971432440
1770918433.558655500,0.500000000,-2.049745874,-0.807504547,1.398889004,-0.593278089,1.011514290,2.155541293,0.171692650,-0.974463503,1.464217460,-0.575272966,0.232101415,2.094395355
1770918433.658655405,0.600000000,-2.031095802,-0.903306523,1.537948801,-0.644188125,1.036921789,2.364980817,0.202230486,-0.945136888,1.321813311,-0.443710412,0.276495561,2.094395272
1770918433.758655548,0.700000000,-2.009095738,-0.997127727,1.663959975,-0.682052465,1.066912985,2.574420339,0.238912454,-0.933800706,1.200892191,-0.313232636,0.323902182,2.094395173
1770918433.858655453,0.800000000,-1.983050345,-1.090495152,1.778448487,-0.706682098,1.101843348,2.783859859,0.283438883,-0.935308164,1.089786745,-0.178391557,0.375508869,2.094395186
1770918433.958655596,0.900000000,-1.952082011,-1.184472398,1.881981228,-0.717507639,1.142207730,2.993299380,0.337788836,-0.945296492,0.980649069,-0.036918190,0.432947294,2.094395114
1770918434.058655500,1.000000000,-1.917280013,-1.274435568,1.969685018,-0.714431301,1.185991249,3.191284294,0.349066028,-0.834913434,0.761522644,0.089606148,0.431172244,1.824903913
1770918434.158655405,1.100000000,-1.882373253,-1.352272882,2.036439487,-0.701195466,1.228378801,3.360521195,0.349066102,-0.726117928,0.583180262,0.168754856,0.416953730,1.571491261
1770918434.258655548,1.200000000,-1.847466653,-1.420342332,2.087873515,-0.681707629,1.269456257,3.507507048,0.349065919,-0.638111690,0.451863664,0.216889488,0.404964173,1.376344649
1770918434.358655453,1.300000000,-1.812560056,-1.480364060,2.127866280,-0.658493879,1.309439588,3.637155540,0.349065961,-0.564340819,0.352388604,0.244669404,0.395019837,1.222454540
1770918434.458655596,1.400000000,-1.777653462,-1.533544842,2.159093594,-0.633235081,1.348516976,3.752988495,0.349065941,-0.500785943,0.275314796,0.258669535,0.386790721,1.098524942
1770918434.558655500,1.500000000,-1.746947517,-1.575393699,2.180852190,-0.610234606,1.382268088,3.845548846,0.237177544,-0.306827473,0.150302444,0.178865256,0.258698499,0.685213423
1770918434.658655405,1.600000000,-1.731578027,-1.594774969,2.190072312,-0.598632408,1.398972630,3.889068460,0.066619744,-0.082032619,0.037941055,0.050309416,0.072173677,0.185183667
1770918434.758655548,1.700000000,-1.726539247,-1.600979494,2.192941989,-0.594827272,1.404431481,3.883249482,-0.000000024,0.000000121,0.000000092,-0.000000214,-0.000000026,-0.294206018
1770918434.858655453,1.800000000,-1.726539251,-1.600979472,2.192942006,-0.594827311,1.404431476,3.828829323,-0.000000066,0.000000327,0.000000250,-0.000000578,-0.000000071,-0.794198762
1770918434.958655596,1.900000000,-1.726539260,-1.600979429,2.192942039,-0.594827387,1.404431467,3.724409763,-0.000000108,0.000000533,0.000000407,-0.000000942,-0.000000115,-1.294192304
1770918435.058655500,2.000000000,-1.726539279,-1.600979369,2.192942089,-0.594827497,1.404431447,3.569990837,-0.000000386,0.000000586,0.000000642,-0.000001226,-0.000000396,-1.794185778
1770918435.158655405,2.100000000,-1.726539322,-1.600979304,2.192942161,-0.594827634,1.404431403,3.369564570,-0.000000451,0.000000684,0.000000749,-0.000001432,-0.000000462,-2.094395102
1770918435.258655548,2.200000000,-1.726539399,-1.600979248,2.192942233,-0.594827762,1.404431325,3.160125060,-0.000000840,0.000000529,0.000000716,-0.000001241,-0.000000850,-2.094395102
1770918435.358655453,2.300000000,-1.726539498,-1.600979204,2.192942301,-0.594827873,1.404431225,2.950685550,-0.000001160,0.000000331,0.000000625,-0.000000950,-0.000001168,-2.094395102
1770918435.458655596,2.400000000,-1.726539616,-1.600979173,2.192942362,-0.594827965,1.404431106,2.741246039,-0.000001387,0.000000107,0.000000483,-0.000000582,-0.000001392,-2.094395102
1770918435.558655500,2.500000000,-1.726539755,-1.600979163,2.192942410,-0.594828023,1.404430967,2.531806529,-0.000001387,0.000000107,0.000000483,-0.000000582,-0.000001392,-2.094395102
1770918435.658655405,2.600000000,-1.726539902,-1.600979169,2.192942445,-0.594828051,1.404430820,2.322367019,-0.000001502,-0.000000127,0.000000302,-0.000000167,-0.000001503,-2.094395102
1770918435.758655548,2.700000000,-1.726540052,-1.600979190,2.192942468,-0.594828052,1.404430670,2.112927509,-0.000001494,-0.000000350,0.000000097,0.000000261,-0.000001493,-2.094395102
1770918435.858655453,2.800000000,-1.726540201,-1.600979225,2.192942477,-0.594828026,1.404430521,1.903487999,-0.000001366,-0.000000545,-0.000000117,0.000000669,-0.000001361,-2.094395102
1770918435.958655596,2.900000000,-1.726540335,-1.600979278,2.192942466,-0.594827960,1.404430387,1.697594137,-0.000001243,-0.000000496,-0.000000106,0.000000609,-0.000001239,-1.906096192
1770918436.058655500,3.000000000,-1.726540434,-1.600979327,2.192942448,-0.594827892,1.404430289,1.531984517,-0.000000757,-0.000000467,-0.000000215,0.000000686,-0.000000751,-1.406096192
1770918436.158655405,3.100000000,-1.726540496,-1.600979366,2.192942431,-0.594827836,1.404430227,1.416374898,-0.000000488,-0.000000301,-0.000000139,0.000000442,-0.000000484,-0.906096192
1770918436.258655548,3.200000000,-1.726540531,-1.600979388,2.192942421,-0.594827804,1.404430192,1.350765279,-0.000000219,-0.000000135,-0.000000062,0.000000198,-0.000000217,-0.406096192
1770918436.358655453,3.300000000,-1.725487566,-1.595810312,2.187923520,-0.594979415,1.405484865,1.332927539,0.023006363,0.112938764,-0.109657384,-0.003312762,0.023043650,0.052429519
1770918436.458655596,3.400000000,-1.724936316,-1.593104256,2.185296100,-0.595058807,1.406036994,1.360403427,0.000000208,0.000000147,0.000000100,-0.000000322,-0.000000096,0.511291927
1770918436.558655500,3.500000000,-1.724936284,-1.593104234,2.185296116,-0.595058859,1.406036981,1.436532165,0.000000422,0.000000297,0.000000225,-0.000000735,-0.000000162,1.011283198
1770918436.658655405,3.600000000,-1.724936231,-1.593104196,2.185296145,-0.595058957,1.406036963,1.562660134,0.000000656,0.000000457,0.000000381,-0.000001266,-0.000000169,1.511276053
1770918436.758655548,3.700000000,-1.724936129,-1.593104148,2.185296166,-0.595059042,1.406037035,1.738787330,0.000001299,0.000000518,0.000000112,-0.000000639,0.000001295,2.011267836
1770918436.858655453,3.800000000,-1.724935991,-1.593104098,2.185296173,-0.595059100,1.406037172,1.947535200,0.000001479,0.000000346,-0.000000096,-0.000000258,0.000001478,2.094395102
1770918436.958655596,3.900000000,-1.724935843,-1.593104064,2.185296164,-0.595059126,1.406037320,2.156974711,0.000001479,0.000000346,-0.000000096,-0.000000258,0.000001478,2.094395102
1770918437.058655500,4.000000000,-1.724935695,-1.593104048,2.185296137,-0.595059116,1.406037468,2.366414221,0.000001487,0.000000124,-0.000000300,0.000000169,0.000001488,2.094395102
1770918437.158655405,4.100000000,-1.724935551,-1.593104047,2.185296098,-0.595059079,1.406037612,2.575853731,0.000001373,-0.000000108,-0.000000480,0.000000582,0.000001378,2.094395102
1770918437.258655548,4.200000000,-1.724935417,-1.593104060,2.185296049,-0.595059017,1.406037747,2.785293241,0.000001149,-0.000000332,-0.000000622,0.000000947,0.000001157,2.094395102
1770918437.358655453,4.300000000,-1.724935302,-1.593104093,2.185295986,-0.595058922,1.406037863,2.994732752,0.000001149,-0.000000332,-0.000000622,0.000000947,0.000001157,2.094395102
1770918437.458655596,4.400000000,-1.724935211,-1.593104141,2.185295917,-0.595058805,1.406037955,3.204172262,0.000000831,-0.000000528,-0.000000712,0.000001236,0.000000841,2.094395102
1770918437.558655500,4.500000000,-1.724935143,-1.593104200,2.185295845,-0.595058674,1.406038024,3.413611772,0.000000446,-0.000000682,-0.000000745,0.000001425,0.000000458,2.094395102
1770918437.658655405,4.600000000,-1.724935099,-1.593104269,2.185295770,-0.595058532,1.406038068,3.623051282,0.000000025,-0.000000780,-0.000000718,0.000001498,0.000000037,2.094395102
1770918437.758655548,4.700000000,-1.724935097,-1.593104345,2.185295700,-0.595058385,1.406038072,3.828457825,0.000000023,-0.000000705,-0.000000649,0.000001355,0.000000034,1.893572598
1770918437.858655453,4.800000000,-1.724935113,-1.593104408,2.185295647,-0.595058269,1.406038057,3.992815084,-0.000000265,-0.000000542,-0.000000421,0.000000965,-0.000000257,1.393572598
1770918437.958655596,4.900000000,-1.724935135,-1.593104452,2.185295613,-0.595058190,1.406038036,4.107172344,-0.000000170,-0.000000348,-0.000000270,0.000000619,-0.000000165,0.893572598
1770918438.058655500,5.000000000,-1.724935147,-1.593104477,2.185295593,-0.595058145,1.406038024,4.171529604,-0.000000075,-0.000000153,-0.000000119,0.000000273,-0.000000073,0.393572598
1770918438.158655405,5.100000000,-1.723849357,-1.587701319,2.179994482,-0.595161664,1.407125840,4.188178457,0.022168437,0.110315458,-0.108231687,-0.002113815,0.022209787,-0.065488254
1770918438.258655548,5.200000000,-1.723362698,-1.585279587,2.177618516,-0.595208097,1.407613393,4.159466890,0.000000051,0.000000190,0.000000214,-0.000000563,-0.000000226,-0.524780125
1770918438.358655453,5.300000000,-1.723362691,-1.585279560,2.177618547,-0.595208176,1.407613357,4.081989495,0.000000085,0.000000365,0.000000394,-0.000001007,-0.000000487,-1.024770010
1770918438.458655596,5.400000000,-1.723362681,-1.585279515,2.177618594,-0.595208294,1.407613294,3.954512864,0.000000104,0.000000529,0.000000540,-0.000001327,-0.000000785,-1.524762894
1770918438.558655500,5.500000000,-1.723362680,-1.585279450,2.177618655,-0.595208428,1.407613265,3.777037005,-0.000000024,0.000000750,0.000000690,-0.000001438,-0.000000036,-2.024754584
1770918438.658655405,5.600000000,-1.723362692,-1.585279375,2.177618727,-0.595208575,1.407613252,3.568083094,-0.000000442,0.000000679,0.000000741,-0.000001418,-0.000000453,-2.094395102
1770918438.758655548,5.700000000,-1.723362736,-1.585279307,2.177618801,-0.595208716,1.407613206,3.358643584,-0.000000442,0.000000679,0.000000741,-0.000001418,-0.000000453,-2.094395102
1770918438.858655453,5.800000000,-1.723362813,-1.585279253,2.177618872,-0.595208842,1.407613128,3.149204073,-0.000000823,0.000000526,0.000000709,-0.000001231,-0.000000833,-2.094395102
1770918438.958655596,5.900000000,-1.723362912,-1.585279210,2.177618939,-0.595208950,1.407613029,2.939764563,-0.000001137,0.000000332,0.000000618,-0.000000944,-0.000001145,-2.094395102
1770918439.058655500,6.000000000,-1.723363029,-1.585279180,2.177618998,-0.595209040,1.407612911,2.730325053,-0.000001360,0.000000110,0.000000478,-0.000000581,-0.000001365,-2.094395102
1770918439.158655405,6.100000000,-1.723363165,-1.585279169,2.177619046,-0.595209098,1.407612775,2.520885543,-0.000001360,0.000000110,0.000000478,-0.000000581,-0.000001365,-2.094395102
1770918439.258655548,6.200000000,-1.723363309,-1.585279176,2.177619080,-0.595209124,1.407612630,2.311446032,-0.000001472,-0.000000121,0.000000299,-0.000000170,-0.000001473,-2.094395102
1770918439.358655453,6.300000000,-1.723363456,-1.585279197,2.177619101,-0.595209123,1.407612483,2.102006522,-0.000001465,-0.000000342,0.000000095,0.000000254,-0.000001463,-2.094395102
1770918439.458655596,6.400000000,-1.723363602,-1.585279232,2.177619110,-0.595209095,1.407612337,1.892567012,-0.000001339,-0.000000535,-0.000000116,0.000000658,-0.000001334,-2.094395102
1770918439.558655500,6.500000000,-1.723363733,-1.585279285,2.177619099,-0.595209031,1.407612207,1.687709687,-0.000001202,-0.000000480,-0.000000104,0.000000590,-0.000001197,-1.880334711
1770918439.658655405,6.600000000,-1.723363827,-1.585279333,2.177619081,-0.595208964,1.407612114,1.524676216,-0.000000728,-0.000000451,-0.000000209,0.000000664,-0.000000723,-1.380334711
1770918439.758655548,6.700000000,-1.723363886,-1.585279370,2.177619063,-0.595208910,1.407612054,1.411642745,-0.000000464,-0.000000288,-0.000000133,0.000000424,-0.000000461,-0.880334711
1770918439.858655453,6.800000000,-1.723363920,-1.585279391,2.177619054,-0.595208880,1.407612021,1.348609274,-0.000000201,-0.000000124,-0.000000058,0.000000183,-0.000000199,-0.380334711
1770918439.958655596,6.900000000,-1.722235128,-1.579585791,2.171975451,-0.595260394,1.408743201,1.333192504,0.021007173,0.105958936,-0.105028315,-0.000958887,0.021051583,0.079287257
1770918440.058655500,7.000000000,-1.721822179,-1.577502947,2.169910914,-0.595279261,1.409157007,1.363219959,0.000000217,0.000000153,0.000000104,-0.000000333,-0.000000097,0.539335309
1770918440.158655405,7.100000000,-1.721822147,-1.577502924,2.169910930,-0.595279314,1.409156994,1.442152966,0.000000428,0.000000301,0.000000227,-0.000000741,-0.000000158,1.039326435
1770918440.258655548,7.200000000,-1.721822093,-1.577502886,2.169910960,-0.595279413,1.409156977,1.571085219,0.000000659,0.000000460,0.000000381,-0.000001264,-0.000000163,1.539319312
1770918440.358655453,7.300000000,-1.721821989,-1.577502839,2.169910979,-0.595279494,1.409157056,1.750016695,0.000001291,0.000000516,0.000000112,-0.000000637,0.000001287,2.039310908
1770918440.458655596,7.400000000,-1.721821853,-1.577502791,2.169910985,-0.595279549,1.409157191,1.959152160,0.000001450,0.000000338,-0.000000095,-0.000000251,0.000001448,2.094395102
1770918440.558655500,7.500000000,-1.721821708,-1.577502757,2.169910976,-0.595279574,1.409157336,2.168591670,0.000001450,0.000000338,-0.000000095,-0.000000251,0.000001448,2.094395102
1770918440.658655405,7.600000000,-1.721821562,-1.577502743,2.169910948,-0.595279561,1.409157482,2.378031180,0.000001457,0.000000118,-0.000000297,0.000000171,0.000001459,2.094395102
1770918440.758655548,7.700000000,-1.721821423,-1.577502744,2.169910909,-0.595279522,1.409157622,2.587470691,0.000001346,-0.000000111,-0.000000475,0.000000580,0.000001351,2.094395102
1770918440.858655453,7.800000000,-1.721821292,-1.577502759,2.169910859,-0.595279458,1.409157754,2.796910201,0.000001126,-0.000000332,-0.000000615,0.000000941,0.000001134,2.094395102
1770918440.958655596,7.900000000,-1.721821179,-1.577502792,2.169910797,-0.595279364,1.409157867,3.006349711,0.000001126,-0.000000332,-0.000000615,0.000000941,0.000001134,2.094395102
1770918441.058655500,8.000000000,-1.721821092,-1.577502841,2.169910729,-0.595279246,1.409157955,3.215789221,0.000000815,-0.000000525,-0.000000705,0.000001226,0.000000825,2.094395102
1770918441.158655405,8.100000000,-1.721821027,-1.577502900,2.169910657,-0.595279116,1.409158021,3.425228732,0.000000438,-0.000000676,-0.000000738,0.000001411,0.000000449,2.094395102
1770918441.258655548,8.200000000,-1.721820987,-1.577502968,2.169910583,-0.595278974,1.409158063,3.634668242,0.000000025,-0.000000772,-0.000000711,0.000001483,0.000000037,2.094395102
1770918441.358655453,8.300000000,-1.721820984,-1.577503043,2.169910514,-0.595278829,1.409158066,3.838878036,0.000000022,-0.000000688,-0.000000633,0.000001321,0.000000033,1.865709383
1770918441.458655596,8.400000000,-1.721821002,-1.577503105,2.169910463,-0.595278717,1.409158050,4.000448974,-0.000000254,-0.000000525,-0.000000408,0.000000935,-0.000000247,1.365709383
1770918441.558655500,8.500000000,-1.721821023,-1.577503148,2.169910430,-0.595278641,1.409158029,4.112019913,-0.000000161,-0.000000333,-0.000000259,0.000000593,-0.000000156,0.865709383
1770918441.658655405,8.600000000,-1.721821034,-1.577503171,2.169910411,-0.595278599,1.409158018,4.173590851,-0.000000068,-0.000000141,-0.000000109,0.000000250,-0.000000066,0.365709383
1770918441.758655548,8.700000000,-1.720657393,-1.571554270,2.163953986,-0.595272630,1.410324417,4.187628145,0.019869512,0.101579122,-0.101707349,0.000101661,0.019916563,-0.094271967
1770918441.858655453,8.800000000,-1.720309180,-1.569774099,2.162171591,-0.595270880,1.410673439,4.156192671,0.000000051,0.000000198,0.000000218,-0.000000565,-0.000000243,-0.554608189
1770918441.958655596,8.900000000,-1.720309173,-1.569774070,2.162171622,-0.595270960,1.410673403,4.075732097,0.000000088,0.000000372,0.000000400,-0.000001020,-0.000000487,-1.054602390
1770918442.058655500,9.000000000,-1.720309163,-1.569774025,2.162171670,-0.595271079,1.410673340,3.945272269,0.000000108,0.000000535,0.000000543,-0.000001333,-0.000000778,-1.554595294
1770918442.158655405,9.100000000,-1.720309162,-1.569773960,2.162171731,-0.595271211,1.410673316,3.764813221,-0.000000024,0.000000753,0.000000693,-0.000001444,-0.000000036,-2.054586885
1770918442.258655548,9.200000000,-1.720309176,-1.569773886,2.162171802,-0.595271356,1.410673301,3.555532791,-0.000000433,0.000000673,0.000000734,-0.000001405,-0.000000445,-2.094395102
1770918442.358655453,9.300000000,-1.720309220,-1.569773818,2.162171876,-0.595271497,1.410673256,3.346093281,-0.000000433,0.000000673,0.000000734,-0.000001405,-0.000000445,-2.094395102
1770918442.458655596,9.400000000,-1.720309298,-1.569773765,2.162171946,-0.595271620,1.410673177,3.136653771,-0.000000807,0.000000523,0.000000701,-0.000001220,-0.000000817,-2.094395102
1770918442.558655500,9.500000000,-1.720309396,-1.569773724,2.162172011,-0.595271726,1.410673078,2.927214261,-0.000001115,0.000000332,0.000000612,-0.000000937,-0.000001123,-2.094395102
1770918442.658655405,9.600000000,-1.720309512,-1.569773695,2.162172069,-0.595271812,1.410672961,2.717774750,-0.000001333,0.000000113,0.000000473,-0.000000578,-0.000001338,-2.094395102
1770918442.758655548,9.700000000,-1.720309645,-1.569773684,2.162172117,-0.595271870,1.410672827,2.508335240,-0.000001333,0.000000113,0.000000473,-0.000000578,-0.000001338,-2.094395102
1770918442.858655453,9.800000000,-1.720309788,-1.569773692,2.162172149,-0.595271894,1.410672685,2.298895730,-0.000001443,-0.000000115,0.000000296,-0.000000173,-0.000001445,-2.094395102
1770918442.958655596,9.900000000,-1.720309932,-1.569773713,2.162172169,-0.595271891,1.410672541,2.089456220,-0.000001436,-0.000000334,0.000000094,0.000000247,-0.000001434,-2.094395102
1770918443.058655500,10.000000000,-1.720310074,-1.569773749,2.162172176,-0.595271862,1.410672399,1.880016709,-0.000001313,-0.000000525,-0.000000114,0.000000647,-0.000001308,-2.094395102
1770918443.158655405,10.100000000,-1.720310202,-1.569773800,2.162172165,-0.595271799,1.410672272,1.676522008,-0.000001160,-0.000000464,-0.000000101,0.000000572,-0.000001155,-1.850575315
1770918443.258655548,10.200000000,-1.720310291,-1.569773847,2.162172147,-0.595271733,1.410672183,1.516464477,-0.000000699,-0.000000435,-0.000000202,0.000000641,-0.000000693,-1.350575315
1770918443.358655453,10.300000000,-1.720310348,-1.569773883,2.162172130,-0.595271681,1.410672127,1.406406945,-0.000000440,-0.000000274,-0.000000128,0.000000404,-0.000000437,-0.850575315
1770918443.458655596,10.400000000,-1.720310379,-1.569773902,2.162172121,-0.595271652,1.410672096,1.346349414,-0.000000181,-0.000000113,-0.000000053,0.000000166,-0.000000180,-0.350575315
1770918443.558655500,10.500000000,-1.719109639,-1.563552609,2.155880842,-0.595203258,1.411875992,1.333657885,0.018437057,0.095525745,-0.096600216,0.001050002,0.018485474,0.108716422
1770918443.658655405,10.600000000,-1.718827429,-1.562090484,2.154402285,-0.595187206,1.412158925,1.366378361,0.000000227,0.000000161,0.000000114,-0.000000367,-0.000000092,0.568608600
1770918443.758655548,10.700000000,-1.718827397,-1.562090460,2.154402302,-0.595187261,1.412158913,1.448238957,0.000000434,0.000000306,0.000000230,-0.000000749,-0.000000155,1.068602701
1770918443.858655453,10.800000000,-1.718827342,-1.562090422,2.154402332,-0.595187361,1.412158897,1.580098795,0.000000661,0.000000463,0.000000382,-0.000001264,-0.000000158,1.568595575
1770918443.958655596,10.900000000,-1.718827236,-1.562090375,2.154402350,-0.595187437,1.412158982,1.761957848,0.000001284,0.000000514,0.000000113,-0.000000636,0.000001280,2.068587172
1770918444.058655500,11.000000000,-1.718827102,-1.562090329,2.154402354,-0.595187488,1.412159116,1.971330134,0.000001422,0.000000330,-0.000000094,-0.000000244,0.000001420,2.094395102
1770918444.158655405,11.100000000,-1.718826960,-1.562090296,2.154402345,-0.595187513,1.412159258,2.180769644,0.000001422,0.000000330,-0.000000094,-0.000000244,0.000001420,2.094395102
1770918444.258655548,11.200000000,-1.718826817,-1.562090284,2.154402316,-0.595187497,1.412159401,2.390209154,0.000001429,0.000000112,-0.000000294,0.000000174,0.000001431,2.094395102
1770918444.358655453,11.300000000,-1.718826681,-1.562090286,2.154402276,-0.595187455,1.412159538,2.599648665,0.000001320,-0.000000114,-0.000000470,0.000000577,0.000001325,2.094395102
1770918444.458655596,11.400000000,-1.718826554,-1.562090303,2.154402226,-0.595187389,1.412159665,2.809088175,0.000001105,-0.000000331,-0.000000609,0.000000934,0.000001112,2.094395102
1770918444.558655500,11.500000000,-1.718826443,-1.562090336,2.154402165,-0.595187296,1.412159777,3.018527685,0.000001105,-0.000000331,-0.000000609,0.000000934,0.000001112,2.094395102
1770918444.658655405,11.600000000,-1.718826359,-1.562090385,2.154402097,-0.595187178,1.412159861,3.227967195,0.000000799,-0.000000522,-0.000000698,0.000001215,0.000000809,2.094395102
1770918444.758655548,11.700000000,-1.718826298,-1.562090445,2.154402025,-0.595187048,1.412159924,3.437406706,0.000000429,-0.000000670,-0.000000730,0.000001398,0.000000441,2.094395102
1770918444.858655453,11.800000000,-1.718826261,-1.562090513,2.154401953,-0.595186907,1.412159962,3.646846216,0.000000024,-0.000000764,-0.000000703,0.000001467,0.000000036,2.094395102
1770918444.958655596,11.900000000,-1.718826259,-1.562090587,2.154401885,-0.595186765,1.412159966,3.849625997,0.000000021,-0.000000670,-0.000000617,0.000001286,0.000000032,1.836330600
1770918445.058655500,12.000000000,-1.718826277,-1.562090647,2.154401836,-0.595186656,1.412159948,4.008259057,-0.000000244,-0.000000508,-0.000000395,0.000000905,-0.000000237,1.336330600
1770918445.158655405,12.100000000,-1.718826297,-1.562090688,2.154401804,-0.595186583,1.412159929,4.116892117,-0.000000153,-0.000000318,-0.000000247,0.000000566,-0.000000148,0.836330600
1770918445.258655548,12.200000000,-1.718826308,-1.562090710,2.154401786,-0.595186543,1.412159918,4.175525177,-0.000000061,-0.000000128,-0.000000099,0.000000228,-0.000000060,0.336330600
1770918445.358655453,12.300000000,-1.717603798,-1.555671601,2.147846761,-0.595052237,1.413385965,4.186930463,0.017166889,0.090139140,-0.092047515,0.001885731,0.017216497,-0.122256742
1770918445.458655596,12.400000000,-1.717371513,-1.554451936,2.146601298,-0.595026755,1.413618904,4.153021066,0.000000054,0.000000206,0.000000225,-0.000000583,-0.000000248,-0.581400367
1770918445.558655500,12.500000000,-1.717371506,-1.554451907,2.146601330,-0.595026837,1.413618868,4.069881309,0.000000091,0.000000378,0.000000404,-0.000001029,-0.000000486,-1.081394490
1770918445.658655405,12.600000000,-1.717371496,-1.554451861,2.146601377,-0.595026955,1.413618805,3.936742310,0.000000112,0.000000540,0.000000546,-0.000001336,-0.000000769,-1.581387372
1770918445.758655548,12.700000000,-1.717371495,-1.554451795,2.146601439,-0.595027087,1.413618786,3.753604098,-0.000000024,0.000000755,0.000000695,-0.000001448,-0.000000037,-2.081378967
1770918445.858655453,12.800000000,-1.717371512,-1.554451722,2.146601509,-0.595027230,1.413618768,3.544182148,-0.000000425,0.000000667,0.000000726,-0.000001391,-0.000000437,-2.094395102
1770918445.958655596,12.900000000,-1.717371554,-1.554451656,2.146601582,-0.595027369,1.413618724,3.334742638,-0.000000425,0.000000667,0.000000726,-0.000001391,-0.000000437,-2.094395102
1770918446.058655500,13.000000000,-1.717371633,-1.554451603,2.146601652,-0.595027491,1.413618645,3.125303127,-0.000000792,0.000000520,0.000000694,-0.000001210,-0.000000802,-2.094395102
1770918446.158655405,13.100000000,-1.717371731,-1.554451563,2.146601715,-0.595027594,1.413618546,2.915863617,-0.000001094,0.000000331,0.000000606,-0.000000931,-0.000001102,-2.094395102
1770918446.258655548,13.200000000,-1.717371846,-1.554451536,2.146601772,-0.595027678,1.413618430,2.706424107,-0.000001308,0.000000115,0.000000468,-0.000000576,-0.000001313,-2.094395102
1770918446.358655453,13.300000000,-1.717371976,-1.554451524,2.146601819,-0.595027736,1.413618299,2.496984597,-0.000001308,0.000000115,0.000000468,-0.000000576,-0.000001313,-2.094395102
1770918446.458655596,13.400000000,-1.717372117,-1.554451533,2.146601850,-0.595027757,1.413618159,2.287545086,-0.000001416,-0.000000110,0.000000293,-0.000000175,-0.000001417,-2.094395102
1770918446.558655500,13.500000000,-1.717372258,-1.554451555,2.146601869,-0.595027753,1.413618017,2.078105576,-0.000001409,-0.000000326,0.000000093,0.000000241,-0.000001407,-2.094395102
1770918446.658655405,13.600000000,-1.717372397,-1.554451591,2.146601875,-0.595027722,1.413617879,1.868666066,-0.000001288,-0.000000516,-0.000000113,0.000000637,-0.000001283,-2.094395102
1770918446.758655548,13.700000000,-1.717372521,-1.554451641,2.146601864,-0.595027661,1.413617755,1.666559471,-0.000001121,-0.000000449,-0.000000099,0.000000554,-0.000001117,-1.823601550
1770918446.858655453,13.800000000,-1.717372606,-1.554451687,2.146601845,-0.595027595,1.413617670,1.509199316,-0.000000671,-0.000000420,-0.000000196,0.000000620,-0.000000666,-1.323601550
1770918446.958655596,13.900000000,-1.717372661,-1.554451721,2.146601829,-0.595027545,1.413617616,1.401839161,-0.000000418,-0.000000261,-0.000000122,0.000000386,-0.000000415,-0.823601550
1770918447.058655500,14.000000000,-1.717372690,-1.554451739,2.146601821,-0.595027518,1.413617587,1.344479006,-0.000000164,-0.000000103,-0.000000048,0.000000152,-0.000000163,-0.323601550
1770918447.158655405,14.100000000,-1.716130007,-1.547839570,2.139784434,-0.594823925,1.414864199,1.334193198,0.015703896,0.083557996,-0.086151211,0.002572661,0.015753478,0.134307869
1770918447.258655548,14.200000000,-1.715945136,-1.546855963,2.138770316,-0.594793661,1.415049635,1.369166924,0.000000234,0.000000166,0.000000117,-0.000000377,-0.000000092,0.593060158
1770918447.358655453,14.300000000,-1.715945103,-1.546855940,2.138770334,-0.594793717,1.415049622,1.453472646,0.000000438,0.000000310,0.000000232,-0.000000752,-0.000000151,1.093054205
1770918447.458655596,14.400000000,-1.715945048,-1.546855901,2.138770365,-0.594793818,1.415049607,1.587777596,0.000000669,0.000000468,0.000000392,-0.000001300,-0.000000131,1.593045272
1770918447.558655500,14.500000000,-1.715944941,-1.546855854,2.138770380,-0.594793889,1.415049698,1.772081707,0.000001275,0.000000511,0.000000113,-0.000000633,0.000001271,2.092514286
1770918447.658655405,14.600000000,-1.715944809,-1.546855810,2.138770384,-0.594793938,1.415049830,1.981520462,0.000001396,0.000000323,-0.000000093,-0.000000238,0.000001394,2.094395102
1770918447.758655548,14.700000000,-1.715944669,-1.546855778,2.138770374,-0.594793961,1.415049969,2.190959972,0.000001402,0.000000107,-0.000000291,0.000000176,0.000001404,2.094395102
1770918447.858655453,14.800000000,-1.715944529,-1.546855768,2.138770345,-0.594793944,1.415050110,2.400399482,0.000001402,0.000000107,-0.000000291,0.000000176,0.000001404,2.094395102
1770918447.958655596,14.900000000,-1.715944396,-1.546855771,2.138770305,-0.594793900,1.415050244,2.609838992,0.000001296,-0.000000116,-0.000000466,0.000000575,0.000001300,2.094395102
1770918448.058655500,15.000000000,-1.715944272,-1.546855789,2.138770255,-0.594793833,1.415050368,2.819278502,0.000001084,-0.000000331,-0.000000602,0.000000927,0.000001092,2.094395102
1770918448.158655405,15.100000000,-1.715944164,-1.546855822,2.138770194,-0.594793740,1.415050477,3.028718013,0.000001084,-0.000000331,-0.000000602,0.000000927,0.000001092,2.094395102
1770918448.258655548,15.200000000,-1.715944083,-1.546855872,2.138770126,-0.594793622,1.415050559,3.238157523,0.000000784,-0.000000518,-0.000000691,0.000001205,0.000000794,2.094395102
1770918448.358655453,15.300000000,-1.715944025,-1.546855932,2.138770055,-0.594793492,1.415050618,3.447597033,0.000000421,-0.000000664,-0.000000723,0.000001384,0.000000433,2.094395102
1770918448.458655596,15.400000000,-1.715943990,-1.546856000,2.138769983,-0.594793352,1.415050654,3.657036543,0.000000024,-0.000000756,-0.000000696,0.000001452,0.000000036,2.094395102
1770918448.558655500,15.500000000,-1.715943988,-1.546856073,2.138769916,-0.594793212,1.415050657,3.858484561,0.000000021,-0.000000654,-0.000000602,0.000001256,0.000000031,1.811702831
1770918448.658655405,15.600000000,-1.715944007,-1.546856131,2.138769869,-0.594793107,1.415050639,4.014654844,-0.000000235,-0.000000492,-0.000000384,0.000000878,-0.000000228,1.311702831
1770918448.758655548,15.700000000,-1.715944026,-1.546856171,2.138769838,-0.594793036,1.415050620,4.120825128,-0.000000145,-0.000000305,-0.000000238,0.000000543,-0.000000141,0.811702831
1770918448.858655453,15.800000000,-1.715944036,-1.546856192,2.138769821,-0.594792998,1.415050610,4.176995411,-0.000000056,-0.000000117,-0.000000091,0.000000209,-0.000000054,0.311702831
1770918448.958655596,15.900000000,-1.714693501,-1.540113704,2.131751986,-0.594519275,1.416305442,4.186213824,0.014461896,0.077973816,-0.081157902,0.003165266,0.014511511,-0.145533854
1770918449.058655500,16.000000000,-1.714543038,-1.539302464,2.130907645,-0.594486379,1.416456403,4.150265509,0.000000056,0.000000211,0.000000231,-0.000000596,-0.000000250,-0.603588065
1770918449.158655405,16.100000000,-1.714543031,-1.539302435,2.130907677,-0.594486461,1.416456367,4.064907009,0.000000093,0.000000382,0.000000407,-0.000001034,-0.000000482,-1.103582129
1770918449.258655548,16.200000000,-1.714543020,-1.539302389,2.130907725,-0.594486579,1.416456305,3.929549285,0.000000111,0.000000540,0.000000535,-0.000001293,-0.000000769,-1.603573202
1770918449.358655453,16.300000000,-1.714543020,-1.539302323,2.130907786,-0.594486710,1.416456289,3.744201377,-0.000000024,0.000000752,0.000000692,-0.000001442,-0.000000036,-2.094395102
1770918449.458655596,16.400000000,-1.714543038,-1.539302251,2.130907857,-0.594486852,1.416456270,3.534761866,-0.000000417,0.000000661,0.000000719,-0.000001378,-0.000000429,-2.094395102
1770918449.558655500,16.500000000,-1.714543081,-1.539302185,2.130907928,-0.594486989,1.416456226,3.325322356,-0.000000777,0.000000516,0.000000687,-0.000001199,-0.000000787,-2.094395102
1770918449.658655405,16.600000000,-1.714543159,-1.539302134,2.130907997,-0.594487109,1.416456147,3.115882846,-0.000000777,0.000000516,0.000000687,-0.000001199,-0.000000787,-2.094395102
1770918449.758655548,16.700000000,-1.714543256,-1.539302094,2.130908060,-0.594487210,1.416456049,2.906443336,-0.000001074,0.000000330,0.000000600,-0.000000924,-0.000001081,-2.094395102
1770918449.858655453,16.800000000,-1.714543370,-1.539302068,2.130908116,-0.594487292,1.416455935,2.697003825,-0.000001283,0.000000117,0.000000463,-0.000000574,-0.000001288,-2.094395102
1770918449.958655596,16.900000000,-1.714543498,-1.539302056,2.130908162,-0.594487350,1.416455806,2.487564315,-0.000001283,0.000000117,0.000000463,-0.000000574,-0.000001288,-2.094395102
1770918450.058655500,17.000000000,-1.714543636,-1.539302065,2.130908192,-0.594487370,1.416455667,2.278124805,-0.000001389,-0.000000105,0.000000290,-0.000000177,-0.000001391,-2.094395102
1770918450.158655405,17.100000000,-1.714543775,-1.539302088,2.130908210,-0.594487364,1.416455529,2.068685295,-0.000001382,-0.000000319,0.000000093,0.000000234,-0.000001381,-2.094395102
1770918450.258655548,17.200000000,-1.714543911,-1.539302124,2.130908215,-0.594487332,1.416455393,1.859245784,-0.000001264,-0.000000507,-0.000000112,0.000000627,-0.000001259,-2.094395102
1770918450.358655453,17.300000000,-1.714544032,-1.539302173,2.130908204,-0.594487272,1.416455273,1.658400143,-0.000001087,-0.000000436,-0.000000096,0.000000539,-0.000001082,-1.801242104
1770918450.458655596,17.400000000,-1.714544113,-1.539302218,2.130908185,-0.594487207,1.416455192,1.503275932,-0.000000648,-0.000000406,-0.000000191,0.000000601,-0.000000643,-1.301242104
1770918450.558655500,17.500000000,-1.714544166,-1.539302251,2.130908170,-0.594487158,1.416455140,1.398151722,-0.000000399,-0.000000250,-0.000000118,0.000000370,-0.000000396,-0.801242104
1770918450.658655405,17.600000000,-1.714544193,-1.539302268,2.130908161,-0.594487133,1.416455113,1.343027511,-0.000000150,-0.000000094,-0.000000044,0.000000139,-0.000000149,-0.301242104
1770918450.758655548,17.700000000,-1.713286747,-1.532432756,2.123691209,-0.594141314,1.417717228,1.334716854,0.013064054,0.071369312,-0.074978849,0.003592673,0.013112493,0.155338722
1770918450.858655453,17.800000000,-1.713168899,-1.531789010,2.123014923,-0.594108930,1.417835494,1.371523760,0.000000239,0.000000169,0.000000120,-0.000000383,-0.000000090,0.613052343
1770918450.958655596,17.900000000,-1.713168865,-1.531788986,2.123014940,-0.594108987,1.417835482,1.457828676,0.000000440,0.000000311,0.000000233,-0.000000753,-0.000000146,1.113046353
1770918451.058655500,18.000000000,-1.713168810,-1.531788947,2.123014971,-0.594109088,1.417835468,1.594132804,0.000000668,0.000000467,0.000000391,-0.000001292,-0.000000125,1.613037405
1770918451.158655405,18.100000000,-1.713168703,-1.531788901,2.123014986,-0.594109155,1.417835563,1.780400799,0.000001252,0.000000503,0.000000112,-0.000000624,0.000001248,2.094395102
1770918451.258655548,18.200000000,-1.713168572,-1.531788859,2.123014988,-0.594109201,1.417835693,1.989840310,0.000001370,0.000000316,-0.000000092,-0.000000231,0.000001368,2.094395102
1770918451.358655453,18.300000000,-1.713168435,-1.531788828,2.123014978,-0.594109223,1.417835829,2.199279820,0.000001376,0.000000103,-0.000000288,0.000000178,0.000001378,2.094395102
1770918451.458655596,18.400000000,-1.713168298,-1.531788818,2.123014949,-0.594109205,1.417835967,2.408719330,0.000001376,0.000000103,-0.000000288,0.000000178,0.000001378,2.094395102
1770918451.558655500,18.500000000,-1.713168167,-1.531788823,2.123014909,-0.594109160,1.417836098,2.618158840,0.000001272,-0.000000118,-0.000000461,0.000000572,0.000001276,2.094395102
1770918451.658655405,18.600000000,-1.713168047,-1.531788842,2.123014858,-0.594109092,1.417836219,2.827598351,0.000001064,-0.000000330,-0.000000597,0.000000920,0.000001071,2.094395102
1770918451.758655548,18.700000000,-1.713167941,-1.531788875,2.123014799,-0.594109000,1.417836326,3.037037861,0.000001064,-0.000000330,-0.000000597,0.000000920,0.000001071,2.094395102
1770918451.858655453,18.800000000,-1.713167862,-1.531788925,2.123014731,-0.594108881,1.417836405,3.246477371,0.000000770,-0.000000515,-0.000000684,0.000001194,0.000000780,2.094395102
1770918451.958655596,18.900000000,-1.713167806,-1.531788985,2.123014660,-0.594108751,1.417836462,3.455916881,0.000000414,-0.000000658,-0.000000716,0.000001371,0.000000425,2.094395102
1770918452.058655500,19.000000000,-1.713167774,-1.531789053,2.123014589,-0.594108613,1.417836496,3.665356391,0.000000024,-0.000000748,-0.000000689,0.000001437,0.000000036,2.094395102
1770918452.158655405,19.100000000,-1.713167772,-1.531789125,2.123014523,-0.594108475,1.417836499,3.865624116,0.000000020,-0.000000639,-0.000000590,0.000001229,0.000000030,1.791545543
1770918452.258655548,19.200000000,-1.713167792,-1.531789181,2.123014477,-0.594108372,1.417836480,4.019778670,-0.000000227,-0.000000479,-0.000000374,0.000000855,-0.000000220,1.291545543
1770918452.358655453,19.300000000,-1.713167810,-1.531789220,2.123014447,-0.594108303,1.417836462,4.123933224,-0.000000139,-0.000000294,-0.000000230,0.000000524,-0.000000135,0.791545543
1770918452.458655596,19.400000000,-1.713167820,-1.531789240,2.123014431,-0.594108268,1.417836453,4.178087779,-0.000000051,-0.000000108,-0.000000085,0.000000193,-0.000000050,0.291545543
1770918452.558655500,19.500000000,-1.711912969,-1.524843428,2.115650105,-0.593691360,1.419096319,4.185534761,0.011936313,0.066069445,-0.070050243,0.003965472,0.011983954,-0.164398677
1770918452.658655405,19.600000000,-1.711817601,-1.524315556,2.115090455,-0.593659714,1.419192050,4.147953023,0.000000057,0.000000216,0.000000235,-0.000000604,-0.000000251,-0.621451153
1770918452.758655548,19.700000000,-1.711817593,-1.524315526,2.115090487,-0.593659796,1.419192014,4.060808237,0.000000091,0.000000382,0.000000401,-0.000001007,-0.000000488,-1.121442457
1770918452.858655453,19.800000000,-1.711817583,-1.524315480,2.115090535,-0.593659914,1.419191952,3.923664240,0.000000114,0.000000541,0.000000534,-0.000001290,-0.000000756,-1.621436235
1770918452.958655596,19.900000000,-1.711817583,-1.524315414,2.115090596,-0.593660043,1.419191940,3.736594730,-0.000000024,0.000000744,0.000000685,-0.000001427,-0.000000036,-2.094395102
1770918453.058655500,20.000000000,-1.711817602,-1.524315343,2.115090665,-0.593660183,1.419191920,3.527155220,-0.000000410,0.000000655,0.000000712,-0.000001365,-0.000000421,-2.094395102
1770918453.158655405,20.100000000,-1.711817646,-1.524315279,2.115090736,-0.593660319,1.419191875,3.317715709,-0.000000763,0.000000513,0.000000680,-0.000001189,-0.000000773,-2.094395102
1770918453.258655548,20.200000000,-1.711817722,-1.524315228,2.115090805,-0.593660438,1.419191798,3.108276199,-0.000000763,0.000000513,0.000000680,-0.000001189,-0.000000773,-2.094395102
1770918453.358655453,20.300000000,-1.711817819,-1.524315189,2.115090866,-0.593660537,1.419191700,2.898836689,-0.000001054,0.000000329,0.000000594,-0.000000917,-0.000001062,-2.094395102
1770918453.458655596,20.400000000,-1.711817931,-1.524315163,2.115090921,-0.593660617,1.419191587,2.689397179,-0.000001260,0.000000119,0.000000459,-0.000000571,-0.000001265,-2.094395102
1770918453.558655500,20.500000000,-1.711818057,-1.524315152,2.115090967,-0.593660675,1.419191461,2.479957668,-0.000001260,0.000000119,0.000000459,-0.000000571,-0.000001265,-2.094395102
1770918453.658655405,20.600000000,-1.711818193,-1.524315161,2.115090996,-0.593660693,1.419191325,2.270518158,-0.000001364,-0.000000101,0.000000287,-0.000000178,-0.000001365,-2.094395102
1770918453.758655548,20.700000000,-1.711818329,-1.524315184,2.115091013,-0.593660686,1.419191189,2.061078648,-0.000001357,-0.000000312,0.000000092,0.000000229,-0.000001355,-2.094395102
1770918453.858655453,20.800000000,-1.711818462,-1.524315220,2.115091017,-0.593660654,1.419191056,1.851639138,-0.000001240,-0.000000499,-0.000000111,0.000000617,-0.000001235,-2.094395102
1770918453.958655596,20.900000000,-1.711818579,-1.524315267,2.115091007,-0.593660596,1.419190940,1.654072231,-0.000001036,-0.000000417,-0.000000093,0.000000515,-0.000001032,-1.749828663
1770918454.058655500,21.000000000,-1.711818656,-1.524315310,2.115090988,-0.593660533,1.419190863,1.504089365,-0.000000611,-0.000000385,-0.000000182,0.000000570,-0.000000606,-1.249828663
1770918454.158655405,21.100000000,-1.711818705,-1.524315341,2.115090974,-0.593660488,1.419190815,1.404106498,-0.000000366,-0.000000231,-0.000000109,0.000000342,-0.000000364,-0.749828663
1770918454.258655548,21.200000000,-1.711818729,-1.524315357,2.115090966,-0.593660465,1.419190790,1.354123632,-0.000000122,-0.000000077,-0.000000036,0.000000114,-0.000000121,-0.249828663
1770918454.358655453,21.300000000,-1.711916501,-1.524849955,2.115682200,-0.593716976,1.419092448,1.353136086,-0.001073465,-0.005870091,0.006492082,-0.000620632,-0.001079728,0.229592299
1770918454.458655596,21.400000000,-1.712141263,-1.526076937,2.117037665,-0.593845174,1.418866384,1.401094955,-0.003422550,-0.018670721,0.020616313,-0.001941252,-0.003442324,0.729586120
1770918454.558655500,21.500000000,-1.712602747,-1.528586706,2.119803348,-0.594100502,1.418402267,1.499052943,-0.005806665,-0.031524032,0.034698104,-0.003166691,-0.005839554,1.229577612
1770918454.658655405,21.600000000,-1.713305225,-1.532385704,2.123974146,-0.594471407,1.417695874,1.647010295,-0.008259640,-0.044481260,0.048698242,-0.004206443,-0.008304873,1.729570146
1770918454.758655548,21.700000000,-1.714246850,-1.537437328,2.129490540,-0.594934974,1.416749175,1.843139361,-0.010114946,-0.054034724,0.058838076,-0.004790394,-0.010168462,2.094395102
1770918454.858655453,21.800000000,-1.715265635,-1.542851836,2.135365966,-0.595394584,1.415725119,2.052578872,-0.010253261,-0.054244185,0.058679612,-0.004422230,-0.010305250,2.094395102
1770918454.958655596,21.900000000,-1.716298435,-1.548287594,2.141225528,-0.595817055,1.414687202,2.262018383,-0.010394525,-0.054458561,0.058521410,-0.004049406,-0.010444969,2.094395102
1770918455.058655500,22.000000000,-1.717345552,-1.553745100,2.147069249,-0.596201913,1.413635124,2.471457894,-0.010538824,-0.054677943,0.058363437,-0.003671800,-0.010587705,2.094395102
1770918455.158655405,22.100000000,-1.718407295,-1.559224860,2.152897152,-0.596548671,1.412568577,2.680897405,-0.010686247,-0.054902423,0.058205662,-0.003289288,-0.010733545,2.094395102
1770918455.258655548,22.200000000,-1.719483983,-1.564727393,2.158709253,-0.596856831,1.411487246,2.890336916,-0.010836886,-0.055132098,0.058048054,-0.002901741,-0.010882581,2.094395102
1770918455.358655453,22.300000000,-1.720575943,-1.570253226,2.164505569,-0.597125878,1.410390804,3.099776427,-0.010990835,-0.055367065,0.057890580,-0.002509028,-0.011034907,2.094395102
1770918455.458655596,22.400000000,-1.721683513,-1.575802894,2.170286111,-0.597355288,1.409278915,3.309215938,-0.011148194,-0.055607429,0.057733207,-0.002111015,-0.011190621,2.094395102
1770918455.558655500,22.500000000,-1.722807041,-1.581376947,2.176050887,-0.597544520,1.408151234,3.518655449,-0.011309066,-0.055853294,0.057575904,-0.001707562,-0.011349825,2.094395102
1770918455.658655405,22.600000000,-1.723946887,-1.586975941,2.181799903,-0.597693021,1.407007405,3.728094961,-0.011473556,-0.056104769,0.057418637,-0.001298529,-0.011512626,2.094395102
1770918455.758655548,22.700000000,-1.724972704,-1.591967616,2.186890230,-0.597790299,1.405978194,3.914018629,-0.008946257,-0.043312002,0.044003162,-0.000679143,-0.008974965,1.609462045
1770918455.858655453,22.800000000,-1.725731242,-1.595630439,2.190604390,-0.597840615,1.405217260,4.049964749,-0.006227512,-0.029949067,0.030277418,-0.000319960,-0.006246690,1.109460149
1770918455.958655596,22.900000000,-1.726214611,-1.597951934,2.192949016,-0.597863094,1.404732414,4.135910734,-0.003437774,-0.016477620,0.016617029,-0.000134770,-0.003448140,0.609459521
1770918456.058655500,23.000000000,-1.726417621,-1.598924167,2.193928863,-0.597870435,1.404528796,4.171856675,-0.000618945,-0.002961713,0.002983060,-0.000020510,-0.000620792,0.109459352
1770918456.158655405,23.100000000,-1.726512765,-1.599379375,2.194387312,-0.597873547,1.404433368,4.159119821,-0.000000245,-0.000000337,-0.000000172,0.000000508,-0.000000243,-0.373052226
1770918456.258655548,23.200000000,-1.726512806,-1.599379431,2.194387283,-0.597873462,1.404433327,4.096815190,-0.000000573,-0.000000788,-0.000000403,0.000001190,-0.000000570,-0.873045129
1770918456.358655453,23.300000000,-1.726512880,-1.599379532,2.194387231,-0.597873309,1.404433254,3.984511033,-0.000000901,-0.000001239,-0.000000634,0.000001874,-0.000000898,-1.373038047
1770918456.458655596,23.400000000,-1.726512934,-1.599379575,2.194387221,-0.597873256,1.404433199,3.822207414,-0.000000023,0.000000705,0.000000643,-0.000001348,-0.000000034,-1.873033462
1770918456.558655500,23.500000000,-1.726512937,-1.599379498,2.194387291,-0.597873403,1.404433195,3.617668412,-0.000000025,0.000000788,0.000000719,-0.000001508,-0.000000037,-2.094395102
1770918456.658655405,23.600000000,-1.726512982,-1.599379429,2.194387366,-0.597873546,1.404433149,3.408228902,-0.000000451,0.000000688,0.000000747,-0.000001433,-0.000000462,-2.094395102
1770918456.758655548,23.700000000,-1.726513052,-1.599379370,2.194387439,-0.597873677,1.404433078,3.198789392,-0.000000840,0.000000533,0.000000714,-0.000001243,-0.000000850,-2.094395102
1770918456.858655453,23.800000000,-1.726513144,-1.599379322,2.194387508,-0.597873794,1.404432985,2.989349881,-0.000001160,0.000000334,0.000000623,-0.000000952,-0.000001168,-2.094395102
1770918456.958655596,23.900000000,-1.726513260,-1.599379289,2.194387570,-0.597873889,1.404432868,2.779910371,-0.000001160,0.000000334,0.000000623,-0.000000952,-0.000001168,-2.094395102
1770918457.058655500,24.000000000,-1.726513397,-1.599379276,2.194387619,-0.597873951,1.404432731,2.570470861,-0.000001387,0.000000109,0.000000482,-0.000000584,-0.000001392,-2.094395102
1770918457.158655405,24.100000000,-1.726513542,-1.599379278,2.194387658,-0.597873986,1.404432585,2.361031351,-0.000001502,-0.000000126,0.000000302,-0.000000168,-0.000001503,-2.094395102
1770918457.258655548,24.200000000,-1.726513692,-1.599379295,2.194387684,-0.597873995,1.404432435,2.151591840,-0.000001494,-0.000000350,0.000000097,0.000000261,-0.000001492,-2.094395102
1770918457.358655453,24.300000000,-1.726513841,-1.599379330,2.194387694,-0.597873969,1.404432286,1.942152330,-0.000001494,-0.000000350,0.000000097,0.000000261,-0.000001492,-2.094395102
1770918457.458655596,24.400000000,-1.726513980,-1.599379380,2.194387686,-0.597873910,1.404432148,1.733634339,-0.000001304,-0.000000521,-0.000000110,0.000000638,-0.000001299,-1.998399356
1770918457.558655500,24.500000000,-1.726514087,-1.599379430,2.194387671,-0.597873844,1.404432041,1.558794403,-0.000000806,-0.000000499,-0.000000228,0.000000732,-0.000000801,-1.498399356
1770918457.658655405,24.600000000,-1.726514154,-1.599379472,2.194387652,-0.597873783,1.404431975,1.433954467,-0.000000537,-0.000000333,-0.000000152,0.000000488,-0.000000533,-0.998399356
1770918457.758655548,24.700000000,-1.726514195,-1.599379497,2.194387641,-0.597873747,1.404431935,1.359114532,-0.000000268,-0.000000166,-0.000000076,0.000000243,-0.000000266,-0.498399356
1770918457.858655453,24.800000000,-1.725898346,-1.596358653,2.191448480,-0.597956265,1.405048809,1.332814616,0.023484166,0.115191643,-0.112076406,-0.003147081,0.023523261,-0.039699194
1770918457.958655596,24.900000000,-1.724910374,-1.591512611,2.186733504,-0.598088674,1.406038414,1.351837716,0.000000171,0.000000121,0.000000082,-0.000000264,-0.000000079,0.419234259
1770918458.058655500,25.000000000,-1.724910346,-1.591512591,2.186733518,-0.598088719,1.406038402,1.418760816,0.000000380,0.000000269,0.000000196,-0.000000643,-0.000000155,0.919227353
1770918458.158655405,25.100000000,-1.724910297,-1.591512557,2.186733545,-0.598088807,1.406038385,1.535683134,0.000000610,0.000000428,0.000000346,-0.000001151,-0.000000176,1.419219568
1770918458.258655548,25.200000000,-1.724910207,-1.591512510,2.186733570,-0.598088904,1.406038430,1.702604709,0.000001239,0.000000496,0.000000106,-0.000000610,0.000001236,1.919211462
1770918458.358655453,25.300000000,-1.724910073,-1.591512457,2.186733581,-0.598088968,1.406038564,1.908974619,0.000001479,0.000000346,-0.000000097,-0.000000257,0.000001477,2.094395102
1770918458.458655596,25.400000000,-1.724909925,-1.591512422,2.186733571,-0.598088994,1.406038711,2.118414130,0.000001479,0.000000346,-0.000000097,-0.000000257,0.000001477,2.094395102
1770918458.558655500,25.500000000,-1.724909777,-1.591512402,2.186733548,-0.598088992,1.406038860,2.327853640,0.000001487,0.000000123,-0.000000300,0.000000169,0.000001488,2.094395102
1770918458.658655405,25.600000000,-1.724909631,-1.591512397,2.186733513,-0.598088962,1.406039005,2.537293150,0.000001373,-0.000000110,-0.000000480,0.000000583,0.000001378,2.094395102
1770918458.758655548,25.700000000,-1.724909494,-1.591512408,2.186733465,-0.598088904,1.406039143,2.746732660,0.000001373,-0.000000110,-0.000000480,0.000000583,0.000001378,2.094395102
1770918458.858655453,25.800000000,-1.724909378,-1.591512440,2.186733404,-0.598088812,1.406039260,2.956172171,0.000001149,-0.000000334,-0.000000620,0.000000949,0.000001157,2.094395102
1770918458.958655596,25.900000000,-1.724909281,-1.591512485,2.186733337,-0.598088700,1.406039358,3.165611681,0.000000831,-0.000000532,-0.000000710,0.000001238,0.000000841,2.094395102
1770918459.058655500,26.000000000,-1.724909206,-1.591512541,2.186733265,-0.598088573,1.406039434,3.375051191,0.000000446,-0.000000686,-0.000000743,0.000001426,0.000000458,2.094395102
1770918459.158655405,26.100000000,-1.724909161,-1.591512610,2.186733191,-0.598088430,1.406039480,3.584490701,0.000000446,-0.000000686,-0.000000743,0.000001426,0.000000458,2.094395102
1770918459.258655548,26.200000000,-1.724909152,-1.591512686,2.186733119,-0.598088282,1.406039490,3.792747651,0.000000024,-0.000000743,-0.000000678,0.000001422,0.000000035,1.985649491
1770918459.358655453,26.300000000,-1.724909163,-1.591512752,2.186733062,-0.598088159,1.406039481,3.966312600,-0.000000282,-0.000000581,-0.000000447,0.000001030,-0.000000274,1.485649491
1770918459.458655596,26.400000000,-1.724909186,-1.591512800,2.186733025,-0.598088074,1.406039458,4.089877549,-0.000000187,-0.000000386,-0.000000296,0.000000683,-0.000000182,0.985649491
1770918459.558655500,26.500000000,-1.724909200,-1.591512829,2.186733003,-0.598088023,1.406039444,4.163442498,-0.000000092,-0.000000190,-0.000000146,0.000000337,-0.000000090,0.485649491
1770918459.658655405,26.600000000,-1.724248966,-1.588230018,2.183505548,-0.598144268,1.406700940,4.188543472,0.023233264,0.115519761,-0.113571237,-0.001979808,0.023277635,0.026225504
1770918459.758655548,26.700000000,-1.723337132,-1.583696225,2.179048245,-0.598221991,1.407614505,4.168270099,0.000000042,0.000000158,0.000000176,-0.000000465,-0.000000186,-0.432951848
1770918459.858655453,26.800000000,-1.723337125,-1.583696200,2.179048272,-0.598222062,1.407614474,4.099975369,0.000000081,0.000000336,0.000000364,-0.000000943,-0.000000431,-0.932943504
1770918459.958655596,26.900000000,-1.723337116,-1.583696158,2.179048316,-0.598222174,1.407614416,3.981681446,0.000000102,0.000000504,0.000000517,-0.000001290,-0.000000724,-1.432935835
1770918460.058655500,27.000000000,-1.723337112,-1.583696097,2.179048374,-0.598222306,1.407614374,3.813388266,-0.000000023,0.000000720,0.000000656,-0.000001374,-0.000000035,-1.932927747
1770918460.158655405,27.100000000,-1.723337117,-1.583696021,2.179048444,-0.598222453,1.407614368,3.606556589,-0.000000442,0.000000683,0.000000739,-0.000001420,-0.000000453,-2.094395102
1770918460.258655548,27.200000000,-1.723337161,-1.583695952,2.179048518,-0.598222595,1.407614323,3.397117079,-0.000000442,0.000000683,0.000000739,-0.000001420,-0.000000453,-2.094395102
1770918460.358655453,27.300000000,-1.723337231,-1.583695895,2.179048590,-0.598222724,1.407614251,3.187677569,-0.000000823,0.000000530,0.000000706,-0.000001232,-0.000000833,-2.094395102
1770918460.458655596,27.400000000,-1.723337324,-1.583695848,2.179048658,-0.598222838,1.407614158,2.978238058,-0.000001137,0.000000335,0.000000617,-0.000000945,-0.000001145,-2.094395102
1770918460.558655500,27.500000000,-1.723337437,-1.583695815,2.179048719,-0.598222933,1.407614044,2.768798548,-0.000001137,0.000000335,0.000000617,-0.000000945,-0.000001145,-2.094395102
1770918460.658655405,27.600000000,-1.723337572,-1.583695802,2.179048767,-0.598222992,1.407613908,2.559359038,-0.000001360,0.000000112,0.000000477,-0.000000582,-0.000001365,-2.094395102
1770918460.758655548,27.700000000,-1.723337715,-1.583695805,2.179048805,-0.598223026,1.407613765,2.349919528,-0.000001472,-0.000000120,0.000000299,-0.000000171,-0.000001473,-2.094395102
1770918460.858655453,27.800000000,-1.723337862,-1.583695822,2.179048830,-0.598223033,1.407613618,2.140480017,-0.000001465,-0.000000342,0.000000096,0.000000254,-0.000001463,-2.094395102
1770918460.958655596,27.900000000,-1.723338009,-1.583695857,2.179048839,-0.598223008,1.407613472,1.931040507,-0.000001465,-0.000000342,0.000000096,0.000000254,-0.000001463,-2.094395102
1770918461.058655500,28.000000000,-1.723338143,-1.583695907,2.179048831,-0.598222947,1.407613338,1.723094584,-0.000001261,-0.000000505,-0.000000108,0.000000620,-0.000001256,-1.972182728
1770918461.158655405,28.100000000,-1.723338246,-1.583695956,2.179048815,-0.598222882,1.407613235,1.550876311,-0.000000777,-0.000000483,-0.000000222,0.000000709,-0.000000771,-1.472182728
1770918461.258655548,28.200000000,-1.723338310,-1.583695996,2.179048796,-0.598222823,1.407613171,1.428658038,-0.000000513,-0.000000319,-0.000000146,0.000000468,-0.000000509,-0.972182728
1770918461.358655453,28.300000000,-1.723338348,-1.583696020,2.179048786,-0.598222788,1.407613134,1.356439765,-0.000000249,-0.000000155,-0.000000071,0.000000227,-0.000000247,-0.472182728
1770918461.458655596,28.400000000,-1.722621624,-1.580083846,2.175460986,-0.598248121,1.408331406,1.332582695,0.023112641,0.116482258,-0.115695896,-0.000817266,0.023162555,-0.012376027
1770918461.558655500,28.500000000,-1.721796985,-1.575927895,2.171333102,-0.598277294,1.409157814,1.354179054,0.000000180,0.000000128,0.000000086,-0.000000277,-0.000000080,0.447739219
1770918461.658655405,28.600000000,-1.721796956,-1.575927875,2.171333116,-0.598277340,1.409157802,1.423952594,0.000000387,0.000000274,0.000000199,-0.000000651,-0.000000152,0.947732088
1770918461.758655548,28.700000000,-1.721796906,-1.575927840,2.171333143,-0.598277430,1.409157785,1.543725350,0.000000613,0.000000432,0.000000347,-0.000001152,-0.000000170,1.447724393
1770918461.858655453,28.800000000,-1.721796814,-1.575927793,2.171333167,-0.598277521,1.409157838,1.713497361,0.000001233,0.000000494,0.000000106,-0.000000609,0.000001229,1.947714842
1770918461.958655596,28.900000000,-1.721796682,-1.575927742,2.171333176,-0.598277583,1.409157970,1.920784741,0.000001450,0.000000338,-0.000000096,-0.000000250,0.000001448,2.094395102
1770918462.058655500,29.000000000,-1.721796537,-1.575927708,2.171333167,-0.598277608,1.409158115,2.130224251,0.000001450,0.000000338,-0.000000096,-0.000000250,0.000001448,2.094395102
1770918462.158655405,29.100000000,-1.721796391,-1.575927690,2.171333143,-0.598277603,1.409158260,2.339663761,0.000001457,0.000000117,-0.000000297,0.000000172,0.000001459,2.094395102
1770918462.258655548,29.200000000,-1.721796250,-1.575927687,2.171333107,-0.598277571,1.409158402,2.549103271,0.000001346,-0.000000113,-0.000000474,0.000000580,0.000001351,2.094395102
1770918462.358655453,29.300000000,-1.721796115,-1.575927698,2.171333059,-0.598277513,1.409158538,2.758542781,0.000001346,-0.000000113,-0.000000474,0.000000580,0.000001351,2.094395102
1770918462.458655596,29.400000000,-1.721796002,-1.575927731,2.171332998,-0.598277419,1.409158651,2.967982292,0.000001126,-0.000000334,-0.000000613,0.000000942,0.000001134,2.094395102
1770918462.558655500,29.500000000,-1.721795909,-1.575927777,2.171332931,-0.598277307,1.409158745,3.177421802,0.000000815,-0.000000529,-0.000000703,0.000001227,0.000000825,2.094395102
1770918462.658655405,29.600000000,-1.721795837,-1.575927834,2.171332860,-0.598277179,1.409158818,3.386861312,0.000000438,-0.000000680,-0.000000735,0.000001413,0.000000449,2.094395102
1770918462.758655548,29.700000000,-1.721795794,-1.575927902,2.171332787,-0.598277038,1.409158863,3.596300822,0.000000438,-0.000000680,-0.000000735,0.000001413,0.000000449,2.094395102
1770918462.858655453,29.800000000,-1.721795787,-1.575927978,2.171332716,-0.598276892,1.409158871,3.803860986,0.000000023,-0.000000725,-0.000000661,0.000001387,0.000000034,1.957305860
1770918462.958655596,29.900000000,-1.721795799,-1.575928042,2.171332661,-0.598276772,1.409158859,3.974591572,-0.000000271,-0.000000563,-0.000000434,0.000000999,-0.000000263,1.457305860
1770918463.058655500,30.000000000,-1.721795822,-1.575928089,2.171332626,-0.598276690,1.409158838,4.095322158,-0.000000178,-0.000000370,-0.000000285,0.000000656,-0.000000173,0.957305860
1770918463.158655405,30.100000000,-1.721795835,-1.575928116,2.171332604,-0.598276641,1.409158825,4.166052744,-0.000000085,-0.000000177,-0.000000136,0.000000313,-0.000000083,0.457305860
1770918463.258655548,30.200000000,-1.721030176,-1.572017105,2.167408655,-0.598264719,1.409926333,4.188521943,0.022840305,0.116668590,-0.117054098,0.000355183,0.022895443,-0.002877891
1770918463.358655453,30.300000000,-1.720284344,-1.568207393,2.163586372,-0.598253145,1.410673952,4.165537370,0.000000045,0.000000167,0.000000185,-0.000000489,-0.000000193,-0.462765395
1770918463.458655596,30.400000000,-1.720284338,-1.568207367,2.163586399,-0.598253217,1.410673921,4.094261317,0.000000085,0.000000344,0.000000370,-0.000000957,-0.000000432,-0.962757255
1770918463.558655500,30.500000000,-1.720284329,-1.568207325,2.163586444,-0.598253330,1.410673863,3.972986060,0.000000106,0.000000510,0.000000520,-0.000001297,-0.000000718,-1.462749649
1770918463.658655405,30.600000000,-1.720284325,-1.568207263,2.163586502,-0.598253461,1.410673826,3.801711550,-0.000000023,0.000000724,0.000000659,-0.000001381,-0.000000035,-1.962740111
1770918463.758655548,30.700000000,-1.720284332,-1.568207188,2.163586572,-0.598253606,1.410673818,3.594005958,-0.000000433,0.000000677,0.000000731,-0.000001406,-0.000000445,-2.094395102
1770918463.858655453,30.800000000,-1.720284375,-1.568207120,2.163586645,-0.598253747,1.410673774,3.384566448,-0.000000433,0.000000677,0.000000731,-0.000001406,-0.000000445,-2.094395102
1770918463.958655596,30.900000000,-1.720284446,-1.568207063,2.163586716,-0.598253874,1.410673701,3.175126938,-0.000000807,0.000000527,0.000000699,-0.000001222,-0.000000817,-2.094395102
1770918464.058655500,31.000000000,-1.720284539,-1.568207018,2.163586783,-0.598253985,1.410673608,2.965687428,-0.000001115,0.000000334,0.000000610,-0.000000939,-0.000001123,-2.094395102
1770918464.158655405,31.100000000,-1.720284651,-1.568206985,2.163586843,-0.598254078,1.410673495,2.756247917,-0.000001333,0.000000115,0.000000472,-0.000000579,-0.000001338,-2.094395102
1770918464.258655548,31.200000000,-1.720284784,-1.568206974,2.163586891,-0.598254136,1.410673361,2.546808407,-0.000001333,0.000000115,0.000000472,-0.000000579,-0.000001338,-2.094395102
1770918464.358655453,31.300000000,-1.720284925,-1.568206977,2.163586926,-0.598254167,1.410673221,2.337368897,-0.000001443,-0.000000114,0.000000295,-0.000000173,-0.000001445,-2.094395102
1770918464.458655596,31.400000000,-1.720285069,-1.568206995,2.163586950,-0.598254172,1.410673076,2.127929387,-0.000001436,-0.000000334,0.000000095,0.000000247,-0.000001434,-2.094395102
1770918464.558655500,31.500000000,-1.720285213,-1.568207028,2.163586959,-0.598254148,1.410672933,1.918489876,-0.000001436,-0.000000334,0.000000095,0.000000247,-0.000001434,-2.094395102
1770918464.658655405,31.600000000,-1.720285343,-1.568207079,2.163586950,-0.598254086,1.410672803,1.711360510,-0.000001218,-0.000000489,-0.000000105,0.000000600,-0.000001213,-1.942403537
1770918464.758655548,31.700000000,-1.720285441,-1.568207127,2.163586933,-0.598254021,1.410672706,1.542120156,-0.000000746,-0.000000466,-0.000000215,0.000000685,-0.000000740,-1.442403537
1770918464.858655453,31.800000000,-1.720285503,-1.568207166,2.163586916,-0.598253965,1.410672644,1.422879803,-0.000000487,-0.000000305,-0.000000140,0.000000448,-0.000000484,-0.942403537
1770918464.958655596,31.900000000,-1.720285539,-1.568207188,2.163586905,-0.598253932,1.410672609,1.353639449,-0.000000229,-0.000000143,-0.000000066,0.000000210,-0.000000227,-0.442403537
1770918465.058655500,32.000000000,-1.719466305,-1.563966146,2.159289452,-0.598198600,1.411494032,1.332506533,0.022090168,0.114355959,-0.115876764,0.001491682,0.022149215,0.016923334
1770918465.158655405,32.100000000,-1.718802950,-1.560532143,2.155809792,-0.598153821,1.412159147,1.356763540,0.000000189,0.000000135,0.000000090,-0.000000290,-0.000000081,0.476535585
1770918465.258655548,32.200000000,-1.718802921,-1.560532122,2.155809806,-0.598153869,1.412159136,1.429416883,0.000000397,0.000000281,0.000000210,-0.000000685,-0.000000140,0.976528983
1770918465.358655453,32.300000000,-1.718802870,-1.560532087,2.155809834,-0.598153960,1.412159120,1.552069478,0.000000617,0.000000435,0.000000348,-0.000001153,-0.000000165,1.476523193
1770918465.458655596,32.400000000,-1.718802776,-1.560532040,2.155809856,-0.598154046,1.412159180,1.724721314,0.000001227,0.000000493,0.000000107,-0.000000608,0.000001223,1.976513639
1770918465.558655500,32.500000000,-1.718802645,-1.560531991,2.155809864,-0.598154105,1.412159311,1.932770598,0.000001422,0.000000330,-0.000000095,-0.000000244,0.000001420,2.094395102
1770918465.658655405,32.600000000,-1.718802503,-1.560531958,2.155809855,-0.598154129,1.412159453,2.142210108,0.000001422,0.000000330,-0.000000095,-0.000000244,0.000001420,2.094395102
1770918465.758655548,32.700000000,-1.718802360,-1.560531942,2.155809830,-0.598154121,1.412159595,2.351649619,0.000001429,0.000000112,-0.000000294,0.000000174,0.000001431,2.094395102
1770918465.858655453,32.800000000,-1.718802222,-1.560531940,2.155809793,-0.598154087,1.412159734,2.561089129,0.000001320,-0.000000116,-0.000000470,0.000000578,0.000001325,2.094395102
1770918465.958655596,32.900000000,-1.718802091,-1.560531953,2.155809746,-0.598154028,1.412159866,2.770528639,0.000001105,-0.000000334,-0.000000607,0.000000935,0.000001112,2.094395102
1770918466.058655500,33.000000000,-1.718801980,-1.560531986,2.155809685,-0.598153934,1.412159977,2.979968149,0.000001105,-0.000000334,-0.000000607,0.000000935,0.000001112,2.094395102
1770918466.158655405,33.100000000,-1.718801891,-1.560532033,2.155809618,-0.598153821,1.412160067,3.189407660,0.000000799,-0.000000525,-0.000000695,0.000001216,0.000000809,2.094395102
1770918466.258655548,33.200000000,-1.718801823,-1.560532090,2.155809548,-0.598153694,1.412160136,3.398847170,0.000000429,-0.000000674,-0.000000727,0.000001399,0.000000441,2.094395102
1770918466.358655453,33.300000000,-1.718801780,-1.560532157,2.155809475,-0.598153554,1.412160181,3.608286680,0.000000429,-0.000000674,-0.000000727,0.000001399,0.000000441,2.094395102
1770918466.458655596,33.400000000,-1.718801776,-1.560532233,2.155809406,-0.598153409,1.412160186,3.814970293,0.000000022,-0.000000707,-0.000000645,0.000001352,0.000000033,1.928386162
1770918466.558655500,33.500000000,-1.718801789,-1.560532296,2.155809353,-0.598153293,1.412160173,3.982808910,-0.000000261,-0.000000545,-0.000000421,0.000000968,-0.000000253,1.428386162
1770918466.658655405,33.600000000,-1.718801811,-1.560532341,2.155809318,-0.598153214,1.412160152,4.100647526,-0.000000170,-0.000000354,-0.000000273,0.000000629,-0.000000164,0.928386162
1770918466.758655548,33.700000000,-1.718801823,-1.560532367,2.155809298,-0.598153168,1.412160140,4.168486142,-0.000000078,-0.000000164,-0.000000126,0.000000290,-0.000000076,0.428386162
1770918466.858655453,33.800000000,-1.717945620,-1.556040512,2.151213077,-0.598049922,1.413018859,4.188341359,0.021578574,0.113206281,-0.115836204,0.002601671,0.021641948,-0.030283065
1770918466.958655596,33.900000000,-1.717347376,-1.552901988,2.148001660,-0.597977820,1.413618847,4.162901848,0.000000048,0.000000175,0.000000193,-0.000000508,-0.000000199,-0.489106525
1770918467.058655500,34.000000000,-1.717347370,-1.552901961,2.148001688,-0.597977893,1.413618815,4.088991432,0.000000083,0.000000348,0.000000369,-0.000000942,-0.000000443,-0.989099901
1770918467.158655405,34.100000000,-1.717347360,-1.552901918,2.148001733,-0.597978006,1.413618758,3.965081760,0.000000106,0.000000511,0.000000512,-0.000001260,-0.000000722,-1.489092781
1770918467.258655548,34.200000000,-1.717347357,-1.552901856,2.148001792,-0.597978135,1.413618726,3.791172854,-0.000000023,0.000000726,0.000000661,-0.000001385,-0.000000035,-1.989084565
1770918467.358655453,34.300000000,-1.717347366,-1.552901782,2.148001861,-0.597978279,1.413618715,3.582842996,-0.000000425,0.000000671,0.000000724,-0.000001392,-0.000000437,-2.094395102
1770918467.458655596,34.400000000,-1.717347408,-1.552901715,2.148001934,-0.597978419,1.413618672,3.373403486,-0.000000425,0.000000671,0.000000724,-0.000001392,-0.000000437,-2.094395102
1770918467.558655500,34.500000000,-1.717347480,-1.552901659,2.148002003,-0.597978543,1.413618599,3.163963976,-0.000000792,0.000000524,0.000000692,-0.000001211,-0.000000802,-2.094395102
1770918467.658655405,34.600000000,-1.717347572,-1.552901615,2.148002069,-0.597978652,1.413618505,2.954524465,-0.000001094,0.000000334,0.000000604,-0.000000932,-0.000001102,-2.094395102
1770918467.758655548,34.700000000,-1.717347683,-1.552901584,2.148002128,-0.597978743,1.413618394,2.745084955,-0.000001308,0.000000117,0.000000467,-0.000000577,-0.000001313,-2.094395102
1770918467.858655453,34.800000000,-1.717347814,-1.552901572,2.148002175,-0.597978801,1.413618263,2.535645445,-0.000001308,0.000000117,0.000000467,-0.000000577,-0.000001313,-2.094395102
1770918467.958655596,34.900000000,-1.717347953,-1.552901576,2.148002209,-0.597978830,1.413618124,2.326205935,-0.000001416,-0.000000109,0.000000292,-0.000000175,-0.000001417,-2.094395102
1770918468.058655500,35.000000000,-1.717348094,-1.552901595,2.148002232,-0.597978833,1.413617982,2.116766424,-0.000001409,-0.000000327,0.000000094,0.000000240,-0.000001407,-2.094395102
1770918468.158655405,35.100000000,-1.717348235,-1.552901627,2.148002241,-0.597978809,1.413617842,1.907326914,-0.000001409,-0.000000327,0.000000094,0.000000240,-0.000001407,-2.094395102
1770918468.258655548,35.200000000,-1.717348362,-1.552901678,2.148002230,-0.597978747,1.413617715,1.701074220,-0.000001178,-0.000000473,-0.000000102,0.000000583,-0.000001173,-1.915878537
1770918468.358655453,35.300000000,-1.717348455,-1.552901725,2.148002214,-0.597978683,1.413617622,1.534486367,-0.000000718,-0.000000451,-0.000000209,0.000000664,-0.000000713,-1.415878537
1770918468.458655596,35.400000000,-1.717348514,-1.552901762,2.148002196,-0.597978628,1.413617564,1.417898513,-0.000000465,-0.000000292,-0.000000135,0.000000429,-0.000000461,-0.915878537
1770918468.558655500,35.500000000,-1.717348548,-1.552901783,2.148002187,-0.597978597,1.413617530,1.351310659,-0.000000211,-0.000000132,-0.000000061,0.000000195,-0.000000209,-0.415878537
1770918468.658655405,35.600000000,-1.716453159,-1.548141642,2.143084463,-0.597822178,1.414515791,1.332566238,0.020851724,0.110852477,-0.114521966,0.003642386,0.020918564,0.042176322
1770918468.758655548,35.700000000,-1.715921340,-1.545314420,2.140163665,-0.597729297,1.415049300,1.359057783,0.000000196,0.000000140,0.000000094,-0.000000299,-0.000000081,0.500552594
1770918468.858655453,35.800000000,-1.715921310,-1.545314399,2.140163680,-0.597729345,1.415049289,1.434112579,0.000000401,0.000000285,0.000000211,-0.000000689,-0.000000137,1.000543551
1770918468.958655596,35.900000000,-1.715921259,-1.545314363,2.140163708,-0.597729437,1.415049274,1.559166599,0.000000624,0.000000439,0.000000358,-0.000001188,-0.000000141,1.500536403
1770918469.058655500,36.000000000,-1.715921164,-1.545314317,2.140163728,-0.597729520,1.415049340,1.734219848,0.000001219,0.000000490,0.000000107,-0.000000606,0.000001215,2.000528186
1770918469.158655405,36.100000000,-1.715921035,-1.545314269,2.140163736,-0.597729575,1.415049468,1.942777632,0.000001395,0.000000323,-0.000000094,-0.000000237,0.000001394,2.094395102
1770918469.258655548,36.200000000,-1.715920895,-1.545314237,2.140163726,-0.597729599,1.415049608,2.152217142,0.000001395,0.000000323,-0.000000094,-0.000000237,0.000001394,2.094395102
1770918469.358655453,36.300000000,-1.715920755,-1.545314222,2.140163701,-0.597729589,1.415049748,2.361656653,0.000001402,0.000000107,-0.000000291,0.000000176,0.000001404,2.094395102
1770918469.458655596,36.400000000,-1.715920620,-1.545314222,2.140163663,-0.597729553,1.415049884,2.571096163,0.000001296,-0.000000118,-0.000000465,0.000000576,0.000001300,2.094395102
1770918469.558655500,36.500000000,-1.715920492,-1.545314236,2.140163616,-0.597729492,1.415050012,2.780535673,0.000001084,-0.000000333,-0.000000601,0.000000928,0.000001092,2.094395102
1770918469.658655405,36.600000000,-1.715920384,-1.545314269,2.140163556,-0.597729399,1.415050121,2.989975183,0.000001084,-0.000000333,-0.000000601,0.000000928,0.000001092,2.094395102
1770918469.758655548,36.700000000,-1.715920297,-1.545314316,2.140163489,-0.597729286,1.415050208,3.199414694,0.000000784,-0.000000522,-0.000000688,0.000001206,0.000000794,2.094395102
1770918469.858655453,36.800000000,-1.715920232,-1.545314374,2.140163419,-0.597729158,1.415050274,3.408854204,0.000000421,-0.000000668,-0.000000720,0.000001386,0.000000433,2.094395102
1770918469.958655596,36.900000000,-1.715920190,-1.545314441,2.140163347,-0.597729020,1.415050317,3.618293714,0.000000024,-0.000000760,-0.000000693,0.000001453,0.000000036,2.094395102
1770918470.058655500,37.000000000,-1.715920188,-1.545314516,2.140163279,-0.597728877,1.415050321,3.824115668,0.000000022,-0.000000691,-0.000000630,0.000001321,0.000000033,1.904196363
1770918470.158655405,37.100000000,-1.715920203,-1.545314577,2.140163228,-0.597728764,1.415050307,3.989535304,-0.000000252,-0.000000530,-0.000000409,0.000000941,-0.000000244,1.404196363
1770918470.258655548,37.200000000,-1.715920223,-1.545314620,2.140163194,-0.597728687,1.415050287,4.104954941,-0.000000162,-0.000000341,-0.000000264,0.000000606,-0.000000157,0.904196363
1770918470.358655453,37.300000000,-1.715920235,-1.545314645,2.140163175,-0.597728643,1.415050276,4.170374577,-0.000000072,-0.000000152,-0.000000118,0.000000271,-0.000000070,0.404196363
1770918470.458655596,37.400000000,-1.715001081,-1.540363211,2.134999258,-0.597517346,1.415972629,4.188059709,0.020252451,0.109098640,-0.113780139,0.004655355,0.020322915,-0.053245005
1770918470.558655500,37.500000000,-1.714519570,-1.537769345,2.132294107,-0.597406690,1.416455803,4.160599611,0.000000050,0.000000181,0.000000199,-0.000000522,-0.000000202,-0.510869554
1770918470.658655405,37.600000000,-1.714519563,-1.537769318,2.132294135,-0.597406764,1.416455771,4.084513115,0.000000086,0.000000352,0.000000372,-0.000000948,-0.000000440,-1.010860768
1770918470.758655548,37.700000000,-1.714519553,-1.537769275,2.132294180,-0.597406877,1.416455714,3.958427389,0.000000109,0.000000514,0.000000513,-0.000001260,-0.000000712,-1.510853628
1770918470.858655453,37.800000000,-1.714519550,-1.537769212,2.132294238,-0.597407005,1.416455685,3.782342434,-0.000000023,0.000000726,0.000000662,-0.000001386,-0.000000035,-2.010845411
1770918470.958655596,37.900000000,-1.714519561,-1.537769139,2.132294308,-0.597407148,1.416455673,3.573601604,-0.000000417,0.000000665,0.000000716,-0.000001379,-0.000000429,-2.094395102
1770918471.058655500,38.000000000,-1.714519603,-1.537769072,2.132294379,-0.597407286,1.416455631,3.364162094,-0.000000417,0.000000665,0.000000716,-0.000001379,-0.000000429,-2.094395102
1770918471.158655405,38.100000000,-1.714519675,-1.537769018,2.132294448,-0.597407408,1.416455557,3.154722583,-0.000000777,0.000000520,0.000000685,-0.000001201,-0.000000787,-2.094395102
1770918471.258655548,38.200000000,-1.714519767,-1.537768975,2.132294513,-0.597407515,1.416455465,2.945283073,-0.000001074,0.000000333,0.000000598,-0.000000925,-0.000001081,-2.094395102
1770918471.358655453,38.300000000,-1.714519876,-1.537768944,2.132294571,-0.597407604,1.416455354,2.735843563,-0.000001283,0.000000119,0.000000462,-0.000000574,-0.000001288,-2.094395102
1770918471.458655596,38.400000000,-1.714520005,-1.537768932,2.132294617,-0.597407661,1.416455225,2.526404053,-0.000001283,0.000000119,0.000000462,-0.000000574,-0.000001288,-2.094395102
1770918471.558655500,38.500000000,-1.714520141,-1.537768937,2.132294650,-0.597407689,1.416455089,2.316964542,-0.000001389,-0.000000104,0.000000290,-0.000000177,-0.000001391,-2.094395102
1770918471.658655405,38.600000000,-1.714520280,-1.537768956,2.132294672,-0.597407690,1.416454950,2.107525032,-0.000001382,-0.000000320,0.000000093,0.000000234,-0.000001381,-2.094395102
1770918471.758655548,38.700000000,-1.714520418,-1.537768989,2.132294680,-0.597407666,1.416454812,1.898085522,-0.000001264,-0.000000509,-0.000000111,0.000000627,-0.000001259,-2.094395102
1770918471.858655453,38.800000000,-1.714520542,-1.537769039,2.132294670,-0.597407604,1.416454689,1.692663963,-0.000001143,-0.000000460,-0.000000100,0.000000567,-0.000001138,-1.893946830
1770918471.958655596,38.900000000,-1.714520631,-1.537769085,2.132294652,-0.597407541,1.416454600,1.528269280,-0.000000694,-0.000000437,-0.000000203,0.000000645,-0.000000689,-1.393946830
1770918472.058655500,39.000000000,-1.714520688,-1.537769121,2.132294636,-0.597407488,1.416454543,1.413874597,-0.000000445,-0.000000280,-0.000000130,0.000000413,-0.000000442,-0.893946830
1770918472.158655405,39.100000000,-1.714520720,-1.537769141,2.132294626,-0.597407458,1.416454511,1.349479914,-0.000000196,-0.000000124,-0.000000058,0.000000182,-0.000000195,-0.393946830
1770918472.258655548,39.200000000,-1.713575700,-1.532610987,2.126864848,-0.597137044,1.417403084,1.332694568,0.019478467,0.106317342,-0.111915734,0.005573433,0.019551661,0.062902138
1770918472.358655453,39.300000000,-1.713145757,-1.530264320,2.124394625,-0.597014042,1.417834628,1.361001094,0.000000201,0.000000144,0.000000096,-0.000000306,-0.000000080,0.520130329
1770918472.458655596,39.400000000,-1.713145727,-1.530264299,2.124394640,-0.597014091,1.417834618,1.438013444,0.000000404,0.000000287,0.000000212,-0.000000691,-0.000000132,1.020119300
1770918472.558655500,39.500000000,-1.713145676,-1.530264262,2.124394668,-0.597014183,1.417834603,1.565025009,0.000000623,0.000000439,0.000000357,-0.000001182,-0.000000134,1.520112134
1770918472.658655405,39.600000000,-1.713145580,-1.530264217,2.124394687,-0.597014262,1.417834673,1.742035799,0.000001208,0.000000486,0.000000107,-0.000000602,0.000001204,2.020103917
1770918472.758655548,39.700000000,-1.713145452,-1.530264171,2.124394694,-0.597014315,1.417834800,1.950922764,0.000001370,0.000000316,-0.000000093,-0.000000231,0.000001368,2.094395102
1770918472.858655453,39.800000000,-1.713145315,-1.530264140,2.124394684,-0.597014339,1.417834937,2.160362274,0.000001370,0.000000316,-0.000000093,-0.000000231,0.000001368,2.094395102
1770918472.958655596,39.900000000,-1.713145178,-1.530264126,2.124394658,-0.597014326,1.417835075,2.369801784,0.000001376,0.000000102,-0.000000288,0.000000178,0.000001378,2.094395102
1770918473.058655500,40.000000000,-1.713145045,-1.530264127,2.124394621,-0.597014289,1.417835207,2.579241294,0.000001272,-0.000000120,-0.000000460,0.000000573,0.000001276,2.094395102
1770918473.158655405,40.100000000,-1.713144921,-1.530264142,2.124394573,-0.597014227,1.417835332,2.788680805,0.000001064,-0.000000332,-0.000000595,0.000000922,0.000001071,2.094395102
1770918473.258655548,40.200000000,-1.713144814,-1.530264175,2.124394513,-0.597014135,1.417835439,2.998120315,0.000001064,-0.000000332,-0.000000595,0.000000922,0.000001071,2.094395102
1770918473.358655453,40.300000000,-1.713144731,-1.530264223,2.124394447,-0.597014021,1.417835524,3.207559825,0.000000770,-0.000000518,-0.000000682,0.000001195,0.000000780,2.094395102
1770918473.458655596,40.400000000,-1.713144668,-1.530264281,2.124394378,-0.597013895,1.417835588,3.416999335,0.000000414,-0.000000661,-0.000000713,0.000001372,0.000000425,2.094395102
1770918473.558655500,40.500000000,-1.713144629,-1.530264347,2.124394307,-0.597013757,1.417835628,3.626438846,0.000000024,-0.000000751,-0.000000687,0.000001438,0.000000036,2.094395102
1770918473.658655405,40.600000000,-1.713144626,-1.530264421,2.124394239,-0.597013616,1.417835632,3.831470935,0.000000021,-0.000000676,-0.000000618,0.000001294,0.000000032,1.884456523
1770918473.758655548,40.700000000,-1.713144642,-1.530264481,2.124394190,-0.597013506,1.417835617,3.994916587,-0.000000243,-0.000000516,-0.000000400,0.000000917,-0.000000236,1.384456523
1770918473.858655453,40.800000000,-1.713144662,-1.530264523,2.124394157,-0.597013431,1.417835598,4.108362239,-0.000000155,-0.000000330,-0.000000255,0.000000586,-0.000000151,0.884456523
1770918473.958655596,40.900000000,-1.713144673,-1.530264547,2.124394138,-0.597013389,1.417835587,4.171807892,-0.000000068,-0.000000143,-0.000000111,0.000000255,-0.000000065,0.384456523
1770918474.058655500,41.000000000,-1.712187163,-1.524969302,2.118768772,-0.596684485,1.418796969,4.187737276,0.018872225,0.104367416,-0.110873729,0.006482293,0.018948497,-0.071818348
1770918474.158655405,41.100000000,-1.711794773,-1.522799309,2.116463522,-0.596549735,1.419190931,4.158661491,0.000000052,0.000000185,0.000000203,-0.000000531,-0.000000203,-0.528328255
1770918474.258655548,41.200000000,-1.711794766,-1.522799282,2.116463551,-0.596549809,1.419190899,4.080829344,0.000000088,0.000000355,0.000000373,-0.000000950,-0.000000436,-1.028317470
1770918474.358655453,41.300000000,-1.711794756,-1.522799238,2.116463595,-0.596549921,1.419190843,3.952997973,0.000000112,0.000000515,0.000000513,-0.000001257,-0.000000700,-1.528310312
1770918474.458655596,41.400000000,-1.711794754,-1.522799176,2.116463653,-0.596550049,1.419190817,3.775167379,-0.000000023,0.000000724,0.000000661,-0.000001383,-0.000000035,-2.028301914
1770918474.558655500,41.500000000,-1.711794766,-1.522799103,2.116463722,-0.596550190,1.419190804,3.566165325,-0.000000410,0.000000658,0.000000710,-0.000001366,-0.000000421,-2.094395102
1770918474.658655405,41.600000000,-1.711794807,-1.522799038,2.116463793,-0.596550326,1.419190762,3.356725814,-0.000000410,0.000000658,0.000000710,-0.000001366,-0.000000421,-2.094395102
1770918474.758655548,41.700000000,-1.711794879,-1.522798984,2.116463861,-0.596550447,1.419190689,3.147286304,-0.000000763,0.000000516,0.000000678,-0.000001190,-0.000000773,-2.094395102
1770918474.858655453,41.800000000,-1.711794970,-1.522798942,2.116463925,-0.596550552,1.419190597,2.937846794,-0.000001054,0.000000332,0.000000592,-0.000000918,-0.000001062,-2.094395102
1770918474.958655596,41.900000000,-1.711795078,-1.522798912,2.116463982,-0.596550639,1.419190488,2.728407284,-0.000001260,0.000000121,0.000000458,-0.000000572,-0.000001265,-2.094395102
1770918475.058655500,42.000000000,-1.711795204,-1.522798900,2.116464028,-0.596550696,1.419190361,2.518967774,-0.000001260,0.000000121,0.000000458,-0.000000572,-0.000001265,-2.094395102
1770918475.158655405,42.100000000,-1.711795339,-1.522798905,2.116464060,-0.596550722,1.419190227,2.309528263,-0.000001364,-0.000000100,0.000000287,-0.000000179,-0.000001365,-2.094395102
1770918475.258655548,42.200000000,-1.711795475,-1.522798924,2.116464080,-0.596550723,1.419190091,2.100088753,-0.000001357,-0.000000313,0.000000092,0.000000228,-0.000001355,-2.094395102
1770918475.358655453,42.300000000,-1.711795610,-1.522798957,2.116464088,-0.596550698,1.419189956,1.890649243,-0.000001240,-0.000000500,-0.000000110,0.000000617,-0.000001235,-2.094395102
1770918475.458655596,42.400000000,-1.711795730,-1.522799005,2.116464078,-0.596550638,1.419189836,1.687532298,-0.000001092,-0.000000440,-0.000000097,0.000000543,-0.000001087,-1.842947989
1770918475.558655500,42.500000000,-1.711795815,-1.522799050,2.116464061,-0.596550576,1.419189751,1.528237499,-0.000000656,-0.000000415,-0.000000194,0.000000613,-0.000000651,-1.342947989
1770918475.658655405,42.600000000,-1.711795868,-1.522799083,2.116464045,-0.596550526,1.419189698,1.418942700,-0.000000412,-0.000000260,-0.000000122,0.000000385,-0.000000409,-0.842947989
1770918475.758655548,42.700000000,-1.711795897,-1.522799102,2.116464037,-0.596550499,1.419189670,1.359647901,-0.000000168,-0.000000106,-0.000000050,0.000000157,-0.000000166,-0.342947989
1770918475.858655453,42.800000000,-1.711877710,-1.523245957,2.116959220,-0.596598725,1.419107376,1.349730450,-0.000637722,-0.003483708,0.003860580,-0.000376071,-0.000641472,0.136427677
1770918475.958655596,42.900000000,-1.712058673,-1.524233199,2.118052309,-0.596704343,1.418925355,1.388372970,-0.002984806,-0.016266024,0.017997166,-0.001727383,-0.003002187,0.636421461
1770918476.058655500,43.000000000,-1.712475663,-1.526500653,2.120557454,-0.596941509,1.418505958,1.477014651,-0.005365435,-0.029098780,0.032093252,-0.002987700,-0.005396069,1.136412955
1770918476.158655405,43.100000000,-1.713132648,-1.530054298,2.124469918,-0.597299498,1.417845263,1.615655654,-0.007795414,-0.042006020,0.046131011,-0.004115121,-0.007838751,1.636406761
1770918476.258655548,43.200000000,-1.714035196,-1.534899274,2.129777200,-0.597760659,1.416937777,1.804119020,-0.010089795,-0.053932572,0.058910143,-0.004964745,-0.010144009,2.094395102
1770918476.358655453,43.300000000,-1.715051162,-1.540303104,2.135660182,-0.598238516,1.415916466,2.013558531,-0.010227588,-0.054141168,0.058752311,-0.004598079,-0.010280283,2.094395102
1770918476.458655596,43.400000000,-1.716081086,-1.545728087,2.141527363,-0.598679395,1.414881352,2.222998041,-0.010368317,-0.054354675,0.058594752,-0.004226770,-0.010419475,2.094395102
1770918476.558655500,43.500000000,-1.717125265,-1.551174720,2.147378768,-0.599082823,1.413832136,2.432437552,-0.010512065,-0.054573182,0.058437433,-0.003850694,-0.010561667,2.094395102
1770918476.658655405,43.600000000,-1.718184008,-1.556643510,2.153214419,-0.599448316,1.412768514,2.641877063,-0.010658920,-0.054796783,0.058280323,-0.003469727,-0.010706948,2.094395102
1770918476.758655548,43.700000000,-1.719257631,-1.562134974,2.159034337,-0.599775375,1.411690170,2.851316574,-0.010808975,-0.055025574,0.058123391,-0.003083742,-0.010855408,2.094395102
1770918476.858655453,43.800000000,-1.720346461,-1.567649638,2.164838538,-0.600063490,1.410596780,3.060756085,-0.010962323,-0.055259654,0.057966604,-0.002692606,-0.011007142,2.094395102
1770918476.958655596,43.900000000,-1.721450833,-1.573188038,2.170627033,-0.600312137,1.409488012,3.270195596,-0.011119064,-0.055499125,0.057809930,-0.002296186,-0.011162246,2.094395102
1770918477.058655500,44.000000000,-1.722571094,-1.578750722,2.176399833,-0.600520777,1.408363520,3.479635108,-0.011279298,-0.055744094,0.057653338,-0.001894342,-0.011320822,2.094395102
1770918477.158655405,44.100000000,-1.723707599,-1.584338246,2.182156945,-0.600688859,1.407222950,3.689074619,-0.011443131,-0.055994668,0.057496793,-0.001486934,-0.011482975,2.094395102
1770918477.258655548,44.200000000,-1.724775630,-1.589538962,2.187478171,-0.600807948,1.406151304,3.883166017,-0.009438834,-0.045728910,0.046614453,-0.000872952,-0.009469840,1.702627005
1770918477.358655453,44.300000000,-1.725584508,-1.593445891,2.191451868,-0.600873635,1.405339817,4.028428614,-0.006732331,-0.032399895,0.032865492,-0.000456588,-0.006753572,1.202624960
1770918477.458655596,44.400000000,-1.726119418,-1.596014845,2.194053735,-0.600905832,1.404803241,4.123691058,-0.003962328,-0.018973759,0.019175137,-0.000196062,-0.003974446,0.702623927
1770918477.558655500,44.500000000,-1.726374877,-1.597237437,2.195288792,-0.600917954,1.404547003,4.168953443,-0.001145473,-0.005475980,0.005527230,-0.000049713,-0.001148939,0.202623759
1770918477.658655405,44.600000000,-1.726486432,-1.597770680,2.195826993,-0.600922762,1.404435110,4.165210536,-0.000000184,-0.000000252,-0.000000128,0.000000380,-0.000000183,-0.279827546
1770918477.758655548,44.700000000,-1.726486467,-1.597770727,2.195826968,-0.600922690,1.404435076,4.112228234,-0.000000512,-0.000000703,-0.000000358,0.000001060,-0.000000509,-0.779820528
1770918477.858655453,44.800000000,-1.726486534,-1.597770820,2.195826921,-0.600922550,1.404435008,4.009246418,-0.000000840,-0.000001153,-0.000000588,0.000001742,-0.000000836,-1.279814994
1770918477.958655596,44.900000000,-1.726486605,-1.597770898,2.195826888,-0.600922440,1.404434938,3.856265170,-0.000000021,0.000000674,0.000000609,-0.000001283,-0.000000032,-1.779809902
1770918478.058655500,45.000000000,-1.726486607,-1.597770822,2.195826957,-0.600922583,1.404434935,3.656722512,-0.000000025,0.000000793,0.000000717,-0.000001509,-0.000000037,-2.094395102
1770918478.158655405,45.100000000,-1.726486644,-1.597770751,2.195827031,-0.600922728,1.404434896,3.447283002,-0.000000451,0.000000693,0.000000744,-0.000001435,-0.000000462,-2.094395102
1770918478.258655548,45.200000000,-1.726486707,-1.597770689,2.195827104,-0.600922863,1.404434833,3.237843492,-0.000000839,0.000000537,0.000000712,-0.000001245,-0.000000850,-2.094395102
1770918478.358655453,45.300000000,-1.726486793,-1.597770637,2.195827174,-0.600922985,1.404434745,3.028403981,-0.000001160,0.000000337,0.000000622,-0.000000953,-0.000001168,-2.094395102
1770918478.458655596,45.400000000,-1.726486909,-1.597770603,2.195827236,-0.600923080,1.404434628,2.818964471,-0.000001160,0.000000337,0.000000622,-0.000000953,-0.000001168,-2.094395102
1770918478.558655500,45.500000000,-1.726487042,-1.597770586,2.195827288,-0.600923149,1.404434495,2.609524961,-0.000001387,0.000000111,0.000000481,-0.000000585,-0.000001392,-2.094395102
1770918478.658655405,45.600000000,-1.726487185,-1.597770583,2.195827330,-0.600923193,1.404434352,2.400085451,-0.000001502,-0.000000125,0.000000302,-0.000000169,-0.000001503,-2.094395102
1770918478.758655548,45.700000000,-1.726487335,-1.597770596,2.195827360,-0.600923210,1.404434202,2.190645940,-0.000001502,-0.000000125,0.000000302,-0.000000169,-0.000001503,-2.094395102
1770918478.858655453,45.800000000,-1.726487484,-1.597770631,2.195827370,-0.600923184,1.404434052,1.981206430,-0.000001494,-0.000000351,0.000000098,0.000000261,-0.000001492,-2.094395102
1770918478.958655596,45.900000000,-1.726487626,-1.597770678,2.195827366,-0.600923132,1.404433912,1.771767683,-0.000001364,-0.000000547,-0.000000114,0.000000668,-0.000001359,-2.091632764
1770918479.058655500,46.000000000,-1.726487742,-1.597770729,2.195827353,-0.600923068,1.404433795,1.587604378,-0.000000857,-0.000000533,-0.000000241,0.000000778,-0.000000850,-1.591633056
1770918479.158655405,46.100000000,-1.726487814,-1.597770774,2.195827333,-0.600923002,1.404433724,1.453441072,-0.000000588,-0.000000365,-0.000000165,0.000000534,-0.000000583,-1.091633056
1770918479.258655548,46.200000000,-1.726487860,-1.597770802,2.195827320,-0.600922961,1.404433679,1.369277766,-0.000000318,-0.000000198,-0.000000089,0.000000289,-0.000000316,-0.591633056
1770918479.358655453,46.300000000,-1.726267981,-1.596693086,2.194776546,-0.600950199,1.404653933,1.334423676,0.017919495,0.087824500,-0.085627680,-0.002220979,0.017950096,-0.132565055
1770918479.458655596,46.400000000,-1.724884434,-1.589912283,2.188165367,-0.601121690,1.406039835,1.344906311,0.000000133,0.000000095,0.000000063,-0.000000206,-0.000000061,0.326249126
1770918479.558655500,46.500000000,-1.724884411,-1.589912266,2.188165378,-0.601121728,1.406039825,1.402531017,0.000000342,0.000000243,0.000000176,-0.000000578,-0.000000138,0.826242052
1770918479.658655405,46.600000000,-1.724884366,-1.589912234,2.188165402,-0.601121807,1.406039808,1.510154939,0.000000564,0.000000399,0.000000312,-0.000001041,-0.000000179,1.326235487
1770918479.758655548,46.700000000,-1.724884287,-1.589912188,2.188165432,-0.601121913,1.406039828,1.667778135,0.000001179,0.000000473,0.000000099,-0.000000581,0.000001176,1.826227818
1770918479.858655453,46.800000000,-1.724884156,-1.589912136,2.188165443,-0.601121977,1.406039958,1.870025531,0.000001353,0.000000543,0.000000114,-0.000000666,0.000001349,2.094395102
1770918479.958655596,46.900000000,-1.724884010,-1.589912098,2.188165437,-0.601122010,1.406040104,2.079465041,0.000001479,0.000000347,-0.000000097,-0.000000257,0.000001477,2.094395102
1770918480.058655500,47.000000000,-1.724883862,-1.589912074,2.188165417,-0.601122015,1.406040252,2.288904551,0.000001487,0.000000122,-0.000000300,0.000000170,0.000001488,2.094395102
1770918480.158655405,47.100000000,-1.724883714,-1.589912065,2.188165385,-0.601121994,1.406040400,2.498344062,0.000001373,-0.000000112,-0.000000479,0.000000584,0.000001378,2.094395102
1770918480.258655548,47.200000000,-1.724883577,-1.589912076,2.188165337,-0.601121935,1.406040538,2.707783572,0.000001373,-0.000000112,-0.000000479,0.000000584,0.000001378,2.094395102
1770918480.358655453,47.300000000,-1.724883457,-1.589912104,2.188165279,-0.601121850,1.406040659,2.917223082,0.000001149,-0.000000337,-0.000000618,0.000000950,0.000001156,2.094395102
1770918480.458655596,47.400000000,-1.724883354,-1.589912145,2.188165214,-0.601121743,1.406040763,3.126662592,0.000000831,-0.000000535,-0.000000708,0.000001239,0.000000841,2.094395102
1770918480.558655500,47.500000000,-1.724883272,-1.589912199,2.188165143,-0.601121619,1.406040846,3.336102103,0.000000446,-0.000000690,-0.000000740,0.000001428,0.000000458,2.094395102
1770918480.658655405,47.600000000,-1.724883227,-1.589912268,2.188165069,-0.601121476,1.406040892,3.545541613,0.000000446,-0.000000690,-0.000000740,0.000001428,0.000000458,2.094395102
1770918480.758655548,47.700000000,-1.724883210,-1.589912343,2.188164997,-0.601121329,1.406040910,3.754956345,0.000000025,-0.000000783,-0.000000707,0.000001490,0.000000037,2.078654121
1770918480.858655453,47.800000000,-1.724883215,-1.589912413,2.188164936,-0.601121198,1.406040906,3.937821757,-0.000000300,-0.000000621,-0.000000473,0.000001095,-0.000000291,1.578654121
1770918480.958655596,47.900000000,-1.724883240,-1.589912465,2.188164896,-0.601121106,1.406040882,4.070687169,-0.000000205,-0.000000424,-0.000000323,0.000000748,-0.000000199,1.078654121
1770918481.058655500,48.000000000,-1.724883256,-1.589912498,2.188164871,-0.601121049,1.406040866,4.153552581,-0.000000110,-0.000000227,-0.000000173,0.000000401,-0.000000107,0.578654121
1770918481.158655405,48.100000000,-1.724622185,-1.588615472,2.186887054,-0.601140606,1.406302447,4.187199437,0.018692328,0.092863982,-0.091487166,-0.001401839,0.018728835,0.118910798
1770918481.258655548,48.200000000,-1.723311568,-1.582104298,2.180472430,-0.601238915,1.407615617,4.175449926,0.000000033,0.000000125,0.000000138,-0.000000366,-0.000000146,-0.340198881
1770918481.358655453,48.300000000,-1.723311562,-1.582104276,2.180472453,-0.601238977,1.407615591,4.116430344,0.000000074,0.000000305,0.000000327,-0.000000850,-0.000000387,-0.840190418
1770918481.458655596,48.400000000,-1.723311554,-1.582104237,2.180472494,-0.601239083,1.407615539,4.007411595,0.000000101,0.000000477,0.000000492,-0.000001246,-0.000000663,-1.340183946
1770918481.558655500,48.500000000,-1.723311547,-1.582104180,2.180472550,-0.601239213,1.407615484,3.848393572,-0.000000022,0.000000689,0.000000622,-0.000001310,-0.000000033,-1.840176317
1770918481.658655405,48.600000000,-1.723311549,-1.582104104,2.180472618,-0.601239358,1.407615481,3.645417519,-0.000000025,0.000000785,0.000000708,-0.000001491,-0.000000037,-2.094395102
1770918481.758655548,48.700000000,-1.723311588,-1.582104034,2.180472692,-0.601239501,1.407615441,3.435978009,-0.000000442,0.000000687,0.000000736,-0.000001421,-0.000000453,-2.094395102
1770918481.858655453,48.800000000,-1.723311651,-1.582103973,2.180472764,-0.601239634,1.407615377,3.226538498,-0.000000823,0.000000534,0.000000704,-0.000001234,-0.000000833,-2.094395102
1770918481.958655596,48.900000000,-1.723311738,-1.582103922,2.180472833,-0.601239753,1.407615289,3.017098988,-0.000001137,0.000000337,0.000000615,-0.000000947,-0.000001145,-2.094395102
1770918482.058655500,49.000000000,-1.723311852,-1.582103888,2.180472894,-0.601239848,1.407615175,2.807659478,-0.000001137,0.000000337,0.000000615,-0.000000947,-0.000001145,-2.094395102
1770918482.158655405,49.100000000,-1.723311983,-1.582103872,2.180472945,-0.601239914,1.407615043,2.598219968,-0.000001360,0.000000114,0.000000476,-0.000000583,-0.000001364,-2.094395102
1770918482.258655548,49.200000000,-1.723312123,-1.582103870,2.180472985,-0.601239955,1.407614902,2.388780457,-0.000001472,-0.000000119,0.000000299,-0.000000171,-0.000001473,-2.094395102
1770918482.358655453,49.300000000,-1.723312270,-1.582103883,2.180473014,-0.601239971,1.407614755,2.179340947,-0.000001465,-0.000000342,0.000000097,0.000000254,-0.000001463,-2.094395102
1770918482.458655596,49.400000000,-1.723312417,-1.582103917,2.180473024,-0.601239945,1.407614609,1.969901437,-0.000001465,-0.000000342,0.000000097,0.000000254,-0.000001463,-2.094395102
1770918482.558655500,49.500000000,-1.723312555,-1.582103965,2.180473019,-0.601239892,1.407614471,1.760548595,-0.000001320,-0.000000530,-0.000000111,0.000000649,-0.000001315,-2.064955710
1770918482.658655405,49.600000000,-1.723312666,-1.582104015,2.180473006,-0.601239829,1.407614360,1.579053024,-0.000000825,-0.000000516,-0.000000234,0.000000754,-0.000000819,-1.564955710
1770918482.758655548,49.700000000,-1.723312736,-1.582104058,2.180472986,-0.601239765,1.407614291,1.447557453,-0.000000562,-0.000000351,-0.000000159,0.000000513,-0.000000558,-1.064955710
1770918482.858655453,49.800000000,-1.723312779,-1.582104085,2.180472974,-0.601239726,1.407614248,1.366061882,-0.000000298,-0.000000186,-0.000000084,0.000000272,-0.000000296,-0.564955710
1770918482.958655596,49.900000000,-1.722999783,-1.580527919,2.178904201,-0.601247534,1.407927934,1.333673457,0.019531416,0.098350708,-0.097888500,-0.000488167,0.019574447,-0.104850943
1770918483.058655500,50.000000000,-1.721771793,-1.574344394,2.172749746,-0.601278238,1.409158621,1.346750521,0.000000143,0.000000102,0.000000068,-0.000000220,-0.000000063,0.355221191
1770918483.158655405,50.100000000,-1.721771768,-1.574344377,2.172749758,-0.601278278,1.409158611,1.407272380,0.000000349,0.000000248,0.000000179,-0.000000588,-0.000000136,0.855213891
1770918483.258655548,50.200000000,-1.721771722,-1.574344344,2.172749782,-0.601278358,1.409158595,1.517793454,0.000000568,0.000000403,0.000000314,-0.000001043,-0.000000174,1.355207398
1770918483.358655453,50.300000000,-1.721771641,-1.574344299,2.172749810,-0.601278459,1.409158623,1.678313799,0.000001174,0.000000472,0.000000100,-0.000000580,0.000001171,1.855199760
1770918483.458655596,50.400000000,-1.721771512,-1.574344247,2.172749821,-0.601278523,1.409158751,1.882031128,0.000001326,0.000000533,0.000000113,-0.000000655,0.000001322,2.094395102
1770918483.558655500,50.500000000,-1.721771369,-1.574344211,2.172749814,-0.601278552,1.409158895,2.091470638,0.000001450,0.000000338,-0.000000096,-0.000000250,0.000001448,2.094395102
1770918483.658655405,50.600000000,-1.721771223,-1.574344189,2.172749793,-0.601278555,1.409159040,2.300910149,0.000001457,0.000000116,-0.000000297,0.000000173,0.000001459,2.094395102
1770918483.758655548,50.700000000,-1.721771079,-1.574344181,2.172749761,-0.601278531,1.409159184,2.510349659,0.000001346,-0.000000115,-0.000000474,0.000000581,0.000001351,2.094395102
1770918483.858655453,50.800000000,-1.721770945,-1.574344193,2.172749713,-0.601278473,1.409159320,2.719789169,0.000001346,-0.000000115,-0.000000474,0.000000581,0.000001351,2.094395102
1770918483.958655596,50.900000000,-1.721770828,-1.574344222,2.172749655,-0.601278385,1.409159437,2.929228679,0.000001126,-0.000000337,-0.000000612,0.000000943,0.000001134,2.094395102
1770918484.058655500,51.000000000,-1.721770729,-1.574344265,2.172749590,-0.601278278,1.409159537,3.138668190,0.000000815,-0.000000532,-0.000000701,0.000001228,0.000000825,2.094395102
1770918484.158655405,51.100000000,-1.721770650,-1.574344319,2.172749519,-0.601278154,1.409159616,3.348107700,0.000000438,-0.000000684,-0.000000732,0.000001414,0.000000449,2.094395102
1770918484.258655548,51.200000000,-1.721770607,-1.574344387,2.172749446,-0.601278013,1.409159661,3.557547210,0.000000438,-0.000000684,-0.000000732,0.000001414,0.000000449,2.094395102
1770918484.358655453,51.300000000,-1.721770592,-1.574344463,2.172749375,-0.601277866,1.409159677,3.766788065,0.000000024,-0.000000764,-0.000000690,0.000001454,0.000000036,2.049824404
1770918484.458655596,51.400000000,-1.721770599,-1.574344530,2.172749316,-0.601277740,1.409159671,3.946770506,-0.000000289,-0.000000602,-0.000000459,0.000001063,-0.000000280,1.549824404
1770918484.558655500,51.500000000,-1.721770623,-1.574344581,2.172749278,-0.601277650,1.409159648,4.076752946,-0.000000196,-0.000000408,-0.000000311,0.000000720,-0.000000190,1.049824404
1770918484.658655405,51.600000000,-1.721770638,-1.574344612,2.172749254,-0.601277596,1.409159633,4.156735387,-0.000000102,-0.000000214,-0.000000163,0.000000377,-0.000000099,0.549824404
1770918484.758655548,51.700000000,-1.721408646,-1.572497120,2.170891829,-0.601268140,1.409522515,4.187721387,0.020034220,0.102247468,-0.102796074,0.000522169,0.020083464,0.089695369
1770918484.858655453,51.800000000,-1.720259511,-1.566632351,2.164995608,-0.601238209,1.410674467,4.173262505,0.000000036,0.000000134,0.000000148,-0.000000391,-0.000000154,-0.370017533
1770918484.958655596,51.900000000,-1.720259506,-1.566632329,2.164995632,-0.601238272,1.410674440,4.111261078,0.000000077,0.000000313,0.000000334,-0.000000866,-0.000000389,-0.870009537
1770918485.058655500,52.000000000,-1.720259496,-1.566632289,2.164995674,-0.601238379,1.410674388,3.999260453,0.000000105,0.000000483,0.000000496,-0.000001254,-0.000000658,-1.370003103
1770918485.158655405,52.100000000,-1.720259490,-1.566632231,2.164995729,-0.601238508,1.410674339,3.837260560,-0.000000022,0.000000693,0.000000626,-0.000001317,-0.000000033,-1.869993844
1770918485.258655548,52.200000000,-1.720259493,-1.566632155,2.164995798,-0.601238652,1.410674335,3.632857301,-0.000000024,0.000000776,0.000000701,-0.000001475,-0.000000037,-2.094395102
1770918485.358655453,52.300000000,-1.720259533,-1.566632087,2.164995870,-0.601238793,1.410674294,3.423417791,-0.000000433,0.000000681,0.000000729,-0.000001407,-0.000000445,-2.094395102
1770918485.458655596,52.400000000,-1.720259597,-1.566632027,2.164995941,-0.601238923,1.410674228,3.213978281,-0.000000807,0.000000531,0.000000697,-0.000001223,-0.000000817,-2.094395102
1770918485.558655500,52.500000000,-1.720259684,-1.566631978,2.164996009,-0.601239040,1.410674140,3.004538770,-0.000001115,0.000000337,0.000000609,-0.000000940,-0.000001123,-2.094395102
1770918485.658655405,52.600000000,-1.720259796,-1.566631944,2.164996070,-0.601239134,1.410674028,2.795099260,-0.000001115,0.000000337,0.000000609,-0.000000940,-0.000001123,-2.094395102
1770918485.758655548,52.700000000,-1.720259926,-1.566631929,2.164996119,-0.601239198,1.410673898,2.585659750,-0.000001333,0.000000116,0.000000471,-0.000000580,-0.000001338,-2.094395102
1770918485.858655453,52.800000000,-1.720260064,-1.566631928,2.164996158,-0.601239237,1.410673759,2.376220240,-0.000001443,-0.000000114,0.000000295,-0.000000174,-0.000001445,-2.094395102
1770918485.958655596,52.900000000,-1.720260208,-1.566631942,2.164996186,-0.601239250,1.410673615,2.166780729,-0.000001436,-0.000000335,0.000000096,0.000000247,-0.000001434,-2.094395102
1770918486.058655500,53.000000000,-1.720260352,-1.566631975,2.164996195,-0.601239225,1.410673471,1.957341219,-0.000001436,-0.000000335,0.000000096,0.000000247,-0.000001434,-2.094395102
1770918486.158655405,53.100000000,-1.720260486,-1.566632023,2.164996189,-0.601239171,1.410673337,1.748252891,-0.000001276,-0.000000513,-0.000000108,0.000000629,-0.000001271,-2.035134482
1770918486.258655548,53.200000000,-1.720260593,-1.566632071,2.164996175,-0.601239108,1.410673231,1.569739443,-0.000000794,-0.000000498,-0.000000227,0.000000730,-0.000000788,-1.535134482
1770918486.358655453,53.300000000,-1.720260659,-1.566632113,2.164996156,-0.601239046,1.410673165,1.441225995,-0.000000535,-0.000000336,-0.000000153,0.000000492,-0.000000531,-1.035134482
1770918486.458655596,53.400000000,-1.720260700,-1.566632139,2.164996145,-0.601239009,1.410673125,1.362712546,-0.000000277,-0.000000174,-0.000000079,0.000000254,-0.000000275,-0.535134482
1770918486.558655500,53.500000000,-1.719845736,-1.564485756,2.162816761,-0.601206552,1.411089216,1.333058407,0.020489975,0.105980375,-0.107609179,0.001601961,0.020545660,-0.075855076
1770918486.658655405,53.600000000,-1.718778472,-1.558965578,2.157211753,-0.601123122,1.412159372,1.348774911,0.000000152,0.000000109,0.000000072,-0.000000234,-0.000000065,0.383558437
1770918486.758655548,53.700000000,-1.718778447,-1.558965560,2.157211766,-0.601123163,1.412159362,1.412130650,0.000000356,0.000000254,0.000000182,-0.000000596,-0.000000134,0.883554079
1770918486.858655453,53.800000000,-1.718778400,-1.558965527,2.157211791,-0.601123245,1.412159346,1.525485701,0.000000578,0.000000409,0.000000325,-0.000001081,-0.000000152,1.383546347
1770918486.958655596,53.900000000,-1.718778317,-1.558965482,2.157211817,-0.601123342,1.412159381,1.688840012,0.000001169,0.000000471,0.000000100,-0.000000580,0.000001166,1.883538250
1770918487.058655500,54.000000000,-1.718778190,-1.558965430,2.157211828,-0.601123405,1.412159508,1.893832795,0.000001301,0.000000524,0.000000111,-0.000000644,0.000001297,2.094395102
1770918487.158655405,54.100000000,-1.718778048,-1.558965396,2.157211819,-0.601123431,1.412159650,2.103272305,0.000001422,0.000000331,-0.000000095,-0.000000243,0.000001420,2.094395102
1770918487.258655548,54.200000000,-1.718777906,-1.558965376,2.157211798,-0.601123431,1.412159792,2.312711815,0.000001429,0.000000111,-0.000000294,0.000000175,0.000001431,2.094395102
1770918487.358655453,54.300000000,-1.718777765,-1.558965370,2.157211764,-0.601123404,1.412159933,2.522151325,0.000001320,-0.000000118,-0.000000469,0.000000579,0.000001325,2.094395102
1770918487.458655596,54.400000000,-1.718777633,-1.558965382,2.157211718,-0.601123346,1.412160065,2.731590836,0.000001320,-0.000000118,-0.000000469,0.000000579,0.000001325,2.094395102
1770918487.558655500,54.500000000,-1.718777520,-1.558965413,2.157211659,-0.601123257,1.412160180,2.941030346,0.000001105,-0.000000337,-0.000000605,0.000000936,0.000001112,2.094395102
1770918487.658655405,54.600000000,-1.718777425,-1.558965456,2.157211594,-0.601123150,1.412160276,3.150469856,0.000000799,-0.000000529,-0.000000693,0.000001218,0.000000809,2.094395102
1770918487.758655548,54.700000000,-1.718777350,-1.558965511,2.157211524,-0.601123026,1.412160352,3.359909366,0.000000429,-0.000000678,-0.000000725,0.000001401,0.000000441,2.094395102
1770918487.858655453,54.800000000,-1.718777307,-1.558965579,2.157211452,-0.601122885,1.412160396,3.569348877,0.000000429,-0.000000678,-0.000000725,0.000001401,0.000000441,2.094395102
1770918487.958655596,54.900000000,-1.718777295,-1.558965653,2.157211382,-0.601122740,1.412160409,3.778254753,0.000000023,-0.000000745,-0.000000673,0.000001419,0.000000035,2.021344869
1770918488.058655500,55.000000000,-1.718777303,-1.558965720,2.157211325,-0.601122617,1.412160402,3.955389240,-0.000000278,-0.000000584,-0.000000446,0.000001032,-0.000000269,1.521344869
1770918488.158655405,55.100000000,-1.718777326,-1.558965768,2.157211287,-0.601122531,1.412160379,4.082523727,-0.000000187,-0.000000392,-0.000000299,0.000000693,-0.000000181,1.021344869
1770918488.258655548,55.200000000,-1.718777341,-1.558965798,2.157211265,-0.601122479,1.412160365,4.159658214,-0.000000095,-0.000000200,-0.000000153,0.000000353,-0.000000092,0.521344869
1770918488.358655453,55.300000000,-1.718320842,-1.556572979,2.154757866,-0.601062492,1.412618226,4.188045801,0.020584989,0.107899091,-0.110630013,0.002704149,0.020646376,0.062558852
1770918488.458655596,55.400000000,-1.717323241,-1.551343923,2.149396477,-0.600931462,1.413618792,4.171150649,0.000000039,0.000000142,0.000000156,-0.000000411,-0.000000160,-0.395907976
1770918488.558655500,55.500000000,-1.717323235,-1.551343900,2.149396502,-0.600931527,1.413618765,4.106559970,0.000000079,0.000000319,0.000000339,-0.000000878,-0.000000390,-0.895903557
1770918488.658655405,55.600000000,-1.717323226,-1.551343860,2.149396544,-0.600931634,1.413618713,3.991969988,0.000000103,0.000000485,0.000000489,-0.000001221,-0.000000664,-1.395895855
1770918488.758655548,55.700000000,-1.717323221,-1.551343802,2.149396600,-0.600931762,1.413618668,3.827380746,-0.000000022,0.000000695,0.000000628,-0.000001321,-0.000000033,-1.895887762
1770918488.858655453,55.800000000,-1.717323223,-1.551343726,2.149396668,-0.600931905,1.413618665,3.621882417,-0.000000024,0.000000768,0.000000694,-0.000001460,-0.000000036,-2.094395102
1770918488.958655596,55.900000000,-1.717323265,-1.551343658,2.149396740,-0.600932044,1.413618622,3.412442907,-0.000000425,0.000000675,0.000000721,-0.000001394,-0.000000437,-2.094395102
1770918489.058655500,56.000000000,-1.717323330,-1.551343600,2.149396810,-0.600932173,1.413618556,3.203003397,-0.000000792,0.000000527,0.000000690,-0.000001212,-0.000000802,-2.094395102
1770918489.158655405,56.100000000,-1.717323416,-1.551343552,2.149396877,-0.600932287,1.413618468,2.993563886,-0.000001094,0.000000337,0.000000602,-0.000000933,-0.000001102,-2.094395102
1770918489.258655548,56.200000000,-1.717323526,-1.551343519,2.149396937,-0.600932380,1.413618358,2.784124376,-0.000001094,0.000000337,0.000000602,-0.000000933,-0.000001102,-2.094395102
1770918489.358655453,56.300000000,-1.717323654,-1.551343504,2.149396985,-0.600932442,1.413618229,2.574684866,-0.000001308,0.000000119,0.000000466,-0.000000578,-0.000001313,-2.094395102
1770918489.458655596,56.400000000,-1.717323791,-1.551343504,2.149397023,-0.600932479,1.413618092,2.365245356,-0.000001416,-0.000000109,0.000000292,-0.000000176,-0.000001417,-2.094395102
1770918489.558655500,56.500000000,-1.717323932,-1.551343519,2.149397049,-0.600932490,1.413617951,2.155805845,-0.000001409,-0.000000327,0.000000095,0.000000240,-0.000001407,-2.094395102
1770918489.658655405,56.600000000,-1.717324073,-1.551343551,2.149397058,-0.600932466,1.413617810,1.946366335,-0.000001409,-0.000000327,0.000000095,0.000000240,-0.000001407,-2.094395102
1770918489.758655548,56.700000000,-1.717324204,-1.551343599,2.149397051,-0.600932410,1.413617680,1.737655047,-0.000001235,-0.000000498,-0.000000106,0.000000611,-0.000001230,-2.009059200
1770918489.858655453,56.800000000,-1.717324306,-1.551343647,2.149397037,-0.600932348,1.413617578,1.561749127,-0.000000765,-0.000000482,-0.000000221,0.000000708,-0.000000760,-1.509059200
1770918489.958655596,56.900000000,-1.717324370,-1.551343687,2.149397018,-0.600932288,1.413617515,1.435843207,-0.000000512,-0.000000322,-0.000000148,0.000000473,-0.000000508,-1.009059200
1770918490.058655500,57.000000000,-1.717324408,-1.551343711,2.149397007,-0.600932253,1.413617477,1.359937287,-0.000000258,-0.000000163,-0.000000075,0.000000239,-0.000000256,-0.509059200
1770918490.158655405,57.100000000,-1.716824781,-1.548689866,2.146649764,-0.600839500,1.414118728,1.332653600,0.020690428,0.109897786,-0.113764964,0.003840463,0.020757702,-0.051069500
1770918490.258655548,57.200000000,-1.715897546,-1.543764866,2.141551468,-0.600667404,1.415048969,1.350586583,0.000000160,0.000000114,0.000000076,-0.000000244,-0.000000066,0.407137920
1770918490.358655453,57.300000000,-1.715897520,-1.543764847,2.141551481,-0.600667446,1.415048959,1.416300043,0.000000361,0.000000257,0.000000184,-0.000000602,-0.000000130,0.907130686
1770918490.458655596,57.400000000,-1.715897473,-1.543764814,2.141551506,-0.600667528,1.415048944,1.532012711,0.000000580,0.000000411,0.000000325,-0.000001079,-0.000000147,1.407122873
1770918490.558655500,57.500000000,-1.715897388,-1.543764769,2.141551531,-0.600667621,1.415048985,1.697724635,0.000001162,0.000000468,0.000000101,-0.000000578,0.000001158,1.907114763
1770918490.658655405,57.600000000,-1.715897263,-1.543764719,2.141551542,-0.600667683,1.415049110,1.903656083,0.000001395,0.000000323,-0.000000094,-0.000000237,0.000001394,2.094395102
1770918490.758655548,57.700000000,-1.715897123,-1.543764686,2.141551532,-0.600667707,1.415049249,2.113095593,0.000001395,0.000000323,-0.000000094,-0.000000237,0.000001394,2.094395102
1770918490.858655453,57.800000000,-1.715896983,-1.543764668,2.141551510,-0.600667704,1.415049389,2.322535104,0.000001402,0.000000106,-0.000000291,0.000000177,0.000001404,2.094395102
1770918490.958655596,57.900000000,-1.715896846,-1.543764663,2.141551477,-0.600667676,1.415049527,2.531974614,0.000001296,-0.000000120,-0.000000464,0.000000577,0.000001300,2.094395102
1770918491.058655500,58.000000000,-1.715896717,-1.543764675,2.141551430,-0.600667618,1.415049657,2.741414124,0.000001296,-0.000000120,-0.000000464,0.000000577,0.000001300,2.094395102
1770918491.158655405,58.100000000,-1.715896606,-1.543764707,2.141551371,-0.600667528,1.415049768,2.950853634,0.000001084,-0.000000336,-0.000000599,0.000000929,0.000001091,2.094395102
1770918491.258655548,58.200000000,-1.715896514,-1.543764751,2.141551307,-0.600667420,1.415049861,3.160293145,0.000000784,-0.000000525,-0.000000686,0.000001207,0.000000794,2.094395102
1770918491.358655453,58.300000000,-1.715896442,-1.543764806,2.141551238,-0.600667296,1.415049934,3.369732655,0.000000421,-0.000000672,-0.000000717,0.000001387,0.000000433,2.094395102
1770918491.458655596,58.400000000,-1.715896400,-1.543764873,2.141551166,-0.600667157,1.415049977,3.579172165,0.000000421,-0.000000672,-0.000000717,0.000001387,0.000000433,2.094395102
1770918491.558655500,58.500000000,-1.715896391,-1.543764948,2.141551097,-0.600667014,1.415049988,3.787674632,0.000000023,-0.000000728,-0.000000659,0.000001387,0.000000034,1.997594118
1770918491.658655405,58.600000000,-1.715896400,-1.543765012,2.141551041,-0.600666894,1.415049979,3.962434044,-0.000000268,-0.000000568,-0.000000435,0.000001004,-0.000000260,1.497594118
1770918491.758655548,58.700000000,-1.715896422,-1.543765059,2.141551005,-0.600666810,1.415049958,4.087193455,-0.000000179,-0.000000378,-0.000000290,0.000000669,-0.000000173,0.997594118
1770918491.858655453,58.800000000,-1.715896436,-1.543765088,2.141550983,-0.600666760,1.415049945,4.161952867,-0.000000089,-0.000000189,-0.000000144,0.000000334,-0.000000086,0.497594118
1770918491.958655596,58.900000000,-1.715365988,-1.540910141,2.138567534,-0.600538937,1.415582262,4.188187368,0.020520423,0.110443397,-0.115413859,0.004944160,0.020592771,0.040040166
1770918492.058655500,59.000000000,-1.714496103,-1.536228319,2.133675023,-0.600329369,1.416455205,4.169289921,0.000000041,0.000000149,0.000000162,-0.000000427,-0.000000164,-0.417243663
1770918492.158655405,59.100000000,-1.714496097,-1.536228295,2.133675049,-0.600329435,1.416455177,4.102565885,0.000000081,0.000000323,0.000000342,-0.000000884,-0.000000388,-0.917236656
1770918492.258655548,59.200000000,-1.714496088,-1.536228254,2.133675091,-0.600329542,1.416455126,3.985842633,0.000000106,0.000000488,0.000000490,-0.000001221,-0.000000655,-1.417228874
1770918492.358655453,59.300000000,-1.714496083,-1.536228196,2.133675146,-0.600329668,1.416455085,3.819120124,-0.000000022,0.000000695,0.000000629,-0.000001322,-0.000000033,-1.917220769
1770918492.458655596,59.400000000,-1.714496086,-1.536228121,2.133675214,-0.600329810,1.416455081,3.612820357,-0.000000417,0.000000668,0.000000714,-0.000001380,-0.000000429,-2.094395102
1770918492.558655500,59.500000000,-1.714496128,-1.536228054,2.133675285,-0.600329949,1.416455038,3.403380847,-0.000000417,0.000000668,0.000000714,-0.000001380,-0.000000429,-2.094395102
1770918492.658655405,59.600000000,-1.714496193,-1.536227997,2.133675354,-0.600330075,1.416454971,3.193941337,-0.000000777,0.000000523,0.000000683,-0.000001202,-0.000000787,-2.094395102
1770918492.758655548,59.700000000,-1.714496279,-1.536227950,2.133675420,-0.600330187,1.416454884,2.984501826,-0.000001074,0.000000336,0.000000596,-0.000000926,-0.000001081,-2.094395102
1770918492.858655453,59.800000000,-1.714496387,-1.536227917,2.133675480,-0.600330280,1.416454776,2.775062316,-0.000001074,0.000000336,0.000000596,-0.000000926,-0.000001081,-2.094395102
1770918492.958655596,59.900000000,-1.714496514,-1.536227903,2.133675527,-0.600330340,1.416454649,2.565622806,-0.000001283,0.000000121,0.000000462,-0.000000575,-0.000001288,-2.094395102
1770918493.058655500,60.000000000,-1.714496648,-1.536227904,2.133675563,-0.600330375,1.416454514,2.356183296,-0.000001389,-0.000000104,0.000000289,-0.000000178,-0.000001391,-2.094395102
1770918493.158655405,60.100000000,-1.714496787,-1.536227918,2.133675588,-0.600330384,1.416454375,2.146743785,-0.000001382,-0.000000320,0.000000094,0.000000234,-0.000001381,-2.094395102
1770918493.258655548,60.200000000,-1.714496925,-1.536227950,2.133675598,-0.600330361,1.416454237,1.937304275,-0.000001382,-0.000000320,0.000000094,0.000000234,-0.000001381,-2.094395102
1770918493.358655453,60.300000000,-1.714497052,-1.536227998,2.133675590,-0.600330305,1.416454110,1.729006218,-0.000001199,-0.000000484,-0.000000104,0.000000595,-0.000001194,-1.987556294
1770918493.458655596,60.400000000,-1.714497151,-1.536228045,2.133675575,-0.600330242,1.416454012,1.555250589,-0.000000740,-0.000000468,-0.000000216,0.000000688,-0.000000735,-1.487556294
1770918493.558655500,60.500000000,-1.714497212,-1.536228084,2.133675557,-0.600330185,1.416453951,1.431494960,-0.000000492,-0.000000311,-0.000000143,0.000000457,-0.000000488,-0.987556294
1770918493.658655405,60.600000000,-1.714497249,-1.536228107,2.133675546,-0.600330151,1.416453915,1.357739330,-0.000000243,-0.000000153,-0.000000071,0.000000226,-0.000000241,-0.487556294
1770918493.758655548,60.700000000,-1.713933939,-1.533156159,2.130435374,-0.600162643,1.417019368,1.332397450,0.020424778,0.111382138,-0.117481179,0.006073052,0.020502490,-0.030759432
1770918493.858655453,60.800000000,-1.713122617,-1.528731825,2.125768783,-0.599921421,1.417833767,1.352128226,0.000000165,0.000000118,0.000000078,-0.000000251,-0.000000065,0.426298150
1770918493.958655596,60.900000000,-1.713122590,-1.528731806,2.125768796,-0.599921463,1.417833757,1.419757541,0.000000364,0.000000260,0.000000186,-0.000000604,-0.000000127,0.926289102
1770918494.058655500,61.000000000,-1.713122543,-1.528731772,2.125768821,-0.599921547,1.417833743,1.537386014,0.000000579,0.000000411,0.000000325,-0.000001074,-0.000000140,1.426281216
1770918494.158655405,61.100000000,-1.713122458,-1.528731728,2.125768844,-0.599921635,1.417833788,1.705013741,0.000001152,0.000000465,0.000000101,-0.000000574,0.000001148,1.926273094
1770918494.258655548,61.200000000,-1.713122334,-1.528731679,2.125768854,-0.599921695,1.417833912,1.911626079,0.000001370,0.000000316,-0.000000093,-0.000000231,0.000001368,2.094395102
1770918494.358655453,61.300000000,-1.713122197,-1.528731647,2.125768845,-0.599921719,1.417834049,2.121065589,0.000001370,0.000000316,-0.000000093,-0.000000231,0.000001368,2.094395102
1770918494.458655596,61.400000000,-1.713122060,-1.528731630,2.125768823,-0.599921714,1.417834186,2.330505099,0.000001376,0.000000101,-0.000000288,0.000000179,0.000001378,2.094395102
1770918494.558655500,61.500000000,-1.713121925,-1.528731627,2.125768789,-0.599921684,1.417834321,2.539944610,0.000001272,-0.000000122,-0.000000459,0.000000574,0.000001276,2.094395102
1770918494.658655405,61.600000000,-1.713121798,-1.528731639,2.125768743,-0.599921626,1.417834448,2.749384120,0.000001272,-0.000000122,-0.000000459,0.000000574,0.000001276,2.094395102
1770918494.758655548,61.700000000,-1.713121691,-1.528731671,2.125768684,-0.599921536,1.417834556,2.958823630,0.000001064,-0.000000335,-0.000000593,0.000000923,0.000001071,2.094395102
1770918494.858655453,61.800000000,-1.713121601,-1.528731716,2.125768620,-0.599921428,1.417834647,3.168263140,0.000000770,-0.000000521,-0.000000679,0.000001197,0.000000780,2.094395102
1770918494.958655596,61.900000000,-1.713121532,-1.528731771,2.125768551,-0.599921304,1.417834717,3.377702651,0.000000413,-0.000000665,-0.000000710,0.000001374,0.000000425,2.094395102
1770918495.058655500,62.000000000,-1.713121491,-1.528731838,2.125768480,-0.599921167,1.417834759,3.587142161,0.000000413,-0.000000665,-0.000000710,0.000001374,0.000000425,2.094395102
1770918495.158655405,62.100000000,-1.713121483,-1.528731911,2.125768412,-0.599921025,1.417834768,3.795233230,0.000000022,-0.000000713,-0.000000646,0.000001360,0.000000034,1.978272726
1770918495.258655548,62.200000000,-1.713121493,-1.528731975,2.125768358,-0.599920908,1.417834759,3.968060503,-0.000000260,-0.000000554,-0.000000425,0.000000980,-0.000000252,1.478272726
1770918495.358655453,62.300000000,-1.713121515,-1.528732021,2.125768322,-0.599920826,1.417834738,4.090887775,-0.000000172,-0.000000366,-0.000000281,0.000000649,-0.000000167,0.978272726
1770918495.458655596,62.400000000,-1.713121528,-1.528732048,2.125768302,-0.599920778,1.417834726,4.163715048,-0.000000084,-0.000000179,-0.000000137,0.000000317,-0.000000081,0.478272726
1770918495.558655500,62.500000000,-1.712537812,-1.525506899,2.122335284,-0.599713647,1.418420828,4.188210121,0.020107742,0.111098996,-0.118259023,0.007134628,0.020189961,0.021865480
1770918495.658655405,62.600000000,-1.711771947,-1.521275355,2.117831045,-0.599441924,1.419189815,4.167714172,0.000000043,0.000000153,0.000000166,-0.000000437,-0.000000166,-0.434296069
1770918495.758655548,62.700000000,-1.711771941,-1.521275331,2.117831071,-0.599441991,1.419189787,4.099285063,0.000000083,0.000000326,0.000000344,-0.000000887,-0.000000385,-0.934287225
1770918495.858655453,62.800000000,-1.711771931,-1.521275290,2.117831113,-0.599442097,1.419189736,3.980856787,0.000000109,0.000000489,0.000000490,-0.000001218,-0.000000645,-1.434279370
1770918495.958655596,62.900000000,-1.711771926,-1.521275232,2.117831168,-0.599442222,1.419189699,3.812429257,-0.000000022,0.000000694,0.000000628,-0.000001320,-0.000000033,-1.934271254
1770918496.058655500,63.000000000,-1.711771931,-1.521275158,2.117831235,-0.599442363,1.419189693,3.605554383,-0.000000410,0.000000662,0.000000707,-0.000001367,-0.000000421,-2.094395102
1770918496.158655405,63.100000000,-1.711771972,-1.521275092,2.117831306,-0.599442500,1.419189651,3.396114872,-0.000000410,0.000000662,0.000000707,-0.000001367,-0.000000421,-2.094395102
1770918496.258655548,63.200000000,-1.711772037,-1.521275035,2.117831375,-0.599442624,1.419189585,3.186675362,-0.000000763,0.000000519,0.000000676,-0.000001191,-0.000000773,-2.094395102
1770918496.358655453,63.300000000,-1.711772123,-1.521274989,2.117831439,-0.599442735,1.419189498,2.977235852,-0.000001054,0.000000334,0.000000590,-0.000000919,-0.000001062,-2.094395102
1770918496.458655596,63.400000000,-1.711772228,-1.521274956,2.117831498,-0.599442827,1.419189392,2.767796342,-0.000001054,0.000000334,0.000000590,-0.000000919,-0.000001062,-2.094395102
1770918496.558655500,63.500000000,-1.711772354,-1.521274943,2.117831545,-0.599442885,1.419189266,2.558356831,-0.000001260,0.000000123,0.000000457,-0.000000572,-0.000001265,-2.094395102
1770918496.658655405,63.600000000,-1.711772486,-1.521274944,2.117831580,-0.599442919,1.419189133,2.348917321,-0.000001364,-0.000000099,0.000000287,-0.000000179,-0.000001365,-2.094395102
1770918496.758655548,63.700000000,-1.711772622,-1.521274959,2.117831604,-0.599442927,1.419188997,2.139477811,-0.000001357,-0.000000313,0.000000093,0.000000228,-0.000001355,-2.094395102
1770918496.858655453,63.800000000,-1.711772758,-1.521274990,2.117831613,-0.599442904,1.419188862,1.930038301,-0.000001357,-0.000000313,0.000000093,0.000000228,-0.000001355,-2.094395102
1770918496.958655596,63.900000000,-1.711772883,-1.521275038,2.117831605,-0.599442848,1.419188737,1.722039951,-0.000001169,-0.000000473,-0.000000102,0.000000582,-0.000001165,-1.974346778
1770918497.058655500,64.000000000,-1.711772978,-1.521275084,2.117831590,-0.599442786,1.419188643,1.549605273,-0.000000720,-0.000000457,-0.000000212,0.000000673,-0.000000715,-1.474346778
1770918497.158655405,64.100000000,-1.711773037,-1.521275122,2.117831572,-0.599442730,1.419188583,1.427170595,-0.000000476,-0.000000302,-0.000000140,0.000000445,-0.000000472,-0.974346778
1770918497.258655548,64.200000000,-1.711773073,-1.521275144,2.117831562,-0.599442697,1.419188548,1.354735917,-0.000000232,-0.000000147,-0.000000068,0.000000217,-0.000000230,-0.474346778
1770918497.353524923,64.294869355,-1.711773084,-1.521275151,2.117831559,-0.599442687,1.419188537,1.332235431,0.000000000,0.000000000,0.000000000,-0.000000000,0.000000000,0.000000000
