timestamp_absolute,timestamp_relative,shoulder_pan_joint_pos,shoulder_lift_joint_pos,elbow_joint_pos,wrist_1_joint_pos,wrist_2_joint_pos,wrist_3_joint_pos,shoulder_pan_joint_vel,shoulder_lift_joint_vel,elbow_joint_vel,wrist_1_joint_vel,wrist_2_joint_vel,wrist_3_joint_vel
1769530772.729174614,0.000000000,-2.089089219,-0.497059170,0.888913989,-0.363943879,0.961947978,1.557958961,0.000000000,-0.000000000,0.000000000,-0.000000000,0.000000000,0.000000000
1769530772.829174519,0.100000000,-2.087864767,-0.511270126,0.913913714,-0.376034907,0.963287311,1.581341404,0.024766471,-0.284617002,0.499971199,-0.241536442,0.027209005,0.470691720
1769530772.929174662,0.200000000,-2.083962991,-0.553574499,0.987573720,-0.411367092,0.967682444,1.653406438,0.054059575,-0.554249073,0.956390299,-0.455227672,0.062297998,0.970769516
1769530773.029174566,0.300000000,-2.076832160,-0.620592146,1.101488771,-0.464813450,0.976180972,1.775500847,0.090026072,-0.779101956,1.303718865,-0.601789307,0.110439930,1.471115505
1769530773.129174709,0.400000000,-2.065569848,-0.708244353,1.244931880,-0.529272361,0.990457218,1.947628469,0.137707914,-0.969873958,1.550135506,-0.674920115,0.179199823,1.971427021
1769530773.229174614,0.500000000,-2.049819609,-0.807490674,1.398907020,-0.593273240,1.011412020,2.155556220,0.171719776,-0.974485247,1.464241244,-0.575349581,0.232120566,2.094395355
1769530773.329174519,0.600000000,-2.031166434,-0.903294939,1.537969133,-0.644190678,1.036822413,2.364995745,0.202265806,-0.945161171,1.321835689,-0.443780885,0.276534735,2.094395272
1769530773.429174662,0.700000000,-2.009162321,-0.997118746,1.663982401,-0.682061507,1.066818641,2.574435266,0.238958573,-0.933828608,1.200911282,-0.313290938,0.323964105,2.094395174
1769530773.529174566,0.800000000,-1.983111639,-1.090489172,1.778472526,-0.706696084,1.101756456,2.783874786,0.283499144,-0.935340311,1.089799261,-0.178431064,0.375596454,2.094395185
1769530773.629174709,0.900000000,-1.952136410,-1.184469830,1.882006002,-0.717524372,1.142131001,2.993314307,0.337867208,-0.945332363,0.980650328,-0.036932632,0.433063503,2.094395114
1769530773.729174614,1.000000000,-1.917332927,-1.274419970,1.969694137,-0.714449861,1.185918373,3.191263143,0.349066010,-0.834761822,0.761361148,0.089576137,0.431195115,1.824506384
1769530773.829174519,1.100000000,-1.882426165,-1.352243774,2.036435282,-0.701217755,1.228308455,3.360464855,0.349066113,-0.725998172,0.583071687,0.168712617,0.416981090,1.571181187
1769530773.929174662,1.200000000,-1.847519565,-1.420302384,2.087860185,-0.681734355,1.269388758,3.507422895,0.349065956,-0.638013804,0.451787623,0.216844011,0.404993543,1.376095909
1769530774.029174566,1.300000000,-1.812612968,-1.480315325,2.127846557,-0.658525030,1.309375076,3.637049099,0.349065929,-0.564260625,0.352334487,0.244625937,0.395049848,1.222253373
1769530774.129174709,1.400000000,-1.777706374,-1.533488983,2.159069299,-0.633270243,1.348455478,3.752864046,0.349065907,-0.500721385,0.275275904,0.258631734,0.386820637,1.098362498
1769530774.229174614,1.500000000,-1.746981043,-1.575357773,2.180837177,-0.610258184,1.382230348,3.845467358,0.237428749,-0.307096202,0.150420354,0.179033821,0.258990056,0.685811631
1769530774.329174519,1.600000000,-1.731587137,-1.594765525,2.190068588,-0.598638862,1.398962467,3.889046784,0.066852289,-0.082295469,0.038054105,0.050479399,0.072429492,0.185781763
1769530774.429174662,1.700000000,-1.726539247,-1.600979494,2.192941989,-0.594827272,1.404431481,3.883284922,-0.000000024,0.000000121,0.000000092,-0.000000214,-0.000000026,-0.293623698
1769530774.529174566,1.800000000,-1.726539251,-1.600979472,2.192942006,-0.594827311,1.404431476,3.828922993,-0.000000066,0.000000327,0.000000249,-0.000000578,-0.000000071,-0.793616452
1769530774.629174709,1.900000000,-1.726539260,-1.600979429,2.192942039,-0.594827387,1.404431467,3.724561663,-0.000000108,0.000000533,0.000000407,-0.000000941,-0.000000115,-1.293609990
1769530774.729174614,2.000000000,-1.726539279,-1.600979369,2.192942089,-0.594827497,1.404431447,3.570200967,-0.000000386,0.000000586,0.000000642,-0.000001226,-0.000000396,-1.793603463
1769530774.829174519,2.100000000,-1.726539322,-1.600979304,2.192942161,-0.594827634,1.404431403,3.369809699,-0.000000451,0.000000684,0.000000749,-0.000001432,-0.000000462,-2.094395102
1769530774.929174662,2.200000000,-1.726539399,-1.600979248,2.192942233,-0.594827762,1.404431325,3.160370188,-0.000000840,0.000000529,0.000000716,-0.000001241,-0.000000850,-2.094395102
1769530775.029174566,2.300000000,-1.726539498,-1.600979204,2.192942301,-0.594827873,1.404431225,2.950930678,-0.000001160,0.000000331,0.000000625,-0.000000950,-0.000001168,-2.094395102
1769530775.129174709,2.400000000,-1.726539616,-1.600979173,2.192942362,-0.594827964,1.404431107,2.741491168,-0.000001387,0.000000107,0.000000483,-0.000000582,-0.000001392,-2.094395102
1769530775.229174614,2.500000000,-1.726539755,-1.600979163,2.192942410,-0.594828023,1.404430967,2.532051658,-0.000001387,0.000000107,0.000000483,-0.000000582,-0.000001392,-2.094395102
1769530775.329174519,2.600000000,-1.726539902,-1.600979169,2.192942445,-0.594828051,1.404430820,2.322612147,-0.000001502,-0.000000127,0.000000302,-0.000000167,-0.000001503,-2.094395102
1769530775.429174662,2.700000000,-1.726540052,-1.600979190,2.192942468,-0.594828052,1.404430670,2.113172637,-0.000001494,-0.000000350,0.000000097,0.000000261,-0.000001493,-2.094395102
1769530775.529174566,2.800000000,-1.726540201,-1.600979225,2.192942478,-0.594828026,1.404430521,1.903733127,-0.000001366,-0.000000545,-0.000000117,0.000000669,-0.000001361,-2.094395102
1769530775.629174709,2.900000000,-1.726540335,-1.600979278,2.192942466,-0.594827960,1.404430387,1.697817261,-0.000001244,-0.000000496,-0.000000106,0.000000609,-0.000001239,-1.906681393
1769530775.729174614,3.000000000,-1.726540434,-1.600979327,2.192942448,-0.594827893,1.404430289,1.532149121,-0.000000757,-0.000000467,-0.000000215,0.000000686,-0.000000752,-1.406681393
1769530775.829174519,3.100000000,-1.726540496,-1.600979366,2.192942431,-0.594827836,1.404430228,1.416480982,-0.000000488,-0.000000301,-0.000000139,0.000000442,-0.000000484,-0.906681393
1769530775.929174662,3.200000000,-1.726540531,-1.600979388,2.192942421,-0.594827804,1.404430192,1.350812843,-0.000000219,-0.000000135,-0.000000062,0.000000198,-0.000000217,-0.406681393
1769530776.029174566,3.300000000,-1.725490260,-1.595823536,2.187936360,-0.594979027,1.405482167,1.332921437,0.023026435,0.113037299,-0.109753056,-0.003315652,0.023063755,0.051844936
1769530776.129174709,3.400000000,-1.724936316,-1.593104256,2.185296100,-0.595058807,1.406036994,1.360343620,0.000000208,0.000000147,0.000000100,-0.000000321,-0.000000096,0.510706726
1769530776.229174614,3.500000000,-1.724936284,-1.593104234,2.185296116,-0.595058859,1.406036981,1.436413838,0.000000421,0.000000296,0.000000225,-0.000000735,-0.000000161,1.010697996
1769530776.329174519,3.600000000,-1.724936231,-1.593104196,2.185296145,-0.595058957,1.406036963,1.562483288,0.000000656,0.000000457,0.000000381,-0.000001265,-0.000000169,1.510690852
1769530776.429174662,3.700000000,-1.724936129,-1.593104148,2.185296166,-0.595059042,1.406037035,1.738551965,0.000001299,0.000000518,0.000000112,-0.000000639,0.000001295,2.010682635
1769530776.529174566,3.800000000,-1.724935991,-1.593104098,2.185296173,-0.595059100,1.406037172,1.947290072,0.000001479,0.000000346,-0.000000096,-0.000000258,0.000001478,2.094395102
1769530776.629174709,3.900000000,-1.724935843,-1.593104064,2.185296164,-0.595059126,1.406037319,2.156729582,0.000001479,0.000000346,-0.000000096,-0.000000258,0.000001478,2.094395102
1769530776.729174614,4.000000000,-1.724935695,-1.593104048,2.185296137,-0.595059116,1.406037468,2.366169092,0.000001487,0.000000124,-0.000000300,0.000000169,0.000001488,2.094395102
1769530776.829174519,4.100000000,-1.724935552,-1.593104047,2.185296098,-0.595059079,1.406037612,2.575608603,0.000001373,-0.000000108,-0.000000480,0.000000582,0.000001378,2.094395102
1769530776.929174662,4.200000000,-1.724935417,-1.593104060,2.185296049,-0.595059017,1.406037747,2.785048113,0.000001149,-0.000000332,-0.000000622,0.000000947,0.000001157,2.094395102
1769530777.029174566,4.300000000,-1.724935302,-1.593104093,2.185295987,-0.595058922,1.406037863,2.994487623,0.000001149,-0.000000332,-0.000000622,0.000000947,0.000001157,2.094395102
1769530777.129174709,4.400000000,-1.724935211,-1.593104141,2.185295918,-0.595058805,1.406037954,3.203927133,0.000000831,-0.000000528,-0.000000712,0.000001236,0.000000841,2.094395102
1769530777.229174614,4.500000000,-1.724935143,-1.593104200,2.185295845,-0.595058674,1.406038024,3.413366644,0.000000446,-0.000000682,-0.000000745,0.000001425,0.000000458,2.094395102
1769530777.329174519,4.600000000,-1.724935099,-1.593104268,2.185295771,-0.595058532,1.406038068,3.622806154,0.000000025,-0.000000780,-0.000000718,0.000001498,0.000000037,2.094395102
1769530777.429174662,4.700000000,-1.724935097,-1.593104345,2.185295700,-0.595058385,1.406038072,3.828236166,0.000000023,-0.000000705,-0.000000649,0.000001355,0.000000034,1.894157799
1769530777.529174566,4.800000000,-1.724935113,-1.593104408,2.185295647,-0.595058269,1.406038057,3.992651946,-0.000000265,-0.000000543,-0.000000421,0.000000965,-0.000000257,1.394157799
1769530777.629174709,4.900000000,-1.724935135,-1.593104452,2.185295613,-0.595058190,1.406038036,4.107067726,-0.000000170,-0.000000348,-0.000000270,0.000000619,-0.000000165,0.894157799
1769530777.729174614,5.000000000,-1.724935147,-1.593104477,2.185295593,-0.595058145,1.406038024,4.171483506,-0.000000075,-0.000000153,-0.000000119,0.000000273,-0.000000073,0.394157799
1769530777.829174519,5.100000000,-1.723851954,-1.587714237,2.180007157,-0.595161416,1.407123239,4.188186088,0.022193590,0.110440623,-0.108354488,-0.002116213,0.022234987,-0.064904816
1769530777.929174662,5.200000000,-1.723362698,-1.585279587,2.177618516,-0.595208097,1.407613393,4.159528277,0.000000051,0.000000190,0.000000214,-0.000000562,-0.000000226,-0.524194924
1769530778.029174566,5.300000000,-1.723362691,-1.585279560,2.177618547,-0.595208176,1.407613358,4.082109401,0.000000085,0.000000365,0.000000394,-0.000001006,-0.000000487,-1.024184809
1769530778.129174709,5.400000000,-1.723362681,-1.585279515,2.177618594,-0.595208294,1.407613294,3.954691288,0.000000104,0.000000529,0.000000540,-0.000001327,-0.000000785,-1.524177693
1769530778.229174614,5.500000000,-1.723362680,-1.585279450,2.177618655,-0.595208428,1.407613265,3.777273949,-0.000000024,0.000000750,0.000000690,-0.000001438,-0.000000036,-2.024169406
1769530778.329174519,5.600000000,-1.723362692,-1.585279375,2.177618727,-0.595208575,1.407613252,3.568328222,-0.000000442,0.000000679,0.000000741,-0.000001418,-0.000000453,-2.094395102
1769530778.429174662,5.700000000,-1.723362736,-1.585279307,2.177618801,-0.595208716,1.407613207,3.358888712,-0.000000442,0.000000679,0.000000741,-0.000001418,-0.000000453,-2.094395102
1769530778.529174566,5.800000000,-1.723362813,-1.585279253,2.177618872,-0.595208842,1.407613128,3.149449202,-0.000000823,0.000000526,0.000000709,-0.000001231,-0.000000833,-2.094395102
1769530778.629174709,5.900000000,-1.723362912,-1.585279210,2.177618939,-0.595208950,1.407613029,2.940009692,-0.000001137,0.000000332,0.000000618,-0.000000944,-0.000001145,-2.094395102
1769530778.729174614,6.000000000,-1.723363028,-1.585279180,2.177618998,-0.595209040,1.407612911,2.730570181,-0.000001360,0.000000110,0.000000478,-0.000000581,-0.000001365,-2.094395102
1769530778.829174519,6.100000000,-1.723363164,-1.585279169,2.177619046,-0.595209098,1.407612775,2.521130671,-0.000001360,0.000000110,0.000000478,-0.000000581,-0.000001365,-2.094395102
1769530778.929174662,6.200000000,-1.723363309,-1.585279176,2.177619080,-0.595209124,1.407612630,2.311691161,-0.000001472,-0.000000121,0.000000299,-0.000000170,-0.000001473,-2.094395102
1769530779.029174566,6.300000000,-1.723363456,-1.585279197,2.177619101,-0.595209123,1.407612483,2.102251651,-0.000001465,-0.000000342,0.000000095,0.000000254,-0.000001463,-2.094395102
1769530779.129174709,6.400000000,-1.723363602,-1.585279232,2.177619110,-0.595209096,1.407612337,1.892812140,-0.000001339,-0.000000535,-0.000000116,0.000000658,-0.000001334,-2.094395102
1769530779.229174614,6.500000000,-1.723363733,-1.585279285,2.177619099,-0.595209031,1.407612207,1.687929796,-0.000001203,-0.000000480,-0.000000104,0.000000591,-0.000001198,-1.880919912
1769530779.329174519,6.600000000,-1.723363827,-1.585279333,2.177619081,-0.595208964,1.407612114,1.524837805,-0.000000728,-0.000000451,-0.000000209,0.000000665,-0.000000723,-1.380919912
1769530779.429174662,6.700000000,-1.723363886,-1.585279370,2.177619063,-0.595208910,1.407612054,1.411745814,-0.000000465,-0.000000288,-0.000000133,0.000000424,-0.000000461,-0.880919912
1769530779.529174566,6.800000000,-1.723363920,-1.585279391,2.177619054,-0.595208880,1.407612021,1.348653823,-0.000000201,-0.000000125,-0.000000058,0.000000183,-0.000000199,-0.380919912
1769530779.629174709,6.900000000,-1.722237589,-1.579598201,2.171987752,-0.595260282,1.408740735,1.333183259,0.021037642,0.106112622,-0.105180652,-0.000960277,0.021082117,0.078704128
1769530779.729174614,7.000000000,-1.721822179,-1.577502947,2.169910914,-0.595279261,1.409157007,1.363156869,0.000000216,0.000000153,0.000000104,-0.000000333,-0.000000097,0.538750108
1769530779.829174519,7.100000000,-1.721822147,-1.577502924,2.169910930,-0.595279314,1.409156994,1.442031358,0.000000427,0.000000301,0.000000227,-0.000000741,-0.000000158,1.038741234
1769530779.929174662,7.200000000,-1.721822093,-1.577502886,2.169910960,-0.595279413,1.409156977,1.570905091,0.000000658,0.000000460,0.000000381,-0.000001264,-0.000000163,1.538734111
1769530780.029174566,7.300000000,-1.721821989,-1.577502839,2.169910979,-0.595279494,1.409157056,1.749778048,0.000001291,0.000000516,0.000000112,-0.000000637,0.000001287,2.038725707
1769530780.129174709,7.400000000,-1.721821853,-1.577502791,2.169910985,-0.595279549,1.409157191,1.958907031,0.000001450,0.000000338,-0.000000095,-0.000000251,0.000001448,2.094395102
1769530780.229174614,7.500000000,-1.721821708,-1.577502757,2.169910976,-0.595279574,1.409157336,2.168346542,0.000001450,0.000000338,-0.000000095,-0.000000251,0.000001448,2.094395102
1769530780.329174519,7.600000000,-1.721821563,-1.577502743,2.169910948,-0.595279561,1.409157482,2.377786052,0.000001457,0.000000118,-0.000000297,0.000000171,0.000001459,2.094395102
1769530780.429174662,7.700000000,-1.721821423,-1.577502744,2.169910909,-0.595279522,1.409157622,2.587225562,0.000001346,-0.000000111,-0.000000475,0.000000580,0.000001351,2.094395102
1769530780.529174566,7.800000000,-1.721821292,-1.577502759,2.169910859,-0.595279458,1.409157753,2.796665072,0.000001126,-0.000000332,-0.000000615,0.000000941,0.000001134,2.094395102
1769530780.629174709,7.900000000,-1.721821179,-1.577502792,2.169910797,-0.595279364,1.409157867,3.006104583,0.000001126,-0.000000332,-0.000000615,0.000000941,0.000001134,2.094395102
1769530780.729174614,8.000000000,-1.721821092,-1.577502841,2.169910729,-0.595279247,1.409157955,3.215544093,0.000000815,-0.000000525,-0.000000705,0.000001226,0.000000825,2.094395102
1769530780.829174519,8.100000000,-1.721821027,-1.577502900,2.169910657,-0.595279116,1.409158021,3.424983603,0.000000438,-0.000000676,-0.000000738,0.000001411,0.000000449,2.094395102
1769530780.929174662,8.200000000,-1.721820987,-1.577502968,2.169910583,-0.595278974,1.409158063,3.634423113,0.000000025,-0.000000772,-0.000000711,0.000001483,0.000000037,2.094395102
1769530781.029174566,8.300000000,-1.721820984,-1.577503043,2.169910514,-0.595278829,1.409158066,3.838659639,0.000000022,-0.000000688,-0.000000633,0.000001321,0.000000033,1.866294584
1769530781.129174709,8.400000000,-1.721821002,-1.577503105,2.169910463,-0.595278717,1.409158050,4.000289097,-0.000000254,-0.000000525,-0.000000408,0.000000935,-0.000000247,1.366294584
1769530781.229174614,8.500000000,-1.721821023,-1.577503147,2.169910430,-0.595278641,1.409158029,4.111918555,-0.000000161,-0.000000333,-0.000000259,0.000000593,-0.000000157,0.866294584
1769530781.329174519,8.600000000,-1.721821034,-1.577503171,2.169910411,-0.595278599,1.409158018,4.173548014,-0.000000068,-0.000000141,-0.000000109,0.000000251,-0.000000066,0.366294584
1769530781.429174662,8.700000000,-1.720659721,-1.571566169,2.163965901,-0.595272642,1.410322084,4.187639144,0.019905606,0.101763646,-0.101892107,0.000101846,0.019952743,-0.093689000
1769530781.529174566,8.800000000,-1.720309180,-1.569774099,2.162171591,-0.595270880,1.410673439,4.156257548,0.000000051,0.000000198,0.000000218,-0.000000565,-0.000000243,-0.554022988
1769530781.629174709,8.900000000,-1.720309173,-1.569774070,2.162171622,-0.595270960,1.410673403,4.075855494,0.000000088,0.000000372,0.000000400,-0.000001019,-0.000000487,-1.054017189
1769530781.729174614,9.000000000,-1.720309163,-1.569774025,2.162171670,-0.595271078,1.410673340,3.945454185,0.000000108,0.000000535,0.000000543,-0.000001333,-0.000000778,-1.554010093
1769530781.829174519,9.100000000,-1.720309162,-1.569773960,2.162171731,-0.595271211,1.410673316,3.765053656,-0.000000024,0.000000753,0.000000693,-0.000001444,-0.000000036,-2.054001684
1769530781.929174662,9.200000000,-1.720309176,-1.569773886,2.162171802,-0.595271356,1.410673301,3.555777920,-0.000000433,0.000000673,0.000000734,-0.000001405,-0.000000445,-2.094395102
1769530782.029174566,9.300000000,-1.720309220,-1.569773819,2.162171876,-0.595271497,1.410673256,3.346338409,-0.000000433,0.000000673,0.000000734,-0.000001405,-0.000000445,-2.094395102
1769530782.129174709,9.400000000,-1.720309298,-1.569773765,2.162171946,-0.595271620,1.410673177,3.136898899,-0.000000807,0.000000523,0.000000701,-0.000001220,-0.000000817,-2.094395102
1769530782.229174614,9.500000000,-1.720309396,-1.569773724,2.162172011,-0.595271726,1.410673078,2.927459389,-0.000001115,0.000000332,0.000000612,-0.000000937,-0.000001123,-2.094395102
1769530782.329174519,9.600000000,-1.720309512,-1.569773695,2.162172069,-0.595271812,1.410672961,2.718019879,-0.000001333,0.000000113,0.000000473,-0.000000578,-0.000001338,-2.094395102
1769530782.429174662,9.700000000,-1.720309645,-1.569773684,2.162172117,-0.595271870,1.410672828,2.508580369,-0.000001333,0.000000113,0.000000473,-0.000000578,-0.000001338,-2.094395102
1769530782.529174566,9.800000000,-1.720309788,-1.569773692,2.162172149,-0.595271894,1.410672685,2.299140858,-0.000001443,-0.000000115,0.000000296,-0.000000173,-0.000001445,-2.094395102
1769530782.629174709,9.900000000,-1.720309932,-1.569773713,2.162172169,-0.595271891,1.410672541,2.089701348,-0.000001436,-0.000000334,0.000000094,0.000000247,-0.000001434,-2.094395102
1769530782.729174614,10.000000000,-1.720310074,-1.569773749,2.162172176,-0.595271862,1.410672399,1.880261838,-0.000001313,-0.000000525,-0.000000114,0.000000647,-0.000001308,-2.094395102
1769530782.829174519,10.100000000,-1.720310202,-1.569773800,2.162172165,-0.595271799,1.410672272,1.676738634,-0.000001160,-0.000000464,-0.000000101,0.000000572,-0.000001156,-1.851160516
1769530782.929174662,10.200000000,-1.720310291,-1.569773847,2.162172147,-0.595271733,1.410672183,1.516622583,-0.000000699,-0.000000435,-0.000000203,0.000000641,-0.000000694,-1.351160516
1769530783.029174566,10.300000000,-1.720310348,-1.569773883,2.162172130,-0.595271681,1.410672127,1.406506531,-0.000000440,-0.000000274,-0.000000128,0.000000404,-0.000000437,-0.851160516
1769530783.129174709,10.400000000,-1.720310379,-1.569773902,2.162172121,-0.595271652,1.410672096,1.346390479,-0.000000182,-0.000000113,-0.000000053,0.000000167,-0.000000180,-0.351160516
1769530783.229174614,10.500000000,-1.719111800,-1.563563802,2.155892161,-0.595203382,1.411873826,1.333645195,0.018479229,0.095744247,-0.096821176,0.001052404,0.018527758,0.108134267
1769530783.329174519,10.600000000,-1.718827430,-1.562090484,2.154402285,-0.595187206,1.412158925,1.366311846,0.000000227,0.000000160,0.000000114,-0.000000367,-0.000000092,0.568023399
1769530783.429174662,10.700000000,-1.718827397,-1.562090460,2.154402302,-0.595187261,1.412158913,1.448113922,0.000000434,0.000000306,0.000000230,-0.000000748,-0.000000155,1.068017500
1769530783.529174566,10.800000000,-1.718827342,-1.562090422,2.154402332,-0.595187361,1.412158897,1.579915240,0.000000661,0.000000463,0.000000382,-0.000001264,-0.000000158,1.568010374
1769530783.629174709,10.900000000,-1.718827237,-1.562090375,2.154402350,-0.595187437,1.412158982,1.761715774,0.000001284,0.000000514,0.000000113,-0.000000636,0.000001280,2.068001971
1769530783.729174614,11.000000000,-1.718827103,-1.562090329,2.154402354,-0.595187488,1.412159116,1.971085005,0.000001422,0.000000330,-0.000000094,-0.000000244,0.000001420,2.094395102
1769530783.829174519,11.100000000,-1.718826960,-1.562090296,2.154402345,-0.595187513,1.412159258,2.180524516,0.000001422,0.000000330,-0.000000094,-0.000000244,0.000001420,2.094395102
1769530783.929174662,11.200000000,-1.718826817,-1.562090284,2.154402316,-0.595187497,1.412159401,2.389964026,0.000001429,0.000000112,-0.000000294,0.000000174,0.000001431,2.094395102
1769530784.029174566,11.300000000,-1.718826681,-1.562090286,2.154402277,-0.595187456,1.412159538,2.599403536,0.000001320,-0.000000114,-0.000000470,0.000000577,0.000001325,2.094395102
1769530784.129174709,11.400000000,-1.718826554,-1.562090303,2.154402226,-0.595187390,1.412159665,2.808843046,0.000001105,-0.000000331,-0.000000609,0.000000934,0.000001112,2.094395102
1769530784.229174614,11.500000000,-1.718826443,-1.562090336,2.154402165,-0.595187296,1.412159776,3.018282557,0.000001105,-0.000000331,-0.000000609,0.000000934,0.000001112,2.094395102
1769530784.329174519,11.600000000,-1.718826360,-1.562090385,2.154402097,-0.595187178,1.412159861,3.227722067,0.000000799,-0.000000522,-0.000000698,0.000001215,0.000000809,2.094395102
1769530784.429174662,11.700000000,-1.718826298,-1.562090445,2.154402025,-0.595187048,1.412159924,3.437161577,0.000000429,-0.000000670,-0.000000730,0.000001398,0.000000441,2.094395102
1769530784.529174566,11.800000000,-1.718826261,-1.562090513,2.154401953,-0.595186907,1.412159962,3.646601087,0.000000024,-0.000000764,-0.000000703,0.000001467,0.000000036,2.094395102
1769530784.629174709,11.900000000,-1.718826259,-1.562090587,2.154401885,-0.595186765,1.412159966,3.849411039,0.000000021,-0.000000670,-0.000000617,0.000001287,0.000000032,1.836915801
1769530784.729174614,12.000000000,-1.718826277,-1.562090647,2.154401836,-0.595186656,1.412159948,4.008102619,-0.000000244,-0.000000508,-0.000000395,0.000000905,-0.000000237,1.336915801
1769530784.829174519,12.100000000,-1.718826297,-1.562090688,2.154401804,-0.595186583,1.412159929,4.116794199,-0.000000153,-0.000000318,-0.000000248,0.000000567,-0.000000148,0.836915801
1769530784.929174662,12.200000000,-1.718826308,-1.562090710,2.154401786,-0.595186543,1.412159918,4.175485779,-0.000000062,-0.000000128,-0.000000100,0.000000228,-0.000000060,0.336915801
1769530785.029174566,12.300000000,-1.717605810,-1.555682166,2.147857549,-0.595052458,1.413383947,4.186944738,0.017214254,0.090387842,-0.092301483,0.001890935,0.017263999,-0.121673114
1769530785.129174709,12.400000000,-1.717371513,-1.554451936,2.146601298,-0.595026755,1.413618904,4.153089079,0.000000054,0.000000206,0.000000225,-0.000000583,-0.000000247,-0.580815166
1769530785.229174614,12.500000000,-1.717371506,-1.554451907,2.146601330,-0.595026836,1.413618868,4.070007841,0.000000091,0.000000378,0.000000404,-0.000001029,-0.000000486,-1.080809289
1769530785.329174519,12.600000000,-1.717371496,-1.554451861,2.146601377,-0.595026955,1.413618805,3.936927361,0.000000112,0.000000540,0.000000545,-0.000001336,-0.000000769,-1.580802171
1769530785.429174662,12.700000000,-1.717371495,-1.554451795,2.146601439,-0.595027087,1.413618786,3.753847669,-0.000000024,0.000000755,0.000000695,-0.000001448,-0.000000036,-2.080793766
1769530785.529174566,12.800000000,-1.717371512,-1.554451722,2.146601509,-0.595027230,1.413618768,3.544427276,-0.000000425,0.000000667,0.000000726,-0.000001391,-0.000000437,-2.094395102
1769530785.629174709,12.900000000,-1.717371554,-1.554451656,2.146601582,-0.595027369,1.413618725,3.334987766,-0.000000425,0.000000667,0.000000726,-0.000001391,-0.000000437,-2.094395102
1769530785.729174614,13.000000000,-1.717371633,-1.554451603,2.146601651,-0.595027490,1.413618645,3.125548256,-0.000000792,0.000000520,0.000000694,-0.000001210,-0.000000802,-2.094395102
1769530785.829174519,13.100000000,-1.717371731,-1.554451563,2.146601715,-0.595027594,1.413618546,2.916108746,-0.000001094,0.000000331,0.000000606,-0.000000931,-0.000001102,-2.094395102
1769530785.929174662,13.200000000,-1.717371845,-1.554451536,2.146601772,-0.595027678,1.413618431,2.706669235,-0.000001308,0.000000115,0.000000468,-0.000000576,-0.000001313,-2.094395102
1769530786.029174566,13.300000000,-1.717371976,-1.554451524,2.146601819,-0.595027736,1.413618299,2.497229725,-0.000001308,0.000000115,0.000000468,-0.000000576,-0.000001313,-2.094395102
1769530786.129174709,13.400000000,-1.717372117,-1.554451533,2.146601850,-0.595027757,1.413618159,2.287790215,-0.000001416,-0.000000110,0.000000293,-0.000000175,-0.000001417,-2.094395102
1769530786.229174614,13.500000000,-1.717372258,-1.554451555,2.146601869,-0.595027753,1.413618017,2.078350705,-0.000001409,-0.000000326,0.000000093,0.000000241,-0.000001407,-2.094395102
1769530786.329174519,13.600000000,-1.717372397,-1.554451591,2.146601875,-0.595027722,1.413617879,1.868911194,-0.000001288,-0.000000516,-0.000000113,0.000000637,-0.000001283,-2.094395102
1769530786.429174662,13.700000000,-1.717372521,-1.554451641,2.146601864,-0.595027661,1.413617755,1.666772939,-0.000001122,-0.000000449,-0.000000099,0.000000554,-0.000001117,-1.824186751
1769530786.529174566,13.800000000,-1.717372606,-1.554451687,2.146601845,-0.595027595,1.413617670,1.509354264,-0.000000672,-0.000000420,-0.000000196,0.000000620,-0.000000667,-1.324186751
1769530786.629174709,13.900000000,-1.717372661,-1.554451721,2.146601829,-0.595027545,1.413617616,1.401935589,-0.000000418,-0.000000261,-0.000000122,0.000000386,-0.000000415,-0.824186751
1769530786.729174614,14.000000000,-1.717372690,-1.554451739,2.146601821,-0.595027518,1.413617588,1.344516914,-0.000000164,-0.000000103,-0.000000048,0.000000152,-0.000000163,-0.324186751
1769530786.829174519,14.100000000,-1.716131848,-1.547849367,2.139794534,-0.594824227,1.414862352,1.334177512,0.015757253,0.083841898,-0.086443924,0.002581403,0.015807003,0.133728303
1769530786.929174662,14.200000000,-1.715945136,-1.546855963,2.138770316,-0.594793661,1.415049635,1.369097546,0.000000234,0.000000165,0.000000117,-0.000000376,-0.000000092,0.592474957
1769530787.029174566,14.300000000,-1.715945103,-1.546855940,2.138770334,-0.594793717,1.415049622,1.453344749,0.000000438,0.000000309,0.000000232,-0.000000752,-0.000000151,1.092469004
1769530787.129174709,14.400000000,-1.715945048,-1.546855901,2.138770364,-0.594793818,1.415049607,1.587591180,0.000000669,0.000000467,0.000000392,-0.000001299,-0.000000131,1.592460071
1769530787.229174614,14.500000000,-1.715944941,-1.546855855,2.138770380,-0.594793889,1.415049698,1.771836815,0.000001275,0.000000511,0.000000113,-0.000000633,0.000001270,2.092240297
1769530787.329174519,14.600000000,-1.715944809,-1.546855810,2.138770384,-0.594793938,1.415049830,1.981275333,0.000001396,0.000000323,-0.000000093,-0.000000238,0.000001394,2.094395102
1769530787.429174662,14.700000000,-1.715944670,-1.546855778,2.138770374,-0.594793961,1.415049969,2.190714843,0.000001402,0.000000107,-0.000000291,0.000000176,0.000001404,2.094395102
1769530787.529174566,14.800000000,-1.715944529,-1.546855768,2.138770345,-0.594793944,1.415050110,2.400154354,0.000001402,0.000000107,-0.000000291,0.000000176,0.000001404,2.094395102
1769530787.629174709,14.900000000,-1.715944396,-1.546855771,2.138770305,-0.594793900,1.415050243,2.609593864,0.000001296,-0.000000116,-0.000000466,0.000000575,0.000001300,2.094395102
1769530787.729174614,15.000000000,-1.715944272,-1.546855789,2.138770255,-0.594793833,1.415050368,2.819033374,0.000001084,-0.000000331,-0.000000602,0.000000927,0.000001092,2.094395102
1769530787.829174519,15.100000000,-1.715944164,-1.546855822,2.138770194,-0.594793740,1.415050477,3.028472884,0.000001084,-0.000000331,-0.000000602,0.000000927,0.000001092,2.094395102
1769530787.929174662,15.200000000,-1.715944083,-1.546855872,2.138770126,-0.594793622,1.415050559,3.237912395,0.000000784,-0.000000518,-0.000000691,0.000001205,0.000000794,2.094395102
1769530788.029174566,15.300000000,-1.715944025,-1.546855932,2.138770055,-0.594793492,1.415050618,3.447351905,0.000000421,-0.000000664,-0.000000723,0.000001384,0.000000433,2.094395102
1769530788.129174709,15.400000000,-1.715943990,-1.546856000,2.138769983,-0.594793352,1.415050654,3.656791415,0.000000024,-0.000000756,-0.000000696,0.000001452,0.000000036,2.094395102
1769530788.229174614,15.500000000,-1.715943988,-1.546856073,2.138769917,-0.594793212,1.415050657,3.858272485,0.000000021,-0.000000654,-0.000000602,0.000001256,0.000000031,1.812288032
1769530788.329174519,15.600000000,-1.715944007,-1.546856131,2.138769869,-0.594793107,1.415050639,4.014501288,-0.000000235,-0.000000493,-0.000000384,0.000000878,-0.000000228,1.312288032
1769530788.429174662,15.700000000,-1.715944026,-1.546856171,2.138769838,-0.594793036,1.415050620,4.120730091,-0.000000146,-0.000000305,-0.000000238,0.000000544,-0.000000141,0.812288032
1769530788.529174566,15.800000000,-1.715944036,-1.546856192,2.138769821,-0.594792998,1.415050610,4.176958895,-0.000000056,-0.000000117,-0.000000091,0.000000209,-0.000000054,0.312288032
1769530788.629174709,15.900000000,-1.714695197,-1.540122849,2.131761504,-0.594519646,1.416303740,4.186230824,0.014519954,0.078286849,-0.081483718,0.003177975,0.014569769,-0.144953630
1769530788.729174614,16.000000000,-1.714543038,-1.539302464,2.130907645,-0.594486379,1.416456403,4.150336119,0.000000056,0.000000211,0.000000231,-0.000000595,-0.000000250,-0.603002863
1769530788.829174519,16.100000000,-1.714543031,-1.539302435,2.130907677,-0.594486461,1.416456367,4.065036138,0.000000093,0.000000382,0.000000407,-0.000001034,-0.000000482,-1.102996928
1769530788.929174662,16.200000000,-1.714543020,-1.539302389,2.130907725,-0.594486579,1.416456305,3.929736933,0.000000111,0.000000539,0.000000534,-0.000001293,-0.000000769,-1.602988001
1769530789.029174566,16.300000000,-1.714543020,-1.539302323,2.130907786,-0.594486710,1.416456289,3.744446505,-0.000000024,0.000000752,0.000000692,-0.000001442,-0.000000036,-2.094395102
1769530789.129174709,16.400000000,-1.714543038,-1.539302251,2.130907857,-0.594486851,1.416456270,3.535006995,-0.000000417,0.000000661,0.000000719,-0.000001378,-0.000000429,-2.094395102
1769530789.229174614,16.500000000,-1.714543081,-1.539302185,2.130907928,-0.594486989,1.416456226,3.325567485,-0.000000777,0.000000516,0.000000687,-0.000001199,-0.000000787,-2.094395102
1769530789.329174519,16.600000000,-1.714543159,-1.539302134,2.130907997,-0.594487109,1.416456147,3.116127974,-0.000000777,0.000000516,0.000000687,-0.000001199,-0.000000787,-2.094395102
1769530789.429174662,16.700000000,-1.714543256,-1.539302094,2.130908060,-0.594487210,1.416456049,2.906688464,-0.000001074,0.000000330,0.000000600,-0.000000924,-0.000001081,-2.094395102
1769530789.529174566,16.800000000,-1.714543370,-1.539302068,2.130908116,-0.594487292,1.416455935,2.697248954,-0.000001283,0.000000117,0.000000463,-0.000000574,-0.000001288,-2.094395102
1769530789.629174709,16.900000000,-1.714543498,-1.539302056,2.130908162,-0.594487350,1.416455806,2.487809444,-0.000001283,0.000000117,0.000000463,-0.000000574,-0.000001288,-2.094395102
1769530789.729174614,17.000000000,-1.714543636,-1.539302065,2.130908192,-0.594487370,1.416455668,2.278369933,-0.000001389,-0.000000105,0.000000290,-0.000000177,-0.000001391,-2.094395102
1769530789.829174519,17.100000000,-1.714543775,-1.539302088,2.130908210,-0.594487364,1.416455529,2.068930423,-0.000001382,-0.000000319,0.000000093,0.000000234,-0.000001381,-2.094395102
1769530789.929174662,17.200000000,-1.714543911,-1.539302124,2.130908215,-0.594487332,1.416455394,1.859490913,-0.000001264,-0.000000507,-0.000000112,0.000000627,-0.000001259,-2.094395102
1769530790.029174566,17.300000000,-1.714544032,-1.539302173,2.130908204,-0.594487272,1.416455273,1.658610995,-0.000001087,-0.000000436,-0.000000096,0.000000539,-0.000001083,-1.801827305
1769530790.129174709,17.400000000,-1.714544113,-1.539302218,2.130908185,-0.594487207,1.416455192,1.503428264,-0.000000648,-0.000000407,-0.000000191,0.000000602,-0.000000643,-1.301827305
1769530790.229174614,17.500000000,-1.714544166,-1.539302251,2.130908170,-0.594487158,1.416455140,1.398245534,-0.000000399,-0.000000250,-0.000000118,0.000000371,-0.000000396,-0.801827305
1769530790.329174519,17.600000000,-1.714544193,-1.539302268,2.130908161,-0.594487133,1.416455113,1.343062803,-0.000000150,-0.000000094,-0.000000044,0.000000140,-0.000000149,-0.301827305
1769530790.429174662,17.700000000,-1.713288280,-1.532441129,2.123700006,-0.594141736,1.417715689,1.334698707,0.013126743,0.071711787,-0.075338645,0.003609914,0.013175416,0.154754414
1769530790.529174566,17.800000000,-1.713168899,-1.531789010,2.123014923,-0.594108930,1.417835494,1.371452043,0.000000239,0.000000169,0.000000119,-0.000000382,-0.000000090,0.612467142
1769530790.629174709,17.900000000,-1.713168865,-1.531788986,2.123014940,-0.594108987,1.417835482,1.457698439,0.000000440,0.000000311,0.000000233,-0.000000753,-0.000000146,1.112461152
1769530790.729174614,18.000000000,-1.713168810,-1.531788947,2.123014971,-0.594109088,1.417835468,1.593944048,0.000000668,0.000000467,0.000000391,-0.000001291,-0.000000125,1.612452204
1769530790.829174519,18.100000000,-1.713168703,-1.531788901,2.123014985,-0.594109155,1.417835563,1.780155671,0.000001252,0.000000503,0.000000112,-0.000000624,0.000001248,2.094395102
1769530790.929174662,18.200000000,-1.713168573,-1.531788859,2.123014988,-0.594109201,1.417835692,1.989595181,0.000001370,0.000000316,-0.000000092,-0.000000231,0.000001368,2.094395102
1769530791.029174566,18.300000000,-1.713168436,-1.531788828,2.123014978,-0.594109223,1.417835829,2.199034691,0.000001376,0.000000103,-0.000000288,0.000000178,0.000001378,2.094395102
1769530791.129174709,18.400000000,-1.713168298,-1.531788818,2.123014949,-0.594109205,1.417835967,2.408474202,0.000001376,0.000000103,-0.000000288,0.000000178,0.000001378,2.094395102
1769530791.229174614,18.500000000,-1.713168168,-1.531788823,2.123014909,-0.594109160,1.417836098,2.617913712,0.000001272,-0.000000118,-0.000000461,0.000000572,0.000001276,2.094395102
1769530791.329174519,18.600000000,-1.713168047,-1.531788842,2.123014858,-0.594109092,1.417836219,2.827353222,0.000001064,-0.000000330,-0.000000597,0.000000920,0.000001071,2.094395102
1769530791.429174662,18.700000000,-1.713167941,-1.531788874,2.123014799,-0.594109000,1.417836326,3.036792732,0.000001064,-0.000000330,-0.000000597,0.000000920,0.000001071,2.094395102
1769530791.529174566,18.800000000,-1.713167862,-1.531788925,2.123014731,-0.594108881,1.417836405,3.246232243,0.000000770,-0.000000515,-0.000000684,0.000001194,0.000000780,2.094395102
1769530791.629174709,18.900000000,-1.713167807,-1.531788985,2.123014660,-0.594108752,1.417836462,3.455671753,0.000000414,-0.000000658,-0.000000716,0.000001371,0.000000425,2.094395102
1769530791.729174614,19.000000000,-1.713167774,-1.531789053,2.123014589,-0.594108613,1.417836496,3.665111263,0.000000024,-0.000000748,-0.000000689,0.000001437,0.000000036,2.094395102
1769530791.829174519,19.100000000,-1.713167772,-1.531789124,2.123014523,-0.594108476,1.417836499,3.865414399,0.000000020,-0.000000640,-0.000000590,0.000001230,0.000000030,1.792130744
1769530791.929174662,19.200000000,-1.713167792,-1.531789181,2.123014477,-0.594108373,1.417836480,4.019627473,-0.000000227,-0.000000479,-0.000000375,0.000000855,-0.000000220,1.292130744
1769530792.029174566,19.300000000,-1.713167810,-1.531789220,2.123014447,-0.594108304,1.417836462,4.123840547,-0.000000139,-0.000000294,-0.000000230,0.000000524,-0.000000135,0.792130744
1769530792.129174709,19.400000000,-1.713167820,-1.531789240,2.123014431,-0.594108268,1.417836453,4.178053622,-0.000000051,-0.000000108,-0.000000085,0.000000193,-0.000000050,0.292130744
1769530792.229174614,19.500000000,-1.711914370,-1.524851183,2.115658327,-0.593691825,1.419094912,4.185553968,0.012003705,0.066442470,-0.070445744,0.003987863,0.012051616,-0.163822029
1769530792.329174519,19.600000000,-1.711817601,-1.524315556,2.115090455,-0.593659714,1.419192050,4.148025723,0.000000057,0.000000215,0.000000234,-0.000000604,-0.000000250,-0.620865952
1769530792.429174662,19.700000000,-1.711817593,-1.524315526,2.115090487,-0.593659796,1.419192014,4.060939457,0.000000091,0.000000382,0.000000401,-0.000001007,-0.000000488,-1.120857256
1769530792.529174566,19.800000000,-1.711817583,-1.524315480,2.115090534,-0.593659913,1.419191953,3.923853979,0.000000114,0.000000540,0.000000534,-0.000001289,-0.000000756,-1.620851034
1769530792.629174709,19.900000000,-1.711817583,-1.524315414,2.115090596,-0.593660043,1.419191940,3.736839858,-0.000000024,0.000000744,0.000000685,-0.000001427,-0.000000036,-2.094395102
1769530792.729174614,20.000000000,-1.711817602,-1.524315344,2.115090665,-0.593660183,1.419191920,3.527400348,-0.000000410,0.000000655,0.000000712,-0.000001365,-0.000000421,-2.094395102
1769530792.829174519,20.100000000,-1.711817645,-1.524315279,2.115090736,-0.593660319,1.419191875,3.317960838,-0.000000763,0.000000513,0.000000680,-0.000001189,-0.000000773,-2.094395102
1769530792.929174662,20.200000000,-1.711817722,-1.524315228,2.115090804,-0.593660438,1.419191798,3.108521328,-0.000000763,0.000000513,0.000000680,-0.000001189,-0.000000773,-2.094395102
1769530793.029174566,20.300000000,-1.711817818,-1.524315189,2.115090866,-0.593660537,1.419191701,2.899081817,-0.000001054,0.000000329,0.000000594,-0.000000917,-0.000001062,-2.094395102
1769530793.129174709,20.400000000,-1.711817931,-1.524315163,2.115090921,-0.593660617,1.419191588,2.689642307,-0.000001260,0.000000119,0.000000459,-0.000000571,-0.000001265,-2.094395102
1769530793.229174614,20.500000000,-1.711818057,-1.524315152,2.115090967,-0.593660675,1.419191461,2.480202797,-0.000001260,0.000000119,0.000000459,-0.000000571,-0.000001265,-2.094395102
1769530793.329174519,20.600000000,-1.711818193,-1.524315161,2.115090996,-0.593660693,1.419191325,2.270763287,-0.000001364,-0.000000101,0.000000287,-0.000000178,-0.000001365,-2.094395102
1769530793.429174662,20.700000000,-1.711818329,-1.524315184,2.115091013,-0.593660686,1.419191189,2.061323776,-0.000001357,-0.000000312,0.000000092,0.000000229,-0.000001355,-2.094395102
1769530793.529174566,20.800000000,-1.711818462,-1.524315220,2.115091017,-0.593660654,1.419191056,1.851884266,-0.000001240,-0.000000499,-0.000000111,0.000000617,-0.000001235,-2.094395102
1769530793.629174709,20.900000000,-1.711818579,-1.524315267,2.115091007,-0.593660596,1.419190940,1.654277065,-0.000001037,-0.000000417,-0.000000093,0.000000516,-0.000001033,-1.750413864
1769530793.729174614,21.000000000,-1.711818656,-1.524315310,2.115090988,-0.593660533,1.419190863,1.504235679,-0.000000611,-0.000000385,-0.000000182,0.000000570,-0.000000606,-1.250413864
1769530793.829174519,21.100000000,-1.711818705,-1.524315341,2.115090974,-0.593660488,1.419190815,1.404194293,-0.000000367,-0.000000231,-0.000000109,0.000000342,-0.000000364,-0.750413864
1769530793.929174662,21.200000000,-1.711818729,-1.524315357,2.115090966,-0.593660465,1.419190790,1.354152906,-0.000000122,-0.000000077,-0.000000036,0.000000114,-0.000000121,-0.250413864
1769530794.029174566,21.300000000,-1.711916375,-1.524849269,2.115681441,-0.593716903,1.419092575,1.353109249,-0.001070729,-0.005855129,0.006475535,-0.000619050,-0.001076976,0.229007098
1769530794.129174709,21.400000000,-1.712140863,-1.526074753,2.117035253,-0.593844947,1.418866786,1.401009598,-0.003419805,-0.018655745,0.020599777,-0.001939695,-0.003439563,0.729000919
1769530794.229174614,21.500000000,-1.712602068,-1.528583017,2.119799288,-0.594100132,1.418402950,1.498909067,-0.005803902,-0.031509029,0.034681590,-0.003165184,-0.005836775,1.228992411
1769530794.329174519,21.600000000,-1.713304259,-1.532380499,2.123968447,-0.594470914,1.417696845,1.646807900,-0.008256846,-0.044466209,0.048681765,-0.004205019,-0.008302063,1.728984945
1769530794.429174662,21.700000000,-1.714245667,-1.537431003,2.129483653,-0.594934413,1.416750365,1.842894233,-0.010114946,-0.054034724,0.058838076,-0.004790394,-0.010168462,2.094395102
1769530794.529174566,21.800000000,-1.715264435,-1.542845487,2.135359098,-0.595394066,1.415726325,2.052333744,-0.010253261,-0.054244185,0.058679612,-0.004422230,-0.010305250,2.094395102
1769530794.629174709,21.900000000,-1.716297219,-1.548281220,2.141218679,-0.595816581,1.414688424,2.261773254,-0.010394525,-0.054458561,0.058521410,-0.004049406,-0.010444969,2.094395102
1769530794.729174614,22.000000000,-1.717344319,-1.553738700,2.147062418,-0.596201483,1.413636363,2.471212765,-0.010538824,-0.054677943,0.058363437,-0.003671800,-0.010587705,2.094395102
1769530794.829174519,22.100000000,-1.718406045,-1.559218435,2.152890339,-0.596548286,1.412569833,2.680652276,-0.010686247,-0.054902423,0.058205662,-0.003289288,-0.010733545,2.094395102
1769530794.929174662,22.200000000,-1.719482714,-1.564720941,2.158702459,-0.596856491,1.411488519,2.890091787,-0.010836886,-0.055132098,0.058048054,-0.002901741,-0.010882581,2.094395102
1769530795.029174566,22.300000000,-1.720574656,-1.570246746,2.164498794,-0.597125584,1.410392095,3.099531298,-0.010990835,-0.055367065,0.057890580,-0.002509028,-0.011034907,2.094395102
1769530795.129174709,22.400000000,-1.721682208,-1.575796386,2.170279354,-0.597355041,1.409280225,3.308970810,-0.011148194,-0.055607429,0.057733207,-0.002111015,-0.011190621,2.094395102
1769530795.229174614,22.500000000,-1.722805718,-1.581370410,2.176044149,-0.597544320,1.408152563,3.518410321,-0.011309066,-0.055853294,0.057575904,-0.001707562,-0.011349825,2.094395102
1769530795.329174519,22.600000000,-1.723945544,-1.586969375,2.181793183,-0.597692869,1.407008753,3.727849832,-0.011473556,-0.056104769,0.057418637,-0.001298529,-0.011512626,2.094395102
1769530795.429174662,22.700000000,-1.724971657,-1.591962545,2.186885079,-0.597790220,1.405979244,3.913830223,-0.008949510,-0.043327750,0.044019162,-0.000679390,-0.008978228,1.610047246
1769530795.529174566,22.800000000,-1.725730513,-1.595626933,2.190600845,-0.597840577,1.405217991,4.049834863,-0.006230797,-0.029964864,0.030293389,-0.000320129,-0.006249985,1.110045350
1769530795.629174709,22.900000000,-1.726214209,-1.597950005,2.192947070,-0.597863078,1.404732818,4.135839368,-0.003441075,-0.016493441,0.016632985,-0.000134899,-0.003451451,0.610044722
1769530795.729174614,23.000000000,-1.726417549,-1.598923819,2.193928513,-0.597870432,1.404528868,4.171843829,-0.000622254,-0.002977547,0.002999008,-0.000020620,-0.000624111,0.110044553
1769530795.829174519,23.100000000,-1.726512765,-1.599379374,2.194387312,-0.597873547,1.404433368,4.159163448,-0.000000244,-0.000000336,-0.000000172,0.000000508,-0.000000243,-0.372467025
1769530795.929174662,23.200000000,-1.726512806,-1.599379431,2.194387283,-0.597873462,1.404433327,4.096917337,-0.000000572,-0.000000787,-0.000000403,0.000001190,-0.000000570,-0.872459928
1769530796.029174566,23.300000000,-1.726512880,-1.599379532,2.194387231,-0.597873309,1.404433254,3.984671699,-0.000000901,-0.000001239,-0.000000634,0.000001874,-0.000000897,-1.372452846
1769530796.129174709,23.400000000,-1.726512934,-1.599379575,2.194387221,-0.597873255,1.404433199,3.822426600,-0.000000023,0.000000705,0.000000643,-0.000001348,-0.000000033,-1.872448261
1769530796.229174614,23.500000000,-1.726512937,-1.599379498,2.194387291,-0.597873403,1.404433195,3.617913541,-0.000000025,0.000000788,0.000000719,-0.000001508,-0.000000037,-2.094395102
1769530796.329174519,23.600000000,-1.726512982,-1.599379429,2.194387366,-0.597873546,1.404433149,3.408474030,-0.000000451,0.000000688,0.000000747,-0.000001433,-0.000000462,-2.094395102
1769530796.429174662,23.700000000,-1.726513052,-1.599379370,2.194387439,-0.597873677,1.404433078,3.199034520,-0.000000840,0.000000533,0.000000714,-0.000001243,-0.000000850,-2.094395102
1769530796.529174566,23.800000000,-1.726513144,-1.599379323,2.194387507,-0.597873794,1.404432985,2.989595010,-0.000001160,0.000000334,0.000000623,-0.000000952,-0.000001168,-2.094395102
1769530796.629174709,23.900000000,-1.726513260,-1.599379289,2.194387570,-0.597873889,1.404432868,2.780155500,-0.000001160,0.000000334,0.000000623,-0.000000952,-0.000001168,-2.094395102
1769530796.729174614,24.000000000,-1.726513397,-1.599379276,2.194387619,-0.597873951,1.404432731,2.570715989,-0.000001387,0.000000109,0.000000482,-0.000000584,-0.000001392,-2.094395102
1769530796.829174519,24.100000000,-1.726513542,-1.599379278,2.194387658,-0.597873986,1.404432586,2.361276479,-0.000001502,-0.000000126,0.000000302,-0.000000168,-0.000001503,-2.094395102
1769530796.929174662,24.200000000,-1.726513692,-1.599379295,2.194387684,-0.597873996,1.404432435,2.151836969,-0.000001494,-0.000000350,0.000000097,0.000000261,-0.000001492,-2.094395102
1769530797.029174566,24.300000000,-1.726513841,-1.599379330,2.194387694,-0.597873969,1.404432286,1.942397459,-0.000001494,-0.000000350,0.000000097,0.000000261,-0.000001492,-2.094395102
1769530797.129174709,24.400000000,-1.726513980,-1.599379380,2.194387686,-0.597873910,1.404432148,1.733868266,-0.000001304,-0.000000521,-0.000000110,0.000000639,-0.000001299,-1.998984557
1769530797.229174614,24.500000000,-1.726514087,-1.599379430,2.194387671,-0.597873844,1.404432041,1.558969810,-0.000000807,-0.000000500,-0.000000228,0.000000732,-0.000000801,-1.498984557
1769530797.329174519,24.600000000,-1.726514154,-1.599379472,2.194387652,-0.597873783,1.404431975,1.434071355,-0.000000538,-0.000000333,-0.000000152,0.000000488,-0.000000534,-0.998984557
1769530797.429174662,24.700000000,-1.726514195,-1.599379497,2.194387641,-0.597873747,1.404431935,1.359172899,-0.000000269,-0.000000166,-0.000000076,0.000000244,-0.000000267,-0.498984557
1769530797.529174566,24.800000000,-1.725901093,-1.596372130,2.191461593,-0.597955897,1.405046057,1.332819297,0.023468923,0.115116876,-0.112003662,-0.003145039,0.023507993,-0.040283876
1769530797.629174709,24.900000000,-1.724910374,-1.591512611,2.186733504,-0.598088674,1.406038414,1.351788683,0.000000170,0.000000121,0.000000082,-0.000000264,-0.000000078,0.418649058
1769530797.729174614,25.000000000,-1.724910346,-1.591512591,2.186733518,-0.598088719,1.406038402,1.418653263,0.000000380,0.000000269,0.000000196,-0.000000642,-0.000000155,0.918642152
1769530797.829174519,25.100000000,-1.724910297,-1.591512557,2.186733545,-0.598088807,1.406038385,1.535517062,0.000000610,0.000000428,0.000000346,-0.000001151,-0.000000176,1.418634367
1769530797.929174662,25.200000000,-1.724910207,-1.591512510,2.186733570,-0.598088904,1.406038430,1.702380118,0.000001239,0.000000496,0.000000106,-0.000000610,0.000001235,1.918626261
1769530798.029174566,25.300000000,-1.724910073,-1.591512457,2.186733581,-0.598088968,1.406038564,1.908729491,0.000001479,0.000000346,-0.000000097,-0.000000257,0.000001477,2.094395102
1769530798.129174709,25.400000000,-1.724909925,-1.591512422,2.186733571,-0.598088994,1.406038711,2.118169001,0.000001479,0.000000346,-0.000000097,-0.000000257,0.000001477,2.094395102
1769530798.229174614,25.500000000,-1.724909777,-1.591512402,2.186733548,-0.598088992,1.406038860,2.327608511,0.000001487,0.000000123,-0.000000300,0.000000169,0.000001488,2.094395102
1769530798.329174519,25.600000000,-1.724909632,-1.591512397,2.186733513,-0.598088962,1.406039005,2.537048022,0.000001373,-0.000000110,-0.000000480,0.000000583,0.000001378,2.094395102
1769530798.429174662,25.700000000,-1.724909494,-1.591512408,2.186733465,-0.598088904,1.406039143,2.746487532,0.000001373,-0.000000110,-0.000000480,0.000000583,0.000001378,2.094395102
1769530798.529174566,25.800000000,-1.724909378,-1.591512440,2.186733404,-0.598088812,1.406039260,2.955927042,0.000001149,-0.000000334,-0.000000620,0.000000949,0.000001157,2.094395102
1769530798.629174709,25.900000000,-1.724909281,-1.591512485,2.186733337,-0.598088701,1.406039358,3.165366552,0.000000831,-0.000000532,-0.000000710,0.000001238,0.000000841,2.094395102
1769530798.729174614,26.000000000,-1.724909206,-1.591512541,2.186733265,-0.598088573,1.406039434,3.374806063,0.000000446,-0.000000686,-0.000000743,0.000001426,0.000000458,2.094395102
1769530798.829174519,26.100000000,-1.724909161,-1.591512610,2.186733191,-0.598088430,1.406039480,3.584245573,0.000000446,-0.000000686,-0.000000743,0.000001426,0.000000458,2.094395102
1769530798.929174662,26.200000000,-1.724909152,-1.591512686,2.186733119,-0.598088282,1.406039490,3.792515215,0.000000024,-0.000000744,-0.000000678,0.000001422,0.000000035,1.986234692
1769530799.029174566,26.300000000,-1.724909163,-1.591512752,2.186733062,-0.598088159,1.406039481,3.966138685,-0.000000282,-0.000000581,-0.000000447,0.000001030,-0.000000274,1.486234692
1769530799.129174709,26.400000000,-1.724909186,-1.591512800,2.186733025,-0.598088074,1.406039458,4.089762154,-0.000000187,-0.000000386,-0.000000297,0.000000684,-0.000000182,0.986234692
1769530799.229174614,26.500000000,-1.724909200,-1.591512829,2.186733003,-0.598088023,1.406039444,4.163385623,-0.000000092,-0.000000190,-0.000000146,0.000000337,-0.000000090,0.486234692
1769530799.329174519,26.600000000,-1.724251685,-1.588243536,2.183518838,-0.598144036,1.406698216,4.188540368,0.023223428,0.115470856,-0.113523158,-0.001978970,0.023267781,0.026810516
1769530799.429174662,26.700000000,-1.723337132,-1.583696225,2.179048245,-0.598221991,1.407614505,4.168320738,0.000000042,0.000000158,0.000000176,-0.000000464,-0.000000186,-0.432366647
1769530799.529174566,26.800000000,-1.723337125,-1.583696200,2.179048272,-0.598222062,1.407614474,4.100084526,0.000000081,0.000000336,0.000000364,-0.000000942,-0.000000431,-0.932358303
1769530799.629174709,26.900000000,-1.723337116,-1.583696158,2.179048316,-0.598222174,1.407614416,3.981849123,0.000000102,0.000000503,0.000000517,-0.000001289,-0.000000724,-1.432350634
1769530799.729174614,27.000000000,-1.723337112,-1.583696097,2.179048374,-0.598222306,1.407614374,3.813614462,-0.000000023,0.000000720,0.000000656,-0.000001374,-0.000000035,-1.932342546
1769530799.829174519,27.100000000,-1.723337116,-1.583696021,2.179048444,-0.598222453,1.407614368,3.606801718,-0.000000442,0.000000683,0.000000739,-0.000001420,-0.000000453,-2.094395102
1769530799.929174662,27.200000000,-1.723337161,-1.583695953,2.179048518,-0.598222595,1.407614323,3.397362207,-0.000000442,0.000000683,0.000000739,-0.000001420,-0.000000453,-2.094395102
1769530800.029174566,27.300000000,-1.723337231,-1.583695895,2.179048590,-0.598222724,1.407614252,3.187922697,-0.000000823,0.000000530,0.000000706,-0.000001232,-0.000000833,-2.094395102
1769530800.129174709,27.400000000,-1.723337323,-1.583695848,2.179048657,-0.598222838,1.407614158,2.978483187,-0.000001137,0.000000335,0.000000617,-0.000000945,-0.000001145,-2.094395102
1769530800.229174614,27.500000000,-1.723337437,-1.583695815,2.179048719,-0.598222932,1.407614044,2.769043677,-0.000001137,0.000000335,0.000000617,-0.000000945,-0.000001145,-2.094395102
1769530800.329174519,27.600000000,-1.723337572,-1.583695802,2.179048767,-0.598222992,1.407613908,2.559604166,-0.000001360,0.000000112,0.000000477,-0.000000582,-0.000001365,-2.094395102
1769530800.429174662,27.700000000,-1.723337715,-1.583695805,2.179048804,-0.598223026,1.407613765,2.350164656,-0.000001472,-0.000000120,0.000000299,-0.000000171,-0.000001473,-2.094395102
1769530800.529174566,27.800000000,-1.723337862,-1.583695822,2.179048830,-0.598223033,1.407613618,2.140725146,-0.000001465,-0.000000342,0.000000096,0.000000254,-0.000001463,-2.094395102
1769530800.629174709,27.900000000,-1.723338008,-1.583695856,2.179048839,-0.598223008,1.407613472,1.931285636,-0.000001465,-0.000000342,0.000000096,0.000000254,-0.000001463,-2.094395102
1769530800.729174614,28.000000000,-1.723338143,-1.583695907,2.179048831,-0.598222948,1.407613338,1.723325443,-0.000001261,-0.000000505,-0.000000108,0.000000620,-0.000001256,-1.972767929
1769530800.829174519,28.100000000,-1.723338246,-1.583695956,2.179048815,-0.598222882,1.407613236,1.551048650,-0.000000777,-0.000000483,-0.000000222,0.000000709,-0.000000771,-1.472767929
1769530800.929174662,28.200000000,-1.723338310,-1.583695996,2.179048796,-0.598222823,1.407613172,1.428771857,-0.000000513,-0.000000319,-0.000000146,0.000000468,-0.000000509,-0.972767929
1769530801.029174566,28.300000000,-1.723338348,-1.583696020,2.179048786,-0.598222788,1.407613134,1.356495064,-0.000000249,-0.000000155,-0.000000071,0.000000228,-0.000000248,-0.472767929
1769530801.129174709,28.400000000,-1.722624329,-1.580097474,2.175474522,-0.598248025,1.408328695,1.332584178,0.023096885,0.116402851,-0.115617026,-0.000816709,0.023146764,-0.012957269
1769530801.229174614,28.500000000,-1.721796985,-1.575927895,2.171333102,-0.598277294,1.409157814,1.354126685,0.000000180,0.000000128,0.000000086,-0.000000277,-0.000000080,0.447154018
1769530801.329174519,28.600000000,-1.721796956,-1.575927875,2.171333116,-0.598277340,1.409157802,1.423841706,0.000000387,0.000000274,0.000000199,-0.000000650,-0.000000152,0.947146887
1769530801.429174662,28.700000000,-1.721796907,-1.575927840,2.171333143,-0.598277430,1.409157785,1.543555942,0.000000613,0.000000431,0.000000347,-0.000001151,-0.000000170,1.447139192
1769530801.529174566,28.800000000,-1.721796814,-1.575927793,2.171333167,-0.598277521,1.409157838,1.713269434,0.000001233,0.000000494,0.000000106,-0.000000609,0.000001229,1.947129728
1769530801.629174709,28.900000000,-1.721796682,-1.575927742,2.171333176,-0.598277583,1.409157970,1.920539612,0.000001450,0.000000338,-0.000000096,-0.000000250,0.000001448,2.094395102
1769530801.729174614,29.000000000,-1.721796537,-1.575927708,2.171333167,-0.598277608,1.409158115,2.129979122,0.000001450,0.000000338,-0.000000096,-0.000000250,0.000001448,2.094395102
1769530801.829174519,29.100000000,-1.721796392,-1.575927690,2.171333143,-0.598277603,1.409158260,2.339418633,0.000001457,0.000000117,-0.000000297,0.000000172,0.000001459,2.094395102
1769530801.929174662,29.200000000,-1.721796250,-1.575927687,2.171333107,-0.598277571,1.409158402,2.548858143,0.000001346,-0.000000113,-0.000000474,0.000000580,0.000001351,2.094395102
1769530802.029174566,29.300000000,-1.721796115,-1.575927698,2.171333059,-0.598277513,1.409158537,2.758297653,0.000001346,-0.000000113,-0.000000474,0.000000580,0.000001351,2.094395102
1769530802.129174709,29.400000000,-1.721796002,-1.575927731,2.171332998,-0.598277419,1.409158651,2.967737163,0.000001126,-0.000000334,-0.000000613,0.000000942,0.000001134,2.094395102
1769530802.229174614,29.500000000,-1.721795909,-1.575927777,2.171332931,-0.598277307,1.409158745,3.177176674,0.000000815,-0.000000529,-0.000000703,0.000001227,0.000000825,2.094395102
1769530802.329174519,29.600000000,-1.721795837,-1.575927834,2.171332860,-0.598277179,1.409158818,3.386616184,0.000000438,-0.000000680,-0.000000735,0.000001413,0.000000449,2.094395102
1769530802.429174662,29.700000000,-1.721795794,-1.575927902,2.171332787,-0.598277038,1.409158863,3.596055694,0.000000438,-0.000000680,-0.000000735,0.000001413,0.000000449,2.094395102
1769530802.529174566,29.800000000,-1.721795787,-1.575927977,2.171332716,-0.598276892,1.409158871,3.803631869,0.000000023,-0.000000725,-0.000000662,0.000001387,0.000000034,1.957891061
1769530802.629174709,29.900000000,-1.721795799,-1.575928042,2.171332662,-0.598276772,1.409158859,3.974420975,-0.000000272,-0.000000563,-0.000000434,0.000000999,-0.000000263,1.457891061
1769530802.729174614,30.000000000,-1.721795822,-1.575928089,2.171332626,-0.598276690,1.409158838,4.095210081,-0.000000178,-0.000000370,-0.000000285,0.000000656,-0.000000173,0.957891061
1769530802.829174519,30.100000000,-1.721795835,-1.575928116,2.171332604,-0.598276641,1.409158825,4.165999187,-0.000000085,-0.000000177,-0.000000136,0.000000314,-0.000000083,0.457891061
1769530802.929174662,30.200000000,-1.721032852,-1.572030778,2.167422373,-0.598264761,1.409923649,4.188522245,0.022898118,0.116963901,-0.117350385,0.000356083,0.022953396,-0.002289378
1769530803.029174566,30.300000000,-1.720284345,-1.568207393,2.163586372,-0.598253145,1.410673952,4.165591498,0.000000045,0.000000167,0.000000185,-0.000000488,-0.000000193,-0.462180194
1769530803.129174709,30.400000000,-1.720284338,-1.568207367,2.163586399,-0.598253217,1.410673921,4.094373964,0.000000084,0.000000344,0.000000370,-0.000000957,-0.000000432,-0.962172054
1769530803.229174614,30.500000000,-1.720284329,-1.568207325,2.163586444,-0.598253330,1.410673863,3.973157226,0.000000106,0.000000510,0.000000520,-0.000001296,-0.000000718,-1.462164448
1769530803.329174519,30.600000000,-1.720284325,-1.568207263,2.163586502,-0.598253461,1.410673826,3.801941235,-0.000000023,0.000000723,0.000000659,-0.000001381,-0.000000035,-1.962154910
1769530803.429174662,30.700000000,-1.720284332,-1.568207188,2.163586572,-0.598253606,1.410673818,3.594251087,-0.000000433,0.000000677,0.000000731,-0.000001406,-0.000000445,-2.094395102
1769530803.529174566,30.800000000,-1.720284375,-1.568207120,2.163586645,-0.598253747,1.410673774,3.384811577,-0.000000433,0.000000677,0.000000731,-0.000001406,-0.000000445,-2.094395102
1769530803.629174709,30.900000000,-1.720284446,-1.568207063,2.163586716,-0.598253873,1.410673702,3.175372066,-0.000000807,0.000000527,0.000000699,-0.000001222,-0.000000817,-2.094395102
1769530803.729174614,31.000000000,-1.720284539,-1.568207018,2.163586783,-0.598253985,1.410673608,2.965932556,-0.000001115,0.000000334,0.000000610,-0.000000939,-0.000001123,-2.094395102
1769530803.829174519,31.100000000,-1.720284651,-1.568206985,2.163586843,-0.598254078,1.410673495,2.756493046,-0.000001333,0.000000115,0.000000472,-0.000000579,-0.000001338,-2.094395102
1769530803.929174662,31.200000000,-1.720284784,-1.568206974,2.163586891,-0.598254136,1.410673362,2.547053536,-0.000001333,0.000000115,0.000000472,-0.000000579,-0.000001338,-2.094395102
1769530804.029174566,31.300000000,-1.720284925,-1.568206977,2.163586926,-0.598254167,1.410673221,2.337614025,-0.000001443,-0.000000114,0.000000295,-0.000000173,-0.000001445,-2.094395102
1769530804.129174709,31.400000000,-1.720285069,-1.568206995,2.163586950,-0.598254172,1.410673077,2.128174515,-0.000001436,-0.000000334,0.000000095,0.000000247,-0.000001434,-2.094395102
1769530804.229174614,31.500000000,-1.720285212,-1.568207028,2.163586959,-0.598254148,1.410672933,1.918735005,-0.000001436,-0.000000334,0.000000095,0.000000247,-0.000001434,-2.094395102
1769530804.329174519,31.600000000,-1.720285343,-1.568207079,2.163586950,-0.598254086,1.410672803,1.711587884,-0.000001218,-0.000000489,-0.000000105,0.000000600,-0.000001213,-1.942988738
1769530804.429174662,31.700000000,-1.720285441,-1.568207127,2.163586933,-0.598254022,1.410672706,1.542289010,-0.000000746,-0.000000466,-0.000000215,0.000000685,-0.000000741,-1.442988738
1769530804.529174566,31.800000000,-1.720285503,-1.568207166,2.163586916,-0.598253965,1.410672644,1.422990136,-0.000000488,-0.000000305,-0.000000140,0.000000448,-0.000000484,-0.942988738
1769530804.629174709,31.900000000,-1.720285538,-1.568207188,2.163586905,-0.598253932,1.410672609,1.353691262,-0.000000229,-0.000000143,-0.000000066,0.000000210,-0.000000227,-0.442988738
1769530804.729174614,32.000000000,-1.719468891,-1.563979532,2.159303016,-0.598198775,1.411491440,1.332504586,0.022096019,0.114386252,-0.115907460,0.001492078,0.022155082,0.016338249
1769530804.829174519,32.100000000,-1.718802950,-1.560532143,2.155809792,-0.598153821,1.412159147,1.356707801,0.000000189,0.000000134,0.000000090,-0.000000290,-0.000000081,0.475950384
1769530804.929174662,32.200000000,-1.718802921,-1.560532122,2.155809806,-0.598153869,1.412159136,1.429302624,0.000000396,0.000000281,0.000000209,-0.000000684,-0.000000140,0.975943782
1769530805.029174566,32.300000000,-1.718802870,-1.560532087,2.155809834,-0.598153960,1.412159120,1.551896700,0.000000616,0.000000435,0.000000348,-0.000001152,-0.000000165,1.475937992
1769530805.129174709,32.400000000,-1.718802776,-1.560532040,2.155809856,-0.598154046,1.412159180,1.724490017,0.000001227,0.000000492,0.000000107,-0.000000608,0.000001223,1.975928438
1769530805.229174614,32.500000000,-1.718802645,-1.560531991,2.155809864,-0.598154105,1.412159310,1.932525470,0.000001422,0.000000330,-0.000000095,-0.000000244,0.000001420,2.094395102
1769530805.329174519,32.600000000,-1.718802503,-1.560531958,2.155809855,-0.598154129,1.412159452,2.141964980,0.000001422,0.000000330,-0.000000095,-0.000000244,0.000001420,2.094395102
1769530805.429174662,32.700000000,-1.718802360,-1.560531942,2.155809830,-0.598154121,1.412159595,2.351404490,0.000001429,0.000000112,-0.000000294,0.000000174,0.000001431,2.094395102
1769530805.529174566,32.800000000,-1.718802222,-1.560531940,2.155809793,-0.598154087,1.412159734,2.560844000,0.000001320,-0.000000116,-0.000000470,0.000000578,0.000001325,2.094395102
1769530805.629174709,32.900000000,-1.718802091,-1.560531953,2.155809746,-0.598154028,1.412159866,2.770283511,0.000001105,-0.000000334,-0.000000607,0.000000935,0.000001112,2.094395102
1769530805.729174614,33.000000000,-1.718801980,-1.560531986,2.155809685,-0.598153934,1.412159977,2.979723021,0.000001105,-0.000000334,-0.000000607,0.000000935,0.000001112,2.094395102
1769530805.829174519,33.100000000,-1.718801891,-1.560532033,2.155809618,-0.598153821,1.412160067,3.189162531,0.000000799,-0.000000525,-0.000000695,0.000001216,0.000000809,2.094395102
1769530805.929174662,33.200000000,-1.718801823,-1.560532090,2.155809548,-0.598153694,1.412160136,3.398602041,0.000000429,-0.000000674,-0.000000727,0.000001399,0.000000441,2.094395102
1769530806.029174566,33.300000000,-1.718801780,-1.560532157,2.155809475,-0.598153554,1.412160181,3.608041552,0.000000429,-0.000000674,-0.000000727,0.000001399,0.000000441,2.094395102
1769530806.129174709,33.400000000,-1.718801776,-1.560532233,2.155809406,-0.598153409,1.412160186,3.814744560,0.000000022,-0.000000707,-0.000000645,0.000001353,0.000000033,1.928971363
1769530806.229174614,33.500000000,-1.718801789,-1.560532296,2.155809353,-0.598153294,1.412160173,3.982641697,-0.000000261,-0.000000546,-0.000000421,0.000000968,-0.000000253,1.428971363
1769530806.329174519,33.600000000,-1.718801811,-1.560532341,2.155809318,-0.598153214,1.412160152,4.100538833,-0.000000170,-0.000000355,-0.000000274,0.000000629,-0.000000165,0.928971363
1769530806.429174662,33.700000000,-1.718801823,-1.560532366,2.155809298,-0.598153168,1.412160140,4.168435969,-0.000000078,-0.000000164,-0.000000126,0.000000291,-0.000000076,0.428971363
1769530806.529174566,33.800000000,-1.717948146,-1.556053765,2.151226638,-0.598050227,1.413016325,4.188344869,0.021588789,0.113259875,-0.115891044,0.002602903,0.021652194,-0.029698263
1769530806.629174709,33.900000000,-1.717347376,-1.552901988,2.148001660,-0.597977820,1.413618847,4.162959059,0.000000048,0.000000175,0.000000193,-0.000000507,-0.000000198,-0.488521323
1769530806.729174614,34.000000000,-1.717347370,-1.552901962,2.148001688,-0.597977893,1.413618815,4.089107162,0.000000083,0.000000348,0.000000368,-0.000000942,-0.000000443,-0.988514700
1769530806.829174519,34.100000000,-1.717347360,-1.552901918,2.148001733,-0.597978006,1.413618758,3.965256010,0.000000106,0.000000511,0.000000512,-0.000001260,-0.000000722,-1.488507580
1769530806.929174662,34.200000000,-1.717347357,-1.552901856,2.148001791,-0.597978135,1.413618726,3.791405623,-0.000000023,0.000000725,0.000000661,-0.000001385,-0.000000035,-1.988499364
1769530807.029174566,34.300000000,-1.717347366,-1.552901782,2.148001861,-0.597978279,1.413618715,3.583088124,-0.000000425,0.000000671,0.000000724,-0.000001392,-0.000000437,-2.094395102
1769530807.129174709,34.400000000,-1.717347408,-1.552901715,2.148001934,-0.597978419,1.413618672,3.373648614,-0.000000425,0.000000671,0.000000724,-0.000001392,-0.000000437,-2.094395102
1769530807.229174614,34.500000000,-1.717347480,-1.552901659,2.148002003,-0.597978543,1.413618599,3.164209104,-0.000000792,0.000000524,0.000000692,-0.000001211,-0.000000802,-2.094395102
1769530807.329174519,34.600000000,-1.717347572,-1.552901615,2.148002069,-0.597978652,1.413618506,2.954769594,-0.000001094,0.000000334,0.000000604,-0.000000932,-0.000001102,-2.094395102
1769530807.429174662,34.700000000,-1.717347683,-1.552901584,2.148002128,-0.597978743,1.413618394,2.745330084,-0.000001308,0.000000117,0.000000467,-0.000000577,-0.000001313,-2.094395102
1769530807.529174566,34.800000000,-1.717347814,-1.552901572,2.148002175,-0.597978801,1.413618263,2.535890573,-0.000001308,0.000000117,0.000000467,-0.000000577,-0.000001313,-2.094395102
1769530807.629174709,34.900000000,-1.717347953,-1.552901576,2.148002209,-0.597978830,1.413618124,2.326451063,-0.000001416,-0.000000109,0.000000292,-0.000000175,-0.000001417,-2.094395102
1769530807.729174614,35.000000000,-1.717348094,-1.552901595,2.148002232,-0.597978833,1.413617983,2.117011553,-0.000001409,-0.000000327,0.000000094,0.000000240,-0.000001407,-2.094395102
1769530807.829174519,35.100000000,-1.717348235,-1.552901627,2.148002241,-0.597978809,1.413617842,1.907572043,-0.000001409,-0.000000327,0.000000094,0.000000240,-0.000001407,-2.094395102
1769530807.929174662,35.200000000,-1.717348362,-1.552901678,2.148002230,-0.597978747,1.413617715,1.701298489,-0.000001178,-0.000000474,-0.000000102,0.000000583,-0.000001174,-1.916463738
1769530808.029174566,35.300000000,-1.717348455,-1.552901725,2.148002214,-0.597978683,1.413617622,1.534652116,-0.000000719,-0.000000451,-0.000000209,0.000000664,-0.000000713,-1.416463738
1769530808.129174709,35.400000000,-1.717348514,-1.552901762,2.148002196,-0.597978628,1.413617564,1.418005742,-0.000000465,-0.000000292,-0.000000135,0.000000430,-0.000000461,-0.916463738
1769530808.229174614,35.500000000,-1.717348548,-1.552901783,2.148002187,-0.597978597,1.413617530,1.351359368,-0.000000211,-0.000000133,-0.000000061,0.000000195,-0.000000210,-0.416463738
1769530808.329174519,35.600000000,-1.716455600,-1.548154620,2.143097871,-0.597822605,1.414513342,1.332561336,0.020866166,0.110929252,-0.114601283,0.003644909,0.020933052,0.041591538
1769530808.429174662,35.700000000,-1.715921340,-1.545314420,2.140163665,-0.597729297,1.415049300,1.358999233,0.000000196,0.000000140,0.000000093,-0.000000299,-0.000000081,0.499967392
1769530808.529174566,35.800000000,-1.715921310,-1.545314399,2.140163680,-0.597729345,1.415049289,1.433995510,0.000000401,0.000000284,0.000000211,-0.000000689,-0.000000136,0.999958350
1769530808.629174709,35.900000000,-1.715921259,-1.545314363,2.140163708,-0.597729437,1.415049274,1.558991010,0.000000624,0.000000439,0.000000358,-0.000001187,-0.000000140,1.499951202
1769530808.729174614,36.000000000,-1.715921164,-1.545314317,2.140163728,-0.597729520,1.415049339,1.733985740,0.000001218,0.000000490,0.000000107,-0.000000605,0.000001214,1.999942985
1769530808.829174519,36.100000000,-1.715921035,-1.545314269,2.140163736,-0.597729575,1.415049468,1.942532504,0.000001395,0.000000323,-0.000000094,-0.000000237,0.000001394,2.094395102
1769530808.929174662,36.200000000,-1.715920895,-1.545314237,2.140163726,-0.597729599,1.415049608,2.151972014,0.000001395,0.000000323,-0.000000094,-0.000000237,0.000001394,2.094395102
1769530809.029174566,36.300000000,-1.715920755,-1.545314222,2.140163701,-0.597729589,1.415049748,2.361411524,0.000001402,0.000000107,-0.000000291,0.000000176,0.000001404,2.094395102
1769530809.129174709,36.400000000,-1.715920620,-1.545314222,2.140163664,-0.597729553,1.415049883,2.570851034,0.000001296,-0.000000118,-0.000000465,0.000000576,0.000001300,2.094395102
1769530809.229174614,36.500000000,-1.715920492,-1.545314236,2.140163616,-0.597729492,1.415050012,2.780290545,0.000001084,-0.000000333,-0.000000601,0.000000928,0.000001092,2.094395102
1769530809.329174519,36.600000000,-1.715920384,-1.545314269,2.140163556,-0.597729399,1.415050121,2.989730055,0.000001084,-0.000000333,-0.000000601,0.000000928,0.000001092,2.094395102
1769530809.429174662,36.700000000,-1.715920297,-1.545314316,2.140163489,-0.597729286,1.415050208,3.199169565,0.000000784,-0.000000522,-0.000000688,0.000001206,0.000000794,2.094395102
1769530809.529174566,36.800000000,-1.715920232,-1.545314374,2.140163419,-0.597729159,1.415050274,3.408609075,0.000000421,-0.000000668,-0.000000720,0.000001386,0.000000433,2.094395102
1769530809.629174709,36.900000000,-1.715920190,-1.545314441,2.140163347,-0.597729020,1.415050317,3.618048586,0.000000024,-0.000000760,-0.000000693,0.000001453,0.000000036,2.094395102
1769530809.729174614,37.000000000,-1.715920188,-1.545314515,2.140163279,-0.597728877,1.415050321,3.823892766,0.000000022,-0.000000691,-0.000000631,0.000001322,0.000000033,1.904781564
1769530809.829174519,37.100000000,-1.715920203,-1.545314577,2.140163228,-0.597728764,1.415050307,3.989370923,-0.000000252,-0.000000530,-0.000000410,0.000000941,-0.000000244,1.404781564
1769530809.929174662,37.200000000,-1.715920223,-1.545314620,2.140163194,-0.597728687,1.415050287,4.104849079,-0.000000162,-0.000000341,-0.000000264,0.000000606,-0.000000157,0.904781564
1769530810.029174566,37.300000000,-1.715920235,-1.545314645,2.140163175,-0.597728643,1.415050276,4.170327235,-0.000000073,-0.000000153,-0.000000118,0.000000271,-0.000000070,0.404781564
1769530810.129174709,37.400000000,-1.715003453,-1.540375986,2.135012581,-0.597517891,1.415970249,4.188065906,0.020270469,0.109195699,-0.113881364,0.004659497,0.020340996,-0.052660463
1769530810.229174614,37.500000000,-1.714519570,-1.537769345,2.132294107,-0.597406690,1.416455803,4.160659369,0.000000050,0.000000181,0.000000199,-0.000000521,-0.000000202,-0.510284353
1769530810.329174519,37.600000000,-1.714519563,-1.537769318,2.132294135,-0.597406764,1.416455771,4.084631392,0.000000086,0.000000352,0.000000371,-0.000000948,-0.000000440,-1.010275567
1769530810.429174662,37.700000000,-1.714519553,-1.537769275,2.132294180,-0.597406876,1.416455714,3.958604185,0.000000109,0.000000514,0.000000513,-0.000001260,-0.000000712,-1.510268427
1769530810.529174566,37.800000000,-1.714519550,-1.537769212,2.132294238,-0.597407005,1.416455685,3.782577750,-0.000000023,0.000000725,0.000000662,-0.000001385,-0.000000035,-2.010260210
1769530810.629174709,37.900000000,-1.714519561,-1.537769139,2.132294308,-0.597407147,1.416455673,3.573846732,-0.000000417,0.000000665,0.000000716,-0.000001379,-0.000000429,-2.094395102
1769530810.729174614,38.000000000,-1.714519603,-1.537769073,2.132294379,-0.597407285,1.416455631,3.364407222,-0.000000417,0.000000665,0.000000716,-0.000001379,-0.000000429,-2.094395102
1769530810.829174519,38.100000000,-1.714519675,-1.537769018,2.132294448,-0.597407408,1.416455558,3.154967712,-0.000000777,0.000000520,0.000000685,-0.000001201,-0.000000787,-2.094395102
1769530810.929174662,38.200000000,-1.714519767,-1.537768975,2.132294513,-0.597407515,1.416455465,2.945528202,-0.000001074,0.000000333,0.000000598,-0.000000925,-0.000001081,-2.094395102
1769530811.029174566,38.300000000,-1.714519876,-1.537768944,2.132294571,-0.597407604,1.416455354,2.736088691,-0.000001283,0.000000119,0.000000462,-0.000000574,-0.000001288,-2.094395102
1769530811.129174709,38.400000000,-1.714520005,-1.537768933,2.132294617,-0.597407661,1.416455225,2.526649181,-0.000001283,0.000000119,0.000000462,-0.000000574,-0.000001288,-2.094395102
1769530811.229174614,38.500000000,-1.714520141,-1.537768937,2.132294650,-0.597407689,1.416455089,2.317209671,-0.000001389,-0.000000104,0.000000290,-0.000000177,-0.000001391,-2.094395102
1769530811.329174519,38.600000000,-1.714520280,-1.537768956,2.132294672,-0.597407690,1.416454950,2.107770161,-0.000001382,-0.000000320,0.000000093,0.000000234,-0.000001381,-2.094395102
1769530811.429174662,38.700000000,-1.714520418,-1.537768989,2.132294680,-0.597407666,1.416454812,1.898330650,-0.000001264,-0.000000509,-0.000000111,0.000000627,-0.000001259,-2.094395102
1769530811.529174566,38.800000000,-1.714520542,-1.537769039,2.132294670,-0.597407604,1.416454689,1.692885665,-0.000001143,-0.000000460,-0.000000100,0.000000567,-0.000001138,-1.894532032
1769530811.629174709,38.900000000,-1.714520631,-1.537769085,2.132294653,-0.597407541,1.416454600,1.528432462,-0.000000694,-0.000000437,-0.000000204,0.000000645,-0.000000689,-1.394532032
1769530811.729174614,39.000000000,-1.714520688,-1.537769121,2.132294636,-0.597407488,1.416454543,1.413979259,-0.000000445,-0.000000280,-0.000000131,0.000000414,-0.000000442,-0.894532032
1769530811.829174519,39.100000000,-1.714520720,-1.537769141,2.132294626,-0.597407458,1.416454511,1.349526056,-0.000000196,-0.000000124,-0.000000058,0.000000182,-0.000000195,-0.394532032
1769530811.929174662,39.200000000,-1.713577981,-1.532623437,2.126877954,-0.597137697,1.417400795,1.332687240,0.019499758,0.106433552,-0.112038064,0.005579526,0.019573032,0.062317913
1769530812.029174566,39.300000000,-1.713145757,-1.530264320,2.124394625,-0.597014042,1.417834628,1.360940252,0.000000201,0.000000143,0.000000096,-0.000000306,-0.000000080,0.519545128
1769530812.129174709,39.400000000,-1.713145727,-1.530264299,2.124394640,-0.597014091,1.417834618,1.437894083,0.000000403,0.000000287,0.000000212,-0.000000690,-0.000000132,1.019534098
1769530812.229174614,39.500000000,-1.713145676,-1.530264262,2.124394668,-0.597014183,1.417834603,1.564847129,0.000000623,0.000000439,0.000000357,-0.000001181,-0.000000134,1.519526933
1769530812.329174519,39.600000000,-1.713145580,-1.530264217,2.124394687,-0.597014262,1.417834673,1.741799400,0.000001207,0.000000486,0.000000107,-0.000000602,0.000001203,2.019518716
1769530812.429174662,39.700000000,-1.713145452,-1.530264171,2.124394694,-0.597014315,1.417834800,1.950677635,0.000001370,0.000000316,-0.000000093,-0.000000231,0.000001368,2.094395102
1769530812.529174566,39.800000000,-1.713145315,-1.530264140,2.124394684,-0.597014338,1.417834937,2.160117146,0.000001370,0.000000316,-0.000000093,-0.000000231,0.000001368,2.094395102
1769530812.629174709,39.900000000,-1.713145178,-1.530264126,2.124394658,-0.597014326,1.417835075,2.369556656,0.000001376,0.000000102,-0.000000288,0.000000178,0.000001378,2.094395102
1769530812.729174614,40.000000000,-1.713145045,-1.530264127,2.124394621,-0.597014289,1.417835207,2.578996166,0.000001272,-0.000000120,-0.000000460,0.000000573,0.000001276,2.094395102
1769530812.829174519,40.100000000,-1.713144921,-1.530264142,2.124394573,-0.597014227,1.417835332,2.788435676,0.000001064,-0.000000332,-0.000000595,0.000000922,0.000001071,2.094395102
1769530812.929174662,40.200000000,-1.713144814,-1.530264175,2.124394514,-0.597014135,1.417835439,2.997875186,0.000001064,-0.000000332,-0.000000595,0.000000922,0.000001071,2.094395102
1769530813.029174566,40.300000000,-1.713144731,-1.530264223,2.124394447,-0.597014021,1.417835524,3.207314697,0.000000770,-0.000000518,-0.000000682,0.000001195,0.000000780,2.094395102
1769530813.129174709,40.400000000,-1.713144668,-1.530264281,2.124394378,-0.597013895,1.417835588,3.416754207,0.000000414,-0.000000661,-0.000000713,0.000001372,0.000000425,2.094395102
1769530813.229174614,40.500000000,-1.713144629,-1.530264347,2.124394307,-0.597013757,1.417835628,3.626193717,0.000000024,-0.000000751,-0.000000687,0.000001438,0.000000036,2.094395102
1769530813.329174519,40.600000000,-1.713144626,-1.530264421,2.124394240,-0.597013616,1.417835632,3.831250343,0.000000021,-0.000000676,-0.000000618,0.000001294,0.000000032,1.885041724
1769530813.429174662,40.700000000,-1.713144642,-1.530264481,2.124394190,-0.597013506,1.417835617,3.994754516,-0.000000243,-0.000000516,-0.000000400,0.000000918,-0.000000236,1.385041724
1769530813.529174566,40.800000000,-1.713144662,-1.530264523,2.124394157,-0.597013431,1.417835598,4.108258688,-0.000000156,-0.000000330,-0.000000255,0.000000586,-0.000000151,0.885041724
1769530813.629174709,40.900000000,-1.713144673,-1.530264547,2.124394138,-0.597013389,1.417835587,4.171762861,-0.000000068,-0.000000143,-0.000000111,0.000000255,-0.000000066,0.385041724
1769530813.729174614,41.000000000,-1.712189373,-1.524981525,2.118781757,-0.596685244,1.418794749,4.187745647,0.018896019,0.104499005,-0.111013521,0.006490467,0.018972388,-0.071233532
1769530813.829174519,41.100000000,-1.711794773,-1.522799309,2.116463522,-0.596549735,1.419190931,4.158723292,0.000000052,0.000000185,0.000000203,-0.000000531,-0.000000203,-0.527743054
1769530813.929174662,41.200000000,-1.711794766,-1.522799282,2.116463550,-0.596549809,1.419190899,4.080949665,0.000000087,0.000000354,0.000000373,-0.000000950,-0.000000435,-1.027732268
1769530814.029174566,41.300000000,-1.711794756,-1.522799238,2.116463595,-0.596549921,1.419190843,3.953176813,0.000000112,0.000000515,0.000000513,-0.000001257,-0.000000700,-1.527725111
1769530814.129174709,41.400000000,-1.711794754,-1.522799176,2.116463653,-0.596550048,1.419190817,3.775404738,-0.000000023,0.000000724,0.000000661,-0.000001383,-0.000000035,-2.027716713
1769530814.229174614,41.500000000,-1.711794766,-1.522799103,2.116463722,-0.596550189,1.419190804,3.566410453,-0.000000410,0.000000658,0.000000710,-0.000001366,-0.000000421,-2.094395102
1769530814.329174519,41.600000000,-1.711794806,-1.522799038,2.116463793,-0.596550326,1.419190762,3.356970943,-0.000000410,0.000000658,0.000000710,-0.000001366,-0.000000421,-2.094395102
1769530814.429174662,41.700000000,-1.711794878,-1.522798984,2.116463861,-0.596550447,1.419190689,3.147531433,-0.000000763,0.000000516,0.000000678,-0.000001190,-0.000000773,-2.094395102
1769530814.529174566,41.800000000,-1.711794970,-1.522798942,2.116463925,-0.596550552,1.419190597,2.938091922,-0.000001054,0.000000332,0.000000592,-0.000000918,-0.000001062,-2.094395102
1769530814.629174709,41.900000000,-1.711795078,-1.522798912,2.116463982,-0.596550639,1.419190488,2.728652412,-0.000001260,0.000000121,0.000000458,-0.000000572,-0.000001265,-2.094395102
1769530814.729174614,42.000000000,-1.711795204,-1.522798900,2.116464028,-0.596550696,1.419190361,2.519212902,-0.000001260,0.000000121,0.000000458,-0.000000572,-0.000001265,-2.094395102
1769530814.829174519,42.100000000,-1.711795338,-1.522798905,2.116464060,-0.596550722,1.419190227,2.309773392,-0.000001364,-0.000000100,0.000000287,-0.000000179,-0.000001365,-2.094395102
1769530814.929174662,42.200000000,-1.711795475,-1.522798924,2.116464080,-0.596550723,1.419190091,2.100333882,-0.000001357,-0.000000313,0.000000092,0.000000228,-0.000001355,-2.094395102
1769530815.029174566,42.300000000,-1.711795610,-1.522798957,2.116464088,-0.596550698,1.419189956,1.890894371,-0.000001240,-0.000000500,-0.000000110,0.000000617,-0.000001235,-2.094395102
1769530815.129174709,42.400000000,-1.711795730,-1.522799005,2.116464078,-0.596550638,1.419189836,1.687748031,-0.000001092,-0.000000440,-0.000000097,0.000000543,-0.000001087,-1.843533190
1769530815.229174614,42.500000000,-1.711795815,-1.522799050,2.116464061,-0.596550576,1.419189752,1.528394712,-0.000000656,-0.000000415,-0.000000194,0.000000613,-0.000000651,-1.343533190
1769530815.329174519,42.600000000,-1.711795868,-1.522799083,2.116464045,-0.596550526,1.419189699,1.419041393,-0.000000412,-0.000000261,-0.000000122,0.000000385,-0.000000409,-0.843533190
1769530815.429174662,42.700000000,-1.711795897,-1.522799102,2.116464037,-0.596550499,1.419189670,1.359688074,-0.000000168,-0.000000106,-0.000000050,0.000000157,-0.000000167,-0.343533190
1769530815.529174566,42.800000000,-1.711877635,-1.523245550,2.116958769,-0.596598681,1.419107451,1.349714516,-0.000634986,-0.003468764,0.003844021,-0.000374458,-0.000638720,0.135842476
1769530815.629174709,42.900000000,-1.712058324,-1.524231296,2.118050203,-0.596704141,1.418925706,1.388298517,-0.002982061,-0.016251067,0.017980618,-0.001725795,-0.002999427,0.635836260
1769530815.729174614,43.000000000,-1.712475035,-1.526497248,2.120553699,-0.596941159,1.418506589,1.476881679,-0.005362672,-0.029083795,0.032076726,-0.002986162,-0.005393291,1.135827754
1769530815.829174519,43.100000000,-1.713131736,-1.530049382,2.124464520,-0.597299017,1.417846180,1.615464163,-0.007792626,-0.041990998,0.046114514,-0.004113649,-0.007835948,1.635821560
1769530815.929174662,43.200000000,-1.714034015,-1.534892961,2.129770305,-0.597760078,1.416938964,1.803873891,-0.010089795,-0.053932572,0.058910143,-0.004964745,-0.010144009,2.094395102
1769530816.029174566,43.300000000,-1.715049965,-1.540296767,2.135653306,-0.598237978,1.415917669,2.013313402,-0.010227588,-0.054141168,0.058752311,-0.004598079,-0.010280283,2.094395102
1769530816.129174709,43.400000000,-1.716079872,-1.545721725,2.141520505,-0.598678900,1.414882571,2.222752913,-0.010368317,-0.054354675,0.058594752,-0.004226770,-0.010419475,2.094395102
1769530816.229174614,43.500000000,-1.717124035,-1.551168333,2.147371928,-0.599082373,1.413833372,2.432192424,-0.010512065,-0.054573182,0.058437433,-0.003850694,-0.010561667,2.094395102
1769530816.329174519,43.600000000,-1.718182760,-1.556637097,2.153207598,-0.599447910,1.412769767,2.641631935,-0.010658920,-0.054796783,0.058280323,-0.003469727,-0.010706948,2.094395102
1769530816.429174662,43.700000000,-1.719256366,-1.562128534,2.159027535,-0.599775014,1.411691440,2.851071446,-0.010808975,-0.055025574,0.058123391,-0.003083742,-0.010855408,2.094395102
1769530816.529174566,43.800000000,-1.720345178,-1.567643171,2.164831753,-0.600063175,1.410598069,3.060510957,-0.010962323,-0.055259654,0.057966604,-0.002692606,-0.011007142,2.094395102
1769530816.629174709,43.900000000,-1.721449532,-1.573181543,2.170620267,-0.600311868,1.409489318,3.269950468,-0.011119064,-0.055499125,0.057809930,-0.002296186,-0.011162246,2.094395102
1769530816.729174614,44.000000000,-1.722569773,-1.578744197,2.176393086,-0.600520555,1.408364845,3.479389979,-0.011279298,-0.055744094,0.057653338,-0.001894342,-0.011320822,2.094395102
1769530816.829174519,44.100000000,-1.723706259,-1.584331692,2.182150216,-0.600688685,1.407224294,3.688829491,-0.011443131,-0.055994668,0.057496793,-0.001486934,-0.011482975,2.094395102
1769530816.929174662,44.200000000,-1.724774525,-1.589533609,2.187472715,-0.600807846,1.406152412,3.882966707,-0.009442079,-0.045744628,0.046630475,-0.000873252,-0.009473095,1.703212206
1769530817.029174566,44.300000000,-1.725583719,-1.593442098,2.191448020,-0.600873582,1.405340608,4.028287824,-0.006735607,-0.032415661,0.032881485,-0.000456810,-0.006756858,1.203210161
1769530817.129174709,44.400000000,-1.726118954,-1.596012623,2.194051490,-0.600905810,1.404803706,4.123608788,-0.003965628,-0.018989562,0.019191107,-0.000196225,-0.003977756,0.703209128
1769530817.229174614,44.500000000,-1.726374743,-1.597236795,2.195288144,-0.600917948,1.404547138,4.168929693,-0.001148781,-0.005491795,0.005543194,-0.000049856,-0.001152258,0.203208960
1769530817.329174519,44.600000000,-1.726486432,-1.597770680,2.195826993,-0.600922763,1.404435110,4.165243253,-0.000000183,-0.000000252,-0.000000128,0.000000379,-0.000000182,-0.279242345
1769530817.429174662,44.700000000,-1.726486467,-1.597770727,2.195826969,-0.600922691,1.404435076,4.112319470,-0.000000511,-0.000000702,-0.000000358,0.000001060,-0.000000509,-0.779235327
1769530817.529174566,44.800000000,-1.726486534,-1.597770820,2.195826921,-0.600922551,1.404435008,4.009396174,-0.000000839,-0.000001153,-0.000000588,0.000001741,-0.000000836,-1.279229793
1769530817.629174709,44.900000000,-1.726486605,-1.597770898,2.195826888,-0.600922439,1.404434938,3.856473446,-0.000000021,0.000000673,0.000000609,-0.000001282,-0.000000032,-1.779224701
1769530817.729174614,45.000000000,-1.726486607,-1.597770823,2.195826957,-0.600922583,1.404434935,3.656967640,-0.000000025,0.000000793,0.000000717,-0.000001509,-0.000000037,-2.094395102
1769530817.829174519,45.100000000,-1.726486644,-1.597770751,2.195827030,-0.600922728,1.404434896,3.447528130,-0.000000451,0.000000693,0.000000744,-0.000001435,-0.000000462,-2.094395102
1769530817.929174662,45.200000000,-1.726486707,-1.597770689,2.195827103,-0.600922863,1.404434833,3.238088620,-0.000000839,0.000000537,0.000000712,-0.000001245,-0.000000850,-2.094395102
1769530818.029174566,45.300000000,-1.726486793,-1.597770637,2.195827174,-0.600922985,1.404434745,3.028649110,-0.000001160,0.000000337,0.000000622,-0.000000953,-0.000001168,-2.094395102
1769530818.129174709,45.400000000,-1.726486909,-1.597770603,2.195827236,-0.600923080,1.404434628,2.819209599,-0.000001160,0.000000337,0.000000622,-0.000000953,-0.000001168,-2.094395102
1769530818.229174614,45.500000000,-1.726487042,-1.597770586,2.195827288,-0.600923149,1.404434495,2.609770089,-0.000001387,0.000000111,0.000000481,-0.000000585,-0.000001392,-2.094395102
1769530818.329174519,45.600000000,-1.726487184,-1.597770583,2.195827330,-0.600923193,1.404434352,2.400330579,-0.000001502,-0.000000125,0.000000302,-0.000000169,-0.000001503,-2.094395102
1769530818.429174662,45.700000000,-1.726487335,-1.597770596,2.195827360,-0.600923210,1.404434202,2.190891069,-0.000001502,-0.000000125,0.000000302,-0.000000169,-0.000001503,-2.094395102
1769530818.529174566,45.800000000,-1.726487484,-1.597770631,2.195827370,-0.600923184,1.404434053,1.981451559,-0.000001494,-0.000000351,0.000000098,0.000000261,-0.000001492,-2.094395102
1769530818.629174709,45.900000000,-1.726487625,-1.597770678,2.195827366,-0.600923132,1.404433912,1.772012522,-0.000001365,-0.000000547,-0.000000114,0.000000669,-0.000001359,-2.092217832
1769530818.729174614,46.000000000,-1.726487742,-1.597770729,2.195827353,-0.600923068,1.404433796,1.587790697,-0.000000857,-0.000000533,-0.000000241,0.000000778,-0.000000851,-1.592218257
1769530818.829174519,46.100000000,-1.726487814,-1.597770774,2.195827333,-0.600923002,1.404433724,1.453568871,-0.000000588,-0.000000365,-0.000000165,0.000000534,-0.000000584,-1.092218257
1769530818.929174662,46.200000000,-1.726487860,-1.597770802,2.195827320,-0.600922961,1.404433679,1.369347045,-0.000000319,-0.000000198,-0.000000090,0.000000289,-0.000000316,-0.592218257
1769530819.029174566,46.300000000,-1.726270075,-1.596703348,2.194786552,-0.600949940,1.404651836,1.334439225,0.017861733,0.087541405,-0.085351667,-0.002213820,0.017892235,-0.133146358
1769530819.129174709,46.400000000,-1.724884434,-1.589912283,2.188165367,-0.601121690,1.406039835,1.344868161,0.000000133,0.000000094,0.000000063,-0.000000205,-0.000000061,0.325663925
1769530819.229174614,46.500000000,-1.724884411,-1.589912266,2.188165378,-0.601121728,1.406039825,1.402434348,0.000000342,0.000000243,0.000000176,-0.000000578,-0.000000138,0.825656851
1769530819.329174519,46.600000000,-1.724884366,-1.589912234,2.188165402,-0.601121807,1.406039809,1.509999750,0.000000564,0.000000399,0.000000312,-0.000001040,-0.000000179,1.325650286
1769530819.429174662,46.700000000,-1.724884287,-1.589912188,2.188165432,-0.601121913,1.406039828,1.667564427,0.000001179,0.000000473,0.000000099,-0.000000581,0.000001175,1.825642617
1769530819.529174566,46.800000000,-1.724884156,-1.589912136,2.188165443,-0.601121977,1.406039958,1.869780403,0.000001353,0.000000543,0.000000114,-0.000000666,0.000001349,2.094395102
1769530819.629174709,46.900000000,-1.724884010,-1.589912098,2.188165437,-0.601122010,1.406040104,2.079219913,0.000001479,0.000000347,-0.000000097,-0.000000257,0.000001477,2.094395102
1769530819.729174614,47.000000000,-1.724883862,-1.589912074,2.188165417,-0.601122015,1.406040252,2.288659423,0.000001487,0.000000122,-0.000000300,0.000000170,0.000001488,2.094395102
1769530819.829174519,47.100000000,-1.724883715,-1.589912065,2.188165385,-0.601121994,1.406040400,2.498098933,0.000001373,-0.000000112,-0.000000479,0.000000584,0.000001378,2.094395102
1769530819.929174662,47.200000000,-1.724883577,-1.589912076,2.188165337,-0.601121935,1.406040538,2.707538444,0.000001373,-0.000000112,-0.000000479,0.000000584,0.000001378,2.094395102
1769530820.029174566,47.300000000,-1.724883457,-1.589912104,2.188165279,-0.601121850,1.406040659,2.916977954,0.000001149,-0.000000337,-0.000000618,0.000000950,0.000001156,2.094395102
1769530820.129174709,47.400000000,-1.724883354,-1.589912145,2.188165214,-0.601121744,1.406040762,3.126417464,0.000000831,-0.000000535,-0.000000708,0.000001239,0.000000841,2.094395102
1769530820.229174614,47.500000000,-1.724883272,-1.589912199,2.188165143,-0.601121619,1.406040846,3.335856974,0.000000446,-0.000000690,-0.000000740,0.000001428,0.000000458,2.094395102
1769530820.329174519,47.600000000,-1.724883227,-1.589912268,2.188165069,-0.601121476,1.406040892,3.545296484,0.000000446,-0.000000690,-0.000000740,0.000001428,0.000000458,2.094395102
1769530820.429174662,47.700000000,-1.724883210,-1.589912343,2.188164997,-0.601121329,1.406040910,3.754713025,0.000000025,-0.000000783,-0.000000707,0.000001490,0.000000037,2.079239322
1769530820.529174566,47.800000000,-1.724883215,-1.589912413,2.188164936,-0.601121199,1.406040906,3.937636957,-0.000000300,-0.000000621,-0.000000473,0.000001096,-0.000000291,1.579239322
1769530820.629174709,47.900000000,-1.724883240,-1.589912465,2.188164896,-0.601121106,1.406040882,4.070560889,-0.000000205,-0.000000424,-0.000000323,0.000000749,-0.000000199,1.079239322
1769530820.729174614,48.000000000,-1.724883256,-1.589912498,2.188164871,-0.601121049,1.406040866,4.153484821,-0.000000110,-0.000000228,-0.000000173,0.000000402,-0.000000107,0.579239322
1769530820.829174519,48.100000000,-1.724624370,-1.588626326,2.186897747,-0.601140442,1.406300258,4.187185485,0.018642434,0.092616108,-0.091242968,-0.001398097,0.018678844,0.119491541
1769530820.929174662,48.200000000,-1.723311568,-1.582104298,2.180472430,-0.601238915,1.407615617,4.175489708,0.000000033,0.000000125,0.000000138,-0.000000365,-0.000000145,-0.339613680
1769530821.029174566,48.300000000,-1.723311562,-1.582104276,2.180472453,-0.601238977,1.407615591,4.116528646,0.000000073,0.000000305,0.000000327,-0.000000850,-0.000000387,-0.839605217
1769530821.129174709,48.400000000,-1.723311554,-1.582104237,2.180472494,-0.601239083,1.407615539,4.007568416,0.000000101,0.000000477,0.000000492,-0.000001245,-0.000000662,-1.339598745
1769530821.229174614,48.500000000,-1.723311547,-1.582104180,2.180472550,-0.601239213,1.407615484,3.848608912,-0.000000022,0.000000689,0.000000622,-0.000001309,-0.000000033,-1.839591116
1769530821.329174519,48.600000000,-1.723311549,-1.582104104,2.180472618,-0.601239358,1.407615481,3.645662647,-0.000000025,0.000000785,0.000000708,-0.000001491,-0.000000037,-2.094395102
1769530821.429174662,48.700000000,-1.723311588,-1.582104034,2.180472692,-0.601239501,1.407615441,3.436223137,-0.000000442,0.000000687,0.000000736,-0.000001421,-0.000000453,-2.094395102
1769530821.529174566,48.800000000,-1.723311651,-1.582103973,2.180472764,-0.601239633,1.407615377,3.226783627,-0.000000823,0.000000534,0.000000704,-0.000001234,-0.000000833,-2.094395102
1769530821.629174709,48.900000000,-1.723311738,-1.582103922,2.180472833,-0.601239753,1.407615289,3.017344117,-0.000001137,0.000000337,0.000000615,-0.000000947,-0.000001145,-2.094395102
1769530821.729174614,49.000000000,-1.723311852,-1.582103888,2.180472894,-0.601239848,1.407615175,2.807904606,-0.000001137,0.000000337,0.000000615,-0.000000947,-0.000001145,-2.094395102
1769530821.829174519,49.100000000,-1.723311983,-1.582103872,2.180472945,-0.601239914,1.407615043,2.598465096,-0.000001360,0.000000114,0.000000476,-0.000000583,-0.000001364,-2.094395102
1769530821.929174662,49.200000000,-1.723312123,-1.582103870,2.180472985,-0.601239955,1.407614902,2.389025586,-0.000001472,-0.000000119,0.000000299,-0.000000171,-0.000001473,-2.094395102
1769530822.029174566,49.300000000,-1.723312270,-1.582103883,2.180473014,-0.601239971,1.407614755,2.179586076,-0.000001465,-0.000000342,0.000000097,0.000000254,-0.000001463,-2.094395102
1769530822.129174709,49.400000000,-1.723312417,-1.582103917,2.180473024,-0.601239945,1.407614609,1.970146565,-0.000001465,-0.000000342,0.000000097,0.000000254,-0.000001463,-2.094395102
1769530822.229174614,49.500000000,-1.723312555,-1.582103965,2.180473019,-0.601239892,1.407614471,1.760790312,-0.000001321,-0.000000531,-0.000000111,0.000000649,-0.000001315,-2.065540911
1769530822.329174519,49.600000000,-1.723312666,-1.582104014,2.180473006,-0.601239829,1.407614360,1.579236221,-0.000000826,-0.000000516,-0.000000234,0.000000754,-0.000000820,-1.565540911
1769530822.429174662,49.700000000,-1.723312736,-1.582104058,2.180472986,-0.601239765,1.407614291,1.447682130,-0.000000562,-0.000000351,-0.000000159,0.000000514,-0.000000558,-1.065540911
1769530822.529174566,49.800000000,-1.723312779,-1.582104085,2.180472974,-0.601239726,1.407614248,1.366128039,-0.000000298,-0.000000186,-0.000000085,0.000000273,-0.000000296,-0.565540911
1769530822.629174709,49.900000000,-1.723002066,-1.580539418,2.178915646,-0.601247477,1.407925645,1.333685763,0.019490074,0.098142534,-0.097681305,-0.000487134,0.019533014,-0.105435913
1769530822.729174614,50.000000000,-1.721771793,-1.574344394,2.172749746,-0.601278238,1.409158621,1.346708980,0.000000143,0.000000102,0.000000068,-0.000000220,-0.000000063,0.354635990
1769530822.829174519,50.100000000,-1.721771768,-1.574344377,2.172749758,-0.601278277,1.409158611,1.407172319,0.000000349,0.000000248,0.000000179,-0.000000587,-0.000000136,0.854628690
1769530822.929174662,50.200000000,-1.721771722,-1.574344344,2.172749782,-0.601278358,1.409158595,1.517634875,0.000000568,0.000000403,0.000000314,-0.000001043,-0.000000174,1.354622197
1769530823.029174566,50.300000000,-1.721771641,-1.574344299,2.172749810,-0.601278459,1.409158623,1.678096700,0.000001174,0.000000472,0.000000100,-0.000000580,0.000001170,1.854614559
1769530823.129174709,50.400000000,-1.721771512,-1.574344247,2.172749821,-0.601278523,1.409158751,1.881786000,0.000001326,0.000000533,0.000000113,-0.000000655,0.000001322,2.094395102
1769530823.229174614,50.500000000,-1.721771369,-1.574344211,2.172749814,-0.601278552,1.409158895,2.091225510,0.000001450,0.000000338,-0.000000096,-0.000000250,0.000001448,2.094395102
1769530823.329174519,50.600000000,-1.721771223,-1.574344189,2.172749793,-0.601278555,1.409159040,2.300665020,0.000001457,0.000000116,-0.000000297,0.000000173,0.000001459,2.094395102
1769530823.429174662,50.700000000,-1.721771079,-1.574344181,2.172749761,-0.601278531,1.409159184,2.510104530,0.000001346,-0.000000115,-0.000000474,0.000000581,0.000001351,2.094395102
1769530823.529174566,50.800000000,-1.721770945,-1.574344193,2.172749713,-0.601278473,1.409159319,2.719544041,0.000001346,-0.000000115,-0.000000474,0.000000581,0.000001351,2.094395102
1769530823.629174709,50.900000000,-1.721770828,-1.574344222,2.172749655,-0.601278385,1.409159437,2.928983551,0.000001126,-0.000000337,-0.000000612,0.000000943,0.000001134,2.094395102
1769530823.729174614,51.000000000,-1.721770729,-1.574344265,2.172749590,-0.601278278,1.409159537,3.138423061,0.000000815,-0.000000532,-0.000000701,0.000001228,0.000000825,2.094395102
1769530823.829174519,51.100000000,-1.721770650,-1.574344319,2.172749519,-0.601278154,1.409159616,3.347862571,0.000000438,-0.000000684,-0.000000732,0.000001414,0.000000449,2.094395102
1769530823.929174662,51.200000000,-1.721770607,-1.574344387,2.172749446,-0.601278013,1.409159661,3.557302082,0.000000438,-0.000000684,-0.000000732,0.000001414,0.000000449,2.094395102
1769530824.029174566,51.300000000,-1.721770592,-1.574344462,2.172749375,-0.601277866,1.409159677,3.766548119,0.000000024,-0.000000764,-0.000000690,0.000001454,0.000000036,2.050409605
1769530824.129174709,51.400000000,-1.721770599,-1.574344530,2.172749316,-0.601277740,1.409159671,3.946589080,-0.000000289,-0.000000602,-0.000000459,0.000001063,-0.000000280,1.550409605
1769530824.229174614,51.500000000,-1.721770623,-1.574344581,2.172749278,-0.601277651,1.409159648,4.076630040,-0.000000196,-0.000000408,-0.000000311,0.000000720,-0.000000190,1.050409605
1769530824.329174519,51.600000000,-1.721770638,-1.574344612,2.172749254,-0.601277596,1.409159633,4.156671001,-0.000000103,-0.000000214,-0.000000163,0.000000377,-0.000000099,0.550409605
1769530824.429174662,51.700000000,-1.721410989,-1.572509077,2.170903850,-0.601268201,1.409520166,4.187710855,0.019999931,0.102072469,-0.102620137,0.000521276,0.020049091,0.090279443
1769530824.529174566,51.800000000,-1.720259511,-1.566632351,2.164995608,-0.601238209,1.410674467,4.173305778,0.000000036,0.000000134,0.000000147,-0.000000390,-0.000000154,-0.369432331
1769530824.629174709,51.900000000,-1.720259506,-1.566632329,2.164995632,-0.601238272,1.410674440,4.111362870,0.000000077,0.000000312,0.000000333,-0.000000865,-0.000000389,-0.869424336
1769530824.729174614,52.000000000,-1.720259496,-1.566632289,2.164995674,-0.601238379,1.410674388,3.999420764,0.000000104,0.000000483,0.000000496,-0.000001253,-0.000000658,-1.369417902
1769530824.829174519,52.100000000,-1.720259490,-1.566632231,2.164995729,-0.601238508,1.410674339,3.837479390,-0.000000022,0.000000693,0.000000626,-0.000001317,-0.000000033,-1.869408643
1769530824.929174662,52.200000000,-1.720259493,-1.566632155,2.164995797,-0.601238652,1.410674335,3.633102429,-0.000000024,0.000000776,0.000000701,-0.000001475,-0.000000037,-2.094395102
1769530825.029174566,52.300000000,-1.720259533,-1.566632087,2.164995870,-0.601238793,1.410674294,3.423662919,-0.000000433,0.000000681,0.000000729,-0.000001407,-0.000000445,-2.094395102
1769530825.129174709,52.400000000,-1.720259597,-1.566632027,2.164995941,-0.601238923,1.410674228,3.214223409,-0.000000807,0.000000531,0.000000697,-0.000001223,-0.000000817,-2.094395102
1769530825.229174614,52.500000000,-1.720259684,-1.566631978,2.164996009,-0.601239040,1.410674141,3.004783899,-0.000001115,0.000000337,0.000000609,-0.000000940,-0.000001123,-2.094395102
1769530825.329174519,52.600000000,-1.720259796,-1.566631944,2.164996070,-0.601239134,1.410674028,2.795344388,-0.000001115,0.000000337,0.000000609,-0.000000940,-0.000001123,-2.094395102
1769530825.429174662,52.700000000,-1.720259925,-1.566631929,2.164996119,-0.601239198,1.410673898,2.585904878,-0.000001333,0.000000116,0.000000471,-0.000000580,-0.000001338,-2.094395102
1769530825.529174566,52.800000000,-1.720260064,-1.566631928,2.164996158,-0.601239237,1.410673759,2.376465368,-0.000001443,-0.000000114,0.000000295,-0.000000174,-0.000001445,-2.094395102
1769530825.629174709,52.900000000,-1.720260208,-1.566631942,2.164996186,-0.601239250,1.410673615,2.167025858,-0.000001436,-0.000000335,0.000000096,0.000000247,-0.000001434,-2.094395102
1769530825.729174614,53.000000000,-1.720260352,-1.566631975,2.164996195,-0.601239225,1.410673471,1.957586348,-0.000001436,-0.000000335,0.000000096,0.000000247,-0.000001434,-2.094395102
1769530825.829174519,53.100000000,-1.720260486,-1.566632023,2.164996189,-0.601239171,1.410673338,1.748491118,-0.000001276,-0.000000514,-0.000000108,0.000000629,-0.000001271,-2.035719683
1769530825.929174662,53.200000000,-1.720260593,-1.566632071,2.164996175,-0.601239108,1.410673231,1.569919150,-0.000000794,-0.000000498,-0.000000227,0.000000730,-0.000000788,-1.535719683
1769530826.029174566,53.300000000,-1.720260659,-1.566632113,2.164996156,-0.601239047,1.410673165,1.441347181,-0.000000536,-0.000000336,-0.000000153,0.000000492,-0.000000532,-1.035719683
1769530826.129174709,53.400000000,-1.720260700,-1.566632139,2.164996145,-0.601239009,1.410673125,1.362775213,-0.000000277,-0.000000174,-0.000000079,0.000000255,-0.000000275,-0.535719683
1769530826.229174614,53.500000000,-1.719848133,-1.564498151,2.162829347,-0.601206739,1.411086813,1.333067320,0.020462171,0.105836563,-0.107463157,0.001599787,0.020517780,-0.076439707
1769530826.329174519,53.600000000,-1.718778472,-1.558965578,2.157211753,-0.601123122,1.412159372,1.348730053,0.000000152,0.000000109,0.000000072,-0.000000233,-0.000000065,0.382973236
1769530826.429174662,53.700000000,-1.718778447,-1.558965560,2.157211766,-0.601123163,1.412159362,1.412027273,0.000000356,0.000000254,0.000000182,-0.000000596,-0.000000134,0.882968878
1769530826.529174566,53.800000000,-1.718778400,-1.558965527,2.157211790,-0.601123245,1.412159346,1.525323805,0.000000578,0.000000409,0.000000325,-0.000001081,-0.000000152,1.382961146
1769530826.629174709,53.900000000,-1.718778318,-1.558965482,2.157211817,-0.601123342,1.412159381,1.688619597,0.000001169,0.000000471,0.000000100,-0.000000579,0.000001165,1.882953049
1769530826.729174614,54.000000000,-1.718778190,-1.558965430,2.157211828,-0.601123405,1.412159508,1.893587666,0.000001301,0.000000524,0.000000111,-0.000000644,0.000001297,2.094395102
1769530826.829174519,54.100000000,-1.718778049,-1.558965396,2.157211819,-0.601123431,1.412159649,2.103027177,0.000001422,0.000000331,-0.000000095,-0.000000243,0.000001420,2.094395102
1769530826.929174662,54.200000000,-1.718777906,-1.558965376,2.157211798,-0.601123431,1.412159792,2.312466687,0.000001429,0.000000111,-0.000000294,0.000000175,0.000001431,2.094395102
1769530827.029174566,54.300000000,-1.718777765,-1.558965370,2.157211765,-0.601123404,1.412159933,2.521906197,0.000001320,-0.000000118,-0.000000469,0.000000579,0.000001325,2.094395102
1769530827.129174709,54.400000000,-1.718777633,-1.558965382,2.157211718,-0.601123346,1.412160065,2.731345707,0.000001320,-0.000000118,-0.000000469,0.000000579,0.000001325,2.094395102
1769530827.229174614,54.500000000,-1.718777520,-1.558965413,2.157211659,-0.601123258,1.412160180,2.940785218,0.000001105,-0.000000337,-0.000000605,0.000000936,0.000001112,2.094395102
1769530827.329174519,54.600000000,-1.718777425,-1.558965456,2.157211594,-0.601123150,1.412160276,3.150224728,0.000000799,-0.000000529,-0.000000693,0.000001218,0.000000809,2.094395102
1769530827.429174662,54.700000000,-1.718777350,-1.558965511,2.157211524,-0.601123026,1.412160352,3.359664238,0.000000429,-0.000000678,-0.000000725,0.000001401,0.000000441,2.094395102
1769530827.529174566,54.800000000,-1.718777307,-1.558965579,2.157211452,-0.601122886,1.412160396,3.569103748,0.000000429,-0.000000678,-0.000000725,0.000001401,0.000000441,2.094395102
1769530827.629174709,54.900000000,-1.718777295,-1.558965653,2.157211382,-0.601122741,1.412160409,3.778018140,0.000000024,-0.000000745,-0.000000674,0.000001419,0.000000035,2.021930070
1769530827.729174614,55.000000000,-1.718777303,-1.558965719,2.157211325,-0.601122617,1.412160402,3.955211147,-0.000000278,-0.000000584,-0.000000446,0.000001032,-0.000000270,1.521930070
1769530827.829174519,55.100000000,-1.718777326,-1.558965768,2.157211287,-0.601122531,1.412160379,4.082404154,-0.000000187,-0.000000392,-0.000000300,0.000000693,-0.000000181,1.021930070
1769530827.929174662,55.200000000,-1.718777341,-1.558965798,2.157211265,-0.601122479,1.412160365,4.159597161,-0.000000095,-0.000000200,-0.000000153,0.000000354,-0.000000092,0.521930070
1769530828.029174566,55.300000000,-1.718323250,-1.556585601,2.154770807,-0.601062808,1.412615811,4.188038445,0.020562457,0.107780990,-0.110508923,0.002701189,0.020623777,0.063142983
1769530828.129174709,55.400000000,-1.717323241,-1.551343923,2.149396477,-0.600931462,1.413618792,4.171196952,0.000000039,0.000000142,0.000000156,-0.000000411,-0.000000160,-0.395322775
1769530828.229174614,55.500000000,-1.717323235,-1.551343900,2.149396502,-0.600931527,1.413618765,4.106664793,0.000000079,0.000000319,0.000000339,-0.000000877,-0.000000390,-0.895318356
1769530828.329174519,55.600000000,-1.717323226,-1.551343860,2.149396544,-0.600931634,1.413618713,3.992133330,0.000000103,0.000000485,0.000000488,-0.000001220,-0.000000664,-1.395310654
1769530828.429174662,55.700000000,-1.717323221,-1.551343802,2.149396599,-0.600931761,1.413618668,3.827602607,-0.000000022,0.000000695,0.000000628,-0.000001321,-0.000000033,-1.895302561
1769530828.529174566,55.800000000,-1.717323223,-1.551343726,2.149396667,-0.600931905,1.413618665,3.622127546,-0.000000024,0.000000768,0.000000694,-0.000001460,-0.000000036,-2.094395102
1769530828.629174709,55.900000000,-1.717323265,-1.551343659,2.149396740,-0.600932044,1.413618622,3.412688035,-0.000000425,0.000000675,0.000000721,-0.000001394,-0.000000437,-2.094395102
1769530828.729174614,56.000000000,-1.717323330,-1.551343600,2.149396810,-0.600932172,1.413618556,3.203248525,-0.000000792,0.000000527,0.000000690,-0.000001212,-0.000000802,-2.094395102
1769530828.829174519,56.100000000,-1.717323416,-1.551343552,2.149396877,-0.600932287,1.413618468,2.993809015,-0.000001094,0.000000337,0.000000602,-0.000000933,-0.000001102,-2.094395102
1769530828.929174662,56.200000000,-1.717323526,-1.551343519,2.149396937,-0.600932380,1.413618358,2.784369505,-0.000001094,0.000000337,0.000000602,-0.000000933,-0.000001102,-2.094395102
1769530829.029174566,56.300000000,-1.717323654,-1.551343504,2.149396985,-0.600932442,1.413618229,2.574929994,-0.000001308,0.000000119,0.000000466,-0.000000578,-0.000001313,-2.094395102
1769530829.129174709,56.400000000,-1.717323790,-1.551343504,2.149397022,-0.600932479,1.413618093,2.365490484,-0.000001416,-0.000000109,0.000000292,-0.000000176,-0.000001417,-2.094395102
1769530829.229174614,56.500000000,-1.717323932,-1.551343518,2.149397049,-0.600932490,1.413617951,2.156050974,-0.000001409,-0.000000327,0.000000095,0.000000240,-0.000001407,-2.094395102
1769530829.329174519,56.600000000,-1.717324073,-1.551343551,2.149397058,-0.600932466,1.413617810,1.946611464,-0.000001409,-0.000000327,0.000000095,0.000000240,-0.000001407,-2.094395102
1769530829.429174662,56.700000000,-1.717324204,-1.551343599,2.149397051,-0.600932410,1.413617680,1.737890222,-0.000001236,-0.000000498,-0.000000106,0.000000611,-0.000001231,-2.009644401
1769530829.529174566,56.800000000,-1.717324306,-1.551343647,2.149397037,-0.600932348,1.413617578,1.561925782,-0.000000766,-0.000000482,-0.000000221,0.000000708,-0.000000760,-1.509644401
1769530829.629174709,56.900000000,-1.717324370,-1.551343687,2.149397018,-0.600932289,1.413617515,1.435961341,-0.000000512,-0.000000323,-0.000000148,0.000000473,-0.000000508,-1.009644401
1769530829.729174614,57.000000000,-1.717324408,-1.551343711,2.149397007,-0.600932253,1.413617477,1.359996901,-0.000000259,-0.000000163,-0.000000075,0.000000239,-0.000000257,-0.509644401
1769530829.829174519,57.100000000,-1.716827202,-1.548702723,2.146663073,-0.600839949,1.414116300,1.332659611,0.020672741,0.109803842,-0.113667714,0.003837180,0.020739957,-0.051654315
1769530829.929174662,57.200000000,-1.715897546,-1.543764866,2.141551468,-0.600667404,1.415048969,1.350538966,0.000000159,0.000000114,0.000000076,-0.000000244,-0.000000065,0.406552719
1769530830.029174566,57.300000000,-1.715897520,-1.543764847,2.141551481,-0.600667446,1.415048959,1.416193906,0.000000361,0.000000257,0.000000184,-0.000000601,-0.000000130,0.906545485
1769530830.129174709,57.400000000,-1.715897473,-1.543764814,2.141551506,-0.600667528,1.415048944,1.531848055,0.000000579,0.000000411,0.000000325,-0.000001079,-0.000000146,1.406537672
1769530830.229174614,57.500000000,-1.715897389,-1.543764769,2.141551531,-0.600667621,1.415048985,1.697501460,0.000001161,0.000000468,0.000000101,-0.000000577,0.000001157,1.906529562
1769530830.329174519,57.600000000,-1.715897263,-1.543764719,2.141551542,-0.600667683,1.415049110,1.903410955,0.000001276,0.000000515,0.000000110,-0.000000634,0.000001272,2.094395102
1769530830.429174662,57.700000000,-1.715897124,-1.543764686,2.141551532,-0.600667707,1.415049249,2.112850465,0.000001395,0.000000323,-0.000000094,-0.000000237,0.000001394,2.094395102
1769530830.529174566,57.800000000,-1.715896984,-1.543764668,2.141551510,-0.600667704,1.415049389,2.322289975,0.000001402,0.000000106,-0.000000291,0.000000177,0.000001404,2.094395102
1769530830.629174709,57.900000000,-1.715896846,-1.543764663,2.141551477,-0.600667676,1.415049527,2.531729485,0.000001296,-0.000000120,-0.000000464,0.000000577,0.000001300,2.094395102
1769530830.729174614,58.000000000,-1.715896717,-1.543764675,2.141551430,-0.600667618,1.415049657,2.741168996,0.000001296,-0.000000120,-0.000000464,0.000000577,0.000001300,2.094395102
1769530830.829174519,58.100000000,-1.715896606,-1.543764707,2.141551372,-0.600667528,1.415049768,2.950608506,0.000001084,-0.000000336,-0.000000599,0.000000929,0.000001091,2.094395102
1769530830.929174662,58.200000000,-1.715896514,-1.543764751,2.141551307,-0.600667420,1.415049861,3.160048016,0.000000784,-0.000000525,-0.000000686,0.000001207,0.000000794,2.094395102
1769530831.029174566,58.300000000,-1.715896442,-1.543764806,2.141551238,-0.600667296,1.415049934,3.369487526,0.000000421,-0.000000672,-0.000000717,0.000001387,0.000000433,2.094395102
1769530831.129174709,58.400000000,-1.715896400,-1.543764873,2.141551166,-0.600667158,1.415049977,3.578927037,0.000000421,-0.000000672,-0.000000717,0.000001387,0.000000433,2.094395102
1769530831.229174614,58.500000000,-1.715896391,-1.543764947,2.141551097,-0.600667014,1.415049988,3.787440799,0.000000023,-0.000000729,-0.000000659,0.000001388,0.000000034,1.998179319
1769530831.329174519,58.600000000,-1.715896400,-1.543765012,2.141551041,-0.600666894,1.415049979,3.962258731,-0.000000268,-0.000000568,-0.000000435,0.000001004,-0.000000260,1.498179319
1769530831.429174662,58.700000000,-1.715896422,-1.543765059,2.141551005,-0.600666810,1.415049958,4.087076663,-0.000000179,-0.000000378,-0.000000290,0.000000669,-0.000000173,0.998179319
1769530831.529174566,58.800000000,-1.715896436,-1.543765088,2.141550983,-0.600666760,1.415049945,4.161894594,-0.000000089,-0.000000189,-0.000000145,0.000000334,-0.000000086,0.498179319
1769530831.629174709,58.900000000,-1.715368389,-1.540923063,2.138581037,-0.600539515,1.415579853,4.188182648,0.020506946,0.110370864,-0.115338062,0.004940913,0.020579247,0.040625296
1769530831.729174614,59.000000000,-1.714496103,-1.536228319,2.133675023,-0.600329369,1.416455205,4.169338722,0.000000041,0.000000148,0.000000162,-0.000000426,-0.000000164,-0.416658462
1769530831.829174519,59.100000000,-1.714496097,-1.536228295,2.133675049,-0.600329435,1.416455177,4.102673204,0.000000081,0.000000323,0.000000342,-0.000000884,-0.000000388,-0.916651455
1769530831.929174662,59.200000000,-1.714496088,-1.536228255,2.133675090,-0.600329541,1.416455126,3.986008471,0.000000106,0.000000487,0.000000490,-0.000001221,-0.000000655,-1.416643673
1769530832.029174566,59.300000000,-1.714496083,-1.536228196,2.133675146,-0.600329668,1.416455085,3.819344482,-0.000000022,0.000000695,0.000000628,-0.000001322,-0.000000033,-1.916635568
1769530832.129174709,59.400000000,-1.714496086,-1.536228121,2.133675214,-0.600329810,1.416455081,3.613065486,-0.000000417,0.000000668,0.000000714,-0.000001380,-0.000000429,-2.094395102
1769530832.229174614,59.500000000,-1.714496127,-1.536228054,2.133675285,-0.600329948,1.416455038,3.403625975,-0.000000417,0.000000668,0.000000714,-0.000001380,-0.000000429,-2.094395102
1769530832.329174519,59.600000000,-1.714496193,-1.536227997,2.133675354,-0.600330075,1.416454971,3.194186465,-0.000000777,0.000000523,0.000000683,-0.000001202,-0.000000787,-2.094395102
1769530832.429174662,59.700000000,-1.714496279,-1.536227950,2.133675420,-0.600330187,1.416454884,2.984746955,-0.000001074,0.000000336,0.000000596,-0.000000926,-0.000001081,-2.094395102
1769530832.529174566,59.800000000,-1.714496387,-1.536227917,2.133675480,-0.600330279,1.416454776,2.775307445,-0.000001074,0.000000336,0.000000596,-0.000000926,-0.000001081,-2.094395102
1769530832.629174709,59.900000000,-1.714496513,-1.536227903,2.133675527,-0.600330339,1.416454649,2.565867934,-0.000001283,0.000000121,0.000000462,-0.000000575,-0.000001288,-2.094395102
1769530832.729174614,60.000000000,-1.714496648,-1.536227904,2.133675563,-0.600330375,1.416454514,2.356428424,-0.000001389,-0.000000104,0.000000289,-0.000000178,-0.000001391,-2.094395102
1769530832.829174519,60.100000000,-1.714496786,-1.536227918,2.133675588,-0.600330384,1.416454375,2.146988914,-0.000001382,-0.000000320,0.000000094,0.000000234,-0.000001381,-2.094395102
1769530832.929174662,60.200000000,-1.714496925,-1.536227950,2.133675598,-0.600330361,1.416454237,1.937549404,-0.000001382,-0.000000320,0.000000094,0.000000234,-0.000001381,-2.094395102
1769530833.029174566,60.300000000,-1.714497052,-1.536227998,2.133675590,-0.600330305,1.416454110,1.729238877,-0.000001200,-0.000000484,-0.000000104,0.000000595,-0.000001195,-1.988141495
1769530833.129174709,60.400000000,-1.714497151,-1.536228045,2.133675575,-0.600330242,1.416454012,1.555424727,-0.000000741,-0.000000468,-0.000000216,0.000000689,-0.000000735,-1.488141495
1769530833.229174614,60.500000000,-1.714497212,-1.536228084,2.133675557,-0.600330185,1.416453951,1.431610578,-0.000000492,-0.000000311,-0.000000143,0.000000457,-0.000000488,-0.988141495
1769530833.329174519,60.600000000,-1.714497249,-1.536228107,2.133675546,-0.600330151,1.416453915,1.357796428,-0.000000243,-0.000000154,-0.000000071,0.000000226,-0.000000241,-0.488141495
1769530833.429174662,60.700000000,-1.713936329,-1.533169192,2.130449120,-0.600163353,1.417016969,1.332401084,0.020414626,0.111326780,-0.117422790,0.006070034,0.020492299,-0.031344475
1769530833.529174566,60.800000000,-1.713122617,-1.528731825,2.125768783,-0.599921421,1.417833767,1.352078366,0.000000165,0.000000118,0.000000078,-0.000000251,-0.000000065,0.425712949
1769530833.629174709,60.900000000,-1.713122590,-1.528731806,2.125768796,-0.599921463,1.417833757,1.419649162,0.000000364,0.000000260,0.000000186,-0.000000604,-0.000000127,0.925703901
1769530833.729174614,61.000000000,-1.713122543,-1.528731772,2.125768821,-0.599921546,1.417833743,1.537219116,0.000000579,0.000000411,0.000000324,-0.000001074,-0.000000140,1.425696015
1769530833.829174519,61.100000000,-1.713122458,-1.528731728,2.125768844,-0.599921635,1.417833788,1.704788324,0.000001151,0.000000465,0.000000101,-0.000000574,0.000001147,1.925687893
1769530833.929174662,61.200000000,-1.713122334,-1.528731679,2.125768855,-0.599921695,1.417833912,1.911380950,0.000001370,0.000000316,-0.000000093,-0.000000231,0.000001368,2.094395102
1769530834.029174566,61.300000000,-1.713122197,-1.528731647,2.125768845,-0.599921719,1.417834048,2.120820461,0.000001370,0.000000316,-0.000000093,-0.000000231,0.000001368,2.094395102
1769530834.129174709,61.400000000,-1.713122060,-1.528731630,2.125768823,-0.599921714,1.417834186,2.330259971,0.000001376,0.000000101,-0.000000288,0.000000179,0.000001378,2.094395102
1769530834.229174614,61.500000000,-1.713121925,-1.528731627,2.125768789,-0.599921684,1.417834320,2.539699481,0.000001272,-0.000000122,-0.000000459,0.000000574,0.000001276,2.094395102
1769530834.329174519,61.600000000,-1.713121798,-1.528731639,2.125768743,-0.599921627,1.417834448,2.749138991,0.000001272,-0.000000122,-0.000000459,0.000000574,0.000001276,2.094395102
1769530834.429174662,61.700000000,-1.713121691,-1.528731671,2.125768684,-0.599921536,1.417834556,2.958578502,0.000001064,-0.000000335,-0.000000593,0.000000923,0.000001071,2.094395102
1769530834.529174566,61.800000000,-1.713121602,-1.528731716,2.125768620,-0.599921428,1.417834646,3.168018012,0.000000770,-0.000000521,-0.000000679,0.000001197,0.000000780,2.094395102
1769530834.629174709,61.900000000,-1.713121532,-1.528731771,2.125768551,-0.599921304,1.417834717,3.377457522,0.000000413,-0.000000665,-0.000000710,0.000001374,0.000000425,2.094395102
1769530834.729174614,62.000000000,-1.713121491,-1.528731837,2.125768480,-0.599921167,1.417834759,3.586897032,0.000000413,-0.000000665,-0.000000710,0.000001374,0.000000425,2.094395102
1769530834.829174519,62.100000000,-1.713121483,-1.528731911,2.125768412,-0.599921025,1.417834768,3.795001658,0.000000022,-0.000000714,-0.000000646,0.000001360,0.000000034,1.978857927
1769530834.929174662,62.200000000,-1.713121493,-1.528731974,2.125768358,-0.599920908,1.417834759,3.967887451,-0.000000260,-0.000000554,-0.000000425,0.000000980,-0.000000252,1.478857927
1769530835.029174566,62.300000000,-1.713121515,-1.528732020,2.125768322,-0.599920826,1.417834738,4.090773244,-0.000000172,-0.000000367,-0.000000281,0.000000649,-0.000000167,0.978857927
1769530835.129174709,62.400000000,-1.713121528,-1.528732048,2.125768302,-0.599920778,1.417834726,4.163659036,-0.000000084,-0.000000179,-0.000000138,0.000000317,-0.000000082,0.478857927
1769530835.229174614,62.500000000,-1.712540165,-1.525519899,2.122349123,-0.599714482,1.418418465,4.188207528,0.020100517,0.111059079,-0.118216533,0.007132065,0.020182707,0.022450455
1769530835.329174519,62.600000000,-1.711771947,-1.521275355,2.117831045,-0.599441924,1.419189815,4.167764968,0.000000042,0.000000153,0.000000166,-0.000000436,-0.000000166,-0.433710868
1769530835.429174662,62.700000000,-1.711771941,-1.521275331,2.117831071,-0.599441991,1.419189787,4.099394378,0.000000083,0.000000326,0.000000344,-0.000000886,-0.000000384,-0.933702024
1769530835.529174566,62.800000000,-1.711771931,-1.521275290,2.117831113,-0.599442097,1.419189736,3.981024621,0.000000109,0.000000489,0.000000489,-0.000001218,-0.000000644,-1.433694169
1769530835.629174709,62.900000000,-1.711771926,-1.521275232,2.117831168,-0.599442222,1.419189699,3.812655611,-0.000000022,0.000000694,0.000000628,-0.000001320,-0.000000033,-1.933686053
1769530835.729174614,63.000000000,-1.711771931,-1.521275158,2.117831235,-0.599442363,1.419189693,3.605799511,-0.000000410,0.000000662,0.000000707,-0.000001367,-0.000000421,-2.094395102
1769530835.829174519,63.100000000,-1.711771972,-1.521275092,2.117831306,-0.599442500,1.419189651,3.396360001,-0.000000410,0.000000662,0.000000707,-0.000001367,-0.000000421,-2.094395102
1769530835.929174662,63.200000000,-1.711772037,-1.521275035,2.117831374,-0.599442624,1.419189585,3.186920491,-0.000000763,0.000000519,0.000000676,-0.000001191,-0.000000773,-2.094395102
1769530836.029174566,63.300000000,-1.711772123,-1.521274989,2.117831439,-0.599442735,1.419189498,2.977480980,-0.000001054,0.000000334,0.000000590,-0.000000919,-0.000001062,-2.094395102
1769530836.129174709,63.400000000,-1.711772228,-1.521274956,2.117831498,-0.599442826,1.419189392,2.768041470,-0.000001054,0.000000334,0.000000590,-0.000000919,-0.000001062,-2.094395102
1769530836.229174614,63.500000000,-1.711772354,-1.521274943,2.117831544,-0.599442885,1.419189266,2.558601960,-0.000001260,0.000000123,0.000000457,-0.000000572,-0.000001265,-2.094395102
1769530836.329174519,63.600000000,-1.711772486,-1.521274944,2.117831580,-0.599442919,1.419189134,2.349162450,-0.000001364,-0.000000099,0.000000287,-0.000000179,-0.000001365,-2.094395102
1769530836.429174662,63.700000000,-1.711772622,-1.521274959,2.117831604,-0.599442927,1.419188997,2.139722939,-0.000001357,-0.000000313,0.000000093,0.000000228,-0.000001355,-2.094395102
1769530836.529174566,63.800000000,-1.711772758,-1.521274990,2.117831613,-0.599442904,1.419188862,1.930283429,-0.000001357,-0.000000313,0.000000093,0.000000228,-0.000001355,-2.094395102
1769530836.629174709,63.900000000,-1.711772882,-1.521275038,2.117831605,-0.599442848,1.419188737,1.722271063,-0.000001170,-0.000000473,-0.000000102,0.000000582,-0.000001165,-1.974931979
1769530836.729174614,64.000000000,-1.711772977,-1.521275084,2.117831590,-0.599442786,1.419188643,1.549777865,-0.000000721,-0.000000457,-0.000000212,0.000000673,-0.000000715,-1.474931979
1769530836.829174519,64.100000000,-1.711773037,-1.521275122,2.117831572,-0.599442730,1.419188583,1.427284667,-0.000000476,-0.000000302,-0.000000140,0.000000445,-0.000000473,-0.974931979
1769530836.929174662,64.200000000,-1.711773073,-1.521275144,2.117831562,-0.599442697,1.419188548,1.354791469,-0.000000232,-0.000000147,-0.000000068,0.000000217,-0.000000230,-0.474931979
1769530837.024161100,64.294986395,-1.711773084,-1.521275151,2.117831559,-0.599442687,1.419188537,1.332235431,0.000000000,0.000000000,0.000000000,-0.000000000,0.000000000,0.000000000
