timestamp_absolute,timestamp_relative,shoulder_pan_joint_pos,shoulder_lift_joint_pos,elbow_joint_pos,wrist_1_joint_pos,wrist_2_joint_pos,wrist_3_joint_pos,shoulder_pan_joint_vel,shoulder_lift_joint_vel,elbow_joint_vel,wrist_1_joint_vel,wrist_2_joint_vel,wrist_3_joint_vel
1773395962.122380257,0.000000000,-2.089079205,-0.496980969,0.889028013,-0.364085023,0.961971998,1.557906985,0.000000000,0.000000000,0.000000000,0.000000000,0.000000000,0.000000000
1773395962.222380161,0.100000000,-2.088926411,-0.498807039,0.892253866,-0.365650084,0.962136881,1.560865019,0.001527941,-0.018260701,0.032258529,-0.015650616,0.001648831,0.029580334
1773395962.322380304,0.200000000,-2.088756087,-0.500827721,0.895819715,-0.367378751,0.962321294,1.564151590,0.001703245,-0.020206819,0.035658497,-0.017286668,0.001844125,0.032865710
1773395962.422380209,0.300000000,-2.088585285,-0.502841600,0.899370398,-0.369098929,0.962506732,1.567438047,0.001708013,-0.020138788,0.035506824,-0.017201784,0.001854385,0.032864574
1773395962.522380352,0.400000000,-2.088414043,-0.504849360,0.902907417,-0.370811448,0.962693113,1.570724399,0.001712426,-0.020077596,0.035370188,-0.017125184,0.001863806,0.032863523
1773395962.622380257,0.500000000,-2.088242358,-0.506851075,0.906430924,-0.372516381,0.962880436,1.574010645,0.001716845,-0.020017155,0.035235074,-0.017049336,0.001873228,0.032862457
1773395962.722380161,0.600000000,-2.088070231,-0.508846823,0.909941074,-0.374213806,0.963068701,1.577296783,0.001721270,-0.019957474,0.035101501,-0.016974247,0.001882650,0.032861376
1773395962.822380304,0.700000000,-2.087897661,-0.510836676,0.913438018,-0.375903796,0.963257908,1.580582811,0.001725701,-0.019898539,0.034969438,-0.016899902,0.001892072,0.032860280
1773395962.922380209,0.799999999,-2.087724647,-0.512820710,0.916921904,-0.377586425,0.963448057,1.583868728,0.001730139,-0.019840335,0.034838857,-0.016826287,0.001901494,0.032859170
1773395963.022380352,0.899999998,-2.087551189,-0.514798995,0.920392876,-0.379261764,0.963639149,1.587154532,0.001734582,-0.019782848,0.034709729,-0.016753386,0.001910916,0.032858045
1773395963.122380257,0.999999998,-2.087377286,-0.516771601,0.923851079,-0.380929882,0.963831183,1.590440223,0.001739032,-0.019726066,0.034582027,-0.016681186,0.001920339,0.032856905
1773395963.222380161,1.099999999,-2.087202937,-0.518738599,0.927296652,-0.382590850,0.964024159,1.593725798,0.001743489,-0.019669976,0.034455724,-0.016609673,0.001929762,0.032855750
1773395963.322380304,1.200000000,-2.087028142,-0.520700055,0.930729731,-0.384244733,0.964218077,1.597011256,0.001747952,-0.019614565,0.034330794,-0.016538833,0.001939186,0.032854581
1773395963.422380209,1.300000000,-2.086852900,-0.522656037,0.934150452,-0.385891598,0.964412939,1.600296595,0.001752422,-0.019559820,0.034207212,-0.016468652,0.001948611,0.032853397
1773395963.522380352,1.400000000,-2.086677210,-0.524606610,0.937558947,-0.387531510,0.964608742,1.603581815,0.001756898,-0.019505731,0.034084952,-0.016399119,0.001958036,0.032852199
1773395963.622380257,1.500000000,-2.086501072,-0.526551839,0.940955346,-0.389164532,0.964805488,1.606866914,0.001761382,-0.019452285,0.033963991,-0.016330221,0.001967462,0.032850986
1773395963.722380161,1.600000000,-2.086324484,-0.528491786,0.944339777,-0.390790727,0.965003177,1.610151890,0.001765872,-0.019399470,0.033844305,-0.016261945,0.001976890,0.032849759
1773395963.822380304,1.700000000,-2.086147447,-0.530426514,0.947712364,-0.392410155,0.965201809,1.613436742,0.001770369,-0.019347277,0.033725871,-0.016194280,0.001986318,0.032848518
1773395963.922380209,1.800000000,-2.085969960,-0.532356083,0.951073231,-0.394022876,0.965401384,1.616721468,0.001774874,-0.019295694,0.033608667,-0.016127214,0.001995748,0.032847262
1773395964.022380352,1.900000000,-2.085792022,-0.534280554,0.954422498,-0.395628950,0.965601902,1.620006067,0.001779385,-0.019244710,0.033492670,-0.016060736,0.002005178,0.032845992
1773395964.122380257,2.000000000,-2.085613631,-0.536199986,0.957760284,-0.397228433,0.965803363,1.623290538,0.001783904,-0.019194316,0.033377860,-0.015994835,0.002014610,0.032844708
1773395964.222380161,2.100000000,-2.085434788,-0.538114436,0.961086705,-0.398821383,0.966005767,1.626574879,0.001788430,-0.019144500,0.033264216,-0.015929500,0.002024044,0.032843409
1773395964.322380304,2.200000000,-2.085255492,-0.540023961,0.964401877,-0.400407855,0.966209115,1.629859088,0.001792964,-0.019095255,0.033151717,-0.015864720,0.002033479,0.032842097
1773395964.422380209,2.300000000,-2.085075741,-0.541928618,0.967705911,-0.401987904,0.966413407,1.633143166,0.001797505,-0.019046569,0.033040344,-0.015800485,0.002042915,0.032840770
1773395964.522380352,2.400000000,-2.084895536,-0.543828461,0.970998919,-0.403561582,0.966618642,1.636427109,0.001802054,-0.018998434,0.032930077,-0.015736786,0.002052353,0.032839430
1773395964.622380257,2.500000000,-2.084714875,-0.545723545,0.974281009,-0.405128944,0.966824821,1.639710916,0.001806610,-0.018950841,0.032820897,-0.015673613,0.002061793,0.032838075
1773395964.722380161,2.600000000,-2.084533757,-0.547613924,0.977552287,-0.406690039,0.967031945,1.642994587,0.001811174,-0.018903780,0.032712787,-0.015610955,0.002071235,0.032836707
1773395964.822380304,2.700000000,-2.084352183,-0.549499648,0.980812860,-0.408244919,0.967240012,1.646278119,0.001815746,-0.018857244,0.032605727,-0.015548804,0.002080678,0.032835324
1773395964.922380209,2.800000000,-2.084170150,-0.551380770,0.984062830,-0.409793635,0.967449025,1.649561512,0.001820326,-0.018811223,0.032499700,-0.015487151,0.002090123,0.032833928
1773395965.022380352,2.900000000,-2.083987659,-0.553257341,0.987302299,-0.411336233,0.967658982,1.652844764,0.001824913,-0.018765709,0.032394689,-0.015425986,0.002099570,0.032832518
1773395965.122380257,3.000000000,-2.083804708,-0.555129410,0.990531367,-0.412872763,0.967869884,1.656127873,0.001829509,-0.018720694,0.032290678,-0.015365302,0.002109019,0.032831094
1773395965.222380161,3.100000000,-2.083621297,-0.556997028,0.993750132,-0.414403272,0.968081731,1.659410839,0.001834113,-0.018676171,0.032187649,-0.015305089,0.002118470,0.032829657
1773395965.322380304,3.200000000,-2.083437424,-0.558860241,0.996958691,-0.415927806,0.968294523,1.662693659,0.001838725,-0.018632132,0.032085587,-0.015245339,0.002127924,0.032828205
1773395965.422380209,3.300000000,-2.083253090,-0.560719098,1.000157138,-0.417446410,0.968508261,1.665976333,0.001843345,-0.018588568,0.031984476,-0.015186044,0.002137379,0.032826741
1773395965.522380352,3.400000000,-2.083068292,-0.562573645,1.003345568,-0.418959130,0.968722945,1.669258860,0.001847973,-0.018545473,0.031884301,-0.015127196,0.002146837,0.032825262
1773395965.622380257,3.500000000,-2.082883031,-0.564423929,1.006524073,-0.420466009,0.968938574,1.672541237,0.001852610,-0.018502839,0.031785046,-0.015068788,0.002156297,0.032823770
1773395965.722380161,3.600000000,-2.082697306,-0.566269995,1.009692743,-0.421967090,0.969155150,1.675823463,0.001857255,-0.018460660,0.031686697,-0.015010811,0.002165759,0.032822265
1773395965.822380304,3.700000000,-2.082511115,-0.568111888,1.012851667,-0.423462416,0.969372672,1.679105538,0.001861909,-0.018418928,0.031589240,-0.014953259,0.002175223,0.032820746
1773395965.922380209,3.800000000,-2.082324458,-0.569949651,1.016000933,-0.424952028,0.969591142,1.682387459,0.001866571,-0.018377637,0.031492660,-0.014896124,0.002184690,0.032819214
1773395966.022380352,3.900000000,-2.082137334,-0.571783329,1.019140627,-0.426435968,0.969810558,1.685669226,0.001871242,-0.018336780,0.031396944,-0.014839398,0.002194160,0.032817669
1773395966.122380257,4.000000000,-2.081949742,-0.573612965,1.022270835,-0.427914276,0.970030921,1.688950837,0.001875921,-0.018296351,0.031302077,-0.014783076,0.002203632,0.032816110
1773395966.222380161,4.100000000,-2.081761681,-0.575438599,1.025391640,-0.429386991,0.970252231,1.692232291,0.001880609,-0.018256343,0.031208048,-0.014727150,0.002213106,0.032814538
1773395966.322380304,4.200000000,-2.081573150,-0.577260274,1.028503124,-0.430854152,0.970474490,1.695513586,0.001885307,-0.018216750,0.031114843,-0.014671613,0.002222583,0.032812952
1773395966.422380209,4.300000000,-2.081384149,-0.579078030,1.031605369,-0.432315798,0.970697696,1.698794721,0.001890012,-0.018177566,0.031022450,-0.014616460,0.002232063,0.032811354
1773395966.522380352,4.400000000,-2.081194676,-0.580891909,1.034698454,-0.433771966,0.970921850,1.702075696,0.001894727,-0.018138785,0.030930856,-0.014561683,0.002241545,0.032809742
1773395966.622380257,4.500000000,-2.081004731,-0.582701949,1.037782459,-0.435222694,0.971146953,1.705356508,0.001899451,-0.018100401,0.030840048,-0.014507276,0.002251030,0.032808118
1773395966.722380161,4.600000000,-2.080814313,-0.584508190,1.040857461,-0.436668017,0.971373005,1.708637156,0.001904184,-0.018062409,0.030750016,-0.014453233,0.002260518,0.032806480
1773395966.822380304,4.699999998,-2.080623420,-0.586310670,1.043923536,-0.438107972,0.971600006,1.711917639,0.001908926,-0.018024803,0.030660747,-0.014399549,0.002270008,0.032804830
1773395966.922380209,4.799999998,-2.080432052,-0.588109428,1.046980759,-0.439542594,0.971827956,1.715197955,0.001913677,-0.017987578,0.030572230,-0.014346217,0.002279502,0.032803166
1773395967.022380352,4.899999998,-2.080240209,-0.589904501,1.050029204,-0.440971917,0.972056856,1.718478104,0.001918437,-0.017950727,0.030484454,-0.014293231,0.002288998,0.032801490
1773395967.122380257,4.999999998,-2.080047888,-0.591695925,1.053068945,-0.442395976,0.972286706,1.721758084,0.001923207,-0.017914247,0.030397408,-0.014240587,0.002298497,0.032799800
1773395967.222380161,5.099999998,-2.079855089,-0.593483739,1.056100053,-0.443814803,0.972517506,1.725037894,0.001927985,-0.017878131,0.030311082,-0.014188278,0.002307999,0.032798098
1773395967.322380304,5.199999998,-2.079661812,-0.595267976,1.059122599,-0.445228433,0.972749256,1.728317532,0.001932774,-0.017842375,0.030225464,-0.014136298,0.002317504,0.032796383
1773395967.422380209,5.299999998,-2.079468055,-0.597048674,1.062136654,-0.446636897,0.972981957,1.731596998,0.001937571,-0.017806974,0.030140544,-0.014084643,0.002327012,0.032794656
1773395967.522380352,5.399999998,-2.079273817,-0.598825866,1.065142285,-0.448040228,0.973215609,1.734876289,0.001942379,-0.017771923,0.030056313,-0.014033308,0.002336523,0.032792915
1773395967.622380257,5.499999998,-2.079079097,-0.600599588,1.068139561,-0.449438457,0.973450213,1.738155406,0.001947195,-0.017737217,0.029972761,-0.013982287,0.002346037,0.032791163
1773395967.722380161,5.599999998,-2.078883895,-0.602369873,1.071128549,-0.450831614,0.973685769,1.741434345,0.001952022,-0.017702852,0.029889877,-0.013931575,0.002355554,0.032789397
1773395967.822380304,5.699999998,-2.078688210,-0.604136755,1.074109314,-0.452219731,0.973922276,1.744713107,0.001956858,-0.017668822,0.029807652,-0.013881167,0.002365074,0.032787619
1773395967.922380209,5.799999998,-2.078492039,-0.605900267,1.077081922,-0.453602837,0.974159736,1.747991690,0.001961704,-0.017635125,0.029726078,-0.013831059,0.002374597,0.032785829
1773395968.022380352,5.899999998,-2.078295383,-0.607660443,1.080046436,-0.454980962,0.974398148,1.751270093,0.001966559,-0.017601754,0.029645144,-0.013781246,0.002384123,0.032784026
1773395968.122380257,5.999999998,-2.078098241,-0.609417313,1.083002920,-0.456354134,0.974637513,1.754548314,0.001971424,-0.017568706,0.029564841,-0.013731723,0.002393653,0.032782211
1773395968.222380161,6.099999998,-2.077900611,-0.611170911,1.085951436,-0.457722382,0.974877832,1.757826352,0.001976300,-0.017535977,0.029485162,-0.013682485,0.002403185,0.032780383
1773395968.322380304,6.199999998,-2.077702492,-0.612921267,1.088892046,-0.459085735,0.975119104,1.761104206,0.001981185,-0.017503563,0.029406097,-0.013633529,0.002412721,0.032778543
1773395968.422380209,6.299999998,-2.077503884,-0.614668413,1.091824810,-0.460444220,0.975361330,1.764381875,0.001986080,-0.017471458,0.029327638,-0.013584849,0.002422260,0.032776691
1773395968.522380352,6.399999998,-2.077304786,-0.616412379,1.094749788,-0.461797864,0.975604510,1.767659358,0.001990985,-0.017439661,0.029249776,-0.013536442,0.002431803,0.032774826
1773395968.622380257,6.499999998,-2.077105196,-0.618153196,1.097667038,-0.463146695,0.975848645,1.770936653,0.001995900,-0.017408166,0.029172504,-0.013488303,0.002441348,0.032772950
1773395968.722380161,6.599999998,-2.076905113,-0.619890893,1.100576619,-0.464490738,0.976093735,1.774213759,0.002000826,-0.017376969,0.029095813,-0.013440428,0.002450897,0.032771061
1773395968.822380304,6.699999998,-2.076704537,-0.621625500,1.103478589,-0.465830019,0.976339780,1.777490675,0.002005761,-0.017346068,0.029019695,-0.013392813,0.002460450,0.032769160
1773395968.922380209,6.799999998,-2.076503466,-0.623357045,1.106373003,-0.467164564,0.976586780,1.780767400,0.002010707,-0.017315458,0.028944143,-0.013345454,0.002470005,0.032767248
1773395969.022380352,6.899999998,-2.076301900,-0.625085559,1.109259918,-0.468494399,0.976834737,1.784043932,0.002015663,-0.017285135,0.028869149,-0.013298348,0.002479565,0.032765323
1773395969.122380257,6.999999998,-2.076099837,-0.626811069,1.112139388,-0.469819548,0.977083649,1.787320271,0.002020630,-0.017255097,0.028794705,-0.013251489,0.002489127,0.032763386
1773395969.222380161,7.099999998,-2.075897276,-0.628533602,1.115011469,-0.471140035,0.977333519,1.790596415,0.002025607,-0.017225339,0.028720805,-0.013204875,0.002498693,0.032761438
1773395969.322380304,7.199999998,-2.075694217,-0.630253188,1.117876213,-0.472455886,0.977584345,1.793872362,0.002030594,-0.017195858,0.028647441,-0.013158502,0.002508262,0.032759477
1773395969.422380209,7.299999998,-2.075490658,-0.631969853,1.120733674,-0.473767122,0.977836128,1.797148113,0.002035592,-0.017166651,0.028574606,-0.013112365,0.002517835,0.032757505
1773395969.522380352,7.399999998,-2.075286598,-0.633683625,1.123583903,-0.475073768,0.978088869,1.800423665,0.002040600,-0.017137714,0.028502293,-0.013066463,0.002527411,0.032755521
1773395969.622380257,7.499999998,-2.075082036,-0.635394529,1.126426952,-0.476375847,0.978342569,1.803699018,0.002045619,-0.017109045,0.028430495,-0.013020790,0.002536991,0.032753525
1773395969.722380161,7.599999998,-2.074876971,-0.637102593,1.129262873,-0.477673382,0.978597226,1.806974169,0.002050649,-0.017080639,0.028359206,-0.012975344,0.002546574,0.032751518
1773395969.822380304,7.699999998,-2.074671402,-0.638807843,1.132091715,-0.478966394,0.978852842,1.810249119,0.002055689,-0.017052494,0.028288418,-0.012930121,0.002556161,0.032749499
1773395969.922380209,7.799999998,-2.074465328,-0.640510303,1.134913527,-0.480254906,0.979109417,1.813523866,0.002060740,-0.017024608,0.028218126,-0.012885118,0.002565751,0.032747469
1773395970.022380352,7.899999998,-2.074258748,-0.642210001,1.137728360,-0.481538939,0.979366952,1.816798409,0.002065802,-0.016996975,0.028148323,-0.012840331,0.002575345,0.032745427
1773395970.122380257,7.999999998,-2.074051660,-0.643906960,1.140536260,-0.482818514,0.979625446,1.820072746,0.002070875,-0.016969595,0.028079003,-0.012795757,0.002584943,0.032743373
1773395970.222380161,8.099999998,-2.073844065,-0.645601207,1.143337276,-0.484093654,0.979884900,1.823346877,0.002075958,-0.016942463,0.028010160,-0.012751394,0.002594544,0.032741309
1773395970.322380304,8.199999998,-2.073635959,-0.647292764,1.146131455,-0.485364378,0.980145315,1.826620800,0.002081053,-0.016915577,0.027941788,-0.012707238,0.002604148,0.032739232
1773395970.422380209,8.299999998,-2.073427344,-0.648981658,1.148918843,-0.486630706,0.980406691,1.829894515,0.002086158,-0.016888935,0.027873880,-0.012663286,0.002613757,0.032737145
1773395970.522380352,8.399999998,-2.073218216,-0.650667911,1.151699486,-0.487892660,0.980669028,1.833168019,0.002091275,-0.016862532,0.027806431,-0.012619534,0.002623369,0.032735046
1773395970.622380257,8.499999998,-2.073008576,-0.652351548,1.154473429,-0.489150258,0.980932326,1.836441313,0.002096402,-0.016836368,0.027739435,-0.012575981,0.002632984,0.032732936
1773395970.722380161,8.599999998,-2.072798422,-0.654032592,1.157240718,-0.490403520,0.981196586,1.839714395,0.002101541,-0.016810438,0.027672886,-0.012532623,0.002642603,0.032730815
1773395970.822380304,8.699999998,-2.072587753,-0.655711066,1.160001396,-0.491652466,0.981461809,1.842987263,0.002106691,-0.016784740,0.027606780,-0.012489456,0.002652226,0.032728683
1773395970.922380209,8.799999998,-2.072376567,-0.657386993,1.162755507,-0.492897114,0.981727994,1.846259917,0.002111852,-0.016759272,0.027541110,-0.012446480,0.002661853,0.032726539
1773395971.022380352,8.899999998,-2.072164865,-0.659060396,1.165503094,-0.494137483,0.981995143,1.849532355,0.002117025,-0.016734031,0.027475871,-0.012403689,0.002671483,0.032724385
1773395971.122380257,8.999999998,-2.071952644,-0.660731297,1.168244200,-0.495373591,0.982263255,1.852804577,0.002122209,-0.016709015,0.027411058,-0.012361083,0.002681118,0.032722219
1773395971.222380161,9.099999998,-2.071739904,-0.662399720,1.170978866,-0.496605457,0.982532330,1.856076581,0.002127404,-0.016684221,0.027346665,-0.012318658,0.002690755,0.032720043
1773395971.322380304,9.199999998,-2.071526643,-0.664065684,1.173707135,-0.497833098,0.982802370,1.859348367,0.002132610,-0.016659646,0.027282688,-0.012276412,0.002700397,0.032717856
1773395971.422380209,9.299999998,-2.071312860,-0.665729213,1.176429047,-0.499056532,0.983073374,1.862619933,0.002137828,-0.016635289,0.027219121,-0.012234341,0.002710042,0.032715658
1773395971.522380352,9.399999998,-2.071098554,-0.667390328,1.179144643,-0.500275776,0.983345343,1.865891278,0.002143058,-0.016611146,0.027155960,-0.012192444,0.002719692,0.032713449
1773395971.622380257,9.499999998,-2.070883724,-0.669049049,1.181853963,-0.501490848,0.983618278,1.869162401,0.002148299,-0.016587216,0.027093199,-0.012150718,0.002729345,0.032711229
1773395971.722380161,9.599999998,-2.070668369,-0.670705399,1.184557047,-0.502701764,0.983892178,1.872433301,0.002153552,-0.016563497,0.027030834,-0.012109160,0.002739001,0.032708999
1773395971.822380304,9.699999998,-2.070452487,-0.672359397,1.187253933,-0.503908541,0.984167044,1.875703976,0.002158816,-0.016539986,0.026968861,-0.012067768,0.002748662,0.032706758
1773395971.922380209,9.799999998,-2.070236078,-0.674011065,1.189944660,-0.505111195,0.984442877,1.878974427,0.002164092,-0.016516680,0.026907273,-0.012026540,0.002758327,0.032704507
1773395972.022380352,9.899999998,-2.070019140,-0.675660423,1.192629267,-0.506309742,0.984719676,1.882244652,0.002169380,-0.016493578,0.026846068,-0.011985473,0.002767995,0.032702245
1773395972.122380257,9.999999998,-2.069801672,-0.677307491,1.195307791,-0.507504199,0.984997443,1.885514649,0.002174680,-0.016470678,0.026785239,-0.011944565,0.002777667,0.032699972
1773395972.222380161,10.099999998,-2.069583673,-0.678952289,1.197980269,-0.508694580,0.985276177,1.888784418,0.002179991,-0.016447977,0.026724784,-0.011903814,0.002787343,0.032697689
1773395972.322380304,10.199999998,-2.069365142,-0.680594836,1.200646739,-0.509880902,0.985555879,1.892053957,0.002185315,-0.016425474,0.026664697,-0.011863217,0.002797023,0.032695396
1773395972.422380209,10.299999998,-2.069146077,-0.682235153,1.203307236,-0.511063179,0.985836550,1.895323267,0.002190650,-0.016403166,0.026604974,-0.011822773,0.002806707,0.032693092
1773395972.522380352,10.399999998,-2.068926477,-0.683873258,1.205961797,-0.512241427,0.986118190,1.898592344,0.002195997,-0.016381051,0.026545612,-0.011782478,0.002816395,0.032690779
1773395972.622380257,10.499999998,-2.068706341,-0.685509171,1.208610458,-0.513415660,0.986400798,1.901861190,0.002201357,-0.016359127,0.026486605,-0.011742331,0.002826087,0.032688454
1773395972.722380161,10.599999998,-2.068485668,-0.687142910,1.211253253,-0.514585893,0.986684377,1.905129802,0.002206728,-0.016337393,0.026427950,-0.011702330,0.002835782,0.032686120
1773395972.822380304,10.699999998,-2.068264457,-0.688774495,1.213890217,-0.515752140,0.986968925,1.908398179,0.002212112,-0.016315847,0.026369642,-0.011662472,0.002845482,0.032683776
1773395972.922380209,10.799999998,-2.068042706,-0.690403943,1.216521385,-0.516914416,0.987254443,1.911666322,0.002217508,-0.016294486,0.026311678,-0.011622757,0.002855186,0.032681421
1773395973.022380352,10.899999998,-2.067820415,-0.692031274,1.219146790,-0.518072734,0.987540933,1.914934227,0.002222916,-0.016273309,0.026254054,-0.011583180,0.002864893,0.032679056
1773395973.122380257,10.999999998,-2.067597581,-0.693656505,1.221766467,-0.519227108,0.987828393,1.918201895,0.002228336,-0.016252314,0.026196765,-0.011543742,0.002874605,0.032676682
1773395973.222380161,11.099999998,-2.067374204,-0.695279655,1.224380448,-0.520377552,0.988116825,1.921469325,0.002233769,-0.016231499,0.026139809,-0.011504439,0.002884320,0.032674297
1773395973.322380304,11.199999998,-2.067150283,-0.696900742,1.226988766,-0.521524079,0.988406229,1.924736515,0.002239213,-0.016210862,0.026083181,-0.011465270,0.002894040,0.032671903
1773395973.422380209,11.299999998,-2.066925816,-0.698519782,1.229591453,-0.522666702,0.988696605,1.928003465,0.002244671,-0.016190402,0.026026877,-0.011426232,0.002903764,0.032669499
1773395973.522380352,11.399999998,-2.066700802,-0.700136793,1.232188543,-0.523805435,0.988987955,1.931270174,0.002250141,-0.016170117,0.025970894,-0.011387325,0.002913491,0.032667085
1773395973.622380257,11.499999998,-2.066475240,-0.701751794,1.234780066,-0.524940289,0.989280277,1.934536640,0.002255623,-0.016150005,0.025915229,-0.011348545,0.002923223,0.032664661
1773395973.722380161,11.599999998,-2.066249128,-0.703364800,1.237366053,-0.526071279,0.989573573,1.937802863,0.002261118,-0.016130064,0.025859877,-0.011309892,0.002932959,0.032662228
1773395973.822380304,11.699999998,-2.066022465,-0.704975830,1.239946537,-0.527198415,0.989867843,1.941068841,0.002266625,-0.016110294,0.025804836,-0.011271364,0.002942699,0.032659784
1773395973.922380209,11.799999998,-2.065795251,-0.706584899,1.242521547,-0.528321711,0.990163087,1.944334574,0.002272146,-0.016090691,0.025750101,-0.011232958,0.002952443,0.032657332
1773395974.022380352,11.899999998,-2.065567483,-0.708192024,1.245091114,-0.529441178,0.990459306,1.947600061,0.002277679,-0.016071256,0.025695670,-0.011194673,0.002962191,0.032654870
1773395974.122380257,11.999999998,-2.065339160,-0.709797223,1.247655268,-0.530556829,0.990756500,1.950865301,0.002283224,-0.016051985,0.025641539,-0.011156507,0.002971943,0.032652398
1773395974.222380161,12.099999998,-2.065110282,-0.711400511,1.250214038,-0.531668675,0.991054670,1.954130293,0.002288783,-0.016032878,0.025587705,-0.011118459,0.002981699,0.032649917
1773395974.322380304,12.199999998,-2.064880847,-0.713001904,1.252767455,-0.532776727,0.991353816,1.957395035,0.002294354,-0.016013933,0.025534164,-0.011080527,0.002991460,0.032647427
1773395974.422380209,12.299999998,-2.064650853,-0.714601419,1.255315546,-0.533880998,0.991653939,1.960659528,0.002299938,-0.015995148,0.025480914,-0.011042709,0.003001225,0.032644927
1773395974.522380352,12.399999998,-2.064420299,-0.716199071,1.257858341,-0.534981499,0.991955038,1.963923770,0.002305535,-0.015976522,0.025427950,-0.011005004,0.003010994,0.032642418
1773395974.622380257,12.499999998,-2.064189185,-0.717794876,1.260395868,-0.536078240,0.992257115,1.967187760,0.002311145,-0.015958054,0.025375271,-0.010967409,0.003020767,0.032639900
1773395974.722380161,12.599999998,-2.063957508,-0.719388851,1.262928156,-0.537171232,0.992560169,1.970451497,0.002316768,-0.015939742,0.025322873,-0.010929925,0.003030544,0.032637373
1773395974.822380304,12.699999998,-2.063725268,-0.720981009,1.265455231,-0.538260487,0.992864202,1.973714981,0.002322404,-0.015921584,0.025270752,-0.010892548,0.003040325,0.032634837
1773395974.922380209,12.799999998,-2.063492462,-0.722571367,1.267977121,-0.539346014,0.993169213,1.976978210,0.002328054,-0.015903580,0.025218907,-0.010855277,0.003050111,0.032632291
1773395975.022380352,12.899999998,-2.063259091,-0.724159940,1.270493855,-0.540427826,0.993475203,1.980241184,0.002333716,-0.015885728,0.025167333,-0.010818112,0.003059901,0.032629737
1773395975.122380257,12.999999998,-2.063025152,-0.725746742,1.273005458,-0.541505931,0.993782172,1.983503901,0.002339392,-0.015868026,0.025116029,-0.010781049,0.003069695,0.032627174
1773395975.222380161,13.099999998,-2.062790644,-0.727331790,1.275511957,-0.542580339,0.994090122,1.986766361,0.002345081,-0.015850473,0.025064991,-0.010744089,0.003079493,0.032624602
1773395975.322380304,13.199999998,-2.062555565,-0.728915096,1.278013378,-0.543651062,0.994399051,1.990028563,0.002350783,-0.015833068,0.025014216,-0.010707229,0.003089296,0.032622021
1773395975.422380209,13.299999998,-2.062319915,-0.730496677,1.280509748,-0.544718109,0.994708962,1.993290507,0.002356499,-0.015815809,0.024963701,-0.010670468,0.003099103,0.032619431
1773395975.522380352,13.399999998,-2.062083693,-0.732076547,1.283001093,-0.545781490,0.995019853,1.996552190,0.002362228,-0.015798696,0.024913445,-0.010633805,0.003108914,0.032616832
1773395975.622380257,13.499999998,-2.061846896,-0.733654720,1.285487437,-0.546841213,0.995331726,1.999813612,0.002367970,-0.015781727,0.024863443,-0.010597238,0.003118730,0.032614225
1773395975.722380161,13.599999998,-2.061609523,-0.735231210,1.287968807,-0.547897290,0.995644581,2.003074773,0.002373726,-0.015764900,0.024813694,-0.010560766,0.003128550,0.032611610
1773395975.822380304,13.699999998,-2.061371573,-0.736806031,1.290445226,-0.548949729,0.995958418,2.006335672,0.002379496,-0.015748215,0.024764195,-0.010524387,0.003138374,0.032608985
1773395975.922380209,13.799999998,-2.061133046,-0.738379198,1.292916720,-0.549998539,0.996273239,2.009596307,0.002385279,-0.015731670,0.024714943,-0.010488101,0.003148203,0.032606352
1773395976.022380352,13.899999998,-2.060893938,-0.739950724,1.295383314,-0.551043729,0.996589042,2.012856678,0.002391076,-0.015715264,0.024665935,-0.010451905,0.003158036,0.032603711
1773395976.122380257,13.999999998,-2.060654249,-0.741520624,1.297845031,-0.552085309,0.996905830,2.016116784,0.002396886,-0.015698996,0.024617169,-0.010415799,0.003167873,0.032601062
1773395976.222380161,14.099999998,-2.060413978,-0.743088910,1.300301895,-0.553123287,0.997223601,2.019376625,0.002402711,-0.015682864,0.024568643,-0.010379781,0.003177715,0.032598404
1773395976.322380304,14.199999998,-2.060173123,-0.744655597,1.302753930,-0.554157672,0.997542357,2.022636198,0.002408549,-0.015666868,0.024520354,-0.010343850,0.003187561,0.032595737
1773395976.422380209,14.299999998,-2.059931683,-0.746220698,1.305201160,-0.555188473,0.997862098,2.025895505,0.002414401,-0.015651007,0.024472299,-0.010308005,0.003197412,0.032593063
1773395976.522380352,14.399999998,-2.059689657,-0.747784226,1.307643608,-0.556215697,0.998182825,2.029154543,0.002420266,-0.015635278,0.024424476,-0.010272245,0.003207267,0.032590380
1773395976.622380257,14.499999998,-2.059447042,-0.749346194,1.310081296,-0.557239354,0.998504538,2.032413312,0.002426146,-0.015619682,0.024376883,-0.010236568,0.003217127,0.032587689
1773395976.722380161,14.599999998,-2.059203838,-0.750906616,1.312514248,-0.558259451,0.998827237,2.035671811,0.002432040,-0.015604216,0.024329518,-0.010200972,0.003226991,0.032584990
1773395976.822380304,14.699999998,-2.058960043,-0.752465504,1.314942486,-0.559275997,0.999150923,2.038930039,0.002437948,-0.015588881,0.024282377,-0.010165458,0.003236859,0.032582284
1773395976.922380209,14.799999998,-2.058715656,-0.754022871,1.317366032,-0.560289000,0.999475596,2.042187996,0.002443870,-0.015573674,0.024235459,-0.010130024,0.003246732,0.032579569
1773395977.022380352,14.899999998,-2.058470676,-0.755578731,1.319784908,-0.561298466,0.999801257,2.045445680,0.002449806,-0.015558595,0.024188762,-0.010094668,0.003256610,0.032576846
1773395977.122380257,14.999999998,-2.058225100,-0.757133095,1.322199136,-0.562304405,1.000127906,2.048703092,0.002455756,-0.015543643,0.024142283,-0.010059390,0.003266492,0.032574116
1773395977.222380161,15.099999998,-2.057978928,-0.758685977,1.324608738,-0.563306824,1.000455544,2.051960230,0.002461721,-0.015528817,0.024096020,-0.010024188,0.003276379,0.032571377
1773395977.322380304,15.199999998,-2.057732158,-0.760237388,1.327013735,-0.564305730,1.000784171,2.055217093,0.002467700,-0.015514115,0.024049971,-0.009989061,0.003286270,0.032568631
1773395977.422380209,15.299999998,-2.057484789,-0.761787342,1.329414149,-0.565301131,1.001113788,2.058473681,0.002473693,-0.015499537,0.024004133,-0.009954008,0.003296166,0.032565877
1773395977.522380352,15.399999998,-2.057236819,-0.763335850,1.331809999,-0.566293034,1.001444394,2.061729992,0.002479700,-0.015485082,0.023958505,-0.009919028,0.003306067,0.032563116
1773395977.622380257,15.499999998,-2.056988247,-0.764882925,1.334201308,-0.567281446,1.001775992,2.064986027,0.002485722,-0.015470748,0.023913084,-0.009884121,0.003315972,0.032560347
1773395977.722380161,15.599999998,-2.056739071,-0.766428578,1.336588094,-0.568266374,1.002108580,2.068241784,0.002491759,-0.015456535,0.023867869,-0.009849284,0.003325882,0.032557571
1773395977.822380304,15.699999998,-2.056489290,-0.767972822,1.338970380,-0.569247826,1.002442159,2.071497263,0.002497810,-0.015442442,0.023822857,-0.009814517,0.003335796,0.032554787
1773395977.922380209,15.799999998,-2.056238902,-0.769515669,1.341348185,-0.570225808,1.002776731,2.074752462,0.002503876,-0.015428468,0.023778046,-0.009779819,0.003345715,0.032551996
1773395978.022380352,15.899999998,-2.055987907,-0.771057130,1.343721528,-0.571200327,1.003112295,2.078007382,0.002509956,-0.015414612,0.023733434,-0.009745189,0.003355639,0.032549197
1773395978.122380257,15.999999998,-2.055736301,-0.772597218,1.346090430,-0.572171389,1.003448852,2.081262021,0.002516051,-0.015400872,0.023689020,-0.009710625,0.003365567,0.032546391
1773395978.222380161,16.099999998,-2.055484085,-0.774135943,1.348454910,-0.573139002,1.003786402,2.084516379,0.002522161,-0.015387249,0.023644801,-0.009676128,0.003375501,0.032543578
1773395978.322380304,16.199999998,-2.055231257,-0.775673317,1.350814988,-0.574103171,1.004124946,2.087770455,0.002528285,-0.015373741,0.023600775,-0.009641695,0.003385439,0.032540758
1773395978.422380209,16.299999998,-2.054977814,-0.777209351,1.353170682,-0.575063904,1.004464484,2.091024248,0.002534425,-0.015360348,0.023556941,-0.009607326,0.003395382,0.032537931
1773395978.522380352,16.399999998,-2.054723756,-0.778744058,1.355522011,-0.576021206,1.004805017,2.094277758,0.002540579,-0.015347068,0.023513296,-0.009573020,0.003405329,0.032535096
1773395978.622380257,16.499999998,-2.054469082,-0.780277448,1.357868995,-0.576975084,1.005146545,2.097530983,0.002546748,-0.015333900,0.023469839,-0.009538776,0.003415282,0.032532255
1773395978.722380161,16.599999998,-2.054213788,-0.781809533,1.360211652,-0.577925543,1.005489069,2.100783924,0.002552933,-0.015320844,0.023426568,-0.009504593,0.003425239,0.032529407
1773395978.822380304,16.699999998,-2.053957875,-0.783340323,1.362550000,-0.578872590,1.005832589,2.104036579,0.002559132,-0.015307899,0.023383481,-0.009470471,0.003435201,0.032526551
1773395978.922380209,16.799999998,-2.053701341,-0.784869829,1.364884058,-0.579816231,1.006177106,2.107288948,0.002565346,-0.015295064,0.023340576,-0.009436407,0.003445168,0.032523689
1773395979.022380352,16.899999998,-2.053444183,-0.786398063,1.367213843,-0.580756471,1.006522620,2.110541030,0.002571576,-0.015282339,0.023297851,-0.009402402,0.003455140,0.032520821
1773395979.122380257,16.999999998,-2.053186401,-0.787925035,1.369539374,-0.581693316,1.006869131,2.113792824,0.002577821,-0.015269721,0.023255305,-0.009368454,0.003465117,0.032517945
1773395979.222380161,17.099999998,-2.052927993,-0.789450756,1.371860667,-0.582626773,1.007216641,2.117044331,0.002584081,-0.015257212,0.023212936,-0.009334563,0.003475098,0.032515063
1773395979.322380304,17.199999998,-2.052668957,-0.790975237,1.374177741,-0.583556845,1.007565149,2.120295548,0.002590357,-0.015244809,0.023170742,-0.009300727,0.003485085,0.032512174
1773395979.422380209,17.299999998,-2.052409292,-0.792498488,1.376490614,-0.584483540,1.007914657,2.123546476,0.002596647,-0.015232512,0.023128722,-0.009266946,0.003495077,0.032509279
1773395979.522380352,17.399999998,-2.052148997,-0.794020520,1.378799301,-0.585406862,1.008265164,2.126797114,0.002602954,-0.015220321,0.023086873,-0.009233220,0.003505073,0.032506377
1773395979.622380257,17.499999998,-2.051888069,-0.795541344,1.381103820,-0.586326817,1.008616672,2.130047461,0.002609275,-0.015208234,0.023045195,-0.009199546,0.003515075,0.032503469
1773395979.722380161,17.599999998,-2.051626508,-0.797060969,1.383404189,-0.587243409,1.008969180,2.133297516,0.002615613,-0.015196250,0.023003685,-0.009165925,0.003525081,0.032500555
1773395979.822380304,17.699999998,-2.051364312,-0.798579406,1.385700423,-0.588156645,1.009322689,2.136547280,0.002621965,-0.015184370,0.022962342,-0.009132355,0.003535093,0.032497634
1773395979.922380209,17.799999998,-2.051101478,-0.800096665,1.387992539,-0.589066528,1.009677200,2.139796750,0.002628334,-0.015172592,0.022921164,-0.009098836,0.003545110,0.032494707
1773395980.022380352,17.899999998,-2.050838006,-0.801612756,1.390280554,-0.589973065,1.010032714,2.143045928,0.002634718,-0.015160916,0.022880150,-0.009065367,0.003555132,0.032491774
1773395980.122380257,17.999999998,-2.050573895,-0.803127690,1.392564484,-0.590876259,1.010389229,2.146294811,0.002641118,-0.015149340,0.022839298,-0.009031947,0.003565159,0.032488834
1773395980.222380161,18.099999998,-2.050309141,-0.804641477,1.394844345,-0.591776117,1.010746749,2.149543400,0.002647534,-0.015137864,0.022798606,-0.008998575,0.003575191,0.032485889
1773395980.322380304,18.199999998,-2.050043745,-0.806154126,1.397120152,-0.592672642,1.011105271,2.152791694,0.002653965,-0.015126488,0.022758073,-0.008965251,0.003585229,0.032482937
1773395980.422380209,18.299999998,-2.049777703,-0.807665647,1.399391922,-0.593565839,1.011464799,2.156039692,0.002660413,-0.015115211,0.022717698,-0.008931973,0.003595271,0.032479980
1773395980.522380352,18.399999998,-2.049511016,-0.809176050,1.401659670,-0.594455714,1.011825330,2.159287393,0.002666877,-0.015104031,0.022677479,-0.008898742,0.003605319,0.032477017
1773395980.622380257,18.499999998,-2.049243680,-0.810685345,1.403923411,-0.595342269,1.012186868,2.162534798,0.002673356,-0.015092949,0.022637414,-0.008865556,0.003615372,0.032474048
1773395980.722380161,18.599999998,-2.048975695,-0.812193541,1.406183162,-0.596225511,1.012549411,2.165781905,0.002679852,-0.015081963,0.022597503,-0.008832415,0.003625430,0.032471073
1773395980.822380304,18.699999998,-2.048707059,-0.813700649,1.408438936,-0.597105442,1.012912960,2.169028715,0.002686363,-0.015071074,0.022557742,-0.008799317,0.003635494,0.032468092
1773395980.922380209,18.799999998,-2.048437769,-0.815206676,1.410690749,-0.597982069,1.013277516,2.172275225,0.002692891,-0.015060280,0.022518132,-0.008766262,0.003645563,0.032465106
1773395981.022380352,18.900000000,-2.048167826,-0.816711634,1.412938616,-0.598855394,1.013643080,2.175521437,0.002699435,-0.015049580,0.022478671,-0.008733250,0.003655637,0.032462114
1773395981.122380257,19.000000000,-2.047897226,-0.818215532,1.415182552,-0.599725422,1.014009652,2.178767348,0.002705996,-0.015038974,0.022439357,-0.008700280,0.003665717,0.032459117
1773395981.222380161,19.100000000,-2.047625969,-0.819718378,1.417422571,-0.600592157,1.014377232,2.182012960,0.002712573,-0.015028462,0.022400188,-0.008667350,0.003675802,0.032456114
1773395981.322380304,19.200000000,-2.047354052,-0.821220182,1.419658687,-0.601455603,1.014745821,2.185258270,0.002719166,-0.015018043,0.022361164,-0.008634461,0.003685893,0.032453106
1773395981.422380209,19.300000000,-2.047081475,-0.822720954,1.421890915,-0.602315764,1.015115420,2.188503279,0.002725776,-0.015007715,0.022322283,-0.008601612,0.003695989,0.032450092
1773395981.522380352,19.400000000,-2.046808235,-0.824220702,1.424119270,-0.603172644,1.015486029,2.191747987,0.002732402,-0.014997480,0.022283544,-0.008568801,0.003706090,0.032447073
1773395981.622380257,19.500000000,-2.046534330,-0.825719435,1.426343764,-0.604026247,1.015857649,2.194992392,0.002739045,-0.014987335,0.022244946,-0.008536029,0.003716197,0.032444049
1773395981.722380161,19.600000000,-2.046259760,-0.827217163,1.428564413,-0.604876577,1.016230280,2.198236494,0.002745704,-0.014977280,0.022206486,-0.008503295,0.003726310,0.032441019
1773395981.822380304,19.700000000,-2.045984522,-0.828713895,1.430781229,-0.605723636,1.016603923,2.201480292,0.002752380,-0.014967315,0.022168164,-0.008470597,0.003736428,0.032437985
1773395981.922380209,19.800000000,-2.045708615,-0.830209639,1.432994227,-0.606567430,1.016978578,2.204723787,0.002759073,-0.014957439,0.022129979,-0.008437936,0.003746551,0.032434945
1773395982.022380352,19.900000000,-2.045432036,-0.831704404,1.435203420,-0.607407961,1.017354246,2.207966977,0.002765783,-0.014947652,0.022091929,-0.008405311,0.003756681,0.032431901
1773395982.122380257,20.000000000,-2.045154785,-0.833198199,1.437408821,-0.608245233,1.017730927,2.211209862,0.002772509,-0.014937953,0.022054012,-0.008372720,0.003766815,0.032428851
1773395982.222380161,20.100000000,-2.044876860,-0.834691033,1.439610444,-0.609079249,1.018108623,2.214452442,0.002779253,-0.014928341,0.022016229,-0.008340164,0.003776956,0.032425797
1773395982.322380304,20.200000000,-2.044598259,-0.836182915,1.441808302,-0.609910014,1.018487333,2.217694715,0.002786013,-0.014918815,0.021978577,-0.008307642,0.003787102,0.032422738
1773395982.422380209,20.300000000,-2.044318980,-0.837673852,1.444002407,-0.610737529,1.018867059,2.220936683,0.002792791,-0.014909376,0.021941055,-0.008275153,0.003797255,0.032419674
1773395982.522380352,20.400000000,-2.044039021,-0.839163855,1.446192774,-0.611561799,1.019247800,2.224178343,0.002799586,-0.014900023,0.021903662,-0.008242697,0.003807412,0.032416605
1773395982.622380257,20.500000000,-2.043758381,-0.840652930,1.448379413,-0.612382826,1.019629558,2.227419696,0.002806397,-0.014890755,0.021866396,-0.008210273,0.003817576,0.032413532
1773395982.722380161,20.600000000,-2.043477059,-0.842141087,1.450562339,-0.613200614,1.020012332,2.230660742,0.002813226,-0.014881572,0.021829257,-0.008177881,0.003827745,0.032410454
1773395982.822380304,20.700000000,-2.043195051,-0.843628335,1.452741563,-0.614015166,1.020396124,2.233901479,0.002820073,-0.014872472,0.021792244,-0.008145519,0.003837921,0.032407371
1773395982.922380209,20.800000000,-2.042912358,-0.845114680,1.454917099,-0.614826485,1.020780934,2.237141907,0.002826936,-0.014863456,0.021755355,-0.008113187,0.003848102,0.032404284
1773395983.022380352,20.900000000,-2.042628976,-0.846600133,1.457088958,-0.615634573,1.021166763,2.240382027,0.002833817,-0.014854523,0.021718589,-0.008080886,0.003858289,0.032401193
1773395983.122380257,21.000000000,-2.042344904,-0.848084700,1.459257152,-0.616439434,1.021553612,2.243621836,0.002840716,-0.014845673,0.021681944,-0.008048613,0.003868482,0.032398097
1773395983.222380161,21.100000000,-2.042060141,-0.849568390,1.461421694,-0.617241071,1.021941480,2.246861336,0.002847632,-0.014836905,0.021645421,-0.008016369,0.003878681,0.032394998
1773395983.322380304,21.200000000,-2.041774685,-0.851051212,1.463582596,-0.618039487,1.022330368,2.250100525,0.002854565,-0.014828218,0.021609017,-0.007984153,0.003888887,0.032391893
1773395983.422380209,21.300000000,-2.041488533,-0.852533173,1.465739869,-0.618834683,1.022720278,2.253339404,0.002861517,-0.014819612,0.021572731,-0.007951965,0.003899098,0.032388785
1773395983.522380352,21.400000000,-2.041201685,-0.854014282,1.467893525,-0.619626664,1.023111210,2.256577971,0.002868485,-0.014811086,0.021536563,-0.007919804,0.003909315,0.032385673
1773395983.622380257,21.500000000,-2.040914137,-0.855494546,1.470043576,-0.620415430,1.023503163,2.259816227,0.002875472,-0.014802640,0.021500511,-0.007887669,0.003919538,0.032382556
1773395983.722380161,21.600000000,-2.040625890,-0.856973973,1.472190034,-0.621200986,1.023896140,2.263054170,0.002882477,-0.014794274,0.021464575,-0.007855560,0.003929768,0.032379436
1773395983.822380304,21.700000000,-2.040336940,-0.858452572,1.474332909,-0.621983334,1.024290141,2.266291802,0.002889499,-0.014785987,0.021428752,-0.007823476,0.003940004,0.032376311
1773395983.922380209,21.800000000,-2.040047286,-0.859930350,1.476472213,-0.622762476,1.024685165,2.269529120,0.002896539,-0.014777778,0.021393043,-0.007791417,0.003950246,0.032373183
1773395984.022380352,21.900000000,-2.039756926,-0.861407315,1.478607958,-0.623538414,1.025081215,2.272766125,0.002903598,-0.014769648,0.021357445,-0.007759383,0.003960494,0.032370051
1773395984.122380257,22.000000000,-2.039465859,-0.862883474,1.480740154,-0.624311151,1.025478289,2.276002816,0.002910674,-0.014761595,0.021321959,-0.007727372,0.003970749,0.032366915
1773395984.222380161,22.100000000,-2.039174082,-0.864358836,1.482868812,-0.625080690,1.025876390,2.279239194,0.002917769,-0.014753619,0.021286582,-0.007695385,0.003981009,0.032363776
1773395984.322380304,22.200000000,-2.038881594,-0.865833408,1.484993943,-0.625847032,1.026275518,2.282475257,0.002924881,-0.014745719,0.021251315,-0.007663421,0.003991277,0.032360632
1773395984.422380209,22.300000000,-2.038588392,-0.867307198,1.487115559,-0.626610180,1.026675673,2.285711006,0.002932012,-0.014737896,0.021216155,-0.007631479,0.004001550,0.032357486
1773395984.522380352,22.400000000,-2.038294476,-0.868780213,1.489233669,-0.627370136,1.027076856,2.288946439,0.002939162,-0.014730149,0.021181102,-0.007599559,0.004011831,0.032354336
1773395984.622380257,22.500000000,-2.037999843,-0.870252460,1.491348285,-0.628126902,1.027479068,2.292181558,0.002946329,-0.014722476,0.021146155,-0.007567660,0.004022117,0.032351182
1773395984.722380161,22.600000000,-2.037704492,-0.871723948,1.493459416,-0.628880480,1.027882309,2.295416360,0.002953516,-0.014714879,0.021111313,-0.007535782,0.004032410,0.032348025
1773395984.822380304,22.700000000,-2.037408420,-0.873194684,1.495567073,-0.629630872,1.028286580,2.298650847,0.002960720,-0.014707356,0.021076575,-0.007503925,0.004042710,0.032344865
1773395984.922380209,22.800000000,-2.037111625,-0.874664674,1.497671267,-0.630378081,1.028691882,2.301885017,0.002967943,-0.014699907,0.021041940,-0.007472088,0.004053016,0.032341701
1773395985.022380352,22.900000000,-2.036814107,-0.876133928,1.499772008,-0.631122108,1.029098214,2.305118870,0.002975185,-0.014692531,0.021007406,-0.007440270,0.004063329,0.032338534
1773395985.122380257,23.000000000,-2.036515862,-0.877602450,1.501869305,-0.631862955,1.029505579,2.308352407,0.002982446,-0.014685229,0.020972974,-0.007408471,0.004073649,0.032335365
1773395985.222380161,23.100000000,-2.036216890,-0.879070250,1.503963170,-0.632600624,1.029913977,2.311585626,0.002989725,-0.014677999,0.020938642,-0.007376691,0.004083975,0.032332192
1773395985.322380304,23.200000000,-2.035917187,-0.880537334,1.506053611,-0.633335117,1.030323408,2.314818527,0.002997023,-0.014670842,0.020904409,-0.007344929,0.004094308,0.032329016
1773395985.422380209,23.300000000,-2.035616753,-0.882003710,1.508140638,-0.634066436,1.030733872,2.318051111,0.003004340,-0.014663756,0.020870275,-0.007313185,0.004104648,0.032325837
1773395985.522380352,23.400000000,-2.035315586,-0.883469384,1.510224262,-0.634794582,1.031145372,2.321283376,0.003011677,-0.014656742,0.020836237,-0.007281458,0.004114995,0.032322655
1773395985.622380257,23.500000000,-2.035013683,-0.884934364,1.512304491,-0.635519556,1.031557907,2.324515323,0.003019032,-0.014649798,0.020802296,-0.007249748,0.004125349,0.032319470
1773395985.722380161,23.600000000,-2.034711042,-0.886398657,1.514381336,-0.636241362,1.031971478,2.327746952,0.003026406,-0.014642925,0.020768451,-0.007218055,0.004135709,0.032316283
1773395985.822380304,23.700000000,-2.034407662,-0.887862269,1.516454807,-0.636960000,1.032386085,2.330978261,0.003033799,-0.014636123,0.020734700,-0.007186377,0.004146077,0.032313092
1773395985.922380209,23.800000000,-2.034103541,-0.889325208,1.518524911,-0.637675471,1.032801731,2.334209251,0.003041212,-0.014629390,0.020701043,-0.007154715,0.004156451,0.032309900
1773395986.022380352,23.900000000,-2.033798677,-0.890787481,1.520591659,-0.638387778,1.033218414,2.337439921,0.003048644,-0.014622727,0.020667479,-0.007123068,0.004166833,0.032306704
1773395986.122380257,24.000000000,-2.033493067,-0.892249094,1.522655059,-0.639096922,1.033636136,2.340670272,0.003056095,-0.014616132,0.020634007,-0.007091436,0.004177221,0.032303506
1773395986.222380161,24.100000000,-2.033186710,-0.893710055,1.524715122,-0.639802904,1.034054898,2.343900303,0.003063565,-0.014609607,0.020600625,-0.007059819,0.004187617,0.032300306
1773395986.322380304,24.200000000,-2.032879605,-0.895170369,1.526771855,-0.640505725,1.034474700,2.347130013,0.003071056,-0.014603149,0.020567335,-0.007028215,0.004198020,0.032297103
1773395986.422380209,24.300000000,-2.032571748,-0.896630045,1.528825269,-0.641205388,1.034895543,2.350359403,0.003078565,-0.014596760,0.020534133,-0.006996625,0.004208430,0.032293898
1773395986.522380352,24.400000000,-2.032263139,-0.898089089,1.530875371,-0.641901892,1.035317427,2.353588472,0.003086095,-0.014590437,0.020501020,-0.006965048,0.004218848,0.032290691
1773395986.622380257,24.500000000,-2.031953775,-0.899547507,1.532922170,-0.642595241,1.035740355,2.356817220,0.003093644,-0.014584182,0.020467995,-0.006933484,0.004229273,0.032287481
1773395986.722380161,24.600000000,-2.031643653,-0.901005307,1.534965676,-0.643285434,1.036164325,2.360045647,0.003101213,-0.014577994,0.020435057,-0.006901932,0.004239705,0.032284269
1773395986.822380304,24.700000000,-2.031332773,-0.902462494,1.537005896,-0.643972473,1.036589340,2.363273752,0.003108801,-0.014571872,0.020402205,-0.006870392,0.004250145,0.032281055
1773395986.922380209,24.800000000,-2.031021132,-0.903919076,1.539042840,-0.644656359,1.037015399,2.366501536,0.003116410,-0.014565816,0.020369438,-0.006838864,0.004260592,0.032277839
1773395987.022380352,24.900000000,-2.030708728,-0.905375058,1.541076516,-0.645337094,1.037442503,2.369728998,0.003124038,-0.014559826,0.020336755,-0.006807347,0.004271046,0.032274621
1773395987.122380257,25.000000000,-2.030395560,-0.906830448,1.543106931,-0.646014678,1.037870654,2.372956139,0.003131687,-0.014553901,0.020304156,-0.006775840,0.004281508,0.032271402
1773395987.222380161,25.100000000,-2.030081624,-0.908285252,1.545134095,-0.646689113,1.038299852,2.376182957,0.003139356,-0.014548041,0.020271641,-0.006744345,0.004291978,0.032268180
1773395987.322380304,25.200000000,-2.029766920,-0.909739477,1.547158016,-0.647360398,1.038730098,2.379409452,0.003147045,-0.014542245,0.020239207,-0.006712859,0.004302455,0.032264956
1773395987.422380209,25.300000000,-2.029451444,-0.911193128,1.549178701,-0.648028537,1.039161392,2.382635625,0.003154754,-0.014536514,0.020206854,-0.006681383,0.004312940,0.032261731
1773395987.522380352,25.400000000,-2.029135196,-0.912646213,1.551196160,-0.648693529,1.039593735,2.385861476,0.003162483,-0.014530846,0.020174582,-0.006649917,0.004323433,0.032258504
1773395987.622380257,25.500000000,-2.028818173,-0.914098737,1.553210399,-0.649355375,1.040027128,2.389087003,0.003170233,-0.014525242,0.020142390,-0.006618460,0.004333934,0.032255276
1773395987.722380161,25.600000000,-2.028500372,-0.915550707,1.555221426,-0.650014076,1.040461573,2.392312208,0.003178004,-0.014519701,0.020110277,-0.006587011,0.004344442,0.032252046
1773395987.822380304,25.700000000,-2.028181793,-0.917002129,1.557229251,-0.650669633,1.040897068,2.395537089,0.003185795,-0.014514223,0.020078242,-0.006555571,0.004354959,0.032248814
1773395987.922380209,25.800000000,-2.027862432,-0.918453010,1.559233879,-0.651322047,1.041333617,2.398761647,0.003193606,-0.014508808,0.020046285,-0.006524139,0.004365483,0.032245581
1773395988.022380352,25.900000000,-2.027542288,-0.919903356,1.561235320,-0.651971318,1.041771218,2.401985882,0.003201439,-0.014503455,0.020014404,-0.006492714,0.004376015,0.032242347
1773395988.122380257,26.000000000,-2.027221359,-0.921353172,1.563233579,-0.652617448,1.042209874,2.405209793,0.003209292,-0.014498163,0.019982600,-0.006461297,0.004386556,0.032239111
1773395988.222380161,26.100000000,-2.026899643,-0.922802465,1.565228667,-0.653260437,1.042649584,2.408433381,0.003217166,-0.014492933,0.019950870,-0.006429887,0.004397104,0.032235874
1773395988.322380304,26.200000000,-2.026577136,-0.924251242,1.567220588,-0.653900285,1.043090350,2.411656644,0.003225060,-0.014487764,0.019919216,-0.006398484,0.004407661,0.032232636
1773395988.422380209,26.300000000,-2.026253839,-0.925699507,1.569209352,-0.654536994,1.043532173,2.414879584,0.003232976,-0.014482657,0.019887635,-0.006367087,0.004418225,0.032229397
1773395988.522380352,26.400000000,-2.025929748,-0.927147268,1.571194964,-0.655170563,1.043975053,2.418102199,0.003240913,-0.014477609,0.019856127,-0.006335695,0.004428799,0.032226157
1773395988.622380257,26.500000000,-2.025604860,-0.928594531,1.573177434,-0.655800994,1.044418991,2.421324491,0.003248871,-0.014472622,0.019824692,-0.006304310,0.004439380,0.032222915
1773395988.722380161,26.600000000,-2.025279175,-0.930041300,1.575156766,-0.656428287,1.044863988,2.424546458,0.003256850,-0.014467695,0.019793329,-0.006272930,0.004449970,0.032219673
1773395988.822380304,26.700000000,-2.024952690,-0.931487583,1.577132970,-0.657052443,1.045310044,2.427768101,0.003264851,-0.014462827,0.019762036,-0.006241555,0.004460568,0.032216430
1773395988.922380209,26.800000000,-2.024625403,-0.932933385,1.579106051,-0.657673461,1.045757162,2.430989420,0.003272872,-0.014458019,0.019730814,-0.006210185,0.004471175,0.032213186
1773395989.022380352,26.900000000,-2.024297312,-0.934378712,1.581076018,-0.658291343,1.046205341,2.434210414,0.003280916,-0.014453269,0.019699662,-0.006178820,0.004481790,0.032209941
1773395989.122380257,27.000000000,-2.023968414,-0.935823569,1.583042875,-0.658906089,1.046654582,2.437431084,0.003288981,-0.014448579,0.019668578,-0.006147458,0.004492414,0.032206696
1773395989.222380161,27.100000000,-2.023638707,-0.937267964,1.585006632,-0.659517699,1.047104887,2.440651429,0.003297067,-0.014443946,0.019637563,-0.006116100,0.004503046,0.032203450
1773395989.322380304,27.200000000,-2.023308189,-0.938711901,1.586967293,-0.660126174,1.047556256,2.443871449,0.003305175,-0.014439372,0.019606615,-0.006084746,0.004513687,0.032200203
1773395989.422380209,27.300000000,-2.022976859,-0.940155387,1.588924867,-0.660731513,1.048008689,2.447091144,0.003313305,-0.014434855,0.019575735,-0.006053396,0.004524337,0.032196956
1773395989.522380352,27.400000000,-2.022644713,-0.941598426,1.590879359,-0.661333718,1.048462189,2.450310515,0.003321456,-0.014430396,0.019544921,-0.006022048,0.004534996,0.032193708
1773395989.622380257,27.500000000,-2.022311750,-0.943041026,1.592830776,-0.661932788,1.048916755,2.453529561,0.003329630,-0.014425994,0.019514172,-0.005990703,0.004545664,0.032190460
1773395989.722380161,27.600000000,-2.021977968,-0.944483191,1.594779125,-0.662528724,1.049372389,2.456748283,0.003337825,-0.014421649,0.019483489,-0.005959360,0.004556340,0.032187212
1773395989.822380304,27.700000000,-2.021643363,-0.945924927,1.596724412,-0.663121526,1.049829092,2.459966679,0.003346043,-0.014417360,0.019452869,-0.005928019,0.004567026,0.032183964
1773395989.922380209,27.800000000,-2.021307935,-0.947366239,1.598666643,-0.663711194,1.050286864,2.463184750,0.003354283,-0.014413128,0.019422314,-0.005896681,0.004577721,0.032180715
1773395990.022380352,27.900000000,-2.020971681,-0.948807134,1.600605825,-0.664297729,1.050745706,2.466402497,0.003362544,-0.014408951,0.019391822,-0.005865343,0.004588424,0.032177466
1773395990.122380257,28.000000000,-2.020634598,-0.950247617,1.602541965,-0.664881129,1.051205620,2.469619919,0.003370829,-0.014404830,0.019361392,-0.005834007,0.004599137,0.032174217
1773395990.222380161,28.100000000,-2.020296684,-0.951687694,1.604475067,-0.665461397,1.051666606,2.472837015,0.003379135,-0.014400765,0.019331024,-0.005802672,0.004609860,0.032170968
1773395990.322380304,28.200000000,-2.019957938,-0.953127369,1.606405139,-0.666038530,1.052128665,2.476053787,0.003387464,-0.014396755,0.019300717,-0.005771338,0.004620591,0.032167719
1773395990.422380209,28.300000000,-2.019618356,-0.954566649,1.608332186,-0.666612531,1.052591798,2.479270234,0.003395816,-0.014392800,0.019270470,-0.005740004,0.004631332,0.032164470
1773395990.522380352,28.400000000,-2.019277937,-0.956005539,1.610256214,-0.667183398,1.053056007,2.482486356,0.003404190,-0.014388899,0.019240284,-0.005708671,0.004642082,0.032161221
1773395990.622380257,28.500000000,-2.018936679,-0.957444044,1.612177230,-0.667751132,1.053521291,2.485702154,0.003412586,-0.014385052,0.019210157,-0.005677337,0.004652842,0.032157972
1773395990.722380161,28.600000000,-2.018594578,-0.958882170,1.614095239,-0.668315732,1.053987652,2.488917626,0.003421006,-0.014381260,0.019180089,-0.005646003,0.004663612,0.032154724
1773395990.822380304,28.700000000,-2.018251633,-0.960319923,1.616010247,-0.668877199,1.054455091,2.492132774,0.003429448,-0.014377521,0.019150079,-0.005614669,0.004674391,0.032151476
1773395990.922380209,28.800000000,-2.017907842,-0.961757306,1.617922259,-0.669435532,1.054923609,2.495347596,0.003437914,-0.014373835,0.019120127,-0.005583334,0.004685179,0.032148228
1773395991.022380352,28.900000000,-2.017563202,-0.963194326,1.619831282,-0.669990732,1.055393207,2.498562094,0.003446402,-0.014370203,0.019090231,-0.005551997,0.004695978,0.032144981
1773395991.122380257,29.000000000,-2.017217710,-0.964630989,1.621737322,-0.670542798,1.055863885,2.501776268,0.003454914,-0.014366624,0.019060392,-0.005520659,0.004706786,0.032141735
1773395991.222380161,29.100000000,-2.016871366,-0.966067299,1.623640383,-0.671091730,1.056335646,2.504990117,0.003463448,-0.014363097,0.019030609,-0.005489320,0.004717604,0.032138489
1773395991.322380304,29.200000000,-2.016524165,-0.967503261,1.625540471,-0.671637528,1.056808489,2.508203641,0.003472006,-0.014359623,0.019000881,-0.005457979,0.004728432,0.032135243
1773395991.422380209,29.300000000,-2.016176106,-0.968938881,1.627437591,-0.672180191,1.057282416,2.511416841,0.003480588,-0.014356201,0.018971208,-0.005426636,0.004739270,0.032131998
1773395991.522380352,29.400000000,-2.015827187,-0.970374164,1.629331750,-0.672719720,1.057757428,2.514629716,0.003489192,-0.014352831,0.018941589,-0.005395291,0.004750119,0.032128754
1773395991.622380257,29.500000000,-2.015477405,-0.971809115,1.631222953,-0.673256115,1.058233526,2.517842268,0.003497820,-0.014349512,0.018912023,-0.005363943,0.004760977,0.032125511
1773395991.722380161,29.600000000,-2.015126758,-0.973243740,1.633111204,-0.673789374,1.058710710,2.521054494,0.003506472,-0.014346245,0.018882510,-0.005332592,0.004771846,0.032122269
1773395991.822380304,29.700000000,-2.014775243,-0.974678043,1.634996509,-0.674319498,1.059188983,2.524266397,0.003515148,-0.014343028,0.018853050,-0.005301238,0.004782724,0.032119028
1773395991.922380209,29.800000000,-2.014422858,-0.976112029,1.636878873,-0.674846486,1.059668344,2.527477976,0.003523847,-0.014339863,0.018823641,-0.005269881,0.004793614,0.032115787
1773395992.022380352,29.900000000,-2.014069601,-0.977545704,1.638758301,-0.675370338,1.060148795,2.530689231,0.003532570,-0.014336748,0.018794284,-0.005238521,0.004804513,0.032112548
1773395992.122380257,30.000000000,-2.013715469,-0.978979072,1.640634799,-0.675891053,1.060630338,2.533900162,0.003541317,-0.014333683,0.018764978,-0.005207157,0.004815424,0.032109310
1773395992.222380161,30.100000000,-2.013360461,-0.980412139,1.642508371,-0.676408632,1.061112972,2.537110769,0.003550088,-0.014330668,0.018735721,-0.005175789,0.004826344,0.032106073
1773395992.322380304,30.200000000,-2.013004572,-0.981844909,1.644379022,-0.676923074,1.061596700,2.540321053,0.003558884,-0.014327703,0.018706515,-0.005144416,0.004837276,0.032102837
1773395992.422380209,30.300000000,-2.012647802,-0.983277388,1.646246758,-0.677434378,1.062081521,2.543531013,0.003567703,-0.014324788,0.018677357,-0.005113040,0.004848218,0.032099603
1773395992.522380352,30.400000000,-2.012290147,-0.984709580,1.648111583,-0.677942544,1.062567439,2.546740650,0.003576547,-0.014321922,0.018648248,-0.005081659,0.004859171,0.032096370
1773395992.622380257,30.500000000,-2.011931606,-0.986141491,1.649973502,-0.678447571,1.063054452,2.549949964,0.003585415,-0.014319105,0.018619188,-0.005050273,0.004870135,0.032093138
1773395992.722380161,30.600000000,-2.011572175,-0.987573124,1.651832519,-0.678949459,1.063542563,2.553158955,0.003594308,-0.014316337,0.018590174,-0.005018883,0.004881109,0.032089908
1773395992.822380304,30.700000000,-2.011211853,-0.989004486,1.653688640,-0.679448208,1.064031773,2.556367623,0.003603225,-0.014313617,0.018561208,-0.004987487,0.004892095,0.032086679
1773395992.922380209,30.800000000,-2.010850636,-0.990435580,1.655541869,-0.679943817,1.064522082,2.559575968,0.003612166,-0.014310945,0.018532288,-0.004956085,0.004903092,0.032083452
1773395993.022380352,30.900000000,-2.010488523,-0.991866413,1.657392210,-0.680436285,1.065013492,2.562783990,0.003621133,-0.014308322,0.018503415,-0.004924678,0.004914100,0.032080227
1773395993.122380257,31.000000000,-2.010125510,-0.993296987,1.659239669,-0.680925611,1.065506004,2.565991691,0.003630124,-0.014305746,0.018474586,-0.004893266,0.004925119,0.032077003
1773395993.222380161,31.100000000,-2.009761596,-0.994727309,1.661084249,-0.681411796,1.065999619,2.569199069,0.003639141,-0.014303218,0.018445803,-0.004861847,0.004936150,0.032073781
1773395993.322380304,31.200000000,-2.009396778,-0.996157383,1.662925956,-0.681894838,1.066494338,2.572406125,0.003648182,-0.014300737,0.018417064,-0.004830422,0.004947192,0.032070561
1773395993.422380209,31.300000000,-2.009031053,-0.997587213,1.664764793,-0.682374737,1.066990162,2.575612859,0.003657248,-0.014298304,0.018388369,-0.004798991,0.004958245,0.032067343
1773395993.522380352,31.400000000,-2.008664419,-0.999016805,1.666600764,-0.682851492,1.067487093,2.578819272,0.003666340,-0.014295917,0.018359718,-0.004767553,0.004969310,0.032064126
1773395993.622380257,31.500000000,-2.008296873,-1.000446163,1.668433875,-0.683325103,1.067985132,2.582025363,0.003675457,-0.014293577,0.018331109,-0.004736109,0.004980387,0.032060912
1773395993.722380161,31.600000000,-2.007928414,-1.001875291,1.670264130,-0.683795569,1.068484280,2.585231133,0.003684599,-0.014291283,0.018302543,-0.004704657,0.004991475,0.032057700
1773395993.822380304,31.700000000,-2.007559037,-1.003304194,1.672091531,-0.684262889,1.068984537,2.588436582,0.003693767,-0.014289035,0.018274019,-0.004673198,0.005002575,0.032054490
1773395993.922380209,31.800000000,-2.007188741,-1.004732878,1.673916085,-0.684727062,1.069485906,2.591641710,0.003702960,-0.014286833,0.018245536,-0.004641732,0.005013687,0.032051282
1773395994.022380352,31.900000000,-2.006817523,-1.006161345,1.675737795,-0.685188088,1.069988387,2.594846518,0.003712179,-0.014284677,0.018217095,-0.004610259,0.005024811,0.032048077
1773395994.122380257,32.000000000,-2.006445381,-1.007589602,1.677556664,-0.685645966,1.070491982,2.598051005,0.003721423,-0.014282566,0.018188694,-0.004578778,0.005035947,0.032044873
1773395994.222380161,32.100000000,-2.006072311,-1.009017652,1.679372697,-0.686100695,1.070996691,2.601255172,0.003730694,-0.014280500,0.018160332,-0.004547289,0.005047095,0.032041672
1773395994.322380304,32.200000000,-2.005698312,-1.010445500,1.681185898,-0.686552274,1.071502517,2.604459020,0.003739990,-0.014278479,0.018132011,-0.004515791,0.005058256,0.032038474
1773395994.422380209,32.300000000,-2.005323381,-1.011873150,1.682996271,-0.687000702,1.072009460,2.607662548,0.003749313,-0.014276503,0.018103729,-0.004484286,0.005069428,0.032035278
1773395994.522380352,32.400000000,-2.004947515,-1.013300607,1.684803820,-0.687445980,1.072517521,2.610865756,0.003758661,-0.014274572,0.018075485,-0.004452772,0.005080613,0.032032084
1773395994.622380257,32.500000000,-2.004570711,-1.014727876,1.686608548,-0.687888105,1.073026702,2.614068645,0.003768036,-0.014272684,0.018047279,-0.004421250,0.005091811,0.032028893
1773395994.722380161,32.600000000,-2.004192968,-1.016154960,1.688410459,-0.688327077,1.073537004,2.617271216,0.003777437,-0.014270841,0.018019111,-0.004389719,0.005103021,0.032025705
1773395994.822380304,32.700000000,-2.003814281,-1.017581864,1.690209557,-0.688762894,1.074048429,2.620473468,0.003786865,-0.014269041,0.017990981,-0.004358179,0.005114243,0.032022520
1773395994.922380209,32.800000000,-2.003434649,-1.019008592,1.692005845,-0.689195558,1.074560976,2.623675402,0.003796319,-0.014267285,0.017962887,-0.004326630,0.005125478,0.032019337
1773395995.022380352,32.900000000,-2.003054069,-1.020435150,1.693799328,-0.689625065,1.075074649,2.626877017,0.003805799,-0.014265573,0.017934829,-0.004295072,0.005136726,0.032016157
1773395995.122380257,33.000000000,-2.002672539,-1.021861540,1.695590009,-0.690051415,1.075589448,2.630078315,0.003815307,-0.014263903,0.017906807,-0.004263505,0.005147987,0.032012980
1773395995.222380161,33.100000000,-2.002290055,-1.023287768,1.697377891,-0.690474608,1.076105374,2.633279296,0.003824841,-0.014262277,0.017878821,-0.004231928,0.005159261,0.032009806
1773395995.322380304,33.200000000,-2.001906614,-1.024713837,1.699162978,-0.690894642,1.076622429,2.636479960,0.003834402,-0.014260693,0.017850870,-0.004200341,0.005170548,0.032006635
1773395995.422380209,33.300000000,-2.001522215,-1.026139752,1.700945273,-0.691311516,1.077140613,2.639680306,0.003843990,-0.014259151,0.017822953,-0.004168744,0.005181848,0.032003467
1773395995.522380352,33.400000000,-2.001136855,-1.027565517,1.702724780,-0.691725230,1.077659930,2.642880337,0.003853605,-0.014257652,0.017795070,-0.004137138,0.005193161,0.032000303
1773395995.622380257,33.500000000,-2.000750530,-1.028991137,1.704501502,-0.692135782,1.078180378,2.646080051,0.003863248,-0.014256195,0.017767221,-0.004105521,0.005204488,0.031997141
1773395995.722380161,33.600000000,-2.000363238,-1.030416615,1.706275443,-0.692543172,1.078701961,2.649279449,0.003872917,-0.014254779,0.017739405,-0.004073894,0.005215828,0.031993983
1773395995.822380304,33.700000000,-1.999974977,-1.031841955,1.708046605,-0.692947397,1.079224679,2.652478532,0.003882614,-0.014253405,0.017711622,-0.004042256,0.005227181,0.031990828
1773395995.922380209,33.800000000,-1.999585743,-1.033267162,1.709814992,-0.693348458,1.079748534,2.655677299,0.003892339,-0.014252072,0.017683871,-0.004010608,0.005238549,0.031987676
1773395996.022380352,33.900000000,-1.999195534,-1.034692240,1.711580607,-0.693746353,1.080273527,2.658875752,0.003902091,-0.014250780,0.017656152,-0.003978949,0.005249929,0.031984528
1773395996.122380257,34.000000000,-1.998804347,-1.036117193,1.713343454,-0.694141081,1.080799659,2.662073890,0.003911871,-0.014249530,0.017628465,-0.003947280,0.005261324,0.031981383
1773395996.222380161,34.100000000,-1.998412179,-1.037542025,1.715103535,-0.694532641,1.081326933,2.665271714,0.003921679,-0.014248320,0.017600808,-0.003915599,0.005272732,0.031978242
1773395996.322380304,34.200000000,-1.998019027,-1.038966740,1.716860853,-0.694921032,1.081855348,2.668469225,0.003931515,-0.014247150,0.017573182,-0.003883907,0.005284155,0.031975104
1773395996.422380209,34.300000000,-1.997624889,-1.040391342,1.718615412,-0.695306252,1.082384907,2.671666422,0.003941378,-0.014246020,0.017545587,-0.003852204,0.005295591,0.031971970
1773395996.522380352,34.400000000,-1.997229762,-1.041815835,1.720367214,-0.695688301,1.082915611,2.674863306,0.003951270,-0.014244931,0.017518021,-0.003820489,0.005307042,0.031968840
1773395996.622380257,34.500000000,-1.996833643,-1.043240224,1.722116262,-0.696067177,1.083447462,2.678059877,0.003961190,-0.014243881,0.017490485,-0.003788763,0.005318507,0.031965713
1773395996.722380161,34.600000000,-1.996436530,-1.044664511,1.723862560,-0.696442880,1.083980461,2.681256136,0.003971138,-0.014242871,0.017462977,-0.003757026,0.005329986,0.031962590
1773395996.822380304,34.700000000,-1.996038418,-1.046088701,1.725606110,-0.696815407,1.084514609,2.684452083,0.003981115,-0.014241900,0.017435499,-0.003725276,0.005341479,0.031959472
1773395996.922380209,34.800000000,-1.995639306,-1.047512798,1.727346915,-0.697184759,1.085049907,2.687647719,0.003991121,-0.014240968,0.017408048,-0.003693514,0.005352988,0.031956357
1773395997.022380352,34.900000000,-1.995239191,-1.048936805,1.729084977,-0.697550933,1.085586358,2.690843044,0.004001155,-0.014240076,0.017380625,-0.003661741,0.005364510,0.031953246
1773395997.122380257,35.000000000,-1.994838069,-1.050360727,1.730820300,-0.697913928,1.086123963,2.694038057,0.004011217,-0.014239221,0.017353229,-0.003629955,0.005376048,0.031950139
1773395997.222380161,35.100000000,-1.994435938,-1.051784568,1.732552886,-0.698273744,1.086662723,2.697232761,0.004021309,-0.014238406,0.017325861,-0.003598157,0.005387600,0.031947036
1773395997.322380304,35.200000000,-1.994032795,-1.053208331,1.734282738,-0.698630379,1.087202640,2.700427155,0.004031430,-0.014237628,0.017298518,-0.003566347,0.005399168,0.031943938
1773395997.422380209,35.300000000,-1.993628637,-1.054632020,1.736009858,-0.698983831,1.087743715,2.703621239,0.004041579,-0.014236889,0.017271202,-0.003534524,0.005410750,0.031940843
1773395997.522380352,35.400000000,-1.993223461,-1.056055638,1.737734249,-0.699334100,1.088285950,2.706815015,0.004051758,-0.014236187,0.017243912,-0.003502688,0.005422347,0.031937753
1773395997.622380257,35.500000000,-1.992817265,-1.057479191,1.739455914,-0.699681184,1.088829346,2.710008481,0.004061966,-0.014235523,0.017216647,-0.003470840,0.005433960,0.031934668
1773395997.722380161,35.600000000,-1.992410044,-1.058902680,1.741174855,-0.700025082,1.089373905,2.713201640,0.004072204,-0.014234897,0.017189407,-0.003438978,0.005445588,0.031931587
1773395997.822380304,35.700000000,-1.992001797,-1.060326111,1.742891074,-0.700365792,1.089919628,2.716394491,0.004082471,-0.014234307,0.017162191,-0.003407104,0.005457232,0.031928510
1773395997.922380209,35.800000000,-1.991592520,-1.061749486,1.744604574,-0.700703314,1.090466517,2.719587035,0.004092768,-0.014233754,0.017135000,-0.003375217,0.005468891,0.031925437
1773395998.022380352,35.900000000,-1.991182211,-1.063172810,1.746315357,-0.701037646,1.091014573,2.722779272,0.004103094,-0.014233239,0.017107833,-0.003343316,0.005480565,0.031922370
1773395998.122380257,36.000000000,-1.990770866,-1.064596086,1.748023426,-0.701368786,1.091563799,2.725971202,0.004113450,-0.014232759,0.017080689,-0.003311402,0.005492256,0.031919306
1773395998.222380161,36.100000000,-1.990358482,-1.066019318,1.749728783,-0.701696733,1.092114195,2.729162827,0.004123837,-0.014232316,0.017053567,-0.003279475,0.005503962,0.031916248
1773395998.322380304,36.200000000,-1.989945057,-1.067442509,1.751431430,-0.702021487,1.092665763,2.732354147,0.004134253,-0.014231909,0.017026469,-0.003247534,0.005515684,0.031913194
1773395998.422380209,36.300000000,-1.989530587,-1.068865663,1.753131369,-0.702343045,1.093218506,2.735545161,0.004144699,-0.014231538,0.016999393,-0.003215580,0.005527423,0.031910145
1773395998.522380352,36.400000000,-1.989115070,-1.070288783,1.754828603,-0.702661406,1.093772423,2.738735871,0.004155176,-0.014231203,0.016972338,-0.003183612,0.005539177,0.031907101
1773395998.622380257,36.500000000,-1.988698501,-1.071711873,1.756523133,-0.702976569,1.094327518,2.741926277,0.004165683,-0.014230903,0.016945306,-0.003151630,0.005550948,0.031904062
1773395998.722380161,36.600000000,-1.988280879,-1.073134937,1.758214963,-0.703288532,1.094883792,2.745116380,0.004176221,-0.014230638,0.016918294,-0.003119635,0.005562735,0.031901028
1773395998.822380304,36.700000000,-1.987862200,-1.074557978,1.759904093,-0.703597295,1.095441246,2.748306180,0.004186790,-0.014230408,0.016891303,-0.003087625,0.005574539,0.031897999
1773395998.922380209,36.800000000,-1.987442461,-1.075980999,1.761590526,-0.703902855,1.095999881,2.751495678,0.004197389,-0.014230213,0.016864333,-0.003055601,0.005586359,0.031894975
1773395999.022380352,36.900000000,-1.987021659,-1.077404004,1.763274264,-0.704205211,1.096559701,2.754684873,0.004208019,-0.014230053,0.016837382,-0.003023563,0.005598196,0.031891956
1773395999.122380257,37.000000000,-1.986599791,-1.078826997,1.764955310,-0.704504362,1.097120706,2.757873767,0.004218680,-0.014229927,0.016810451,-0.002991511,0.005610050,0.031888942
1773395999.222380161,37.100000000,-1.986176854,-1.080249981,1.766633664,-0.704800307,1.097682898,2.761062361,0.004229372,-0.014229835,0.016783540,-0.002959445,0.005621921,0.031885934
1773395999.322380304,37.200000000,-1.985752845,-1.081672958,1.768309328,-0.705093043,1.098246279,2.764250654,0.004240095,-0.014229777,0.016756647,-0.002927364,0.005633808,0.031882930
1773395999.422380209,37.300000000,-1.985327760,-1.083095933,1.769982306,-0.705382570,1.098810850,2.767438647,0.004250850,-0.014229752,0.016729773,-0.002895268,0.005645713,0.031879932
1773395999.522380352,37.400000000,-1.984901596,-1.084518910,1.771652597,-0.705668886,1.099376614,2.770626341,0.004261636,-0.014229762,0.016702918,-0.002863158,0.005657636,0.031876940
1773395999.622380257,37.500000000,-1.984474351,-1.085941890,1.773320205,-0.705951989,1.099943571,2.773813736,0.004272454,-0.014229804,0.016676080,-0.002831034,0.005669575,0.031873953
1773395999.722380161,37.600000000,-1.984046020,-1.087364878,1.774985131,-0.706231879,1.100511725,2.777000834,0.004283303,-0.014229880,0.016649259,-0.002798894,0.005681533,0.031870972
1773395999.822380304,37.700000000,-1.983616602,-1.088787877,1.776647377,-0.706508553,1.101081075,2.780187633,0.004294185,-0.014229988,0.016622456,-0.002766740,0.005693507,0.031867996
1773395999.922380209,37.800000000,-1.983186092,-1.090210890,1.778306944,-0.706782010,1.101651625,2.783374136,0.004305098,-0.014230129,0.016595670,-0.002734571,0.005705500,0.031865025
1773396000.022380352,37.900000000,-1.982754488,-1.091633920,1.779963834,-0.707052249,1.102223376,2.786560342,0.004316043,-0.014230302,0.016568900,-0.002702387,0.005717510,0.031862061
1773396000.122380257,38.000000000,-1.982321786,-1.093056971,1.781618048,-0.707319267,1.102796330,2.789746252,0.004327020,-0.014230508,0.016542146,-0.002670188,0.005729539,0.031859102
1773396000.222380161,38.100000000,-1.981887983,-1.094480045,1.783269589,-0.707583065,1.103370489,2.792931867,0.004338030,-0.014230745,0.016515408,-0.002637974,0.005741585,0.031856149
1773396000.322380304,38.200000000,-1.981453076,-1.095903147,1.784918458,-0.707843639,1.103945854,2.796117187,0.004349072,-0.014231015,0.016488685,-0.002605745,0.005753650,0.031853202
1773396000.422380209,38.300000000,-1.981017061,-1.097326278,1.786564656,-0.708100989,1.104522427,2.799302213,0.004360147,-0.014231315,0.016461978,-0.002573501,0.005765733,0.031850260
1773396000.522380352,38.400000000,-1.980579935,-1.098749443,1.788208184,-0.708355113,1.105100211,2.802486945,0.004371254,-0.014231647,0.016435285,-0.002541241,0.005777835,0.031847325
1773396000.622380257,38.500000000,-1.980141696,-1.100172644,1.789849045,-0.708606010,1.105679206,2.805671385,0.004382395,-0.014232011,0.016408607,-0.002508966,0.005789955,0.031844396
1773396000.722380161,38.600000000,-1.979702339,-1.101595884,1.791487239,-0.708853678,1.106259415,2.808855532,0.004393568,-0.014232405,0.016381942,-0.002476676,0.005802093,0.031841473
1773396000.822380304,38.700000000,-1.979261862,-1.103019167,1.793122768,-0.709098115,1.106840841,2.812039388,0.004404774,-0.014232829,0.016355292,-0.002444370,0.005814251,0.031838556
1773396000.922380209,38.800000000,-1.978820260,-1.104442496,1.794755634,-0.709339320,1.107423483,2.815222952,0.004416013,-0.014233285,0.016328654,-0.002412049,0.005826427,0.031835645
1773396001.022380352,38.900000000,-1.978377532,-1.105865873,1.796385837,-0.709577291,1.108007346,2.818406226,0.004427286,-0.014233770,0.016302030,-0.002379712,0.005838623,0.031832740
1773396001.122380257,39.000000000,-1.977933673,-1.107289301,1.798013378,-0.709812027,1.108592429,2.821589210,0.004438592,-0.014234285,0.016275419,-0.002347359,0.005850838,0.031829842
1773396001.222380161,39.100000000,-1.977488680,-1.108712784,1.799638260,-0.710043526,1.109178737,2.824771905,0.004449931,-0.014234831,0.016248820,-0.002314991,0.005863072,0.031826949
1773396001.322380304,39.200000000,-1.977042549,-1.110136325,1.801260484,-0.710271786,1.109766269,2.827954312,0.004461305,-0.014235405,0.016222233,-0.002282607,0.005875325,0.031824064
1773396001.422380209,39.300000000,-1.976595278,-1.111559926,1.802880049,-0.710496807,1.110355029,2.831136430,0.004472712,-0.014236009,0.016195657,-0.002250208,0.005887598,0.031821185
1773396001.522380352,39.400000000,-1.976146863,-1.112983590,1.804496959,-0.710718587,1.110945018,2.834318261,0.004484153,-0.014236642,0.016169093,-0.002217793,0.005899891,0.031818312
1773396001.622380257,39.500000000,-1.975697300,-1.114407321,1.806111213,-0.710937123,1.111536238,2.837499806,0.004495628,-0.014237304,0.016142541,-0.002185361,0.005912204,0.031815446
1773396001.722380161,39.600000000,-1.975246586,-1.115831120,1.807722813,-0.711152414,1.112128692,2.840681065,0.004507137,-0.014237995,0.016115999,-0.002152914,0.005924536,0.031812586
1773396001.822380304,39.700000000,-1.974794718,-1.117254992,1.809331759,-0.711364459,1.112722381,2.843862038,0.004518681,-0.014238714,0.016089467,-0.002120451,0.005936889,0.031809733
1773396001.922380209,39.800000000,-1.974341692,-1.118678938,1.810938054,-0.711573256,1.113317307,2.847042727,0.004530259,-0.014239462,0.016062946,-0.002087973,0.005949262,0.031806887
1773396002.022380352,39.900000000,-1.973887505,-1.120102961,1.812541697,-0.711778804,1.113913473,2.850223132,0.004541871,-0.014240237,0.016036434,-0.002055478,0.005961655,0.031804048
1773396002.122380257,40.000000000,-1.973432153,-1.121527065,1.814142691,-0.711981101,1.114510879,2.853403253,0.004553519,-0.014241040,0.016009932,-0.002022967,0.005974068,0.031801215
1773396002.222380161,40.100000000,-1.972975633,-1.122951252,1.815741034,-0.712180145,1.115109530,2.856583092,0.004565201,-0.014241871,0.015983439,-0.001990440,0.005986502,0.031798390
1773396002.322380304,40.200000000,-1.972517941,-1.124375525,1.817336730,-0.712375935,1.115709425,2.859762649,0.004576918,-0.014242729,0.015956954,-0.001957897,0.005998957,0.031795571
1773396002.422380209,40.300000000,-1.972059074,-1.125799887,1.818929778,-0.712568468,1.116310569,2.862941925,0.004588670,-0.014243614,0.015930479,-0.001925338,0.006011433,0.031792759
1773396002.522380352,40.400000000,-1.971599028,-1.127224339,1.820520179,-0.712757745,1.116912962,2.866120921,0.004600458,-0.014244526,0.015904011,-0.001892763,0.006023930,0.031789955
1773396002.622380257,40.500000000,-1.971137800,-1.128648886,1.822107934,-0.712943762,1.117516606,2.869299636,0.004612281,-0.014245464,0.015877552,-0.001860171,0.006036448,0.031787157
1773396002.722380161,40.600000000,-1.970675386,-1.130073529,1.823693044,-0.713126518,1.118121505,2.872478073,0.004624139,-0.014246429,0.015851100,-0.001827564,0.006048987,0.031784367
1773396002.822380304,40.700000000,-1.970211783,-1.131498271,1.825275510,-0.713306012,1.118727660,2.875656231,0.004636033,-0.014247420,0.015824655,-0.001794940,0.006061547,0.031781583
1773396002.922380209,40.800000000,-1.969746987,-1.132923114,1.826855331,-0.713482242,1.119335073,2.878834112,0.004647963,-0.014248437,0.015798218,-0.001762300,0.006074129,0.031778807
1773396003.022380352,40.900000000,-1.969280994,-1.134348062,1.828432510,-0.713655207,1.119943746,2.882011716,0.004659929,-0.014249480,0.015771787,-0.001729644,0.006086733,0.031776039
1773396003.122380257,41.000000000,-1.968813801,-1.135773117,1.830007046,-0.713824904,1.120553682,2.885189044,0.004671931,-0.014250548,0.015745362,-0.001696972,0.006099358,0.031773277
1773396003.222380161,41.100000000,-1.968345404,-1.137198281,1.831578941,-0.713991332,1.121164882,2.888366096,0.004683969,-0.014251642,0.015718943,-0.001664283,0.006112006,0.031770524
1773396003.322380304,41.200000000,-1.967875800,-1.138623558,1.833148194,-0.714154490,1.121777350,2.891542874,0.004696044,-0.014252761,0.015692531,-0.001631578,0.006124675,0.031767777
1773396003.422380209,41.300000000,-1.967404984,-1.140048948,1.834714806,-0.714314376,1.122391087,2.894719378,0.004708155,-0.014253904,0.015666123,-0.001598857,0.006137367,0.031765038
1773396003.522380352,41.400000000,-1.966932954,-1.141474455,1.836278778,-0.714470988,1.123006095,2.897895608,0.004720302,-0.014255072,0.015639721,-0.001566119,0.006150081,0.031762307
1773396003.622380257,41.500000000,-1.966459705,-1.142900081,1.837840110,-0.714624324,1.123622377,2.901071567,0.004732487,-0.014256264,0.015613324,-0.001533366,0.006162818,0.031759583
1773396003.722380161,41.600000000,-1.965985234,-1.144325829,1.839398804,-0.714774384,1.124239934,2.904247253,0.004744708,-0.014257480,0.015586931,-0.001500596,0.006175577,0.031756867
1773396003.822380304,41.700000000,-1.965509538,-1.145751702,1.840954858,-0.714921165,1.124858770,2.907422669,0.004756966,-0.014258720,0.015560543,-0.001467809,0.006188359,0.031754159
1773396003.922380209,41.800000000,-1.965032612,-1.147177700,1.842508274,-0.715064665,1.125478887,2.910597815,0.004769262,-0.014259984,0.015534159,-0.001435007,0.006201164,0.031751458
1773396004.022380352,41.900000000,-1.964554452,-1.148603827,1.844059052,-0.715204884,1.126100286,2.913772692,0.004781594,-0.014261271,0.015507778,-0.001402188,0.006213992,0.031748766
1773396004.122380257,42.000000000,-1.964075056,-1.150030085,1.845607192,-0.715341819,1.126722970,2.916947300,0.004793965,-0.014262581,0.015481400,-0.001369352,0.006226843,0.031746081
1773396004.222380161,42.100000000,-1.963594418,-1.151456477,1.847152694,-0.715475469,1.127346942,2.920121640,0.004806373,-0.014263914,0.015455026,-0.001336501,0.006239718,0.031743404
1773396004.322380304,42.200000000,-1.963112537,-1.152883004,1.848695560,-0.715605833,1.127972204,2.923295714,0.004818818,-0.014265270,0.015428655,-0.001303633,0.006252616,0.031740735
1773396004.422380209,42.300000000,-1.962629406,-1.154309668,1.850235788,-0.715732908,1.128598757,2.926469521,0.004831302,-0.014266648,0.015402286,-0.001270749,0.006265538,0.031738074
1773396004.522380352,42.400000000,-1.962145024,-1.155736473,1.851773380,-0.715856692,1.129226606,2.929643063,0.004843824,-0.014268048,0.015375919,-0.001237849,0.006278484,0.031735421
1773396004.622380257,42.500000000,-1.961659386,-1.157163420,1.853308336,-0.715977186,1.129855751,2.932816341,0.004856384,-0.014269471,0.015349555,-0.001204932,0.006291453,0.031732777
1773396004.722380161,42.600000000,-1.961172487,-1.158590512,1.854840655,-0.716094386,1.130486196,2.935989355,0.004868982,-0.014270914,0.015323191,-0.001171999,0.006304447,0.031730140
1773396004.822380304,42.700000000,-1.960684326,-1.160017750,1.856370338,-0.716208291,1.131117942,2.939162106,0.004881619,-0.014272380,0.015296830,-0.001139050,0.006317465,0.031727512
1773396004.922380209,42.800000000,-1.960194896,-1.161445136,1.857897385,-0.716318899,1.131750993,2.942334595,0.004894294,-0.014273866,0.015270469,-0.001106085,0.006330507,0.031724892
1773396005.022380352,42.900000000,-1.959704195,-1.162872674,1.859421796,-0.716426209,1.132385350,2.945506823,0.004907008,-0.014275374,0.015244110,-0.001073104,0.006343574,0.031722281
1773396005.122380257,43.000000000,-1.959212219,-1.164300364,1.860943571,-0.716530220,1.133021017,2.948678791,0.004919761,-0.014276902,0.015217750,-0.001040106,0.006356665,0.031719677
1773396005.222380161,43.100000000,-1.958718964,-1.165728209,1.862462710,-0.716630929,1.133657995,2.951850499,0.004932553,-0.014278450,0.015191391,-0.001007093,0.006369782,0.031717083
1773396005.322380304,43.200000000,-1.958224425,-1.167156211,1.863979213,-0.716728336,1.134296287,2.955021949,0.004945385,-0.014280019,0.015165032,-0.000974063,0.006382923,0.031714496
1773396005.422380209,43.300000000,-1.957728600,-1.168584372,1.865493080,-0.716822437,1.134935896,2.958193141,0.004958256,-0.014281608,0.015138673,-0.000941017,0.006396090,0.031711919
1773396005.522380352,43.400000000,-1.957231483,-1.170012693,1.867004312,-0.716913233,1.135576824,2.961364076,0.004971166,-0.014283216,0.015112313,-0.000907955,0.006409282,0.031709350
1773396005.622380257,43.500000000,-1.956733072,-1.171441178,1.868512907,-0.717000721,1.136219074,2.964534755,0.004984116,-0.014284844,0.015085953,-0.000874877,0.006422499,0.031706789
1773396005.722380161,43.600000000,-1.956233361,-1.172869827,1.870018866,-0.717084899,1.136862649,2.967705178,0.004997106,-0.014286491,0.015059591,-0.000841784,0.006435742,0.031704238
1773396005.822380304,43.700000000,-1.955732347,-1.174298642,1.871522189,-0.717165766,1.137507550,2.970875348,0.005010136,-0.014288157,0.015033228,-0.000808674,0.006449011,0.031701695
1773396005.922380209,43.800000000,-1.955230027,-1.175727626,1.873022875,-0.717243321,1.138153780,2.974045264,0.005023206,-0.014289841,0.015006863,-0.000775548,0.006462306,0.031699161
1773396006.022380352,43.900000000,-1.954726395,-1.177156781,1.874520925,-0.717317562,1.138801343,2.977214928,0.005036317,-0.014291544,0.014980496,-0.000742407,0.006475627,0.031696635
1773396006.122380257,44.000000000,-1.954221448,-1.178586107,1.876016337,-0.717388487,1.139450240,2.980384339,0.005049468,-0.014293265,0.014954127,-0.000709250,0.006488974,0.031694119
1773396006.222380161,44.100000000,-1.953715182,-1.180015608,1.877509113,-0.717456095,1.140100475,2.983553501,0.005062659,-0.014295004,0.014927755,-0.000676077,0.006502347,0.031691611
1773396006.322380304,44.200000000,-1.953207593,-1.181445284,1.878999251,-0.717520383,1.140752050,2.986722412,0.005075892,-0.014296761,0.014901381,-0.000642888,0.006515747,0.031689113
1773396006.422380209,44.300000000,-1.952698677,-1.182875137,1.880486751,-0.717581352,1.141404967,2.989891074,0.005089165,-0.014298535,0.014875004,-0.000609683,0.006529174,0.031686624
1773396006.522380352,44.400000000,-1.952188429,-1.184305170,1.881971614,-0.717638998,1.142059230,2.993059489,0.005102480,-0.014300326,0.014848623,-0.000576463,0.006542628,0.031684143
1773396006.622380257,44.500000000,-1.951676845,-1.185735383,1.883453838,-0.717693321,1.142714841,2.996227656,0.005115835,-0.014302134,0.014822239,-0.000543228,0.006556109,0.031681672
1773396006.722380161,44.600000000,-1.951163922,-1.187165779,1.884933423,-0.717744318,1.143371802,2.999395577,0.005129232,-0.014303959,0.014795851,-0.000509977,0.006569617,0.031679210
1773396006.822380304,44.700000000,-1.950649655,-1.188596359,1.886410369,-0.717791990,1.144030118,3.002563253,0.005142671,-0.014305799,0.014769459,-0.000476710,0.006583152,0.031676758
1773396006.922380209,44.800000000,-1.950134040,-1.190027125,1.887884675,-0.717836332,1.144689789,3.005730684,0.005156151,-0.014307656,0.014743063,-0.000443428,0.006596715,0.031674314
1773396007.022380352,44.900000000,-1.949617072,-1.191458078,1.889356341,-0.717877345,1.145350820,3.008897872,0.005169674,-0.014309529,0.014716662,-0.000410131,0.006610306,0.031671880
1773396007.122380257,45.000000000,-1.949098748,-1.192889219,1.890825367,-0.717915027,1.146013212,3.012064817,0.005183238,-0.014311417,0.014690256,-0.000376819,0.006623925,0.031669456
1773396007.222380161,45.100000000,-1.948579064,-1.194320551,1.892291751,-0.717949376,1.146676970,3.015231522,0.005196845,-0.014313320,0.014663845,-0.000343491,0.006637572,0.031667040
1773396007.322380304,45.200000000,-1.948058014,-1.195752075,1.893755494,-0.717980391,1.147342094,3.018397985,0.005210494,-0.014315238,0.014637429,-0.000310148,0.006651247,0.031664635
1773396007.422380209,45.300000000,-1.947535596,-1.197183792,1.895216595,-0.718008070,1.148008589,3.021564209,0.005224186,-0.014317171,0.014611007,-0.000276790,0.006664950,0.031662239
1773396007.522380352,45.400000000,-1.947011804,-1.198615704,1.896675053,-0.718032412,1.148676457,3.024730194,0.005237920,-0.014319119,0.014584579,-0.000243418,0.006678682,0.031659852
1773396007.622380257,45.500000000,-1.946486634,-1.200047812,1.898130867,-0.718053415,1.149345702,3.027895942,0.005251697,-0.014321080,0.014558146,-0.000210030,0.006692443,0.031657475
1773396007.722380161,45.600000000,-1.945960083,-1.201480118,1.899584038,-0.718071078,1.150016325,3.031061452,0.005265517,-0.014323056,0.014531705,-0.000176627,0.006706232,0.031655108
1773396007.822380304,45.700000000,-1.945432144,-1.202912622,1.901034564,-0.718085399,1.150688330,3.034226727,0.005279381,-0.014325044,0.014505258,-0.000143210,0.006720051,0.031652751
1773396007.922380209,45.800000000,-1.944902816,-1.204345327,1.902482444,-0.718096377,1.151361720,3.037391768,0.005293288,-0.014327047,0.014478805,-0.000109778,0.006733899,0.031650403
1773396008.022380352,45.900000000,-1.944372092,-1.205778233,1.903927679,-0.718104010,1.152036498,3.040556574,0.005307238,-0.014329062,0.014452344,-0.000076331,0.006747777,0.031648065
1773396008.122380257,46.000000000,-1.943839969,-1.207211342,1.905370266,-0.718108297,1.152712666,3.043721148,0.005321232,-0.014331090,0.014425875,-0.000042870,0.006761684,0.031645737
1773396008.222380161,46.100000000,-1.943306442,-1.208644655,1.906810206,-0.718109236,1.153390228,3.046885490,0.005335270,-0.014333130,0.014399399,-0.000009395,0.006775620,0.031643419
1773396008.322380304,46.200000000,-1.942771506,-1.210078173,1.908247498,-0.718106827,1.154069187,3.050049601,0.005349352,-0.014335182,0.014372915,0.000024095,0.006789587,0.031641111
1773396008.422380209,46.300000000,-1.942235159,-1.211511898,1.909682140,-0.718101067,1.154749545,3.053213482,0.005363479,-0.014337247,0.014346423,0.000057599,0.006803584,0.031638813
1773396008.522380352,46.400000000,-1.941697394,-1.212945830,1.911114132,-0.718091955,1.155431306,3.056377135,0.005377649,-0.014339323,0.014319923,0.000091117,0.006817611,0.031636526
1773396008.622380257,46.500000000,-1.941158207,-1.214379971,1.912543473,-0.718079490,1.156114473,3.059540560,0.005391865,-0.014341410,0.014293414,0.000124650,0.006831669,0.031634248
1773396008.722380161,46.600000000,-1.940617595,-1.215814322,1.913970163,-0.718063670,1.156799049,3.062703758,0.005406125,-0.014343508,0.014266896,0.000158196,0.006845757,0.031631980
1773396008.822380304,46.700000000,-1.940075552,-1.217248884,1.915394200,-0.718044495,1.157485037,3.065866730,0.005420430,-0.014345617,0.014240368,0.000191756,0.006859877,0.031629723
1773396008.922380209,46.800000000,-1.939532074,-1.218683657,1.916815583,-0.718021962,1.158172439,3.069029478,0.005434780,-0.014347736,0.014213832,0.000225330,0.006874027,0.031627476
1773396009.022380352,46.900000000,-1.938987156,-1.220118644,1.918234312,-0.717996070,1.158861260,3.072192002,0.005449175,-0.014349865,0.014187286,0.000258917,0.006888208,0.031625239
1773396009.122380257,47.000000000,-1.938440795,-1.221553844,1.919650385,-0.717966818,1.159551502,3.075354303,0.005463616,-0.014352004,0.014160730,0.000292518,0.006902421,0.031623013
1773396009.222380161,47.100000000,-1.937892984,-1.222989259,1.921063801,-0.717934205,1.160243169,3.078516383,0.005478102,-0.014354153,0.014134164,0.000326132,0.006916666,0.031620797
1773396009.322380304,47.200000000,-1.937343721,-1.224424890,1.922474560,-0.717898229,1.160936263,3.081678242,0.005492635,-0.014356310,0.014107588,0.000359760,0.006930942,0.031618592
1773396009.422380209,47.300000000,-1.936793000,-1.225860738,1.923882660,-0.717858889,1.161630788,3.084839881,0.005507213,-0.014358477,0.014081001,0.000393401,0.006945250,0.031616397
1773396009.522380352,47.400000000,-1.936240816,-1.227296803,1.925288100,-0.717816184,1.162326747,3.088001303,0.005521837,-0.014360652,0.014054403,0.000427055,0.006959590,0.031614212
1773396009.622380257,47.500000000,-1.935687165,-1.228733087,1.926690880,-0.717770111,1.163024143,3.091162506,0.005536508,-0.014362836,0.014027794,0.000460722,0.006973963,0.031612039
1773396009.722380161,47.600000000,-1.935132043,-1.230169590,1.928090997,-0.717720671,1.163722980,3.094323494,0.005551225,-0.014365027,0.014001175,0.000494401,0.006988368,0.031609875
1773396009.822380304,47.700000000,-1.934575444,-1.231606312,1.929488451,-0.717667862,1.164423261,3.097484266,0.005565989,-0.014367226,0.013974543,0.000528094,0.007002806,0.031607723
1773396009.922380209,47.800000000,-1.934017364,-1.233043256,1.930883241,-0.717611682,1.165124988,3.100644824,0.005580799,-0.014369433,0.013947900,0.000561798,0.007017277,0.031605581
1773396010.022380352,47.900000000,-1.933457798,-1.234480420,1.932275366,-0.717552130,1.165828166,3.103805169,0.005595657,-0.014371646,0.013921245,0.000595516,0.007031780,0.031603451
1773396010.122380257,48.000000000,-1.932896742,-1.235917807,1.933664824,-0.717489206,1.166532798,3.106965303,0.005610562,-0.014373866,0.013894577,0.000629245,0.007046317,0.031601331
1773396010.222380161,48.100000000,-1.932334190,-1.237355416,1.935051613,-0.717422907,1.167238887,3.110125225,0.005625515,-0.014376093,0.013867897,0.000662987,0.007060888,0.031599222
1773396010.322380304,48.200000000,-1.931770139,-1.238793249,1.936435734,-0.717353233,1.167946436,3.113284937,0.005640515,-0.014378326,0.013841205,0.000696741,0.007075492,0.031597123
1773396010.422380209,48.300000000,-1.931204583,-1.240231305,1.937817184,-0.717280182,1.168655449,3.116444441,0.005655563,-0.014380564,0.013814500,0.000730507,0.007090130,0.031595036
1773396010.522380352,48.400000000,-1.930637517,-1.241669586,1.939195962,-0.717203754,1.169365929,3.119603737,0.005670658,-0.014382808,0.013787781,0.000764284,0.007104802,0.031592960
1773396010.622380257,48.500000000,-1.930068937,-1.243108092,1.940572067,-0.717123947,1.170077880,3.122762826,0.005685802,-0.014385057,0.013761049,0.000798074,0.007119508,0.031590895
1773396010.722380161,48.600000000,-1.929498837,-1.244546823,1.941945497,-0.717040759,1.170791305,3.125921710,0.005700995,-0.014387311,0.013734304,0.000831874,0.007134249,0.031588841
1773396010.822380304,48.700000000,-1.928927214,-1.245985779,1.943316252,-0.716954191,1.171506207,3.129080390,0.005716235,-0.014389569,0.013707545,0.000865686,0.007149024,0.031586798
1773396010.922380209,48.800000000,-1.928354061,-1.247424963,1.944684329,-0.716864240,1.172222591,3.132238867,0.005731525,-0.014391831,0.013680771,0.000899509,0.007163834,0.031584767
1773396011.022380352,48.900000000,-1.927779375,-1.248864372,1.946049727,-0.716770905,1.172940459,3.135397141,0.005746863,-0.014394097,0.013653984,0.000933343,0.007178679,0.031582747
1773396011.122380257,49.000000000,-1.927203150,-1.250304009,1.947412445,-0.716674186,1.173659815,3.138555215,0.005762251,-0.014396367,0.013627182,0.000967188,0.007193559,0.031580738
1773396011.222380161,49.100000000,-1.926625381,-1.251743873,1.948772482,-0.716574082,1.174380662,3.141713089,0.005777688,-0.014398639,0.013600365,0.001001044,0.007208475,0.031578740
1773396011.322380304,49.200000000,-1.926046064,-1.253183964,1.950129835,-0.716470591,1.175103005,3.144870765,0.005793174,-0.014400915,0.013573534,0.001034910,0.007223426,0.031576754
1773396011.422380209,49.300000000,-1.925465193,-1.254624284,1.951484504,-0.716363712,1.175826846,3.148028243,0.005808710,-0.014403193,0.013546687,0.001068787,0.007238413,0.031574779
1773396011.522380352,49.400000000,-1.924882763,-1.256064831,1.952836487,-0.716253445,1.176552190,3.151185524,0.005824296,-0.014405473,0.013519825,0.001102673,0.007253436,0.031572816
1773396011.622380257,49.500000000,-1.924298770,-1.257505606,1.954185781,-0.716139788,1.177279039,3.154342611,0.005839932,-0.014407755,0.013492948,0.001136570,0.007268496,0.031570864
1773396011.722380161,49.600000000,-1.923713208,-1.258946610,1.955532387,-0.716022740,1.178007398,3.157499503,0.005855618,-0.014410038,0.013466054,0.001170477,0.007283591,0.031568924
1773396011.822380304,49.700000000,-1.923126073,-1.260387843,1.956876301,-0.715902301,1.178737271,3.160656203,0.005871354,-0.014412322,0.013439145,0.001204393,0.007298724,0.031566996
1773396011.922380209,49.800000000,-1.922537359,-1.261829303,1.958217523,-0.715778469,1.179468660,3.163812710,0.005887141,-0.014414608,0.013412219,0.001238319,0.007313893,0.031565079
1773396012.022380352,49.900000000,-1.921947061,-1.263270993,1.959556051,-0.715651244,1.180201570,3.166969028,0.005902979,-0.014416893,0.013385278,0.001272254,0.007329099,0.031563174
1773396012.122380257,50.000000000,-1.921355174,-1.264712910,1.960891883,-0.715520624,1.180936004,3.170125156,0.005918868,-0.014419179,0.013358319,0.001306198,0.007344342,0.031561281
1773396012.222380161,50.100000000,-1.920761693,-1.266155057,1.962225017,-0.715386609,1.181671967,3.173281096,0.005934808,-0.014421464,0.013331343,0.001340151,0.007359623,0.031559399
1773396012.322380304,50.200000000,-1.920166613,-1.267597432,1.963555452,-0.715249198,1.182409461,3.176436849,0.005950800,-0.014423748,0.013304351,0.001374113,0.007374941,0.031557530
1773396012.422380209,50.300000000,-1.919569929,-1.269040035,1.964883186,-0.715108389,1.183148490,3.179592416,0.005966843,-0.014426032,0.013277341,0.001408084,0.007390298,0.031555672
1773396012.522380352,50.400000000,-1.918971635,-1.270482866,1.966208218,-0.714964183,1.183889060,3.182747799,0.005982938,-0.014428314,0.013250314,0.001442063,0.007405692,0.031553826
1773396012.622380257,50.500000000,-1.918371726,-1.271925926,1.967530545,-0.714816578,1.184631172,3.185902998,0.005999085,-0.014430594,0.013223269,0.001476050,0.007421125,0.031551993
1773396012.722380161,50.600000000,-1.917770198,-1.273369213,1.968850165,-0.714665573,1.185374832,3.189058015,0.006015284,-0.014432872,0.013196206,0.001510045,0.007436596,0.031550171
1773396012.822380304,50.700000000,-1.917167044,-1.274812728,1.970167078,-0.714511169,1.186120042,3.192212851,0.006031536,-0.014435148,0.013169125,0.001544048,0.007452106,0.031548361
1773396012.922380209,50.800000000,-1.916562260,-1.276256470,1.971481280,-0.714353363,1.186866808,3.195367508,0.006047840,-0.014437421,0.013142026,0.001578058,0.007467654,0.031546564
1773396013.022380352,50.900000000,-1.915955841,-1.277700439,1.972792771,-0.714192155,1.187615132,3.198521985,0.006064197,-0.014439691,0.013114908,0.001612076,0.007483242,0.031544779
1773396013.122380257,51.000000000,-1.915347780,-1.279144634,1.974101548,-0.714027545,1.188365019,3.201676286,0.006080607,-0.014441957,0.013087772,0.001646101,0.007498869,0.031543006
1773396013.222380161,51.100000000,-1.914738073,-1.280589056,1.975407610,-0.713859532,1.189116472,3.204830410,0.006097070,-0.014444219,0.013060616,0.001680133,0.007514536,0.031541245
1773396013.322380304,51.200000000,-1.914126714,-1.282033704,1.976710954,-0.713688115,1.189869497,3.207984360,0.006113587,-0.014446476,0.013033442,0.001714172,0.007530242,0.031539496
1773396013.422380209,51.300000000,-1.913513699,-1.283478577,1.978011579,-0.713513293,1.190624095,3.211138136,0.006130157,-0.014448729,0.013006248,0.001748217,0.007545988,0.031537760
1773396013.522380352,51.400000000,-1.912899021,-1.284923675,1.979309482,-0.713335066,1.191380273,3.214291740,0.006146781,-0.014450977,0.012979034,0.001782268,0.007561775,0.031536037
1773396013.622380257,51.500000000,-1.912282675,-1.286368997,1.980604662,-0.713153434,1.192138033,3.217445172,0.006163459,-0.014453220,0.012951801,0.001816326,0.007577602,0.031534325
1773396013.722380161,51.600000000,-1.911664656,-1.287814542,1.981897117,-0.712968395,1.192897380,3.220598435,0.006180191,-0.014455456,0.012924548,0.001850389,0.007593470,0.031532627
1773396013.822380304,51.700000000,-1.911044958,-1.289260311,1.983186845,-0.712779949,1.193658318,3.223751529,0.006196978,-0.014457687,0.012897275,0.001884458,0.007609378,0.031530940
1773396013.922380209,51.800000000,-1.910423576,-1.290706302,1.984473843,-0.712588096,1.194420851,3.226904456,0.006213820,-0.014459910,0.012869981,0.001918532,0.007625328,0.031529267
1773396014.022380352,51.900000000,-1.909800504,-1.292152515,1.985758109,-0.712392834,1.195184982,3.230057216,0.006230716,-0.014462127,0.012842667,0.001952612,0.007641318,0.031527606
1773396014.122380257,52.000000000,-1.909175738,-1.293598948,1.987039643,-0.712194165,1.195950718,3.233209812,0.006247667,-0.014464336,0.012815332,0.001986696,0.007657351,0.031525957
1773396014.222380161,52.100000000,-1.908549270,-1.295045602,1.988318440,-0.711992086,1.196718060,3.236362244,0.006264674,-0.014466537,0.012787977,0.002020785,0.007673425,0.031524322
1773396014.322380304,52.200000000,-1.907921097,-1.296492475,1.989594500,-0.711786598,1.197487014,3.239514514,0.006281736,-0.014468731,0.012760600,0.002054879,0.007689541,0.031522699
1773396014.422380209,52.300000000,-1.907291211,-1.297939566,1.990867821,-0.711577701,1.198257584,3.242666623,0.006298854,-0.014470915,0.012733202,0.002088976,0.007705699,0.031521089
1773396014.522380352,52.400000000,-1.906659608,-1.299386876,1.992138399,-0.711365393,1.199029774,3.245818572,0.006316028,-0.014473091,0.012705782,0.002123078,0.007721899,0.031519492
1773396014.622380257,52.500000000,-1.906026283,-1.300834401,1.993406233,-0.711149675,1.199803588,3.248970363,0.006333257,-0.014475257,0.012678341,0.002157183,0.007738142,0.031517907
1773396014.722380161,52.600000000,-1.905391228,-1.302282142,1.994671321,-0.710930546,1.200579031,3.252121996,0.006350544,-0.014477413,0.012650878,0.002191292,0.007754428,0.031516336
1773396014.822380304,52.700000000,-1.904754440,-1.303730098,1.995933660,-0.710708005,1.201356107,3.255273474,0.006367886,-0.014479559,0.012623393,0.002225403,0.007770758,0.031514778
1773396014.922380209,52.800000000,-1.904115911,-1.305178268,1.997193248,-0.710482053,1.202134820,3.258424797,0.006385286,-0.014481694,0.012595885,0.002259518,0.007787130,0.031513232
1773396015.022380352,52.900000000,-1.903475637,-1.306626650,1.998450084,-0.710252690,1.202915174,3.261575967,0.006402742,-0.014483819,0.012568356,0.002293635,0.007803546,0.031511700
1773396015.122380257,53.000000000,-1.902833611,-1.308075243,1.999704164,-0.710019915,1.203697175,3.264726986,0.006420256,-0.014485931,0.012540803,0.002327755,0.007820005,0.031510181
1773396015.222380161,53.100000000,-1.902189829,-1.309524046,2.000955487,-0.709783727,1.204480826,3.267877853,0.006437827,-0.014488032,0.012513228,0.002361876,0.007836509,0.031508675
1773396015.322380304,53.200000000,-1.901544283,-1.310973058,2.002204050,-0.709544127,1.205266131,3.271028571,0.006455456,-0.014490121,0.012485630,0.002396000,0.007853057,0.031507182
1773396015.422380209,53.300000000,-1.900896969,-1.312422278,2.003449851,-0.709301114,1.206053096,3.274179141,0.006473142,-0.014492197,0.012458008,0.002430125,0.007869649,0.031505702
1773396015.522380352,53.400000000,-1.900247880,-1.313871704,2.004692887,-0.709054689,1.206841725,3.277329565,0.006490887,-0.014494259,0.012430363,0.002464251,0.007886286,0.031504236
1773396015.622380257,53.500000000,-1.899597011,-1.315321335,2.005933157,-0.708804852,1.207632022,3.280479843,0.006508690,-0.014496308,0.012402695,0.002498378,0.007902968,0.031502783
1773396015.722380161,53.600000000,-1.898944356,-1.316771169,2.007170657,-0.708551601,1.208423991,3.283629978,0.006526552,-0.014498343,0.012375003,0.002532506,0.007919695,0.031501343
1773396015.822380304,53.700000000,-1.898289909,-1.318221205,2.008405386,-0.708294937,1.209217638,3.286779969,0.006544472,-0.014500364,0.012347287,0.002566634,0.007936468,0.031499917
1773396015.922380209,53.800000000,-1.897633664,-1.319671442,2.009637341,-0.708034861,1.210012967,3.289929820,0.006562451,-0.014502370,0.012319547,0.002600763,0.007953286,0.031498504
1773396016.022380352,53.900000000,-1.896975615,-1.321121878,2.010866519,-0.707771372,1.210809982,3.293079530,0.006580489,-0.014504360,0.012291783,0.002634891,0.007970150,0.031497105
1773396016.122380257,54.000000000,-1.896315756,-1.322572512,2.012092918,-0.707504470,1.211608688,3.296229102,0.006598587,-0.014506335,0.012263995,0.002669018,0.007987060,0.031495719
1773396016.222380161,54.100000000,-1.895654082,-1.324023341,2.013316536,-0.707234156,1.212409089,3.299378537,0.006616744,-0.014508293,0.012236181,0.002703145,0.008004016,0.031494347
1773396016.322380304,54.200000000,-1.894990585,-1.325474365,2.014537371,-0.706960429,1.213211191,3.302527836,0.006634961,-0.014510235,0.012208343,0.002737271,0.008021019,0.031492989
1773396016.422380209,54.300000000,-1.894325262,-1.326925580,2.015755419,-0.706683289,1.214014998,3.305677000,0.006653238,-0.014512160,0.012180480,0.002771395,0.008038069,0.031491644
1773396016.522380352,54.400000000,-1.893658104,-1.328376987,2.016970678,-0.706402737,1.214820515,3.308826032,0.006671576,-0.014514067,0.012152592,0.002805518,0.008055166,0.031490313
1773396016.622380257,54.500000000,-1.892989107,-1.329828583,2.018183146,-0.706118774,1.215627746,3.311974931,0.006689974,-0.014515956,0.012124679,0.002839638,0.008072310,0.031488995
1773396016.722380161,54.600000000,-1.892318263,-1.331280365,2.019392820,-0.705831398,1.216436696,3.315123700,0.006708433,-0.014517826,0.012096740,0.002873756,0.008089501,0.031487692
1773396016.822380304,54.700000000,-1.891645568,-1.332732333,2.020599698,-0.705540611,1.217247370,3.318272340,0.006726952,-0.014519678,0.012068776,0.002907872,0.008106741,0.031486402
1773396016.922380209,54.800000000,-1.890971015,-1.334184484,2.021803776,-0.705246412,1.218059773,3.321420853,0.006745533,-0.014521511,0.012040786,0.002941984,0.008124028,0.031485126
1773396017.022380352,54.900000000,-1.890294597,-1.335636817,2.023005053,-0.704948803,1.218873909,3.324569240,0.006764176,-0.014523323,0.012012769,0.002976093,0.008141364,0.031483865
1773396017.122380257,55.000000000,-1.889616309,-1.337089328,2.024203526,-0.704647783,1.219689784,3.327717501,0.006782880,-0.014525116,0.011984727,0.003010198,0.008158748,0.031482617
1773396017.222380161,55.100000000,-1.888936145,-1.338542017,2.025399192,-0.704343353,1.220507402,3.330865639,0.006801645,-0.014526887,0.011956659,0.003044300,0.008176181,0.031481383
1773396017.322380304,55.200000000,-1.888254097,-1.339994881,2.026592048,-0.704035514,1.221326768,3.334013656,0.006820473,-0.014528637,0.011928563,0.003078397,0.008193662,0.031480163
1773396017.422380209,55.300000000,-1.887570161,-1.341447917,2.027782092,-0.703724265,1.222147888,3.337161551,0.006839364,-0.014530366,0.011900442,0.003112489,0.008211193,0.031478957
1773396017.522380352,55.400000000,-1.886884329,-1.342901124,2.028969322,-0.703409607,1.222970765,3.340309328,0.006858317,-0.014532073,0.011872293,0.003146577,0.008228774,0.031477765
1773396017.622380257,55.500000000,-1.886196596,-1.344354500,2.030153733,-0.703091541,1.223795405,3.343456987,0.006877332,-0.014533756,0.011844118,0.003180658,0.008246404,0.031476588
1773396017.722380161,55.600000000,-1.885506955,-1.345808042,2.031335325,-0.702770068,1.224621814,3.346604529,0.006896411,-0.014535417,0.011815915,0.003214735,0.008264084,0.031475425
1773396017.822380304,55.700000000,-1.884815400,-1.347261747,2.032514093,-0.702445187,1.225449995,3.349751957,0.006915553,-0.014537054,0.011787686,0.003248805,0.008281815,0.031474276
1773396017.922380209,55.800000000,-1.884121924,-1.348715614,2.033690036,-0.702116900,1.226279955,3.352899271,0.006934759,-0.014538667,0.011759428,0.003282868,0.008299596,0.031473141
1773396018.022380352,55.900000000,-1.883426521,-1.350169640,2.034863151,-0.701785208,1.227111697,3.356046473,0.006954028,-0.014540256,0.011731144,0.003316925,0.008317427,0.031472021
1773396018.122380257,56.000000000,-1.882729185,-1.351623821,2.036033434,-0.701450110,1.227945228,3.359193565,0.006973361,-0.014541819,0.011702831,0.003350975,0.008335310,0.031470915
1773396018.222380161,56.100000000,-1.882029909,-1.353078157,2.037200883,-0.701111609,1.228780553,3.362340547,0.006992758,-0.014543357,0.011674491,0.003385017,0.008353243,0.031469824
1773396018.322380304,56.200000000,-1.881328687,-1.354532644,2.038365495,-0.700769704,1.229617676,3.365487422,0.007012220,-0.014544869,0.011646122,0.003419051,0.008371229,0.031468747
1773396018.422380209,56.300000000,-1.880625512,-1.355987279,2.039527268,-0.700424396,1.230456602,3.368634190,0.007031747,-0.014546354,0.011617726,0.003453077,0.008389266,0.031467684
1773396018.522380352,56.400000000,-1.879920379,-1.357442061,2.040686198,-0.700075686,1.231297338,3.371780854,0.007051338,-0.014547812,0.011589301,0.003487095,0.008407355,0.031466636
1773396018.622380257,56.500000000,-1.879213279,-1.358896985,2.041842282,-0.699723576,1.232139887,3.374927414,0.007070995,-0.014549243,0.011560847,0.003521103,0.008425496,0.031465603
1773396018.722380161,56.600000000,-1.878504207,-1.360352050,2.042995519,-0.699368066,1.232984256,3.378073872,0.007090717,-0.014550646,0.011532365,0.003555102,0.008443689,0.031464584
1773396018.822380304,56.700000000,-1.877793157,-1.361807252,2.044145904,-0.699009157,1.233830450,3.381220231,0.007110504,-0.014552020,0.011503854,0.003589091,0.008461936,0.031463580
1773396018.922380209,56.800000000,-1.877080121,-1.363262588,2.045293436,-0.698646850,1.234678473,3.384366490,0.007130358,-0.014553365,0.011475314,0.003623069,0.008480235,0.031462591
1773396019.022380352,56.900000000,-1.876365094,-1.364718056,2.046438110,-0.698281146,1.235528332,3.387512651,0.007150277,-0.014554681,0.011446745,0.003657038,0.008498588,0.031461617
1773396019.122380257,57.000000000,-1.875648067,-1.366173653,2.047579925,-0.697912047,1.236380031,3.390658717,0.007170263,-0.014555966,0.011418147,0.003690995,0.008516994,0.031460657
1773396019.222380161,57.100000000,-1.874929036,-1.367629375,2.048718877,-0.697539553,1.237233577,3.393804688,0.007190316,-0.014557221,0.011389519,0.003724941,0.008535454,0.031459712
1773396019.322380304,57.200000000,-1.874207992,-1.369085219,2.049854963,-0.697163665,1.238088973,3.396950566,0.007210435,-0.014558445,0.011360862,0.003758875,0.008553967,0.031458782
1773396019.422380209,57.300000000,-1.873484930,-1.370541183,2.050988180,-0.696784386,1.238946227,3.400096353,0.007230622,-0.014559637,0.011332175,0.003792796,0.008572536,0.031457867
1773396019.522380352,57.400000000,-1.872759842,-1.371997263,2.052118526,-0.696401715,1.239805343,3.403242050,0.007250875,-0.014560797,0.011303458,0.003826705,0.008591158,0.031456967
1773396019.622380257,57.500000000,-1.872032723,-1.373453455,2.053245997,-0.696015655,1.240666326,3.406387658,0.007271197,-0.014561924,0.011274712,0.003860602,0.008609836,0.031456082
1773396019.722380161,57.600000000,-1.871303564,-1.374909757,2.054370591,-0.695626206,1.241529183,3.409533179,0.007291586,-0.014563018,0.011245935,0.003894484,0.008628568,0.031455212
1773396019.822380304,57.700000000,-1.870572360,-1.376366165,2.055492304,-0.695233371,1.242393919,3.412678615,0.007312043,-0.014564079,0.011217128,0.003928353,0.008647356,0.031454358
1773396019.922380209,57.800000000,-1.869839103,-1.377822675,2.056611133,-0.694837150,1.243260539,3.415823967,0.007332568,-0.014565105,0.011188291,0.003962207,0.008666199,0.031453518
1773396020.022380352,57.900000000,-1.869103787,-1.379279285,2.057727075,-0.694437546,1.244129049,3.418969236,0.007353162,-0.014566096,0.011159423,0.003996047,0.008685099,0.031452693
1773396020.122380257,58.000000000,-1.868366404,-1.380735990,2.058840128,-0.694034559,1.244999454,3.422114425,0.007373825,-0.014567052,0.011130525,0.004029872,0.008704054,0.031451884
1773396020.222380161,58.100000000,-1.867626949,-1.382192787,2.059950287,-0.693628191,1.245871761,3.425259534,0.007394557,-0.014567972,0.011101596,0.004063680,0.008723066,0.031451090
1773396020.322380304,58.200000000,-1.866885413,-1.383649673,2.061057551,-0.693218443,1.246745974,3.428404565,0.007415358,-0.014568856,0.011072636,0.004097473,0.008742134,0.031450311
1773396020.422380209,58.300000000,-1.866141790,-1.385106643,2.062161915,-0.692805318,1.247622100,3.431549520,0.007436228,-0.014569702,0.011043645,0.004131250,0.008761259,0.031449548
1773396020.522380352,58.400000000,-1.865396073,-1.386563694,2.063263378,-0.692388817,1.248500144,3.434694400,0.007457168,-0.014570511,0.011014623,0.004165009,0.008780441,0.031448800
1773396020.622380257,58.500000000,-1.864648255,-1.388020822,2.064361935,-0.691968942,1.249380112,3.437839206,0.007478179,-0.014571282,0.010985569,0.004198751,0.008799681,0.031448068
1773396020.722380161,58.600000000,-1.863898330,-1.389478024,2.065457583,-0.691545695,1.250262010,3.440983942,0.007499259,-0.014572014,0.010956484,0.004232475,0.008818979,0.031447351
1773396020.822380304,58.700000000,-1.863146289,-1.390935295,2.066550320,-0.691119077,1.251145843,3.444128606,0.007520410,-0.014572708,0.010927368,0.004266181,0.008838334,0.031446649
1773396020.922380209,58.800000000,-1.862392125,-1.392392631,2.067640142,-0.690689090,1.252031618,3.447273203,0.007541632,-0.014573361,0.010898220,0.004299868,0.008857748,0.031445963
1773396021.022380352,58.900000000,-1.861635833,-1.393850028,2.068727046,-0.690255736,1.252919340,3.450417732,0.007562925,-0.014573974,0.010869040,0.004333536,0.008877220,0.031445292
1773396021.122380257,59.000000000,-1.860877404,-1.395307483,2.069811028,-0.689819018,1.253809015,3.453562196,0.007584289,-0.014574546,0.010839828,0.004367184,0.008896750,0.031444638
1773396021.222380161,59.100000000,-1.860116832,-1.396764990,2.070892087,-0.689378936,1.254700649,3.456706596,0.007605724,-0.014575077,0.010810584,0.004400812,0.008916340,0.031443999
1773396021.322380304,59.200000000,-1.859354108,-1.398222547,2.071970218,-0.688935494,1.255594248,3.459850933,0.007627232,-0.014575565,0.010781308,0.004434420,0.008935989,0.031443375
1773396021.422380209,59.300000000,-1.858589227,-1.399680148,2.073045418,-0.688488694,1.256489818,3.462995210,0.007648811,-0.014576011,0.010752000,0.004468006,0.008955698,0.031442768
1773396021.522380352,59.400000000,-1.857822181,-1.401137790,2.074117684,-0.688038537,1.257387365,3.466139427,0.007670462,-0.014576414,0.010722659,0.004501571,0.008975467,0.031442176
1773396021.622380257,59.500000000,-1.857052962,-1.402595467,2.075187012,-0.687585025,1.258286894,3.469283587,0.007692187,-0.014576773,0.010693286,0.004535113,0.008995295,0.031441600
1773396021.722380161,59.600000000,-1.856281564,-1.404053176,2.076253400,-0.687128162,1.259188412,3.472427691,0.007713983,-0.014577088,0.010663881,0.004568633,0.009015184,0.031441039
1773396021.822380304,59.700000000,-1.855507979,-1.405510911,2.077316845,-0.686667949,1.260091926,3.475571741,0.007735853,-0.014577358,0.010634442,0.004602130,0.009035134,0.031440495
1773396021.922380209,59.800000000,-1.854732199,-1.406968670,2.078377342,-0.686204389,1.260997440,3.478715738,0.007757796,-0.014577582,0.010604971,0.004635603,0.009055144,0.031439967
1773396022.022380352,59.900000000,-1.853954218,-1.408426446,2.079434888,-0.685737483,1.261904962,3.481859683,0.007779813,-0.014577760,0.010575467,0.004669053,0.009075216,0.031439455
1773396022.122380257,60.000000000,-1.853174028,-1.409884235,2.080489481,-0.685267236,1.262814497,3.485003579,0.007801903,-0.014577892,0.010545929,0.004702477,0.009095349,0.031438958
1773396022.222380161,60.100000000,-1.852391621,-1.411342032,2.081541117,-0.684793648,1.263726051,3.488147427,0.007824067,-0.014577976,0.010516359,0.004735877,0.009115543,0.031438478
1773396022.322380304,60.200000000,-1.851606990,-1.412799834,2.082589793,-0.684316723,1.264639631,3.491291228,0.007846306,-0.014578012,0.010486755,0.004769251,0.009135800,0.031438014
1773396022.422380209,60.300000000,-1.850820128,-1.414257634,2.083635504,-0.683836463,1.265555243,3.494434985,0.007868619,-0.014578000,0.010457118,0.004802599,0.009156119,0.031437566
1773396022.522380352,60.400000000,-1.850031028,-1.415715428,2.084678249,-0.683352871,1.266472893,3.497578698,0.007891007,-0.014577939,0.010427448,0.004835920,0.009176501,0.031437135
1773396022.622380257,60.500000000,-1.849239681,-1.417173210,2.085718024,-0.682865950,1.267392587,3.500722370,0.007913470,-0.014577828,0.010397743,0.004869214,0.009196945,0.031436719
1773396022.722380161,60.600000000,-1.848446080,-1.418630977,2.086754824,-0.682375702,1.268314333,3.503866002,0.007936008,-0.014577667,0.010368006,0.004902481,0.009217452,0.031436320
1773396022.822380304,60.700000000,-1.847650218,-1.420088723,2.087788648,-0.681882130,1.269238135,3.507009596,0.007958622,-0.014577455,0.010338234,0.004935719,0.009238023,0.031435937
1773396022.922380209,60.800000000,-1.846852087,-1.421546442,2.088819490,-0.681385237,1.270164001,3.510153153,0.007981311,-0.014577191,0.010308428,0.004968928,0.009258657,0.031435571
1773396023.022380352,60.900000000,-1.846051679,-1.423004129,2.089847349,-0.680885026,1.271091936,3.513296675,0.008004077,-0.014576876,0.010278589,0.005002109,0.009279356,0.031435221
1773396023.122380257,61.000000000,-1.845248987,-1.424461780,2.090872221,-0.680381500,1.272021948,3.516440164,0.008026919,-0.014576507,0.010248715,0.005035259,0.009300118,0.031434887
1773396023.222380161,61.100000000,-1.844444003,-1.425919389,2.091894102,-0.679874662,1.272954043,3.519583621,0.008049837,-0.014576085,0.010218808,0.005068379,0.009320945,0.031434570
1773396023.322380304,61.200000000,-1.843636720,-1.427376950,2.092912988,-0.679364515,1.273888226,3.522727048,0.008072832,-0.014575609,0.010188865,0.005101468,0.009341836,0.031434269
1773396023.422380209,61.300000000,-1.842827130,-1.428834457,2.093928877,-0.678851063,1.274824506,3.525870446,0.008095905,-0.014575079,0.010158889,0.005134526,0.009362793,0.031433985
1773396023.522380352,61.400000000,-1.842015224,-1.430291907,2.094941765,-0.678334307,1.275762887,3.529013818,0.008119054,-0.014574493,0.010128878,0.005167552,0.009383815,0.031433717
1773396023.622380257,61.500000000,-1.841200996,-1.431749292,2.095951648,-0.677814253,1.276703377,3.532157164,0.008142282,-0.014573852,0.010098833,0.005200545,0.009404902,0.031433467
1773396023.722380161,61.600000000,-1.840384437,-1.433206607,2.096958523,-0.677290902,1.277645983,3.535300488,0.008165587,-0.014573154,0.010068753,0.005233505,0.009426055,0.031433232
1773396023.822380304,61.700000000,-1.839565540,-1.434663847,2.097962387,-0.676764259,1.278590710,3.538443789,0.008188970,-0.014572399,0.010038638,0.005266431,0.009447274,0.031433015
1773396023.922380209,61.800000000,-1.838744297,-1.436121006,2.098963236,-0.676234327,1.279537566,3.541587071,0.008212431,-0.014571586,0.010008488,0.005299323,0.009468560,0.031432814
1773396024.022380352,61.900000000,-1.837920700,-1.437578077,2.099961066,-0.675701109,1.280486557,3.544730334,0.008235971,-0.014570714,0.009978304,0.005332181,0.009489912,0.031432630
1773396024.122380257,62.000000000,-1.837094741,-1.439035056,2.100955875,-0.675164609,1.281437691,3.547873580,0.008259590,-0.014569784,0.009948084,0.005365003,0.009511331,0.031432463
1773396024.222380161,62.100000000,-1.836266412,-1.440491935,2.101947658,-0.674624830,1.282390972,3.551016811,0.008283288,-0.014568794,0.009917830,0.005397789,0.009532818,0.031432313
1773396024.322380304,62.200000000,-1.835435706,-1.441948709,2.102936412,-0.674081776,1.283346409,3.554160029,0.008307066,-0.014567743,0.009887540,0.005430538,0.009554372,0.031432180
1773396024.422380209,62.300000000,-1.834602613,-1.443405372,2.103922133,-0.673535451,1.284304009,3.557303235,0.008330923,-0.014566632,0.009857215,0.005463250,0.009575993,0.031432063
1773396024.522380352,62.400000000,-1.833767127,-1.444861918,2.104904819,-0.672985858,1.285263777,3.560446432,0.008354860,-0.014565459,0.009826855,0.005495924,0.009597683,0.031431964
1773396024.622380257,62.500000000,-1.832929240,-1.446318341,2.105884465,-0.672433002,1.286225721,3.563589620,0.008378877,-0.014564223,0.009796460,0.005528561,0.009619441,0.031431882
1773396024.722380161,62.600000000,-1.832088942,-1.447774633,2.106861068,-0.671876887,1.287189848,3.566732802,0.008402974,-0.014562925,0.009766029,0.005561158,0.009641267,0.031431816
1773396024.822380304,62.700000000,-1.831246227,-1.449230789,2.107834624,-0.671317515,1.288156164,3.569875978,0.008427152,-0.014561563,0.009735562,0.005593715,0.009663162,0.031431768
1773396024.922380209,62.800000000,-1.830401086,-1.450686803,2.108805130,-0.670754892,1.289124677,3.573019152,0.008451411,-0.014560137,0.009705060,0.005626233,0.009685127,0.031431737
1773396025.022380352,62.900000000,-1.829553511,-1.452142668,2.109772582,-0.670189021,1.290095393,3.576162324,0.008475751,-0.014558646,0.009674523,0.005658710,0.009707161,0.031431723
1773396025.122380257,63.000000000,-1.828703494,-1.453598377,2.110736977,-0.669619906,1.291068319,3.579305497,0.008500173,-0.014557089,0.009643949,0.005691145,0.009729264,0.031431727
1773396025.222380161,63.100000000,-1.827851026,-1.455053923,2.111698311,-0.669047552,1.292043463,3.582448672,0.008524676,-0.014555466,0.009613340,0.005723539,0.009751437,0.031431748
1773396025.322380304,63.200000000,-1.826996100,-1.456509301,2.112656581,-0.668471963,1.293020831,3.585591850,0.008549261,-0.014553776,0.009582695,0.005755890,0.009773681,0.031431786
1773396025.422380209,63.300000000,-1.826138707,-1.457964503,2.113611782,-0.667893144,1.294000431,3.588735035,0.008573929,-0.014552018,0.009552014,0.005788198,0.009795995,0.031431841
1773396025.522380352,63.400000000,-1.825278839,-1.459419522,2.114563912,-0.667311097,1.294982269,3.591878226,0.008598678,-0.014550192,0.009521297,0.005820462,0.009818380,0.031431914
1773396025.622380257,63.500000000,-1.824416488,-1.460874352,2.115512966,-0.666725829,1.295966352,3.595021426,0.008623511,-0.014548298,0.009490544,0.005852681,0.009840836,0.031432004
1773396025.722380161,63.600000000,-1.823551646,-1.462328985,2.116458942,-0.666137344,1.296952688,3.598164638,0.008648426,-0.014546333,0.009459755,0.005884856,0.009863363,0.031432112
1773396025.822380304,63.700000000,-1.822684303,-1.463783415,2.117401835,-0.665545645,1.297941285,3.601307861,0.008673425,-0.014544298,0.009428929,0.005916984,0.009885962,0.031432237
1773396025.922380209,63.800000000,-1.821814452,-1.465237634,2.118341641,-0.664950739,1.298932148,3.604451099,0.008698507,-0.014542192,0.009398068,0.005949067,0.009908633,0.031432380
1773396026.022380352,63.900000000,-1.820942085,-1.466691635,2.119278358,-0.664352629,1.299925286,3.607594353,0.008723673,-0.014540015,0.009367170,0.005981102,0.009931376,0.031432540
1773396026.122380257,64.000000000,-1.820067193,-1.468145412,2.120211982,-0.663751320,1.300920705,3.610737625,0.008748922,-0.014537765,0.009336236,0.006013090,0.009954192,0.031432718
1773396026.222380161,64.100000000,-1.819189767,-1.469598956,2.121142509,-0.663146817,1.301918413,3.613880916,0.008774256,-0.014535442,0.009305266,0.006045029,0.009977080,0.031432913
1773396026.322380304,64.200000000,-1.818309800,-1.471052261,2.122069934,-0.662539125,1.302918417,3.617024229,0.008799675,-0.014533045,0.009274259,0.006076920,0.010000041,0.031433127
1773396026.422380209,64.300000000,-1.817427282,-1.472505318,2.122994256,-0.661928248,1.303920724,3.620167565,0.008825178,-0.014530574,0.009243215,0.006108761,0.010023075,0.031433358
1773396026.522380352,64.400000000,-1.816542205,-1.473958121,2.123915470,-0.661314193,1.304925343,3.623310925,0.008850766,-0.014528028,0.009212135,0.006140552,0.010046183,0.031433607
1773396026.622380257,64.500000000,-1.815654561,-1.475410661,2.124833571,-0.660696964,1.305932279,3.626454313,0.008876440,-0.014525406,0.009181019,0.006172292,0.010069364,0.031433873
1773396026.722380161,64.600000000,-1.814764341,-1.476862932,2.125748558,-0.660076566,1.306941541,3.629597728,0.008902198,-0.014522707,0.009149866,0.006203980,0.010092620,0.031434158
1773396026.822380304,64.700000000,-1.813871537,-1.478314925,2.126660426,-0.659453005,1.307953136,3.632741174,0.008928043,-0.014519931,0.009118676,0.006235616,0.010115950,0.031434460
1773396026.922380209,64.800000000,-1.812976140,-1.479766633,2.127569171,-0.658826285,1.308967072,3.635884652,0.008953973,-0.014517077,0.009087450,0.006267199,0.010139355,0.031434780
1773396027.022380352,64.900000000,-1.812078141,-1.481218048,2.128474789,-0.658196412,1.309983355,3.639028164,0.008979990,-0.014514145,0.009056187,0.006298729,0.010162834,0.031435119
1773396027.122380257,65.000000000,-1.811177531,-1.482669161,2.129377278,-0.657563391,1.311001994,3.642171712,0.009006093,-0.014511133,0.009024887,0.006330205,0.010186389,0.031435475
1773396027.222380161,65.100000000,-1.810274303,-1.484119965,2.130276633,-0.656927229,1.312022996,3.645315297,0.009032283,-0.014508041,0.008993550,0.006361625,0.010210019,0.031435849
1773396027.322380304,65.200000000,-1.809368447,-1.485570452,2.131172850,-0.656287930,1.313046368,3.648458921,0.009058560,-0.014504868,0.008962176,0.006392990,0.010233725,0.031436242
1773396027.422380209,65.300000000,-1.808459955,-1.487020613,2.132065927,-0.655645500,1.314072119,3.651602586,0.009084924,-0.014501614,0.008930766,0.006424299,0.010257506,0.031436652
1773396027.522380352,65.400000000,-1.807548817,-1.488470441,2.132955859,-0.654999945,1.315100255,3.654746294,0.009111376,-0.014498278,0.008899318,0.006455550,0.010281364,0.031437081
1773396027.622380257,65.500000000,-1.806635026,-1.489919927,2.133842642,-0.654351270,1.316130785,3.657890047,0.009137915,-0.014494858,0.008867834,0.006486744,0.010305299,0.031437528
1773396027.722380161,65.600000000,-1.805718571,-1.491369062,2.134726274,-0.653699482,1.317163716,3.661033846,0.009164543,-0.014491355,0.008836313,0.006517880,0.010329310,0.031437993
1773396027.822380304,65.700000000,-1.804799445,-1.492817839,2.135606749,-0.653044587,1.318199056,3.664177694,0.009191258,-0.014487768,0.008804755,0.006548957,0.010353398,0.031438477
1773396027.922380209,65.800000000,-1.803877639,-1.494266249,2.136484065,-0.652386589,1.319236812,3.667321592,0.009218062,-0.014484095,0.008773159,0.006579974,0.010377564,0.031438979
1773396028.022380352,65.900000000,-1.802953144,-1.495714282,2.137358218,-0.651725496,1.320276993,3.670465542,0.009244955,-0.014480337,0.008741527,0.006610930,0.010401807,0.031439499
1773396028.122380257,66.000000000,-1.802025950,-1.497161932,2.138229203,-0.651061314,1.321319606,3.673609546,0.009271936,-0.014476492,0.008709858,0.006641825,0.010426128,0.031440038
1773396028.222380161,66.100000000,-1.801096049,-1.498609187,2.139097019,-0.650394048,1.322364658,3.676753605,0.009299007,-0.014472560,0.008678151,0.006672659,0.010450527,0.031440595
1773396028.322380304,66.200000000,-1.800163433,-1.500056041,2.139961659,-0.649723705,1.323412159,3.679897722,0.009326167,-0.014468540,0.008646408,0.006703429,0.010475004,0.031441170
1773396028.422380209,66.300000000,-1.799228091,-1.501502485,2.140823122,-0.649050291,1.324462115,3.683041899,0.009353417,-0.014464431,0.008614627,0.006734137,0.010499560,0.031441764
1773396028.522380352,66.400000000,-1.798290015,-1.502948508,2.141681403,-0.648373813,1.325514534,3.686186136,0.009380757,-0.014460233,0.008582809,0.006764780,0.010524195,0.031442377
1773396028.622380257,66.500000000,-1.797349196,-1.504394102,2.142536498,-0.647694277,1.326569425,3.689330437,0.009408187,-0.014455944,0.008550954,0.006795359,0.010548909,0.031443008
1773396028.722380161,66.600000000,-1.796405626,-1.505839259,2.143388405,-0.647011690,1.327626796,3.692474803,0.009435707,-0.014451565,0.008519062,0.006825872,0.010573703,0.031443658
1773396028.822380304,66.700000000,-1.795459294,-1.507283968,2.144237118,-0.646326058,1.328686653,3.695619235,0.009463318,-0.014447094,0.008487133,0.006856319,0.010598576,0.031444326
1773396028.922380209,66.800000000,-1.794510192,-1.508728221,2.145082635,-0.645637388,1.329749006,3.698763737,0.009491020,-0.014442530,0.008455167,0.006886700,0.010623529,0.031445013
1773396029.022380352,66.900000000,-1.793558311,-1.510172008,2.145924951,-0.644945687,1.330813862,3.701908309,0.009518813,-0.014437874,0.008423163,0.006917012,0.010648562,0.031445719
1773396029.122380257,67.000000000,-1.792603641,-1.511615321,2.146764063,-0.644250961,1.331881230,3.705052953,0.009546697,-0.014433123,0.008391122,0.006947256,0.010673676,0.031446444
1773396029.222380161,67.100000000,-1.791646174,-1.513058149,2.147599968,-0.643553218,1.332951117,3.708197672,0.009574673,-0.014428278,0.008359044,0.006977431,0.010698870,0.031447188
1773396029.322380304,67.200000000,-1.790685900,-1.514500482,2.148432661,-0.642852465,1.334023532,3.711342467,0.009602740,-0.014423338,0.008326929,0.007007536,0.010724145,0.031447950
1773396029.422380209,67.300000000,-1.789722810,-1.515942312,2.149262138,-0.642148708,1.335098482,3.714487340,0.009630900,-0.014418301,0.008294777,0.007037571,0.010749502,0.031448731
1773396029.522380352,67.400000000,-1.788756894,-1.517383629,2.150088397,-0.641441954,1.336175976,3.717632293,0.009659152,-0.014413168,0.008262588,0.007067534,0.010774940,0.031449532
1773396029.622380257,67.500000000,-1.787788145,-1.518824423,2.150911433,-0.640732212,1.337256022,3.720777328,0.009687496,-0.014407937,0.008230361,0.007097426,0.010800459,0.031450351
1773396029.722380161,67.600000000,-1.786816552,-1.520264684,2.151731243,-0.640019487,1.338338628,3.723922447,0.009715933,-0.014402607,0.008198097,0.007127244,0.010826061,0.031451189
1773396029.822380304,67.700000000,-1.785842105,-1.521704401,2.152547822,-0.639303788,1.339423802,3.727067652,0.009744463,-0.014397179,0.008165796,0.007156989,0.010851745,0.031452047
1773396029.922380209,67.800000000,-1.784864797,-1.523143566,2.153361168,-0.638585122,1.340511553,3.730212944,0.009773086,-0.014391650,0.008133458,0.007186659,0.010877511,0.031452923
1773396030.022380352,67.900000000,-1.783884616,-1.524582169,2.154171277,-0.637863497,1.341601889,3.733358326,0.009801802,-0.014386021,0.008101083,0.007216254,0.010903360,0.031453819
1773396030.122380257,68.000000000,-1.782901555,-1.526020198,2.154978144,-0.637138920,1.342694819,3.736503799,0.009830612,-0.014380291,0.008068671,0.007245774,0.010929292,0.031454733
1773396030.222380161,68.100000000,-1.781915604,-1.527457644,2.155781766,-0.636411398,1.343790349,3.739649366,0.009859516,-0.014374459,0.008036221,0.007275217,0.010955307,0.031455667
1773396030.322380304,68.200000000,-1.780926752,-1.528894496,2.156582139,-0.635680940,1.344888490,3.742795028,0.009888514,-0.014368524,0.008003735,0.007304582,0.010981405,0.031456620
1773396030.422380209,68.300000000,-1.779934991,-1.530330745,2.157379261,-0.634947553,1.345989249,3.745940787,0.009917606,-0.014362485,0.007971211,0.007333869,0.011007588,0.031457593
1773396030.522380352,68.400000000,-1.778940312,-1.531766379,2.158173126,-0.634211245,1.347092634,3.749086646,0.009946793,-0.014356342,0.007938651,0.007363078,0.011033854,0.031458585
1773396030.622380257,68.500000000,-1.777942705,-1.533201388,2.158963731,-0.633472024,1.348198654,3.752232605,0.009976074,-0.014350093,0.007906053,0.007392207,0.011060204,0.031459596
1773396030.722380161,68.600000000,-1.776942160,-1.534635762,2.159751073,-0.632729899,1.349307318,3.755378668,0.010005451,-0.014343739,0.007873419,0.007421255,0.011086638,0.031460626
1773396030.822380304,68.700000000,-1.775938667,-1.536069490,2.160535147,-0.631984877,1.350418634,3.758524836,0.010034922,-0.014337279,0.007840747,0.007450222,0.011113158,0.031461676
1773396030.922380209,68.800000000,-1.774932219,-1.537502561,2.161315951,-0.631236966,1.351532610,3.761671110,0.010064489,-0.014330710,0.007808038,0.007479107,0.011139762,0.031462746
1773396031.022380352,68.900000000,-1.773922803,-1.538934964,2.162093481,-0.630486175,1.352649255,3.764817494,0.010094151,-0.014324034,0.007775293,0.007507909,0.011166451,0.031463835
1773396031.122380257,69.000000000,-1.772910412,-1.540366689,2.162867732,-0.629732512,1.353768578,3.767963988,0.010123909,-0.014317249,0.007742511,0.007536628,0.011193225,0.031464943
1773396031.222380161,69.100000000,-1.771895036,-1.541797725,2.163638701,-0.628975986,1.354890586,3.771110595,0.010153763,-0.014310354,0.007709691,0.007565263,0.011220085,0.031466071
1773396031.322380304,69.200000000,-1.770876665,-1.543228059,2.164406384,-0.628216605,1.356015289,3.774257317,0.010183713,-0.014303349,0.007676835,0.007593812,0.011247031,0.031467219
1773396031.422380209,69.300000000,-1.769855289,-1.544657683,2.165170779,-0.627454377,1.357142696,3.777404156,0.010213760,-0.014296232,0.007643943,0.007622275,0.011274063,0.031468387
1773396031.522380352,69.400000000,-1.768830899,-1.546086583,2.165931880,-0.626689312,1.358272814,3.780551113,0.010243903,-0.014289004,0.007611013,0.007650652,0.011301181,0.031469574
1773396031.622380257,69.500000000,-1.767803484,-1.547514749,2.166689685,-0.625921418,1.359405652,3.783698191,0.010274142,-0.014281663,0.007578047,0.007678941,0.011328385,0.031470780
1773396031.722380161,69.600000000,-1.766773037,-1.548942170,2.167444189,-0.625150704,1.360541220,3.786845392,0.010304479,-0.014274208,0.007545044,0.007707142,0.011355676,0.031472007
1773396031.822380304,69.700000000,-1.765739545,-1.550368834,2.168195390,-0.624377178,1.361679525,3.789992717,0.010334913,-0.014266639,0.007512005,0.007735254,0.011383054,0.031473254
1773396031.922380209,69.800000000,-1.764703001,-1.551794730,2.168943282,-0.623600851,1.362820577,3.793140169,0.010365444,-0.014258955,0.007478929,0.007763276,0.011410519,0.031474520
1773396032.022380352,69.900000000,-1.763663394,-1.553219845,2.169687864,-0.622821730,1.363964384,3.796287750,0.010396073,-0.014251156,0.007445816,0.007791207,0.011438071,0.031475806
1773396032.122380257,70.000000000,-1.762620714,-1.554644169,2.170429131,-0.622039825,1.365110955,3.799435461,0.010426799,-0.014243240,0.007412667,0.007819047,0.011465711,0.031477112
1773396032.222380161,70.100000000,-1.761574951,-1.556067690,2.171167079,-0.621255146,1.366260299,3.802583305,0.010457623,-0.014235206,0.007379482,0.007846795,0.011493439,0.031478438
1773396032.322380304,70.200000000,-1.760526097,-1.557490395,2.171901705,-0.620467701,1.367412425,3.805731283,0.010488546,-0.014227055,0.007346260,0.007874450,0.011521254,0.031479784
1773396032.422380209,70.300000000,-1.759474140,-1.558912274,2.172633005,-0.619677500,1.368567340,3.808879398,0.010519566,-0.014218785,0.007313002,0.007902011,0.011549158,0.031481150
1773396032.522380352,70.400000000,-1.758419072,-1.560333313,2.173360976,-0.618884552,1.369725055,3.812027652,0.010550686,-0.014210395,0.007279707,0.007929477,0.011577150,0.031482537
1773396032.622380257,70.500000000,-1.757360881,-1.561753502,2.174085613,-0.618088867,1.370885578,3.815176046,0.010581903,-0.014201885,0.007246377,0.007956848,0.011605230,0.031483943
1773396032.722380161,70.600000000,-1.756299559,-1.563172827,2.174806914,-0.617290455,1.372048918,3.818324583,0.010613220,-0.014193254,0.007213010,0.007984122,0.011633399,0.031485369
1773396032.822380304,70.700000000,-1.755235096,-1.564591277,2.175524875,-0.616489325,1.373215084,3.821473265,0.010644635,-0.014184501,0.007179608,0.008011299,0.011661658,0.031486816
1773396032.922380209,70.800000000,-1.754167481,-1.566008840,2.176239492,-0.615685487,1.374384085,3.824622093,0.010676150,-0.014175625,0.007146169,0.008038379,0.011690005,0.031488283
1773396033.022380352,70.900000000,-1.753096704,-1.567425502,2.176950762,-0.614878951,1.375555929,3.827771070,0.010707764,-0.014166626,0.007112694,0.008065360,0.011718442,0.031489770
1773396033.122380257,71.000000000,-1.752022757,-1.568841253,2.177658680,-0.614069727,1.376730625,3.830920198,0.010739477,-0.014157503,0.007079184,0.008092241,0.011746968,0.031491278
1773396033.222380161,71.100000000,-1.750945628,-1.570256078,2.178363244,-0.613257825,1.377908184,3.834069478,0.010771290,-0.014148255,0.007045638,0.008119023,0.011775583,0.031492805
1773396033.322380304,71.200000000,-1.749865307,-1.571669966,2.179064449,-0.612443254,1.379088613,3.837218914,0.010803203,-0.014138881,0.007012056,0.008145703,0.011804289,0.031494354
1773396033.422380209,71.300000000,-1.748781786,-1.573082904,2.179762293,-0.611626026,1.380271921,3.840368506,0.010835216,-0.014129381,0.006978438,0.008172281,0.011833085,0.031495922
1773396033.522380352,71.400000000,-1.747695053,-1.574494880,2.180456772,-0.610806151,1.381458118,3.843518257,0.010867328,-0.014119754,0.006944785,0.008198756,0.011861971,0.031497511
1773396033.622380257,71.500000000,-1.746605099,-1.575905880,2.181147881,-0.609983638,1.382647213,3.846668169,0.010899541,-0.014109999,0.006911096,0.008225128,0.011890947,0.031499121
1773396033.722380161,71.600000000,-1.745511913,-1.577315891,2.181835618,-0.609158498,1.383839214,3.849818244,0.010931855,-0.014100115,0.006877372,0.008251396,0.011920014,0.031500751
1773396033.822380304,71.700000000,-1.744415486,-1.578724901,2.182519980,-0.608330742,1.385034132,3.852968484,0.010964269,-0.014090102,0.006843613,0.008277559,0.011949172,0.031502401
1773396033.922380209,71.800000000,-1.743315808,-1.580132897,2.183200962,-0.607500381,1.386231974,3.856118892,0.010996784,-0.014079958,0.006809818,0.008303615,0.011978421,0.031504073
1773396034.022380352,71.900000000,-1.742212868,-1.581539865,2.183878560,-0.606667424,1.387432750,3.859269468,0.011029399,-0.014069684,0.006775989,0.008329565,0.012007760,0.031505764
1773396034.122380257,72.000000000,-1.741106657,-1.582945793,2.184552773,-0.605831884,1.388636469,3.862420216,0.011062116,-0.014059278,0.006742124,0.008355407,0.012037191,0.031507477
1773396034.222380161,72.100000000,-1.739997163,-1.584350667,2.185223595,-0.604993770,1.389843140,3.865571137,0.011094933,-0.014048739,0.006708224,0.008381141,0.012066714,0.031509210
1773396034.322380304,72.200000000,-1.738884378,-1.585754474,2.185891024,-0.604153093,1.391052773,3.868722233,0.011127852,-0.014038068,0.006674290,0.008406765,0.012096328,0.031510964
1773396034.422380209,72.300000000,-1.737768291,-1.587157200,2.186555056,-0.603309865,1.392265376,3.871873507,0.011160872,-0.014027262,0.006640320,0.008432280,0.012126033,0.031512739
1773396034.522380352,72.400000000,-1.736648891,-1.588558832,2.187215688,-0.602464097,1.393480959,3.875024961,0.011193994,-0.014016322,0.006606316,0.008457684,0.012155831,0.031514535
1773396034.622380257,72.500000000,-1.735526170,-1.589959357,2.187872916,-0.601615799,1.394699531,3.878176596,0.011227217,-0.014005246,0.006572277,0.008482976,0.012185720,0.031516351
1773396034.722380161,72.600000000,-1.734400116,-1.591358760,2.188526736,-0.600764984,1.395921102,3.881328415,0.011260542,-0.013994034,0.006538204,0.008508156,0.012215702,0.031518189
1773396034.822380304,72.700000000,-1.733270719,-1.592757029,2.189177146,-0.599911661,1.397145679,3.884480419,0.011293968,-0.013982686,0.006504097,0.008533222,0.012245776,0.031520047
1773396034.922380209,72.800000000,-1.732137969,-1.594154149,2.189824141,-0.599055844,1.398373273,3.887632612,0.011327497,-0.013971199,0.006469955,0.008558174,0.012275942,0.031521926
1773396035.022380352,72.900000000,-1.731001856,-1.595550106,2.190467719,-0.598197543,1.399603893,3.890784995,0.011361128,-0.013959574,0.006435779,0.008583012,0.012306201,0.031523826
1773396035.122380257,73.000000000,-1.729862370,-1.596944887,2.191107876,-0.597336769,1.400837549,3.893937569,0.011394861,-0.013947810,0.006401569,0.008607733,0.012336553,0.031525748
1773396035.222380161,73.100000000,-1.728719501,-1.598338478,2.191744608,-0.596473536,1.402074248,3.897090338,0.011428696,-0.013935907,0.006367325,0.008632338,0.012366997,0.031527690
1773396035.322380304,73.200000000,-1.727573237,-1.599730864,2.192377913,-0.595607853,1.403314002,3.900243304,0.011462633,-0.013923862,0.006333047,0.008656826,0.012397534,0.031529654
1773396035.422176600,73.299796371,-1.726540692,-1.600980014,2.192943345,-0.594828198,1.404430174,3.903074740,0.000000000,0.000000000,0.000000000,0.000000000,0.000000000,0.000000000
