timestamp_absolute,timestamp_relative,shoulder_pan_joint_pos,shoulder_lift_joint_pos,elbow_joint_pos,wrist_1_joint_pos,wrist_2_joint_pos,wrist_3_joint_pos,shoulder_pan_joint_vel,shoulder_lift_joint_vel,elbow_joint_vel,wrist_1_joint_vel,wrist_2_joint_vel,wrist_3_joint_vel
1767544060.650566339,0.000000000,-2.089029137,-0.497037236,0.889002979,-0.363991086,0.961943984,1.557916999,0.000000000,-0.000000000,0.000000000,-0.000000000,0.000000000,0.000000000
1767544060.750566244,0.100000000,-2.087804893,-0.511248616,0.914002704,-0.376083098,0.963282810,1.581303156,0.024762366,-0.284625673,0.499971227,-0.241556212,0.027199054,0.470766931
1767544060.850566387,0.200000000,-2.083903920,-0.553552507,0.987659592,-0.411416832,0.967676357,1.653376197,0.054047382,-0.554230590,0.956328221,-0.455239311,0.062276794,0.970849891
1767544060.950566292,0.300000000,-2.076774732,-0.620567491,1.101566453,-0.464864552,0.976172442,1.775478637,0.090005414,-0.779069875,1.303622384,-0.601807386,0.110413660,1.471195747
1767544061.050566435,0.400000000,-2.065514922,-0.708216412,1.244999323,-0.529326074,0.990446196,1.947614281,0.137678502,-0.969842383,1.550030482,-0.674954859,0.179178182,1.971507206
1767544061.150566339,0.500000000,-2.049768314,-0.807457600,1.398960868,-0.593329377,1.011398989,2.155543991,0.171680778,-0.974436726,1.464112402,-0.575375136,0.232106782,2.094395354
1767544061.250566244,0.600000000,-2.031119154,-0.903258100,1.538011859,-0.644249597,1.036808802,2.364983516,0.202224411,-0.945133655,1.321739725,-0.443808578,0.276536654,2.094395272
1767544061.350566387,0.700000000,-2.009119331,-0.997080094,1.664016696,-0.682122755,1.066805922,2.574423037,0.238913997,-0.933819690,1.200837147,-0.313307871,0.323979524,2.094395175
1767544061.450566292,0.800000000,-1.983073314,-1.090450547,1.778500169,-0.706758016,1.101745814,2.783862557,0.283450149,-0.935349826,1.089739224,-0.178426105,0.375621870,2.094395184
1767544061.550566435,0.900000000,-1.952103287,-1.184433105,1.882028079,-0.717584309,1.142123196,2.993302078,0.337811745,-0.945361016,0.980598062,-0.036896210,0.433093832,2.094395118
1767544061.650566339,1.000000000,-1.917300842,-1.274397832,1.969721432,-0.714503467,1.185919093,3.191274931,0.349066016,-0.834921174,0.761412122,0.089667774,0.431287415,1.824761047
1767544061.750566244,1.100000000,-1.882394080,-1.352236367,2.036465482,-0.701260234,1.228317753,3.360498519,0.349066108,-0.726134449,0.583081987,0.168839798,0.417060450,1.571368926
1767544061.850566387,1.200000000,-1.847487480,-1.420307757,2.087890113,-0.681763073,1.269405406,3.507473175,0.349065937,-0.638133692,0.451773661,0.216989938,0.405061398,1.376243328
1767544061.950566292,1.300000000,-1.812580883,-1.480331925,2.127874225,-0.658538705,1.309397992,3.637112635,0.349065948,-0.564366519,0.352304826,0.244780114,0.395107716,1.222373976
1767544062.050566435,1.400000000,-1.777674289,-1.533515451,2.159093425,-0.633268442,1.348483731,3.752938572,0.349065928,-0.500814085,0.275235784,0.258786993,0.386869850,1.098463885
1767544062.150566339,1.500000000,-1.746960674,-1.575376760,2.180850068,-0.610251665,1.382249854,3.845516388,0.237276804,-0.306967630,0.150305410,0.179022645,0.258854765,0.685454817
1767544062.250566244,1.600000000,-1.731581491,-1.594770710,2.190071848,-0.598636783,1.398967933,3.889060138,0.066712786,-0.082147102,0.037974093,0.050402961,0.072286967,0.185425018
1767544062.350566387,1.700000000,-1.726539247,-1.600979494,2.192941989,-0.594827272,1.404431481,3.883264287,-0.000000024,0.000000121,0.000000092,-0.000000214,-0.000000026,-0.293969483
1767544062.450566292,1.800000000,-1.726539251,-1.600979472,2.192942006,-0.594827311,1.404431476,3.828867780,-0.000000066,0.000000327,0.000000250,-0.000000578,-0.000000071,-0.793962235
1767544062.550566435,1.900000000,-1.726539260,-1.600979429,2.192942039,-0.594827387,1.404431467,3.724471873,-0.000000108,0.000000533,0.000000407,-0.000000942,-0.000000115,-1.293955773
1767544062.650566339,2.000000000,-1.726539279,-1.600979369,2.192942089,-0.594827497,1.404431447,3.570076599,-0.000000386,0.000000586,0.000000642,-0.000001226,-0.000000396,-1.793949247
1767544062.750566244,2.100000000,-1.726539322,-1.600979304,2.192942161,-0.594827634,1.404431403,3.369664540,-0.000000451,0.000000684,0.000000749,-0.000001432,-0.000000462,-2.094395102
1767544062.850566387,2.200000000,-1.726539399,-1.600979248,2.192942233,-0.594827762,1.404431325,3.160225030,-0.000000840,0.000000529,0.000000716,-0.000001241,-0.000000850,-2.094395102
1767544062.950566292,2.300000000,-1.726539498,-1.600979204,2.192942301,-0.594827873,1.404431225,2.950785520,-0.000001160,0.000000331,0.000000625,-0.000000950,-0.000001168,-2.094395102
1767544063.050566435,2.400000000,-1.726539616,-1.600979173,2.192942362,-0.594827964,1.404431106,2.741346010,-0.000001387,0.000000107,0.000000483,-0.000000582,-0.000001392,-2.094395102
1767544063.150566339,2.500000000,-1.726539755,-1.600979163,2.192942410,-0.594828023,1.404430967,2.531906499,-0.000001387,0.000000107,0.000000483,-0.000000582,-0.000001392,-2.094395102
1767544063.250566244,2.600000000,-1.726539902,-1.600979169,2.192942445,-0.594828051,1.404430820,2.322466989,-0.000001502,-0.000000127,0.000000302,-0.000000167,-0.000001503,-2.094395102
1767544063.350566387,2.700000000,-1.726540052,-1.600979190,2.192942468,-0.594828052,1.404430670,2.113027479,-0.000001494,-0.000000350,0.000000097,0.000000261,-0.000001493,-2.094395102
1767544063.450566292,2.800000000,-1.726540201,-1.600979225,2.192942477,-0.594828026,1.404430521,1.903587969,-0.000001366,-0.000000545,-0.000000117,0.000000669,-0.000001361,-2.094395102
1767544063.550566435,2.900000000,-1.726540335,-1.600979278,2.192942466,-0.594827960,1.404430387,1.697685125,-0.000001244,-0.000000496,-0.000000106,0.000000609,-0.000001239,-1.906334853
1767544063.650566339,3.000000000,-1.726540434,-1.600979327,2.192942448,-0.594827892,1.404430289,1.532051639,-0.000000757,-0.000000467,-0.000000215,0.000000686,-0.000000751,-1.406334853
1767544063.750566244,3.100000000,-1.726540496,-1.600979366,2.192942431,-0.594827836,1.404430227,1.416418154,-0.000000488,-0.000000301,-0.000000139,0.000000442,-0.000000484,-0.906334853
1767544063.850566387,3.200000000,-1.726540531,-1.600979388,2.192942421,-0.594827804,1.404430192,1.350784669,-0.000000219,-0.000000135,-0.000000062,0.000000198,-0.000000217,-0.406334853
1767544063.950566292,3.300000000,-1.725488664,-1.595815704,2.187928756,-0.594979257,1.405483765,1.332925042,0.023014586,0.112979134,-0.109696581,-0.003313946,0.023051887,0.052191132
1767544064.050566435,3.400000000,-1.724936316,-1.593104256,2.185296100,-0.595058807,1.406036994,1.360379028,0.000000208,0.000000147,0.000000100,-0.000000321,-0.000000096,0.511053266
1767544064.150566339,3.500000000,-1.724936284,-1.593104234,2.185296116,-0.595058859,1.406036981,1.436483900,0.000000422,0.000000297,0.000000225,-0.000000735,-0.000000162,1.011044536
1767544064.250566244,3.600000000,-1.724936231,-1.593104196,2.185296145,-0.595058957,1.406036963,1.562588003,0.000000656,0.000000457,0.000000381,-0.000001266,-0.000000169,1.511037392
1767544064.350566387,3.700000000,-1.724936129,-1.593104148,2.185296166,-0.595059042,1.406037035,1.738691333,0.000001299,0.000000518,0.000000112,-0.000000639,0.000001295,2.011029175
1767544064.450566292,3.800000000,-1.724935991,-1.593104098,2.185296173,-0.595059100,1.406037172,1.947435230,0.000001479,0.000000346,-0.000000096,-0.000000258,0.000001478,2.094395102
1767544064.550566435,3.900000000,-1.724935843,-1.593104064,2.185296164,-0.595059126,1.406037320,2.156874740,0.000001479,0.000000346,-0.000000096,-0.000000258,0.000001478,2.094395102
1767544064.650566339,4.000000000,-1.724935695,-1.593104048,2.185296137,-0.595059116,1.406037468,2.366314251,0.000001487,0.000000124,-0.000000300,0.000000169,0.000001488,2.094395102
1767544064.750566244,4.100000000,-1.724935551,-1.593104047,2.185296098,-0.595059079,1.406037612,2.575753761,0.000001373,-0.000000108,-0.000000480,0.000000582,0.000001378,2.094395102
1767544064.850566387,4.200000000,-1.724935417,-1.593104060,2.185296049,-0.595059017,1.406037747,2.785193271,0.000001149,-0.000000332,-0.000000622,0.000000947,0.000001157,2.094395102
1767544064.950566292,4.300000000,-1.724935302,-1.593104093,2.185295986,-0.595058922,1.406037863,2.994632781,0.000001149,-0.000000332,-0.000000622,0.000000947,0.000001157,2.094395102
1767544065.050566435,4.400000000,-1.724935211,-1.593104141,2.185295917,-0.595058805,1.406037955,3.204072292,0.000000831,-0.000000528,-0.000000712,0.000001236,0.000000841,2.094395102
1767544065.150566339,4.500000000,-1.724935143,-1.593104200,2.185295845,-0.595058674,1.406038024,3.413511802,0.000000446,-0.000000682,-0.000000745,0.000001425,0.000000458,2.094395102
1767544065.250566244,4.600000000,-1.724935099,-1.593104269,2.185295770,-0.595058532,1.406038068,3.622951312,0.000000025,-0.000000780,-0.000000718,0.000001498,0.000000037,2.094395102
1767544065.350566387,4.700000000,-1.724935097,-1.593104345,2.185295700,-0.595058385,1.406038072,3.828367434,0.000000023,-0.000000705,-0.000000649,0.000001355,0.000000034,1.893811259
1767544065.450566292,4.800000000,-1.724935113,-1.593104408,2.185295647,-0.595058269,1.406038057,3.992748560,-0.000000265,-0.000000542,-0.000000421,0.000000965,-0.000000257,1.393811259
1767544065.550566435,4.900000000,-1.724935135,-1.593104452,2.185295613,-0.595058190,1.406038036,4.107129686,-0.000000170,-0.000000348,-0.000000270,0.000000619,-0.000000165,0.893811259
1767544065.650566339,5.000000000,-1.724935147,-1.593104477,2.185295593,-0.595058145,1.406038024,4.171510812,-0.000000075,-0.000000153,-0.000000119,0.000000273,-0.000000073,0.393811259
1767544065.750566244,5.100000000,-1.723850416,-1.587706585,2.179999650,-0.595161563,1.407124780,4.188181578,0.022178733,0.110366693,-0.108281953,-0.002114797,0.022220102,-0.065250343
1767544065.850566387,5.200000000,-1.723362698,-1.585279587,2.177618516,-0.595208097,1.407613393,4.159491934,0.000000051,0.000000190,0.000000214,-0.000000563,-0.000000226,-0.524541463
1767544065.950566292,5.300000000,-1.723362691,-1.585279560,2.177618547,-0.595208176,1.407613357,4.082038404,0.000000085,0.000000365,0.000000394,-0.000001007,-0.000000487,-1.024531349
1767544066.050566435,5.400000000,-1.723362681,-1.585279515,2.177618594,-0.595208294,1.407613294,3.954585639,0.000000104,0.000000529,0.000000540,-0.000001327,-0.000000785,-1.524524233
1767544066.150566339,5.500000000,-1.723362680,-1.585279450,2.177618655,-0.595208428,1.407613265,3.777133646,-0.000000024,0.000000750,0.000000690,-0.000001438,-0.000000036,-2.024515932
1767544066.250566244,5.600000000,-1.723362692,-1.585279375,2.177618727,-0.595208575,1.407613252,3.568183064,-0.000000442,0.000000679,0.000000741,-0.000001418,-0.000000453,-2.094395102
1767544066.350566387,5.700000000,-1.723362736,-1.585279307,2.177618801,-0.595208716,1.407613206,3.358743554,-0.000000442,0.000000679,0.000000741,-0.000001418,-0.000000453,-2.094395102
1767544066.450566292,5.800000000,-1.723362813,-1.585279253,2.177618872,-0.595208842,1.407613128,3.149304044,-0.000000823,0.000000526,0.000000709,-0.000001231,-0.000000833,-2.094395102
1767544066.550566435,5.900000000,-1.723362912,-1.585279210,2.177618939,-0.595208950,1.407613029,2.939864533,-0.000001137,0.000000332,0.000000618,-0.000000944,-0.000001145,-2.094395102
1767544066.650566339,6.000000000,-1.723363029,-1.585279180,2.177618998,-0.595209040,1.407612911,2.730425023,-0.000001360,0.000000110,0.000000478,-0.000000581,-0.000001365,-2.094395102
1767544066.750566244,6.100000000,-1.723363165,-1.585279169,2.177619046,-0.595209098,1.407612775,2.520985513,-0.000001360,0.000000110,0.000000478,-0.000000581,-0.000001365,-2.094395102
1767544066.850566387,6.200000000,-1.723363309,-1.585279176,2.177619080,-0.595209124,1.407612630,2.311546003,-0.000001472,-0.000000121,0.000000299,-0.000000170,-0.000001473,-2.094395102
1767544066.950566292,6.300000000,-1.723363456,-1.585279197,2.177619101,-0.595209123,1.407612483,2.102106492,-0.000001465,-0.000000342,0.000000095,0.000000254,-0.000001463,-2.094395102
1767544067.050566435,6.400000000,-1.723363602,-1.585279232,2.177619110,-0.595209095,1.407612337,1.892666982,-0.000001339,-0.000000535,-0.000000116,0.000000658,-0.000001334,-2.094395102
1767544067.150566339,6.500000000,-1.723363733,-1.585279285,2.177619099,-0.595209031,1.407612207,1.687799445,-0.000001202,-0.000000480,-0.000000104,0.000000591,-0.000001198,-1.880573372
1767544067.250566244,6.600000000,-1.723363827,-1.585279333,2.177619081,-0.595208964,1.407612114,1.524742108,-0.000000728,-0.000000451,-0.000000209,0.000000664,-0.000000723,-1.380573372
1767544067.350566387,6.700000000,-1.723363886,-1.585279370,2.177619063,-0.595208910,1.407612054,1.411684771,-0.000000464,-0.000000288,-0.000000133,0.000000424,-0.000000461,-0.880573372
1767544067.450566292,6.800000000,-1.723363920,-1.585279391,2.177619054,-0.595208880,1.407612021,1.348627434,-0.000000201,-0.000000124,-0.000000058,0.000000183,-0.000000199,-0.380573372
1767544067.550566435,6.900000000,-1.722236131,-1.579590850,2.171980465,-0.595260349,1.408742196,1.333188725,0.021019638,0.106021811,-0.105090638,-0.000959456,0.021064075,0.079049481
1767544067.650566339,7.000000000,-1.721822179,-1.577502947,2.169910914,-0.595279261,1.409157007,1.363194221,0.000000217,0.000000153,0.000000104,-0.000000333,-0.000000097,0.539096648
1767544067.750566244,7.100000000,-1.721822147,-1.577502924,2.169910930,-0.595279314,1.409156994,1.442103363,0.000000427,0.000000301,0.000000227,-0.000000741,-0.000000158,1.039087774
1767544067.850566387,7.200000000,-1.721822093,-1.577502886,2.169910960,-0.595279413,1.409156977,1.571011750,0.000000659,0.000000460,0.000000381,-0.000001264,-0.000000163,1.539080651
1767544067.950566292,7.300000000,-1.721821989,-1.577502839,2.169910979,-0.595279494,1.409157056,1.749919360,0.000001291,0.000000516,0.000000112,-0.000000637,0.000001287,2.039072247
1767544068.050566435,7.400000000,-1.721821853,-1.577502791,2.169910985,-0.595279549,1.409157191,1.959052190,0.000001450,0.000000338,-0.000000095,-0.000000251,0.000001448,2.094395102
1767544068.150566339,7.500000000,-1.721821708,-1.577502757,2.169910976,-0.595279574,1.409157336,2.168491700,0.000001450,0.000000338,-0.000000095,-0.000000251,0.000001448,2.094395102
1767544068.250566244,7.600000000,-1.721821562,-1.577502743,2.169910948,-0.595279561,1.409157482,2.377931210,0.000001457,0.000000118,-0.000000297,0.000000171,0.000001459,2.094395102
1767544068.350566387,7.700000000,-1.721821423,-1.577502744,2.169910909,-0.595279522,1.409157622,2.587370720,0.000001346,-0.000000111,-0.000000475,0.000000580,0.000001351,2.094395102
1767544068.450566292,7.800000000,-1.721821292,-1.577502759,2.169910859,-0.595279458,1.409157753,2.796810231,0.000001126,-0.000000332,-0.000000615,0.000000941,0.000001134,2.094395102
1767544068.550566435,7.900000000,-1.721821179,-1.577502792,2.169910797,-0.595279364,1.409157867,3.006249741,0.000001126,-0.000000332,-0.000000615,0.000000941,0.000001134,2.094395102
1767544068.650566339,8.000000000,-1.721821092,-1.577502841,2.169910729,-0.595279246,1.409157955,3.215689251,0.000000815,-0.000000525,-0.000000705,0.000001226,0.000000825,2.094395102
1767544068.750566244,8.100000000,-1.721821027,-1.577502900,2.169910657,-0.595279116,1.409158021,3.425128761,0.000000438,-0.000000676,-0.000000738,0.000001411,0.000000449,2.094395102
1767544068.850566387,8.200000000,-1.721820987,-1.577502968,2.169910583,-0.595278974,1.409158063,3.634568272,0.000000025,-0.000000772,-0.000000711,0.000001483,0.000000037,2.094395102
1767544068.950566292,8.300000000,-1.721820984,-1.577503043,2.169910514,-0.595278829,1.409158066,3.838788976,0.000000022,-0.000000688,-0.000000633,0.000001321,0.000000033,1.865948044
1767544069.050566435,8.400000000,-1.721821002,-1.577503105,2.169910463,-0.595278717,1.409158050,4.000383780,-0.000000254,-0.000000525,-0.000000408,0.000000935,-0.000000247,1.365948044
1767544069.150566339,8.500000000,-1.721821023,-1.577503147,2.169910430,-0.595278641,1.409158029,4.111978585,-0.000000161,-0.000000333,-0.000000259,0.000000593,-0.000000156,0.865948044
1767544069.250566244,8.600000000,-1.721821034,-1.577503171,2.169910411,-0.595278599,1.409158018,4.173573389,-0.000000068,-0.000000141,-0.000000109,0.000000251,-0.000000066,0.365948044
1767544069.350566387,8.700000000,-1.720658342,-1.571559120,2.163958843,-0.595272635,1.410323466,4.187632639,0.019884272,0.101654584,-0.101782906,0.000101736,0.019931359,-0.094034267
1767544069.450566292,8.800000000,-1.720309180,-1.569774099,2.162171591,-0.595270880,1.410673439,4.156219138,0.000000051,0.000000198,0.000000218,-0.000000565,-0.000000243,-0.554369528
1767544069.550566435,8.900000000,-1.720309173,-1.569774070,2.162171622,-0.595270960,1.410673403,4.075782430,0.000000088,0.000000372,0.000000400,-0.000001019,-0.000000487,-1.054363729
1767544069.650566339,9.000000000,-1.720309163,-1.569774025,2.162171670,-0.595271079,1.410673340,3.945346468,0.000000108,0.000000535,0.000000543,-0.000001333,-0.000000778,-1.554356633
1767544069.750566244,9.100000000,-1.720309162,-1.569773960,2.162171731,-0.595271211,1.410673316,3.764911285,-0.000000024,0.000000753,0.000000693,-0.000001444,-0.000000036,-2.054348224
1767544069.850566387,9.200000000,-1.720309176,-1.569773886,2.162171802,-0.595271356,1.410673301,3.555632761,-0.000000433,0.000000673,0.000000734,-0.000001405,-0.000000445,-2.094395102
1767544069.950566292,9.300000000,-1.720309220,-1.569773818,2.162171876,-0.595271497,1.410673256,3.346193251,-0.000000433,0.000000673,0.000000734,-0.000001405,-0.000000445,-2.094395102
1767544070.050566435,9.400000000,-1.720309298,-1.569773765,2.162171946,-0.595271620,1.410673177,3.136753741,-0.000000807,0.000000523,0.000000701,-0.000001220,-0.000000817,-2.094395102
1767544070.150566339,9.500000000,-1.720309396,-1.569773724,2.162172011,-0.595271726,1.410673078,2.927314231,-0.000001115,0.000000332,0.000000612,-0.000000937,-0.000001123,-2.094395102
1767544070.250566244,9.600000000,-1.720309512,-1.569773695,2.162172069,-0.595271812,1.410672961,2.717874721,-0.000001333,0.000000113,0.000000473,-0.000000578,-0.000001338,-2.094395102
1767544070.350566387,9.700000000,-1.720309645,-1.569773684,2.162172117,-0.595271870,1.410672828,2.508435210,-0.000001333,0.000000113,0.000000473,-0.000000578,-0.000001338,-2.094395102
1767544070.450566292,9.800000000,-1.720309788,-1.569773692,2.162172149,-0.595271894,1.410672685,2.298995700,-0.000001443,-0.000000115,0.000000296,-0.000000173,-0.000001445,-2.094395102
1767544070.550566435,9.900000000,-1.720309932,-1.569773713,2.162172169,-0.595271891,1.410672541,2.089556190,-0.000001436,-0.000000334,0.000000094,0.000000247,-0.000001434,-2.094395102
1767544070.650566339,10.000000000,-1.720310074,-1.569773749,2.162172176,-0.595271862,1.410672399,1.880116680,-0.000001313,-0.000000525,-0.000000114,0.000000647,-0.000001308,-2.094395102
1767544070.750566244,10.100000000,-1.720310202,-1.569773800,2.162172165,-0.595271799,1.410672272,1.676610346,-0.000001160,-0.000000464,-0.000000101,0.000000572,-0.000001156,-1.850813976
1767544070.850566387,10.200000000,-1.720310291,-1.569773847,2.162172147,-0.595271733,1.410672183,1.516528948,-0.000000699,-0.000000435,-0.000000202,0.000000641,-0.000000693,-1.350813976
1767544070.950566292,10.300000000,-1.720310348,-1.569773883,2.162172130,-0.595271681,1.410672127,1.406447551,-0.000000440,-0.000000274,-0.000000128,0.000000404,-0.000000437,-0.850813976
1767544071.050566435,10.400000000,-1.720310379,-1.569773902,2.162172121,-0.595271652,1.410672096,1.346366153,-0.000000181,-0.000000113,-0.000000053,0.000000167,-0.000000180,-0.350813976
1767544071.150566339,10.500000000,-1.719110520,-1.563557171,2.155885455,-0.595203309,1.411875109,1.333652701,0.018454299,0.095615079,-0.096690554,0.001050984,0.018502762,0.108479068
1767544071.250566244,10.600000000,-1.718827429,-1.562090484,2.154402285,-0.595187206,1.412158925,1.366351226,0.000000227,0.000000160,0.000000114,-0.000000367,-0.000000092,0.568369938
1767544071.350566387,10.700000000,-1.718827397,-1.562090460,2.154402302,-0.595187261,1.412158913,1.448187956,0.000000434,0.000000306,0.000000230,-0.000000748,-0.000000155,1.068364039
1767544071.450566292,10.800000000,-1.718827342,-1.562090422,2.154402332,-0.595187361,1.412158897,1.580023928,0.000000661,0.000000463,0.000000382,-0.000001264,-0.000000158,1.568356914
1767544071.550566435,10.900000000,-1.718827236,-1.562090375,2.154402350,-0.595187437,1.412158982,1.761859115,0.000001284,0.000000514,0.000000113,-0.000000636,0.000001280,2.068348510
1767544071.650566339,11.000000000,-1.718827103,-1.562090329,2.154402354,-0.595187488,1.412159116,1.971230164,0.000001422,0.000000330,-0.000000094,-0.000000244,0.000001420,2.094395102
1767544071.750566244,11.100000000,-1.718826960,-1.562090296,2.154402345,-0.595187513,1.412159258,2.180669674,0.000001422,0.000000330,-0.000000094,-0.000000244,0.000001420,2.094395102
1767544071.850566387,11.200000000,-1.718826817,-1.562090284,2.154402316,-0.595187497,1.412159401,2.390109184,0.000001429,0.000000112,-0.000000294,0.000000174,0.000001431,2.094395102
1767544071.950566292,11.300000000,-1.718826681,-1.562090286,2.154402277,-0.595187456,1.412159538,2.599548694,0.000001320,-0.000000114,-0.000000470,0.000000577,0.000001325,2.094395102
1767544072.050566435,11.400000000,-1.718826554,-1.562090303,2.154402226,-0.595187390,1.412159665,2.808988205,0.000001105,-0.000000331,-0.000000609,0.000000934,0.000001112,2.094395102
1767544072.150566339,11.500000000,-1.718826443,-1.562090336,2.154402165,-0.595187296,1.412159777,3.018427715,0.000001105,-0.000000331,-0.000000609,0.000000934,0.000001112,2.094395102
1767544072.250566244,11.600000000,-1.718826359,-1.562090385,2.154402097,-0.595187178,1.412159861,3.227867225,0.000000799,-0.000000522,-0.000000698,0.000001215,0.000000809,2.094395102
1767544072.350566387,11.700000000,-1.718826298,-1.562090445,2.154402025,-0.595187048,1.412159924,3.437306735,0.000000429,-0.000000670,-0.000000730,0.000001398,0.000000441,2.094395102
1767544072.450566292,11.800000000,-1.718826261,-1.562090513,2.154401953,-0.595186907,1.412159962,3.646746246,0.000000024,-0.000000764,-0.000000703,0.000001467,0.000000036,2.094395102
1767544072.550566435,11.900000000,-1.718826259,-1.562090587,2.154401885,-0.595186765,1.412159966,3.849538339,0.000000021,-0.000000670,-0.000000617,0.000001287,0.000000032,1.836569262
1767544072.650566339,12.000000000,-1.718826277,-1.562090647,2.154401836,-0.595186656,1.412159948,4.008195266,-0.000000244,-0.000000508,-0.000000395,0.000000905,-0.000000237,1.336569262
1767544072.750566244,12.100000000,-1.718826297,-1.562090688,2.154401804,-0.595186583,1.412159929,4.116852192,-0.000000153,-0.000000318,-0.000000247,0.000000566,-0.000000148,0.836569262
1767544072.850566387,12.200000000,-1.718826308,-1.562090710,2.154401786,-0.595186543,1.412159918,4.175509118,-0.000000061,-0.000000128,-0.000000100,0.000000228,-0.000000060,0.336569262
1767544072.950566292,12.300000000,-1.717604618,-1.555675906,2.147851157,-0.595052327,1.413385142,4.186936293,0.017186251,0.090240806,-0.092151334,0.001887858,0.017235915,-0.122018798
1767544073.050566435,12.400000000,-1.717371513,-1.554451936,2.146601298,-0.595026755,1.413618904,4.153048812,0.000000054,0.000000206,0.000000225,-0.000000583,-0.000000248,-0.581161706
1767544073.150566339,12.500000000,-1.717371506,-1.554451907,2.146601330,-0.595026837,1.413618868,4.069932920,0.000000091,0.000000378,0.000000404,-0.000001029,-0.000000486,-1.081155829
1767544073.250566244,12.600000000,-1.717371496,-1.554451861,2.146601377,-0.595026955,1.413618805,3.936817787,0.000000112,0.000000540,0.000000545,-0.000001336,-0.000000769,-1.581148711
1767544073.350566387,12.700000000,-1.717371495,-1.554451795,2.146601439,-0.595027087,1.413618786,3.753703442,-0.000000024,0.000000755,0.000000695,-0.000001448,-0.000000036,-2.081140306
1767544073.450566292,12.800000000,-1.717371512,-1.554451722,2.146601509,-0.595027230,1.413618768,3.544282118,-0.000000425,0.000000667,0.000000726,-0.000001391,-0.000000437,-2.094395102
1767544073.550566435,12.900000000,-1.717371554,-1.554451656,2.146601582,-0.595027369,1.413618724,3.334842608,-0.000000425,0.000000667,0.000000726,-0.000001391,-0.000000437,-2.094395102
1767544073.650566339,13.000000000,-1.717371633,-1.554451603,2.146601651,-0.595027490,1.413618645,3.125403098,-0.000000792,0.000000520,0.000000694,-0.000001210,-0.000000802,-2.094395102
1767544073.750566244,13.100000000,-1.717371731,-1.554451563,2.146601715,-0.595027594,1.413618546,2.915963587,-0.000001094,0.000000331,0.000000606,-0.000000931,-0.000001102,-2.094395102
1767544073.850566387,13.200000000,-1.717371846,-1.554451536,2.146601772,-0.595027678,1.413618430,2.706524077,-0.000001308,0.000000115,0.000000468,-0.000000576,-0.000001313,-2.094395102
1767544073.950566292,13.300000000,-1.717371976,-1.554451524,2.146601819,-0.595027736,1.413618299,2.497084567,-0.000001308,0.000000115,0.000000468,-0.000000576,-0.000001313,-2.094395102
1767544074.050566435,13.400000000,-1.717372117,-1.554451533,2.146601850,-0.595027757,1.413618159,2.287645057,-0.000001416,-0.000000110,0.000000293,-0.000000175,-0.000001417,-2.094395102
1767544074.150566339,13.500000000,-1.717372258,-1.554451555,2.146601869,-0.595027753,1.413618017,2.078205546,-0.000001409,-0.000000326,0.000000093,0.000000241,-0.000001407,-2.094395102
1767544074.250566244,13.600000000,-1.717372397,-1.554451591,2.146601875,-0.595027722,1.413617879,1.868766036,-0.000001288,-0.000000516,-0.000000113,0.000000637,-0.000001283,-2.094395102
1767544074.350566387,13.700000000,-1.717372521,-1.554451641,2.146601864,-0.595027661,1.413617755,1.666646521,-0.000001121,-0.000000449,-0.000000099,0.000000554,-0.000001117,-1.823840211
1767544074.450566292,13.800000000,-1.717372606,-1.554451687,2.146601845,-0.595027595,1.413617670,1.509262500,-0.000000672,-0.000000420,-0.000000196,0.000000620,-0.000000667,-1.323840211
1767544074.550566435,13.900000000,-1.717372661,-1.554451721,2.146601829,-0.595027545,1.413617616,1.401878479,-0.000000418,-0.000000261,-0.000000122,0.000000386,-0.000000415,-0.823840211
1767544074.650566339,14.000000000,-1.717372690,-1.554451739,2.146601821,-0.595027518,1.413617587,1.344494457,-0.000000164,-0.000000103,-0.000000048,0.000000152,-0.000000163,-0.323840211
1767544074.750566244,14.100000000,-1.716130757,-1.547843562,2.139788549,-0.594824048,1.414863447,1.334186793,0.015725704,0.083674033,-0.086270849,0.002576234,0.015775355,0.134071606
1767544074.850566387,14.200000000,-1.715945136,-1.546855963,2.138770316,-0.594793661,1.415049635,1.369138622,0.000000234,0.000000165,0.000000117,-0.000000376,-0.000000092,0.592821497
1767544074.950566292,14.300000000,-1.715945103,-1.546855940,2.138770334,-0.594793717,1.415049622,1.453420478,0.000000438,0.000000309,0.000000232,-0.000000752,-0.000000151,1.092815544
1767544075.050566435,14.400000000,-1.715945048,-1.546855901,2.138770364,-0.594793818,1.415049607,1.587701562,0.000000669,0.000000468,0.000000392,-0.000001299,-0.000000131,1.592806611
1767544075.150566339,14.500000000,-1.715944941,-1.546855854,2.138770380,-0.594793889,1.415049698,1.771981829,0.000001275,0.000000511,0.000000113,-0.000000633,0.000001271,2.092402546
1767544075.250566244,14.600000000,-1.715944809,-1.546855810,2.138770384,-0.594793938,1.415049830,1.981420491,0.000001396,0.000000323,-0.000000093,-0.000000238,0.000001394,2.094395102
1767544075.350566387,14.700000000,-1.715944670,-1.546855778,2.138770374,-0.594793961,1.415049969,2.190860002,0.000001402,0.000000107,-0.000000291,0.000000176,0.000001404,2.094395102
1767544075.450566292,14.800000000,-1.715944529,-1.546855768,2.138770345,-0.594793944,1.415050110,2.400299512,0.000001402,0.000000107,-0.000000291,0.000000176,0.000001404,2.094395102
1767544075.550566435,14.900000000,-1.715944396,-1.546855771,2.138770305,-0.594793900,1.415050243,2.609739022,0.000001296,-0.000000116,-0.000000466,0.000000575,0.000001300,2.094395102
1767544075.650566339,15.000000000,-1.715944272,-1.546855789,2.138770255,-0.594793833,1.415050368,2.819178532,0.000001084,-0.000000331,-0.000000602,0.000000927,0.000001092,2.094395102
1767544075.750566244,15.100000000,-1.715944164,-1.546855822,2.138770194,-0.594793740,1.415050477,3.028618043,0.000001084,-0.000000331,-0.000000602,0.000000927,0.000001092,2.094395102
1767544075.850566387,15.200000000,-1.715944083,-1.546855872,2.138770126,-0.594793622,1.415050559,3.238057553,0.000000784,-0.000000518,-0.000000691,0.000001205,0.000000794,2.094395102
1767544075.950566292,15.300000000,-1.715944025,-1.546855932,2.138770055,-0.594793492,1.415050618,3.447497063,0.000000421,-0.000000664,-0.000000723,0.000001384,0.000000433,2.094395102
1767544076.050566435,15.400000000,-1.715943990,-1.546856000,2.138769983,-0.594793352,1.415050654,3.656936573,0.000000024,-0.000000756,-0.000000696,0.000001452,0.000000036,2.094395102
1767544076.150566339,15.500000000,-1.715943988,-1.546856073,2.138769916,-0.594793212,1.415050657,3.858398079,0.000000021,-0.000000654,-0.000000602,0.000001256,0.000000031,1.811941492
1767544076.250566244,15.600000000,-1.715944007,-1.546856131,2.138769869,-0.594793107,1.415050639,4.014592228,-0.000000235,-0.000000493,-0.000000384,0.000000878,-0.000000228,1.311941492
1767544076.350566387,15.700000000,-1.715944026,-1.546856171,2.138769838,-0.594793036,1.415050620,4.120786377,-0.000000145,-0.000000305,-0.000000238,0.000000544,-0.000000141,0.811941492
1767544076.450566292,15.800000000,-1.715944036,-1.546856192,2.138769821,-0.594792998,1.415050610,4.176980527,-0.000000056,-0.000000117,-0.000000091,0.000000209,-0.000000054,0.311941492
1767544076.550566435,15.900000000,-1.714694192,-1.540117429,2.131755863,-0.594519426,1.416304748,4.186220765,0.014485464,0.078100890,-0.081290165,0.003170425,0.014535161,-0.145295737
1767544076.650566339,16.000000000,-1.714543038,-1.539302464,2.130907645,-0.594486379,1.416456403,4.150294314,0.000000056,0.000000211,0.000000231,-0.000000596,-0.000000250,-0.603349403
1767544076.750566244,16.100000000,-1.714543031,-1.539302435,2.130907677,-0.594486461,1.416456367,4.064959680,0.000000093,0.000000382,0.000000407,-0.000001034,-0.000000482,-1.103343468
1767544076.850566387,16.200000000,-1.714543020,-1.539302389,2.130907725,-0.594486579,1.416456305,3.929625821,0.000000111,0.000000539,0.000000534,-0.000001293,-0.000000769,-1.603334541
1767544076.950566292,16.300000000,-1.714543020,-1.539302323,2.130907786,-0.594486710,1.416456289,3.744301347,-0.000000024,0.000000752,0.000000692,-0.000001442,-0.000000036,-2.094395102
1767544077.050566435,16.400000000,-1.714543038,-1.539302251,2.130907857,-0.594486852,1.416456270,3.534861837,-0.000000417,0.000000661,0.000000719,-0.000001378,-0.000000429,-2.094395102
1767544077.150566339,16.500000000,-1.714543081,-1.539302185,2.130907928,-0.594486989,1.416456226,3.325422326,-0.000000777,0.000000516,0.000000687,-0.000001199,-0.000000787,-2.094395102
1767544077.250566244,16.600000000,-1.714543159,-1.539302134,2.130907997,-0.594487109,1.416456147,3.115982816,-0.000000777,0.000000516,0.000000687,-0.000001199,-0.000000787,-2.094395102
1767544077.350566387,16.700000000,-1.714543256,-1.539302094,2.130908060,-0.594487210,1.416456049,2.906543306,-0.000001074,0.000000330,0.000000600,-0.000000924,-0.000001081,-2.094395102
1767544077.450566292,16.800000000,-1.714543370,-1.539302068,2.130908116,-0.594487292,1.416455935,2.697103796,-0.000001283,0.000000117,0.000000463,-0.000000574,-0.000001288,-2.094395102
1767544077.550566435,16.900000000,-1.714543498,-1.539302056,2.130908162,-0.594487350,1.416455806,2.487664285,-0.000001283,0.000000117,0.000000463,-0.000000574,-0.000001288,-2.094395102
1767544077.650566339,17.000000000,-1.714543636,-1.539302065,2.130908192,-0.594487370,1.416455667,2.278224775,-0.000001389,-0.000000105,0.000000290,-0.000000177,-0.000001391,-2.094395102
1767544077.750566244,17.100000000,-1.714543775,-1.539302088,2.130908210,-0.594487364,1.416455529,2.068785265,-0.000001382,-0.000000319,0.000000093,0.000000234,-0.000001381,-2.094395102
1767544077.850566387,17.200000000,-1.714543911,-1.539302124,2.130908215,-0.594487332,1.416455393,1.859345755,-0.000001264,-0.000000507,-0.000000112,0.000000627,-0.000001259,-2.094395102
1767544077.950566292,17.300000000,-1.714544032,-1.539302173,2.130908204,-0.594487272,1.416455273,1.658486126,-0.000001087,-0.000000436,-0.000000096,0.000000539,-0.000001083,-1.801480765
1767544078.050566435,17.400000000,-1.714544113,-1.539302218,2.130908185,-0.594487207,1.416455192,1.503338049,-0.000000648,-0.000000407,-0.000000191,0.000000602,-0.000000643,-1.301480765
1767544078.150566339,17.500000000,-1.714544166,-1.539302251,2.130908170,-0.594487158,1.416455140,1.398189973,-0.000000399,-0.000000250,-0.000000118,0.000000370,-0.000000396,-0.801480765
1767544078.250566244,17.600000000,-1.714544193,-1.539302268,2.130908161,-0.594487133,1.416455113,1.343041896,-0.000000150,-0.000000094,-0.000000044,0.000000139,-0.000000149,-0.301480765
1767544078.350566387,17.700000000,-1.713287372,-1.532436166,2.123694792,-0.594141486,1.417716601,1.334709445,0.013089675,0.071509281,-0.075125897,0.003599719,0.013138209,0.155100560
1767544078.450566292,17.800000000,-1.713168899,-1.531789010,2.123014923,-0.594108930,1.417835494,1.371494503,0.000000239,0.000000169,0.000000119,-0.000000383,-0.000000090,0.612813682
1767544078.550566435,17.900000000,-1.713168865,-1.531788986,2.123014940,-0.594108987,1.417835482,1.457775554,0.000000440,0.000000311,0.000000233,-0.000000753,-0.000000146,1.112807692
1767544078.650566339,18.000000000,-1.713168810,-1.531788947,2.123014971,-0.594109088,1.417835468,1.594055816,0.000000668,0.000000467,0.000000391,-0.000001292,-0.000000125,1.612798744
1767544078.750566244,18.100000000,-1.713168703,-1.531788901,2.123014986,-0.594109155,1.417835563,1.780300829,0.000001252,0.000000503,0.000000112,-0.000000624,0.000001248,2.094395102
1767544078.850566387,18.200000000,-1.713168573,-1.531788859,2.123014988,-0.594109201,1.417835693,1.989740339,0.000001370,0.000000316,-0.000000092,-0.000000231,0.000001368,2.094395102
1767544078.950566292,18.300000000,-1.713168436,-1.531788828,2.123014978,-0.594109223,1.417835829,2.199179850,0.000001376,0.000000103,-0.000000288,0.000000178,0.000001378,2.094395102
1767544079.050566435,18.400000000,-1.713168298,-1.531788818,2.123014949,-0.594109205,1.417835967,2.408619360,0.000001376,0.000000103,-0.000000288,0.000000178,0.000001378,2.094395102
1767544079.150566339,18.500000000,-1.713168167,-1.531788823,2.123014909,-0.594109160,1.417836098,2.618058870,0.000001272,-0.000000118,-0.000000461,0.000000572,0.000001276,2.094395102
1767544079.250566244,18.600000000,-1.713168047,-1.531788842,2.123014858,-0.594109092,1.417836219,2.827498380,0.000001064,-0.000000330,-0.000000597,0.000000920,0.000001071,2.094395102
1767544079.350566387,18.700000000,-1.713167941,-1.531788875,2.123014799,-0.594109000,1.417836326,3.036937891,0.000001064,-0.000000330,-0.000000597,0.000000920,0.000001071,2.094395102
1767544079.450566292,18.800000000,-1.713167862,-1.531788925,2.123014731,-0.594108881,1.417836405,3.246377401,0.000000770,-0.000000515,-0.000000684,0.000001194,0.000000780,2.094395102
1767544079.550566435,18.900000000,-1.713167806,-1.531788985,2.123014660,-0.594108751,1.417836462,3.455816911,0.000000414,-0.000000658,-0.000000716,0.000001371,0.000000425,2.094395102
1767544079.650566339,19.000000000,-1.713167774,-1.531789053,2.123014589,-0.594108613,1.417836496,3.665256421,0.000000024,-0.000000748,-0.000000689,0.000001437,0.000000036,2.094395102
1767544079.750566244,19.100000000,-1.713167772,-1.531789124,2.123014523,-0.594108475,1.417836499,3.865538596,0.000000020,-0.000000640,-0.000000590,0.000001229,0.000000030,1.791784204
1767544079.850566387,19.200000000,-1.713167792,-1.531789181,2.123014477,-0.594108372,1.417836480,4.019717016,-0.000000227,-0.000000479,-0.000000375,0.000000855,-0.000000220,1.291784204
1767544079.950566292,19.300000000,-1.713167810,-1.531789220,2.123014447,-0.594108303,1.417836462,4.123895436,-0.000000139,-0.000000294,-0.000000230,0.000000524,-0.000000135,0.791784204
1767544080.050566435,19.400000000,-1.713167820,-1.531789240,2.123014431,-0.594108268,1.417836453,4.178073857,-0.000000051,-0.000000108,-0.000000085,0.000000193,-0.000000050,0.291784204
1767544080.150566339,19.500000000,-1.711913540,-1.524846586,2.115653452,-0.593691549,1.419095746,4.185542602,0.011963853,0.066221884,-0.070211866,0.003974622,0.012011604,-0.164163667
1767544080.250566244,19.600000000,-1.711817601,-1.524315556,2.115090455,-0.593659714,1.419192050,4.147982680,0.000000057,0.000000215,0.000000234,-0.000000604,-0.000000251,-0.621212492
1767544080.350566387,19.700000000,-1.711817593,-1.524315526,2.115090487,-0.593659796,1.419192014,4.060861761,0.000000091,0.000000382,0.000000401,-0.000001007,-0.000000488,-1.121203796
1767544080.450566292,19.800000000,-1.711817583,-1.524315480,2.115090534,-0.593659913,1.419191952,3.923741629,0.000000114,0.000000541,0.000000534,-0.000001290,-0.000000756,-1.621197573
1767544080.550566435,19.900000000,-1.711817583,-1.524315414,2.115090596,-0.593660043,1.419191940,3.736694700,-0.000000024,0.000000744,0.000000685,-0.000001427,-0.000000036,-2.094395102
1767544080.650566339,20.000000000,-1.711817602,-1.524315343,2.115090665,-0.593660183,1.419191920,3.527255190,-0.000000410,0.000000655,0.000000712,-0.000001365,-0.000000421,-2.094395102
1767544080.750566244,20.100000000,-1.711817646,-1.524315279,2.115090736,-0.593660319,1.419191875,3.317815679,-0.000000763,0.000000513,0.000000680,-0.000001189,-0.000000773,-2.094395102
1767544080.850566387,20.200000000,-1.711817722,-1.524315228,2.115090804,-0.593660438,1.419191798,3.108376169,-0.000000763,0.000000513,0.000000680,-0.000001189,-0.000000773,-2.094395102
1767544080.950566292,20.300000000,-1.711817819,-1.524315189,2.115090866,-0.593660537,1.419191700,2.898936659,-0.000001054,0.000000329,0.000000594,-0.000000917,-0.000001062,-2.094395102
1767544081.050566435,20.400000000,-1.711817931,-1.524315163,2.115090921,-0.593660617,1.419191587,2.689497149,-0.000001260,0.000000119,0.000000459,-0.000000571,-0.000001265,-2.094395102
1767544081.150566339,20.500000000,-1.711818057,-1.524315152,2.115090967,-0.593660675,1.419191461,2.480057639,-0.000001260,0.000000119,0.000000459,-0.000000571,-0.000001265,-2.094395102
1767544081.250566244,20.600000000,-1.711818193,-1.524315161,2.115090996,-0.593660693,1.419191325,2.270618128,-0.000001364,-0.000000101,0.000000287,-0.000000178,-0.000001365,-2.094395102
1767544081.350566387,20.700000000,-1.711818329,-1.524315184,2.115091013,-0.593660686,1.419191189,2.061178618,-0.000001357,-0.000000312,0.000000092,0.000000229,-0.000001355,-2.094395102
1767544081.450566292,20.800000000,-1.711818462,-1.524315220,2.115091017,-0.593660654,1.419191056,1.851739108,-0.000001240,-0.000000499,-0.000000111,0.000000617,-0.000001235,-2.094395102
1767544081.550566435,20.900000000,-1.711818579,-1.524315267,2.115091007,-0.593660596,1.419190940,1.654155760,-0.000001037,-0.000000417,-0.000000093,0.000000516,-0.000001032,-1.750067325
1767544081.650566339,21.000000000,-1.711818656,-1.524315310,2.115090988,-0.593660533,1.419190863,1.504149027,-0.000000611,-0.000000385,-0.000000182,0.000000570,-0.000000606,-1.250067325
1767544081.750566244,21.100000000,-1.711818705,-1.524315341,2.115090974,-0.593660488,1.419190815,1.404142295,-0.000000366,-0.000000231,-0.000000109,0.000000342,-0.000000364,-0.750067325
1767544081.850566387,21.200000000,-1.711818729,-1.524315357,2.115090966,-0.593660465,1.419190790,1.354135562,-0.000000122,-0.000000077,-0.000000036,0.000000114,-0.000000121,-0.250067325
1767544081.950566292,21.300000000,-1.711916450,-1.524849675,2.115681890,-0.593716946,1.419092500,1.353125133,-0.001072350,-0.005863989,0.006485334,-0.000619987,-0.001078606,0.229353637
1767544082.050566435,21.400000000,-1.712141100,-1.526076046,2.117036681,-0.593845081,1.418866548,1.401060136,-0.003421431,-0.018664613,0.020609569,-0.001940617,-0.003441198,0.729347459
1767544082.150566339,21.500000000,-1.712602470,-1.528585201,2.119801692,-0.594100351,1.418402546,1.498994258,-0.005805538,-0.031517914,0.034691369,-0.003166076,-0.005838420,1.229338951
1767544082.250566244,21.600000000,-1.713304831,-1.532383581,2.123971821,-0.594471206,1.417696270,1.646927745,-0.008258500,-0.044475122,0.048691522,-0.004205862,-0.008303727,1.729331485
1767544082.350566387,21.700000000,-1.714246368,-1.537434748,2.129487731,-0.594934745,1.416749660,1.843039391,-0.010114946,-0.054034724,0.058838076,-0.004790394,-0.010168462,2.094395102
1767544082.450566292,21.800000000,-1.715265146,-1.542849247,2.135363165,-0.595394372,1.415725611,2.052478902,-0.010253261,-0.054244185,0.058679612,-0.004422230,-0.010305250,2.094395102
1767544082.550566435,21.900000000,-1.716297939,-1.548284995,2.141222735,-0.595816861,1.414687700,2.261918413,-0.010394525,-0.054458561,0.058521410,-0.004049406,-0.010444969,2.094395102
1767544082.650566339,22.000000000,-1.717345049,-1.553742490,2.147066463,-0.596201738,1.413635629,2.471357924,-0.010538824,-0.054677943,0.058363437,-0.003671800,-0.010587705,2.094395102
1767544082.750566244,22.100000000,-1.718406785,-1.559222240,2.152894373,-0.596548514,1.412569089,2.680797434,-0.010686247,-0.054902423,0.058205662,-0.003289288,-0.010733545,2.094395102
1767544082.850566387,22.200000000,-1.719483465,-1.564724762,2.158706483,-0.596856692,1.411487765,2.890236946,-0.010836886,-0.055132098,0.058048054,-0.002901741,-0.010882581,2.094395102
1767544082.950566292,22.300000000,-1.720575418,-1.570250583,2.164502806,-0.597125758,1.410391330,3.099676457,-0.010990835,-0.055367065,0.057890580,-0.002509028,-0.011034907,2.094395102
1767544083.050566435,22.400000000,-1.721682981,-1.575800240,2.170283355,-0.597355187,1.409279449,3.309115968,-0.011148194,-0.055607429,0.057733207,-0.002111015,-0.011190621,2.094395102
1767544083.150566339,22.500000000,-1.722806502,-1.581374281,2.176048139,-0.597544438,1.408151776,3.518555479,-0.011309066,-0.055853294,0.057575904,-0.001707562,-0.011349825,2.094395102
1767544083.250566244,22.600000000,-1.723946339,-1.586973263,2.181797163,-0.597692959,1.407007955,3.727994991,-0.011473556,-0.056104769,0.057418637,-0.001298529,-0.011512626,2.094395102
1767544083.350566387,22.700000000,-1.724972277,-1.591965548,2.186888130,-0.597790267,1.405978622,3.913941800,-0.008947583,-0.043318424,0.044009687,-0.000679244,-0.008976296,1.609700707
1767544083.450566292,22.800000000,-1.725730945,-1.595629009,2.190602944,-0.597840600,1.405217558,4.049911786,-0.006228851,-0.029955509,0.030283932,-0.000320029,-0.006248033,1.109698810
1767544083.550566435,22.900000000,-1.726214447,-1.597951148,2.192948223,-0.597863088,1.404732579,4.135881637,-0.003439120,-0.016484072,0.016623536,-0.000134823,-0.003449490,0.609698182
1767544083.650566339,23.000000000,-1.726417592,-1.598924025,2.193928721,-0.597870434,1.404528825,4.171851444,-0.000620295,-0.002968171,0.002989564,-0.000020555,-0.000622145,0.109698014
1767544083.750566244,23.100000000,-1.726512765,-1.599379375,2.194387312,-0.597873547,1.404433368,4.159137622,-0.000000245,-0.000000336,-0.000000172,0.000000508,-0.000000243,-0.372813565
1767544083.850566387,23.200000000,-1.726512806,-1.599379431,2.194387283,-0.597873462,1.404433327,4.096856856,-0.000000573,-0.000000788,-0.000000403,0.000001190,-0.000000570,-0.872806468
1767544083.950566292,23.300000000,-1.726512880,-1.599379532,2.194387231,-0.597873309,1.404433254,3.984576565,-0.000000901,-0.000001239,-0.000000634,0.000001874,-0.000000897,-1.372799386
1767544084.050566435,23.400000000,-1.726512934,-1.599379575,2.194387221,-0.597873256,1.404433199,3.822296812,-0.000000023,0.000000705,0.000000643,-0.000001348,-0.000000033,-1.872794800
1767544084.150566339,23.500000000,-1.726512937,-1.599379498,2.194387291,-0.597873403,1.404433195,3.617768382,-0.000000025,0.000000788,0.000000719,-0.000001508,-0.000000037,-2.094395102
1767544084.250566244,23.600000000,-1.726512982,-1.599379429,2.194387366,-0.597873546,1.404433149,3.408328872,-0.000000451,0.000000688,0.000000747,-0.000001433,-0.000000462,-2.094395102
1767544084.350566387,23.700000000,-1.726513052,-1.599379370,2.194387439,-0.597873677,1.404433078,3.198889362,-0.000000840,0.000000533,0.000000714,-0.000001243,-0.000000850,-2.094395102
1767544084.450566292,23.800000000,-1.726513144,-1.599379322,2.194387508,-0.597873794,1.404432985,2.989449852,-0.000001160,0.000000334,0.000000623,-0.000000952,-0.000001168,-2.094395102
1767544084.550566435,23.900000000,-1.726513260,-1.599379289,2.194387570,-0.597873889,1.404432868,2.780010341,-0.000001160,0.000000334,0.000000623,-0.000000952,-0.000001168,-2.094395102
1767544084.650566339,24.000000000,-1.726513397,-1.599379276,2.194387619,-0.597873951,1.404432731,2.570570831,-0.000001387,0.000000109,0.000000482,-0.000000584,-0.000001392,-2.094395102
1767544084.750566244,24.100000000,-1.726513542,-1.599379278,2.194387658,-0.597873986,1.404432585,2.361131321,-0.000001502,-0.000000126,0.000000302,-0.000000168,-0.000001503,-2.094395102
1767544084.850566387,24.200000000,-1.726513692,-1.599379295,2.194387684,-0.597873995,1.404432435,2.151691811,-0.000001494,-0.000000350,0.000000097,0.000000261,-0.000001492,-2.094395102
1767544084.950566292,24.300000000,-1.726513841,-1.599379330,2.194387694,-0.597873969,1.404432286,1.942252300,-0.000001494,-0.000000350,0.000000097,0.000000261,-0.000001492,-2.094395102
1767544085.050566435,24.400000000,-1.726513980,-1.599379380,2.194387686,-0.597873910,1.404432148,1.733729732,-0.000001304,-0.000000521,-0.000000110,0.000000638,-0.000001299,-1.998638018
1767544085.150566339,24.500000000,-1.726514087,-1.599379430,2.194387671,-0.597873844,1.404432041,1.558865931,-0.000000807,-0.000000499,-0.000000228,0.000000732,-0.000000801,-1.498638018
1767544085.250566244,24.600000000,-1.726514154,-1.599379472,2.194387652,-0.597873783,1.404431975,1.434002129,-0.000000537,-0.000000333,-0.000000152,0.000000488,-0.000000534,-0.998638018
1767544085.350566387,24.700000000,-1.726514195,-1.599379497,2.194387641,-0.597873747,1.404431935,1.359138327,-0.000000268,-0.000000166,-0.000000076,0.000000244,-0.000000266,-0.498638018
1767544085.450566292,24.800000000,-1.725899467,-1.596364150,2.191453829,-0.597956115,1.405047686,1.332816517,0.023477849,0.115160658,-0.112046259,-0.003146235,0.023516934,-0.039937427
1767544085.550566435,24.900000000,-1.724910374,-1.591512611,2.186733504,-0.598088674,1.406038414,1.351817710,0.000000171,0.000000121,0.000000082,-0.000000264,-0.000000079,0.418995598
1767544085.650566339,25.000000000,-1.724910346,-1.591512591,2.186733518,-0.598088719,1.406038402,1.418716945,0.000000380,0.000000269,0.000000196,-0.000000643,-0.000000155,0.918988692
1767544085.750566244,25.100000000,-1.724910297,-1.591512557,2.186733545,-0.598088807,1.406038385,1.535615397,0.000000610,0.000000428,0.000000346,-0.000001151,-0.000000176,1.418980907
1767544085.850566387,25.200000000,-1.724910207,-1.591512510,2.186733570,-0.598088904,1.406038430,1.702513106,0.000001239,0.000000496,0.000000106,-0.000000610,0.000001235,1.918972801
1767544085.950566292,25.300000000,-1.724910073,-1.591512457,2.186733581,-0.598088968,1.406038564,1.908874649,0.000001479,0.000000346,-0.000000097,-0.000000257,0.000001477,2.094395102
1767544086.050566435,25.400000000,-1.724909925,-1.591512422,2.186733571,-0.598088994,1.406038711,2.118314159,0.000001479,0.000000346,-0.000000097,-0.000000257,0.000001477,2.094395102
1767544086.150566339,25.500000000,-1.724909777,-1.591512402,2.186733548,-0.598088992,1.406038860,2.327753670,0.000001487,0.000000123,-0.000000300,0.000000169,0.000001488,2.094395102
1767544086.250566244,25.600000000,-1.724909632,-1.591512397,2.186733513,-0.598088962,1.406039005,2.537193180,0.000001373,-0.000000110,-0.000000480,0.000000583,0.000001378,2.094395102
1767544086.350566387,25.700000000,-1.724909494,-1.591512408,2.186733465,-0.598088904,1.406039143,2.746632690,0.000001373,-0.000000110,-0.000000480,0.000000583,0.000001378,2.094395102
1767544086.450566292,25.800000000,-1.724909378,-1.591512440,2.186733404,-0.598088812,1.406039260,2.956072200,0.000001149,-0.000000334,-0.000000620,0.000000949,0.000001157,2.094395102
1767544086.550566435,25.900000000,-1.724909281,-1.591512485,2.186733337,-0.598088700,1.406039358,3.165511711,0.000000831,-0.000000532,-0.000000710,0.000001238,0.000000841,2.094395102
1767544086.650566339,26.000000000,-1.724909206,-1.591512541,2.186733265,-0.598088573,1.406039434,3.374951221,0.000000446,-0.000000686,-0.000000743,0.000001426,0.000000458,2.094395102
1767544086.750566244,26.100000000,-1.724909161,-1.591512610,2.186733191,-0.598088430,1.406039480,3.584390731,0.000000446,-0.000000686,-0.000000743,0.000001426,0.000000458,2.094395102
1767544086.850566387,26.200000000,-1.724909152,-1.591512686,2.186733119,-0.598088282,1.406039490,3.792652865,0.000000024,-0.000000744,-0.000000678,0.000001422,0.000000035,1.985888153
1767544086.950566292,26.300000000,-1.724909163,-1.591512752,2.186733062,-0.598088159,1.406039481,3.966241681,-0.000000282,-0.000000581,-0.000000447,0.000001030,-0.000000274,1.485888153
1767544087.050566435,26.400000000,-1.724909186,-1.591512800,2.186733025,-0.598088074,1.406039458,4.089830496,-0.000000187,-0.000000386,-0.000000297,0.000000683,-0.000000182,0.985888153
1767544087.150566339,26.500000000,-1.724909200,-1.591512829,2.186733003,-0.598088023,1.406039444,4.163419311,-0.000000092,-0.000000190,-0.000000146,0.000000337,-0.000000090,0.485888153
1767544087.250566244,26.600000000,-1.724250075,-1.588235532,2.183510969,-0.598144173,1.406699829,4.188542214,0.023229288,0.115499992,-0.113551802,-0.001979470,0.023273651,0.026464098
1767544087.350566387,26.700000000,-1.723337132,-1.583696225,2.179048245,-0.598221991,1.407614505,4.168290759,0.000000042,0.000000158,0.000000176,-0.000000465,-0.000000186,-0.432713187
1767544087.450566292,26.800000000,-1.723337125,-1.583696200,2.179048272,-0.598222062,1.407614474,4.100019895,0.000000081,0.000000336,0.000000364,-0.000000943,-0.000000431,-0.932704843
1767544087.550566435,26.900000000,-1.723337116,-1.583696158,2.179048316,-0.598222174,1.407614416,3.981749838,0.000000102,0.000000504,0.000000517,-0.000001290,-0.000000724,-1.432697174
1767544087.650566339,27.000000000,-1.723337112,-1.583696097,2.179048374,-0.598222306,1.407614374,3.813480523,-0.000000023,0.000000720,0.000000656,-0.000001374,-0.000000035,-1.932689086
1767544087.750566244,27.100000000,-1.723337117,-1.583696021,2.179048444,-0.598222453,1.407614368,3.606656559,-0.000000442,0.000000683,0.000000739,-0.000001420,-0.000000453,-2.094395102
1767544087.850566387,27.200000000,-1.723337161,-1.583695952,2.179048518,-0.598222595,1.407614323,3.397217049,-0.000000442,0.000000683,0.000000739,-0.000001420,-0.000000453,-2.094395102
1767544087.950566292,27.300000000,-1.723337231,-1.583695895,2.179048590,-0.598222724,1.407614252,3.187777539,-0.000000823,0.000000530,0.000000706,-0.000001232,-0.000000833,-2.094395102
1767544088.050566435,27.400000000,-1.723337324,-1.583695848,2.179048658,-0.598222838,1.407614158,2.978338029,-0.000001137,0.000000335,0.000000617,-0.000000945,-0.000001145,-2.094395102
1767544088.150566339,27.500000000,-1.723337437,-1.583695815,2.179048719,-0.598222932,1.407614044,2.768898518,-0.000001137,0.000000335,0.000000617,-0.000000945,-0.000001145,-2.094395102
1767544088.250566244,27.600000000,-1.723337572,-1.583695802,2.179048767,-0.598222992,1.407613908,2.559459008,-0.000001360,0.000000112,0.000000477,-0.000000582,-0.000001365,-2.094395102
1767544088.350566387,27.700000000,-1.723337715,-1.583695805,2.179048805,-0.598223026,1.407613765,2.350019498,-0.000001472,-0.000000120,0.000000299,-0.000000171,-0.000001473,-2.094395102
1767544088.450566292,27.800000000,-1.723337862,-1.583695822,2.179048830,-0.598223033,1.407613618,2.140579988,-0.000001465,-0.000000342,0.000000096,0.000000254,-0.000001463,-2.094395102
1767544088.550566435,27.900000000,-1.723338009,-1.583695857,2.179048839,-0.598223008,1.407613472,1.931140477,-0.000001465,-0.000000342,0.000000096,0.000000254,-0.000001463,-2.094395102
1767544088.650566339,28.000000000,-1.723338143,-1.583695907,2.179048831,-0.598222947,1.407613338,1.723188726,-0.000001261,-0.000000505,-0.000000108,0.000000620,-0.000001256,-1.972421389
1767544088.750566244,28.100000000,-1.723338246,-1.583695956,2.179048815,-0.598222882,1.407613236,1.550946587,-0.000000777,-0.000000483,-0.000000222,0.000000709,-0.000000771,-1.472421389
1767544088.850566387,28.200000000,-1.723338310,-1.583695996,2.179048796,-0.598222823,1.407613172,1.428704448,-0.000000513,-0.000000319,-0.000000146,0.000000468,-0.000000509,-0.972421389
1767544088.950566292,28.300000000,-1.723338348,-1.583696020,2.179048786,-0.598222788,1.407613134,1.356462309,-0.000000249,-0.000000155,-0.000000071,0.000000228,-0.000000247,-0.472421389
1767544089.050566435,28.400000000,-1.722622727,-1.580089405,2.175466507,-0.598248082,1.408330300,1.332583291,0.023106248,0.116450042,-0.115663897,-0.000817040,0.023156148,-0.012613181
1767544089.150566339,28.500000000,-1.721796985,-1.575927895,2.171333102,-0.598277294,1.409157814,1.354157688,0.000000180,0.000000128,0.000000086,-0.000000277,-0.000000080,0.447500558
1767544089.250566244,28.600000000,-1.721796956,-1.575927875,2.171333116,-0.598277340,1.409157802,1.423907362,0.000000387,0.000000274,0.000000199,-0.000000650,-0.000000152,0.947493427
1767544089.350566387,28.700000000,-1.721796907,-1.575927840,2.171333143,-0.598277430,1.409157785,1.543656252,0.000000613,0.000000432,0.000000347,-0.000001152,-0.000000170,1.447485731
1767544089.450566292,28.800000000,-1.721796814,-1.575927793,2.171333167,-0.598277521,1.409157838,1.713404398,0.000001233,0.000000494,0.000000106,-0.000000609,0.000001229,1.947476181
1767544089.550566435,28.900000000,-1.721796682,-1.575927742,2.171333176,-0.598277583,1.409157970,1.920684770,0.000001450,0.000000338,-0.000000096,-0.000000250,0.000001448,2.094395102
1767544089.650566339,29.000000000,-1.721796537,-1.575927708,2.171333167,-0.598277608,1.409158115,2.130124281,0.000001450,0.000000338,-0.000000096,-0.000000250,0.000001448,2.094395102
1767544089.750566244,29.100000000,-1.721796391,-1.575927690,2.171333143,-0.598277603,1.409158260,2.339563791,0.000001457,0.000000117,-0.000000297,0.000000172,0.000001459,2.094395102
1767544089.850566387,29.200000000,-1.721796250,-1.575927687,2.171333107,-0.598277571,1.409158402,2.549003301,0.000001346,-0.000000113,-0.000000474,0.000000580,0.000001351,2.094395102
1767544089.950566292,29.300000000,-1.721796115,-1.575927698,2.171333059,-0.598277513,1.409158538,2.758442811,0.000001346,-0.000000113,-0.000000474,0.000000580,0.000001351,2.094395102
1767544090.050566435,29.400000000,-1.721796002,-1.575927731,2.171332998,-0.598277419,1.409158651,2.967882322,0.000001126,-0.000000334,-0.000000613,0.000000942,0.000001134,2.094395102
1767544090.150566339,29.500000000,-1.721795909,-1.575927777,2.171332931,-0.598277307,1.409158745,3.177321832,0.000000815,-0.000000529,-0.000000703,0.000001227,0.000000825,2.094395102
1767544090.250566244,29.600000000,-1.721795837,-1.575927834,2.171332860,-0.598277179,1.409158818,3.386761342,0.000000438,-0.000000680,-0.000000735,0.000001413,0.000000449,2.094395102
1767544090.350566387,29.700000000,-1.721795794,-1.575927902,2.171332787,-0.598277038,1.409158863,3.596200852,0.000000438,-0.000000680,-0.000000735,0.000001413,0.000000449,2.094395102
1767544090.450566292,29.800000000,-1.721795787,-1.575927978,2.171332716,-0.598276892,1.409158871,3.803767554,0.000000023,-0.000000725,-0.000000662,0.000001387,0.000000034,1.957544521
1767544090.550566435,29.900000000,-1.721795799,-1.575928042,2.171332661,-0.598276772,1.409158859,3.974522006,-0.000000271,-0.000000563,-0.000000434,0.000000999,-0.000000263,1.457544521
1767544090.650566339,30.000000000,-1.721795822,-1.575928089,2.171332626,-0.598276690,1.409158838,4.095276458,-0.000000178,-0.000000370,-0.000000285,0.000000656,-0.000000173,0.957544521
1767544090.750566244,30.100000000,-1.721795835,-1.575928116,2.171332604,-0.598276641,1.409158825,4.166030911,-0.000000085,-0.000000177,-0.000000136,0.000000314,-0.000000083,0.457544521
1767544090.850566387,30.200000000,-1.721031266,-1.572022677,2.167414245,-0.598264736,1.409925239,4.188522075,0.022865568,0.116797634,-0.117183568,0.000355576,0.022920767,-0.002638619
1767544090.950566292,30.300000000,-1.720284345,-1.568207393,2.163586372,-0.598253145,1.410673952,4.165559453,0.000000045,0.000000167,0.000000185,-0.000000488,-0.000000193,-0.462526734
1767544091.050566435,30.400000000,-1.720284338,-1.568207367,2.163586399,-0.598253217,1.410673921,4.094307266,0.000000084,0.000000344,0.000000370,-0.000000957,-0.000000432,-0.962518594
1767544091.150566339,30.500000000,-1.720284329,-1.568207325,2.163586444,-0.598253330,1.410673863,3.973055874,0.000000106,0.000000510,0.000000520,-0.000001297,-0.000000718,-1.462510988
1767544091.250566244,30.600000000,-1.720284325,-1.568207263,2.163586502,-0.598253461,1.410673826,3.801805230,-0.000000023,0.000000724,0.000000659,-0.000001381,-0.000000035,-1.962501450
1767544091.350566387,30.700000000,-1.720284332,-1.568207188,2.163586572,-0.598253606,1.410673818,3.594105929,-0.000000433,0.000000677,0.000000731,-0.000001406,-0.000000445,-2.094395102
1767544091.450566292,30.800000000,-1.720284375,-1.568207120,2.163586645,-0.598253747,1.410673774,3.384666418,-0.000000433,0.000000677,0.000000731,-0.000001406,-0.000000445,-2.094395102
1767544091.550566435,30.900000000,-1.720284446,-1.568207063,2.163586716,-0.598253874,1.410673701,3.175226908,-0.000000807,0.000000527,0.000000699,-0.000001222,-0.000000817,-2.094395102
1767544091.650566339,31.000000000,-1.720284539,-1.568207018,2.163586783,-0.598253985,1.410673608,2.965787398,-0.000001115,0.000000334,0.000000610,-0.000000939,-0.000001123,-2.094395102
1767544091.750566244,31.100000000,-1.720284651,-1.568206985,2.163586843,-0.598254078,1.410673495,2.756347888,-0.000001333,0.000000115,0.000000472,-0.000000579,-0.000001338,-2.094395102
1767544091.850566387,31.200000000,-1.720284784,-1.568206974,2.163586891,-0.598254136,1.410673361,2.546908377,-0.000001333,0.000000115,0.000000472,-0.000000579,-0.000001338,-2.094395102
1767544091.950566292,31.300000000,-1.720284925,-1.568206977,2.163586926,-0.598254167,1.410673221,2.337468867,-0.000001443,-0.000000114,0.000000295,-0.000000173,-0.000001445,-2.094395102
1767544092.050566435,31.400000000,-1.720285069,-1.568206995,2.163586950,-0.598254172,1.410673077,2.128029357,-0.000001436,-0.000000334,0.000000095,0.000000247,-0.000001434,-2.094395102
1767544092.150566339,31.500000000,-1.720285213,-1.568207028,2.163586959,-0.598254148,1.410672933,1.918589847,-0.000001436,-0.000000334,0.000000095,0.000000247,-0.000001434,-2.094395102
1767544092.250566244,31.600000000,-1.720285343,-1.568207079,2.163586950,-0.598254086,1.410672803,1.711453231,-0.000001218,-0.000000489,-0.000000105,0.000000600,-0.000001213,-1.942642198
1767544092.350566387,31.700000000,-1.720285441,-1.568207127,2.163586933,-0.598254022,1.410672706,1.542189011,-0.000000746,-0.000000466,-0.000000215,0.000000685,-0.000000741,-1.442642198
1767544092.450566292,31.800000000,-1.720285503,-1.568207166,2.163586916,-0.598253965,1.410672644,1.422924791,-0.000000488,-0.000000305,-0.000000140,0.000000448,-0.000000484,-0.942642198
1767544092.550566435,31.900000000,-1.720285539,-1.568207188,2.163586905,-0.598253932,1.410672609,1.353660571,-0.000000229,-0.000000143,-0.000000066,0.000000210,-0.000000227,-0.442642198
1767544092.650566339,32.000000000,-1.719467360,-1.563971605,2.159294983,-0.598198672,1.411492975,1.332505731,0.022092588,0.114368485,-0.115889458,0.001491846,0.022151641,0.016684727
1767544092.750566244,32.100000000,-1.718802950,-1.560532143,2.155809792,-0.598153821,1.412159147,1.356740800,0.000000189,0.000000134,0.000000090,-0.000000290,-0.000000081,0.476296924
1767544092.850566387,32.200000000,-1.718802921,-1.560532122,2.155809806,-0.598153869,1.412159136,1.429370277,0.000000396,0.000000281,0.000000209,-0.000000685,-0.000000140,0.976290322
1767544092.950566292,32.300000000,-1.718802870,-1.560532087,2.155809834,-0.598153960,1.412159120,1.551999006,0.000000616,0.000000435,0.000000348,-0.000001153,-0.000000165,1.476284532
1767544093.050566435,32.400000000,-1.718802776,-1.560532040,2.155809856,-0.598154046,1.412159180,1.724626977,0.000001227,0.000000493,0.000000107,-0.000000608,0.000001223,1.976274978
1767544093.150566339,32.500000000,-1.718802645,-1.560531991,2.155809864,-0.598154105,1.412159310,1.932670628,0.000001422,0.000000330,-0.000000095,-0.000000244,0.000001420,2.094395102
1767544093.250566244,32.600000000,-1.718802503,-1.560531958,2.155809855,-0.598154129,1.412159453,2.142110138,0.000001422,0.000000330,-0.000000095,-0.000000244,0.000001420,2.094395102
1767544093.350566387,32.700000000,-1.718802360,-1.560531942,2.155809830,-0.598154121,1.412159595,2.351549648,0.000001429,0.000000112,-0.000000294,0.000000174,0.000001431,2.094395102
1767544093.450566292,32.800000000,-1.718802222,-1.560531940,2.155809793,-0.598154087,1.412159734,2.560989159,0.000001320,-0.000000116,-0.000000470,0.000000578,0.000001325,2.094395102
1767544093.550566435,32.900000000,-1.718802091,-1.560531953,2.155809746,-0.598154028,1.412159866,2.770428669,0.000001105,-0.000000334,-0.000000607,0.000000935,0.000001112,2.094395102
1767544093.650566339,33.000000000,-1.718801980,-1.560531986,2.155809685,-0.598153934,1.412159977,2.979868179,0.000001105,-0.000000334,-0.000000607,0.000000935,0.000001112,2.094395102
1767544093.750566244,33.100000000,-1.718801891,-1.560532033,2.155809618,-0.598153821,1.412160067,3.189307689,0.000000799,-0.000000525,-0.000000695,0.000001216,0.000000809,2.094395102
1767544093.850566387,33.200000000,-1.718801823,-1.560532090,2.155809548,-0.598153694,1.412160136,3.398747200,0.000000429,-0.000000674,-0.000000727,0.000001399,0.000000441,2.094395102
1767544093.950566292,33.300000000,-1.718801780,-1.560532157,2.155809475,-0.598153554,1.412160181,3.608186710,0.000000429,-0.000000674,-0.000000727,0.000001399,0.000000441,2.094395102
1767544094.050566435,33.400000000,-1.718801776,-1.560532233,2.155809406,-0.598153409,1.412160186,3.814878241,0.000000022,-0.000000707,-0.000000645,0.000001352,0.000000033,1.928624823
1767544094.150566339,33.500000000,-1.718801789,-1.560532296,2.155809353,-0.598153293,1.412160173,3.982740724,-0.000000261,-0.000000546,-0.000000421,0.000000968,-0.000000253,1.428624823
1767544094.250566244,33.600000000,-1.718801811,-1.560532341,2.155809318,-0.598153214,1.412160152,4.100603206,-0.000000170,-0.000000355,-0.000000273,0.000000629,-0.000000164,0.928624823
1767544094.350566387,33.700000000,-1.718801823,-1.560532366,2.155809298,-0.598153168,1.412160140,4.168465688,-0.000000078,-0.000000164,-0.000000126,0.000000290,-0.000000076,0.428624823
1767544094.450566292,33.800000000,-1.717946650,-1.556045916,2.151218607,-0.598050047,1.413017826,4.188342798,0.021582773,0.113228312,-0.115858746,0.002602177,0.021646160,-0.030044576
1767544094.550566435,33.900000000,-1.717347376,-1.552901988,2.148001660,-0.597977820,1.413618847,4.162925189,0.000000048,0.000000175,0.000000193,-0.000000508,-0.000000199,-0.488867863
1767544094.650566339,34.000000000,-1.717347370,-1.552901961,2.148001688,-0.597977893,1.413618815,4.089038638,0.000000083,0.000000348,0.000000368,-0.000000942,-0.000000443,-0.988861240
1767544094.750566244,34.100000000,-1.717347360,-1.552901918,2.148001733,-0.597978006,1.413618758,3.965152832,0.000000106,0.000000511,0.000000512,-0.000001260,-0.000000722,-1.488854120
1767544094.850566387,34.200000000,-1.717347357,-1.552901856,2.148001792,-0.597978135,1.413618726,3.791267792,-0.000000023,0.000000725,0.000000661,-0.000001385,-0.000000035,-1.988845904
1767544094.950566292,34.300000000,-1.717347366,-1.552901782,2.148001861,-0.597978279,1.413618715,3.582942966,-0.000000425,0.000000671,0.000000724,-0.000001392,-0.000000437,-2.094395102
1767544095.050566435,34.400000000,-1.717347408,-1.552901715,2.148001934,-0.597978419,1.413618672,3.373503456,-0.000000425,0.000000671,0.000000724,-0.000001392,-0.000000437,-2.094395102
1767544095.150566339,34.500000000,-1.717347480,-1.552901659,2.148002003,-0.597978543,1.413618599,3.164063946,-0.000000792,0.000000524,0.000000692,-0.000001211,-0.000000802,-2.094395102
1767544095.250566244,34.600000000,-1.717347572,-1.552901615,2.148002069,-0.597978652,1.413618506,2.954624436,-0.000001094,0.000000334,0.000000604,-0.000000932,-0.000001102,-2.094395102
1767544095.350566387,34.700000000,-1.717347683,-1.552901584,2.148002128,-0.597978743,1.413618394,2.745184925,-0.000001308,0.000000117,0.000000467,-0.000000577,-0.000001313,-2.094395102
1767544095.450566292,34.800000000,-1.717347814,-1.552901572,2.148002175,-0.597978801,1.413618263,2.535745415,-0.000001308,0.000000117,0.000000467,-0.000000577,-0.000001313,-2.094395102
1767544095.550566435,34.900000000,-1.717347953,-1.552901576,2.148002209,-0.597978830,1.413618124,2.326305905,-0.000001416,-0.000000109,0.000000292,-0.000000175,-0.000001417,-2.094395102
1767544095.650566339,35.000000000,-1.717348094,-1.552901595,2.148002232,-0.597978833,1.413617983,2.116866395,-0.000001409,-0.000000327,0.000000094,0.000000240,-0.000001407,-2.094395102
1767544095.750566244,35.100000000,-1.717348235,-1.552901627,2.148002241,-0.597978809,1.413617842,1.907426884,-0.000001409,-0.000000327,0.000000094,0.000000240,-0.000001407,-2.094395102
1767544095.850566387,35.200000000,-1.717348362,-1.552901678,2.148002230,-0.597978747,1.413617715,1.701165675,-0.000001178,-0.000000474,-0.000000102,0.000000583,-0.000001173,-1.916117198
1767544095.950566292,35.300000000,-1.717348455,-1.552901725,2.148002214,-0.597978683,1.413617622,1.534553955,-0.000000718,-0.000000451,-0.000000209,0.000000664,-0.000000713,-1.416117198
1767544096.050566435,35.400000000,-1.717348514,-1.552901762,2.148002196,-0.597978628,1.413617564,1.417942236,-0.000000465,-0.000000292,-0.000000135,0.000000429,-0.000000461,-0.916117198
1767544096.150566339,35.500000000,-1.717348548,-1.552901783,2.148002187,-0.597978597,1.413617530,1.351330516,-0.000000211,-0.000000132,-0.000000061,0.000000195,-0.000000210,-0.416117198
1767544096.250566244,35.600000000,-1.716454154,-1.548146934,2.143089930,-0.597822352,1.414514792,1.332564230,0.020857647,0.110883965,-0.114554496,0.003643421,0.020924506,0.041937848
1767544096.350566387,35.700000000,-1.715921340,-1.545314420,2.140163665,-0.597729297,1.415049300,1.359033896,0.000000196,0.000000140,0.000000094,-0.000000299,-0.000000081,0.500313932
1767544096.450566292,35.800000000,-1.715921310,-1.545314399,2.140163680,-0.597729345,1.415049289,1.434064827,0.000000401,0.000000285,0.000000211,-0.000000689,-0.000000137,1.000304890
1767544096.550566435,35.900000000,-1.715921259,-1.545314363,2.140163708,-0.597729437,1.415049274,1.559094980,0.000000624,0.000000439,0.000000358,-0.000001188,-0.000000140,1.500297742
1767544096.650566339,36.000000000,-1.715921164,-1.545314317,2.140163728,-0.597729520,1.415049339,1.734124364,0.000001218,0.000000490,0.000000107,-0.000000606,0.000001214,2.000289525
1767544096.750566244,36.100000000,-1.715921035,-1.545314269,2.140163736,-0.597729575,1.415049468,1.942677662,0.000001395,0.000000323,-0.000000094,-0.000000237,0.000001394,2.094395102
1767544096.850566387,36.200000000,-1.715920895,-1.545314237,2.140163726,-0.597729599,1.415049608,2.152117172,0.000001395,0.000000323,-0.000000094,-0.000000237,0.000001394,2.094395102
1767544096.950566292,36.300000000,-1.715920755,-1.545314222,2.140163701,-0.597729589,1.415049748,2.361556682,0.000001402,0.000000107,-0.000000291,0.000000176,0.000001404,2.094395102
1767544097.050566435,36.400000000,-1.715920620,-1.545314222,2.140163663,-0.597729553,1.415049884,2.570996193,0.000001296,-0.000000118,-0.000000465,0.000000576,0.000001300,2.094395102
1767544097.150566339,36.500000000,-1.715920492,-1.545314236,2.140163616,-0.597729492,1.415050012,2.780435703,0.000001084,-0.000000333,-0.000000601,0.000000928,0.000001092,2.094395102
1767544097.250566244,36.600000000,-1.715920384,-1.545314269,2.140163556,-0.597729399,1.415050121,2.989875213,0.000001084,-0.000000333,-0.000000601,0.000000928,0.000001092,2.094395102
1767544097.350566387,36.700000000,-1.715920297,-1.545314316,2.140163489,-0.597729286,1.415050208,3.199314723,0.000000784,-0.000000522,-0.000000688,0.000001206,0.000000794,2.094395102
1767544097.450566292,36.800000000,-1.715920232,-1.545314374,2.140163419,-0.597729159,1.415050274,3.408754234,0.000000421,-0.000000668,-0.000000720,0.000001386,0.000000433,2.094395102
1767544097.550566435,36.900000000,-1.715920190,-1.545314441,2.140163347,-0.597729020,1.415050317,3.618193744,0.000000024,-0.000000760,-0.000000693,0.000001453,0.000000036,2.094395102
1767544097.650566339,37.000000000,-1.715920188,-1.545314515,2.140163279,-0.597728877,1.415050321,3.824024771,0.000000022,-0.000000691,-0.000000631,0.000001321,0.000000033,1.904435024
1767544097.750566244,37.100000000,-1.715920203,-1.545314577,2.140163228,-0.597728764,1.415050307,3.989468273,-0.000000252,-0.000000530,-0.000000409,0.000000941,-0.000000244,1.404435024
1767544097.850566387,37.200000000,-1.715920223,-1.545314620,2.140163194,-0.597728687,1.415050287,4.104911776,-0.000000162,-0.000000341,-0.000000264,0.000000606,-0.000000157,0.904435024
1767544097.950566292,37.300000000,-1.715920235,-1.545314645,2.140163175,-0.597728643,1.415050276,4.170355278,-0.000000072,-0.000000153,-0.000000118,0.000000271,-0.000000070,0.404435024
1767544098.050566435,37.400000000,-1.715002048,-1.540368420,2.135004690,-0.597517568,1.415971659,4.188062244,0.020259833,0.109138403,-0.113821608,0.004657052,0.020330323,-0.053006634
1767544098.150566339,37.500000000,-1.714519570,-1.537769345,2.132294107,-0.597406690,1.416455803,4.160623990,0.000000050,0.000000181,0.000000199,-0.000000522,-0.000000202,-0.510630893
1767544098.250566244,37.600000000,-1.714519563,-1.537769318,2.132294135,-0.597406764,1.416455771,4.084561360,0.000000086,0.000000352,0.000000372,-0.000000948,-0.000000440,-1.010622106
1767544098.350566387,37.700000000,-1.714519553,-1.537769275,2.132294180,-0.597406877,1.416455714,3.958499500,0.000000109,0.000000514,0.000000513,-0.000001260,-0.000000712,-1.510614966
1767544098.450566292,37.800000000,-1.714519550,-1.537769212,2.132294238,-0.597407005,1.416455685,3.782438411,-0.000000023,0.000000726,0.000000662,-0.000001386,-0.000000035,-2.010606750
1767544098.550566435,37.900000000,-1.714519561,-1.537769139,2.132294308,-0.597407148,1.416455673,3.573701574,-0.000000417,0.000000665,0.000000716,-0.000001379,-0.000000429,-2.094395102
1767544098.650566339,38.000000000,-1.714519603,-1.537769072,2.132294379,-0.597407285,1.416455631,3.364262064,-0.000000417,0.000000665,0.000000716,-0.000001379,-0.000000429,-2.094395102
1767544098.750566244,38.100000000,-1.714519675,-1.537769018,2.132294448,-0.597407408,1.416455557,3.154822554,-0.000000777,0.000000520,0.000000685,-0.000001201,-0.000000787,-2.094395102
1767544098.850566387,38.200000000,-1.714519767,-1.537768975,2.132294513,-0.597407515,1.416455465,2.945383043,-0.000001074,0.000000333,0.000000598,-0.000000925,-0.000001081,-2.094395102
1767544098.950566292,38.300000000,-1.714519876,-1.537768944,2.132294571,-0.597407604,1.416455354,2.735943533,-0.000001283,0.000000119,0.000000462,-0.000000574,-0.000001288,-2.094395102
1767544099.050566435,38.400000000,-1.714520005,-1.537768933,2.132294617,-0.597407661,1.416455225,2.526504023,-0.000001283,0.000000119,0.000000462,-0.000000574,-0.000001288,-2.094395102
1767544099.150566339,38.500000000,-1.714520141,-1.537768937,2.132294650,-0.597407689,1.416455089,2.317064513,-0.000001389,-0.000000104,0.000000290,-0.000000177,-0.000001391,-2.094395102
1767544099.250566244,38.600000000,-1.714520280,-1.537768956,2.132294672,-0.597407690,1.416454950,2.107625002,-0.000001382,-0.000000320,0.000000093,0.000000234,-0.000001381,-2.094395102
1767544099.350566387,38.700000000,-1.714520418,-1.537768989,2.132294680,-0.597407666,1.416454812,1.898185492,-0.000001264,-0.000000509,-0.000000111,0.000000627,-0.000001259,-2.094395102
1767544099.450566292,38.800000000,-1.714520542,-1.537769039,2.132294670,-0.597407604,1.416454689,1.692754371,-0.000001143,-0.000000460,-0.000000100,0.000000567,-0.000001138,-1.894185492
1767544099.550566435,38.900000000,-1.714520631,-1.537769085,2.132294653,-0.597407541,1.416454600,1.528335822,-0.000000694,-0.000000437,-0.000000204,0.000000645,-0.000000689,-1.394185492
1767544099.650566339,39.000000000,-1.714520688,-1.537769121,2.132294636,-0.597407488,1.416454543,1.413917273,-0.000000445,-0.000000280,-0.000000131,0.000000414,-0.000000442,-0.894185492
1767544099.750566244,39.100000000,-1.714520720,-1.537769141,2.132294626,-0.597407458,1.416454511,1.349498724,-0.000000196,-0.000000124,-0.000000058,0.000000182,-0.000000195,-0.394185492
1767544099.850566387,39.200000000,-1.713576630,-1.532616063,2.126870191,-0.597137310,1.417402151,1.332691571,0.019487184,0.106364920,-0.111965817,0.005575928,0.019560410,0.062663903
1767544099.950566292,39.300000000,-1.713145757,-1.530264320,2.124394625,-0.597014042,1.417834628,1.360976273,0.000000201,0.000000143,0.000000096,-0.000000306,-0.000000080,0.519891668
1767544100.050566435,39.400000000,-1.713145727,-1.530264299,2.124394640,-0.597014091,1.417834618,1.437964757,0.000000403,0.000000287,0.000000212,-0.000000691,-0.000000132,1.019880638
1767544100.150566339,39.500000000,-1.713145676,-1.530264262,2.124394668,-0.597014183,1.417834603,1.564952457,0.000000623,0.000000439,0.000000357,-0.000001181,-0.000000134,1.519873473
1767544100.250566244,39.600000000,-1.713145580,-1.530264217,2.124394687,-0.597014262,1.417834673,1.741939381,0.000001208,0.000000486,0.000000107,-0.000000602,0.000001204,2.019865255
1767544100.350566387,39.700000000,-1.713145452,-1.530264171,2.124394694,-0.597014315,1.417834800,1.950822794,0.000001370,0.000000316,-0.000000093,-0.000000231,0.000001368,2.094395102
1767544100.450566292,39.800000000,-1.713145315,-1.530264140,2.124394684,-0.597014338,1.417834937,2.160262304,0.000001370,0.000000316,-0.000000093,-0.000000231,0.000001368,2.094395102
1767544100.550566435,39.900000000,-1.713145178,-1.530264126,2.124394658,-0.597014326,1.417835075,2.369701814,0.000001376,0.000000102,-0.000000288,0.000000178,0.000001378,2.094395102
1767544100.650566339,40.000000000,-1.713145045,-1.530264127,2.124394621,-0.597014289,1.417835207,2.579141324,0.000001272,-0.000000120,-0.000000460,0.000000573,0.000001276,2.094395102
1767544100.750566244,40.100000000,-1.713144921,-1.530264142,2.124394573,-0.597014227,1.417835332,2.788580835,0.000001064,-0.000000332,-0.000000595,0.000000922,0.000001071,2.094395102
1767544100.850566387,40.200000000,-1.713144814,-1.530264175,2.124394514,-0.597014135,1.417835439,2.998020345,0.000001064,-0.000000332,-0.000000595,0.000000922,0.000001071,2.094395102
1767544100.950566292,40.300000000,-1.713144731,-1.530264223,2.124394447,-0.597014021,1.417835524,3.207459855,0.000000770,-0.000000518,-0.000000682,0.000001195,0.000000780,2.094395102
1767544101.050566435,40.400000000,-1.713144668,-1.530264281,2.124394378,-0.597013895,1.417835588,3.416899365,0.000000414,-0.000000661,-0.000000713,0.000001372,0.000000425,2.094395102
1767544101.150566339,40.500000000,-1.713144629,-1.530264347,2.124394307,-0.597013757,1.417835628,3.626338875,0.000000024,-0.000000751,-0.000000687,0.000001438,0.000000036,2.094395102
1767544101.250566244,40.600000000,-1.713144626,-1.530264421,2.124394240,-0.597013616,1.417835632,3.831380980,0.000000021,-0.000000676,-0.000000618,0.000001294,0.000000032,1.884695185
1767544101.350566387,40.700000000,-1.713144642,-1.530264481,2.124394190,-0.597013506,1.417835617,3.994850498,-0.000000243,-0.000000516,-0.000000400,0.000000917,-0.000000236,1.384695185
1767544101.450566292,40.800000000,-1.713144662,-1.530264523,2.124394157,-0.597013431,1.417835598,4.108320017,-0.000000155,-0.000000330,-0.000000255,0.000000586,-0.000000151,0.884695185
1767544101.550566435,40.900000000,-1.713144673,-1.530264547,2.124394138,-0.597013389,1.417835587,4.171789535,-0.000000068,-0.000000143,-0.000000111,0.000000255,-0.000000066,0.384695185
1767544101.650566339,41.000000000,-1.712188064,-1.524974285,2.118774066,-0.596684795,1.418796064,4.187740698,0.018881963,0.104421270,-0.110930940,0.006485638,0.018958275,-0.071579875
1767544101.750566244,41.100000000,-1.711794773,-1.522799309,2.116463522,-0.596549735,1.419190931,4.158686704,0.000000052,0.000000185,0.000000203,-0.000000531,-0.000000203,-0.528089594
1767544101.850566387,41.200000000,-1.711794766,-1.522799282,2.116463550,-0.596549809,1.419190899,4.080878423,0.000000088,0.000000354,0.000000373,-0.000000950,-0.000000436,-1.028078808
1767544101.950566292,41.300000000,-1.711794756,-1.522799238,2.116463595,-0.596549921,1.419190843,3.953070917,0.000000112,0.000000515,0.000000513,-0.000001257,-0.000000700,-1.528071650
1767544102.050566435,41.400000000,-1.711794754,-1.522799176,2.116463653,-0.596550049,1.419190817,3.775264189,-0.000000023,0.000000724,0.000000661,-0.000001383,-0.000000035,-2.028063253
1767544102.150566339,41.500000000,-1.711794766,-1.522799103,2.116463722,-0.596550190,1.419190804,3.566265295,-0.000000410,0.000000658,0.000000710,-0.000001366,-0.000000421,-2.094395102
1767544102.250566244,41.600000000,-1.711794807,-1.522799038,2.116463793,-0.596550326,1.419190762,3.356825785,-0.000000410,0.000000658,0.000000710,-0.000001366,-0.000000421,-2.094395102
1767544102.350566387,41.700000000,-1.711794879,-1.522798984,2.116463861,-0.596550447,1.419190689,3.147386274,-0.000000763,0.000000516,0.000000678,-0.000001190,-0.000000773,-2.094395102
1767544102.450566292,41.800000000,-1.711794970,-1.522798942,2.116463925,-0.596550552,1.419190597,2.937946764,-0.000001054,0.000000332,0.000000592,-0.000000918,-0.000001062,-2.094395102
1767544102.550566435,41.900000000,-1.711795078,-1.522798912,2.116463982,-0.596550639,1.419190488,2.728507254,-0.000001260,0.000000121,0.000000458,-0.000000572,-0.000001265,-2.094395102
1767544102.650566339,42.000000000,-1.711795204,-1.522798900,2.116464028,-0.596550696,1.419190361,2.519067744,-0.000001260,0.000000121,0.000000458,-0.000000572,-0.000001265,-2.094395102
1767544102.750566244,42.100000000,-1.711795339,-1.522798905,2.116464060,-0.596550722,1.419190227,2.309628233,-0.000001364,-0.000000100,0.000000287,-0.000000179,-0.000001365,-2.094395102
1767544102.850566387,42.200000000,-1.711795475,-1.522798924,2.116464080,-0.596550723,1.419190091,2.100188723,-0.000001357,-0.000000313,0.000000092,0.000000228,-0.000001355,-2.094395102
1767544102.950566292,42.300000000,-1.711795610,-1.522798957,2.116464088,-0.596550698,1.419189956,1.890749213,-0.000001240,-0.000000500,-0.000000110,0.000000617,-0.000001235,-2.094395102
1767544103.050566435,42.400000000,-1.711795730,-1.522799005,2.116464078,-0.596550638,1.419189836,1.687620272,-0.000001092,-0.000000440,-0.000000097,0.000000543,-0.000001087,-1.843186650
1767544103.150566339,42.500000000,-1.711795815,-1.522799050,2.116464061,-0.596550576,1.419189751,1.528301607,-0.000000656,-0.000000415,-0.000000194,0.000000613,-0.000000651,-1.343186650
1767544103.250566244,42.600000000,-1.711795868,-1.522799083,2.116464045,-0.596550526,1.419189698,1.418982942,-0.000000412,-0.000000260,-0.000000122,0.000000385,-0.000000409,-0.843186650
1767544103.350566387,42.700000000,-1.711795897,-1.522799102,2.116464037,-0.596550499,1.419189670,1.359664277,-0.000000168,-0.000000106,-0.000000050,0.000000157,-0.000000166,-0.343186650
1767544103.450566292,42.800000000,-1.711877679,-1.523245791,2.116959036,-0.596598707,1.419107407,1.349723943,-0.000636606,-0.003477613,0.003853827,-0.000375413,-0.000640350,0.136189016
1767544103.550566435,42.900000000,-1.712058531,-1.524232423,2.118051450,-0.596704260,1.418925498,1.388342598,-0.002983687,-0.016259924,0.017990417,-0.001726735,-0.003001061,0.636182800
1767544103.650566339,43.000000000,-1.712475407,-1.526499264,2.120555922,-0.596941366,1.418506215,1.476960413,-0.005364308,-0.029092669,0.032086512,-0.002987073,-0.005394936,1.136174294
1767544103.750566244,43.100000000,-1.713132276,-1.530052293,2.124467716,-0.597299302,1.417845637,1.615577551,-0.007794277,-0.041999894,0.046124283,-0.004114521,-0.007837608,1.636168100
1767544103.850566387,43.200000000,-1.714034714,-1.534896699,2.129774388,-0.597760422,1.416938261,1.804019050,-0.010089795,-0.053932572,0.058910143,-0.004964745,-0.010144009,2.094395102
1767544103.950566292,43.300000000,-1.715050674,-1.540300520,2.135657378,-0.598238296,1.415916957,2.013458560,-0.010227588,-0.054141168,0.058752311,-0.004598079,-0.010280283,2.094395102
1767544104.050566435,43.400000000,-1.716080591,-1.545725492,2.141524566,-0.598679193,1.414881849,2.222898071,-0.010368317,-0.054354675,0.058594752,-0.004226770,-0.010419475,2.094395102
1767544104.150566339,43.500000000,-1.717124763,-1.551172115,2.147375978,-0.599082639,1.413832640,2.432337582,-0.010512065,-0.054573182,0.058437433,-0.003850694,-0.010561667,2.094395102
1767544104.250566244,43.600000000,-1.718183499,-1.556640895,2.153211638,-0.599448150,1.412769025,2.641777093,-0.010658920,-0.054796783,0.058280323,-0.003469727,-0.010706948,2.094395102
1767544104.350566387,43.700000000,-1.719257115,-1.562132348,2.159031563,-0.599775228,1.411690688,2.851216604,-0.010808975,-0.055025574,0.058123391,-0.003083742,-0.010855408,2.094395102
1767544104.450566292,43.800000000,-1.720345938,-1.567647001,2.164835771,-0.600063361,1.410597306,3.060656115,-0.010962323,-0.055259654,0.057966604,-0.002692606,-0.011007142,2.094395102
1767544104.550566435,43.900000000,-1.721450302,-1.573185389,2.170624274,-0.600312027,1.409488544,3.270095626,-0.011119064,-0.055499125,0.057809930,-0.002296186,-0.011162246,2.094395102
1767544104.650566339,44.000000000,-1.722570555,-1.578748061,2.176397082,-0.600520687,1.408364060,3.479535138,-0.011279298,-0.055744094,0.057653338,-0.001894342,-0.011320822,2.094395102
1767544104.750566244,44.100000000,-1.723707052,-1.584335573,2.182154201,-0.600688788,1.407223498,3.688974649,-0.011443131,-0.055994668,0.057496793,-0.001486934,-0.011482975,2.094395102
1767544104.850566387,44.200000000,-1.724775179,-1.589536779,2.187475946,-0.600807906,1.406151756,3.883084741,-0.009440157,-0.045735320,0.046620987,-0.000873074,-0.009471168,1.702865667
1767544104.950566292,44.300000000,-1.725584186,-1.593444344,2.191450299,-0.600873613,1.405340139,4.028371204,-0.006733667,-0.032406325,0.032872014,-0.000456678,-0.006754912,1.202863621
1767544105.050566435,44.400000000,-1.726119229,-1.596013939,2.194052820,-0.600905823,1.404803430,4.123657514,-0.003963674,-0.018980204,0.019181650,-0.000196129,-0.003975796,0.702862588
1767544105.150566339,44.500000000,-1.726374822,-1.597237176,2.195288528,-0.600917951,1.404547058,4.168943765,-0.001146822,-0.005482430,0.005533741,-0.000049771,-0.001150293,0.202862420
1767544105.250566244,44.600000000,-1.726486432,-1.597770680,2.195826993,-0.600922762,1.404435110,4.165223887,-0.000000183,-0.000000252,-0.000000128,0.000000380,-0.000000182,-0.279588885
1767544105.350566387,44.700000000,-1.726486467,-1.597770727,2.195826968,-0.600922691,1.404435076,4.112265451,-0.000000511,-0.000000702,-0.000000358,0.000001060,-0.000000509,-0.779581867
1767544105.450566292,44.800000000,-1.726486534,-1.597770820,2.195826921,-0.600922550,1.404435008,4.009307501,-0.000000840,-0.000001153,-0.000000588,0.000001741,-0.000000836,-1.279576332
1767544105.550566435,44.900000000,-1.726486605,-1.597770898,2.195826888,-0.600922439,1.404434938,3.856350119,-0.000000021,0.000000673,0.000000609,-0.000001282,-0.000000032,-1.779571240
1767544105.650566339,45.000000000,-1.726486607,-1.597770823,2.195826957,-0.600922583,1.404434935,3.656822482,-0.000000025,0.000000793,0.000000717,-0.000001509,-0.000000037,-2.094395102
1767544105.750566244,45.100000000,-1.726486644,-1.597770751,2.195827031,-0.600922728,1.404434896,3.447382972,-0.000000451,0.000000693,0.000000744,-0.000001435,-0.000000462,-2.094395102
1767544105.850566387,45.200000000,-1.726486707,-1.597770689,2.195827104,-0.600922863,1.404434833,3.237943462,-0.000000839,0.000000537,0.000000712,-0.000001245,-0.000000850,-2.094395102
1767544105.950566292,45.300000000,-1.726486793,-1.597770637,2.195827174,-0.600922985,1.404434745,3.028503951,-0.000001160,0.000000337,0.000000622,-0.000000953,-0.000001168,-2.094395102
1767544106.050566435,45.400000000,-1.726486909,-1.597770603,2.195827236,-0.600923080,1.404434628,2.819064441,-0.000001160,0.000000337,0.000000622,-0.000000953,-0.000001168,-2.094395102
1767544106.150566339,45.500000000,-1.726487042,-1.597770586,2.195827288,-0.600923149,1.404434495,2.609624931,-0.000001387,0.000000111,0.000000481,-0.000000585,-0.000001392,-2.094395102
1767544106.250566244,45.600000000,-1.726487185,-1.597770583,2.195827330,-0.600923193,1.404434352,2.400185421,-0.000001502,-0.000000125,0.000000302,-0.000000169,-0.000001503,-2.094395102
1767544106.350566387,45.700000000,-1.726487335,-1.597770596,2.195827360,-0.600923210,1.404434202,2.190745911,-0.000001502,-0.000000125,0.000000302,-0.000000169,-0.000001503,-2.094395102
1767544106.450566292,45.800000000,-1.726487484,-1.597770631,2.195827370,-0.600923184,1.404434053,1.981306400,-0.000001494,-0.000000351,0.000000098,0.000000261,-0.000001492,-2.094395102
1767544106.550566435,45.900000000,-1.726487626,-1.597770678,2.195827366,-0.600923132,1.404433912,1.771867527,-0.000001365,-0.000000547,-0.000000114,0.000000669,-0.000001359,-2.091871371
1767544106.650566339,46.000000000,-1.726487742,-1.597770729,2.195827353,-0.600923068,1.404433795,1.587680355,-0.000000857,-0.000000533,-0.000000241,0.000000778,-0.000000851,-1.591871717
1767544106.750566244,46.100000000,-1.726487814,-1.597770774,2.195827333,-0.600923002,1.404433724,1.453493184,-0.000000588,-0.000000365,-0.000000165,0.000000534,-0.000000583,-1.091871717
1767544106.850566387,46.200000000,-1.726487860,-1.597770802,2.195827320,-0.600922961,1.404433679,1.369306012,-0.000000319,-0.000000198,-0.000000089,0.000000289,-0.000000316,-0.591871717
1767544106.950566292,46.300000000,-1.726268836,-1.596697275,2.194780631,-0.600950093,1.404653077,1.334430009,0.017895990,0.087709302,-0.085515363,-0.002218066,0.017926550,-0.132802219
1767544107.050566435,46.400000000,-1.724884434,-1.589912283,2.188165367,-0.601121690,1.406039835,1.344890744,0.000000133,0.000000095,0.000000063,-0.000000206,-0.000000061,0.326010465
1767544107.150566339,46.500000000,-1.724884411,-1.589912266,2.188165378,-0.601121728,1.406039825,1.402491584,0.000000342,0.000000243,0.000000176,-0.000000578,-0.000000138,0.826003391
1767544107.250566244,46.600000000,-1.724884366,-1.589912234,2.188165402,-0.601121807,1.406039808,1.510091640,0.000000564,0.000000399,0.000000312,-0.000001040,-0.000000179,1.325996826
1767544107.350566387,46.700000000,-1.724884287,-1.589912188,2.188165432,-0.601121913,1.406039828,1.667690970,0.000001179,0.000000473,0.000000099,-0.000000581,0.000001175,1.825989157
1767544107.450566292,46.800000000,-1.724884156,-1.589912136,2.188165443,-0.601121977,1.406039958,1.869925561,0.000001353,0.000000543,0.000000114,-0.000000666,0.000001349,2.094395102
1767544107.550566435,46.900000000,-1.724884010,-1.589912098,2.188165437,-0.601122010,1.406040104,2.079365071,0.000001479,0.000000347,-0.000000097,-0.000000257,0.000001477,2.094395102
1767544107.650566339,47.000000000,-1.724883862,-1.589912074,2.188165417,-0.601122015,1.406040252,2.288804581,0.000001487,0.000000122,-0.000000300,0.000000170,0.000001488,2.094395102
1767544107.750566244,47.100000000,-1.724883715,-1.589912065,2.188165385,-0.601121994,1.406040400,2.498244092,0.000001373,-0.000000112,-0.000000479,0.000000584,0.000001378,2.094395102
1767544107.850566387,47.200000000,-1.724883577,-1.589912076,2.188165337,-0.601121935,1.406040538,2.707683602,0.000001373,-0.000000112,-0.000000479,0.000000584,0.000001378,2.094395102
1767544107.950566292,47.300000000,-1.724883457,-1.589912104,2.188165279,-0.601121850,1.406040659,2.917123112,0.000001149,-0.000000337,-0.000000618,0.000000950,0.000001156,2.094395102
1767544108.050566435,47.400000000,-1.724883354,-1.589912145,2.188165214,-0.601121743,1.406040763,3.126562622,0.000000831,-0.000000535,-0.000000708,0.000001239,0.000000841,2.094395102
1767544108.150566339,47.500000000,-1.724883272,-1.589912199,2.188165143,-0.601121619,1.406040846,3.336002132,0.000000446,-0.000000690,-0.000000740,0.000001428,0.000000458,2.094395102
1767544108.250566244,47.600000000,-1.724883227,-1.589912268,2.188165069,-0.601121476,1.406040892,3.545441643,0.000000446,-0.000000690,-0.000000740,0.000001428,0.000000458,2.094395102
1767544108.350566387,47.700000000,-1.724883210,-1.589912343,2.188164997,-0.601121329,1.406040910,3.754857121,0.000000025,-0.000000783,-0.000000707,0.000001490,0.000000037,2.078892782
1767544108.450566292,47.800000000,-1.724883215,-1.589912413,2.188164936,-0.601121198,1.406040906,3.937746399,-0.000000300,-0.000000621,-0.000000473,0.000001095,-0.000000291,1.578892782
1767544108.550566435,47.900000000,-1.724883240,-1.589912465,2.188164896,-0.601121106,1.406040882,4.070635677,-0.000000205,-0.000000424,-0.000000323,0.000000748,-0.000000199,1.078892782
1767544108.650566339,48.000000000,-1.724883256,-1.589912498,2.188164871,-0.601121049,1.406040866,4.153524955,-0.000000110,-0.000000228,-0.000000173,0.000000402,-0.000000107,0.578892782
1767544108.750566244,48.100000000,-1.724623077,-1.588619902,2.186891418,-0.601140539,1.406301554,4.187193755,0.018672027,0.092763128,-0.091387807,-0.001400317,0.018708495,0.119147719
1767544108.850566387,48.200000000,-1.723311568,-1.582104298,2.180472430,-0.601238915,1.407615617,4.175466158,0.000000033,0.000000125,0.000000138,-0.000000365,-0.000000145,-0.339960219
1767544108.950566292,48.300000000,-1.723311562,-1.582104276,2.180472453,-0.601238977,1.407615591,4.116470442,0.000000073,0.000000305,0.000000327,-0.000000850,-0.000000387,-0.839951757
1767544109.050566435,48.400000000,-1.723311554,-1.582104237,2.180472494,-0.601239083,1.407615539,4.007475559,0.000000101,0.000000477,0.000000492,-0.000001246,-0.000000663,-1.339945285
1767544109.150566339,48.500000000,-1.723311547,-1.582104180,2.180472550,-0.601239213,1.407615484,3.848481402,-0.000000022,0.000000689,0.000000622,-0.000001310,-0.000000033,-1.839937656
1767544109.250566244,48.600000000,-1.723311549,-1.582104104,2.180472618,-0.601239358,1.407615481,3.645517489,-0.000000025,0.000000785,0.000000708,-0.000001491,-0.000000037,-2.094395102
1767544109.350566387,48.700000000,-1.723311588,-1.582104034,2.180472692,-0.601239501,1.407615441,3.436077979,-0.000000442,0.000000687,0.000000736,-0.000001421,-0.000000453,-2.094395102
1767544109.450566292,48.800000000,-1.723311651,-1.582103973,2.180472764,-0.601239634,1.407615377,3.226638469,-0.000000823,0.000000534,0.000000704,-0.000001234,-0.000000833,-2.094395102
1767544109.550566435,48.900000000,-1.723311738,-1.582103922,2.180472833,-0.601239753,1.407615289,3.017198958,-0.000001137,0.000000337,0.000000615,-0.000000947,-0.000001145,-2.094395102
1767544109.650566339,49.000000000,-1.723311852,-1.582103888,2.180472894,-0.601239848,1.407615175,2.807759448,-0.000001137,0.000000337,0.000000615,-0.000000947,-0.000001145,-2.094395102
1767544109.750566244,49.100000000,-1.723311983,-1.582103872,2.180472945,-0.601239914,1.407615043,2.598319938,-0.000001360,0.000000114,0.000000476,-0.000000583,-0.000001364,-2.094395102
1767544109.850566387,49.200000000,-1.723312123,-1.582103870,2.180472985,-0.601239955,1.407614902,2.388880428,-0.000001472,-0.000000119,0.000000299,-0.000000171,-0.000001473,-2.094395102
1767544109.950566292,49.300000000,-1.723312270,-1.582103883,2.180473014,-0.601239971,1.407614755,2.179440917,-0.000001465,-0.000000342,0.000000097,0.000000254,-0.000001463,-2.094395102
1767544110.050566435,49.400000000,-1.723312417,-1.582103917,2.180473024,-0.601239945,1.407614609,1.970001407,-0.000001465,-0.000000342,0.000000097,0.000000254,-0.000001463,-2.094395102
1767544110.150566339,49.500000000,-1.723312555,-1.582103965,2.180473019,-0.601239892,1.407614471,1.760647166,-0.000001320,-0.000000530,-0.000000111,0.000000649,-0.000001315,-2.065194371
1767544110.250566244,49.600000000,-1.723312666,-1.582104015,2.180473006,-0.601239829,1.407614360,1.579127728,-0.000000826,-0.000000516,-0.000000234,0.000000754,-0.000000820,-1.565194371
1767544110.350566387,49.700000000,-1.723312736,-1.582104058,2.180472986,-0.601239765,1.407614291,1.447608291,-0.000000562,-0.000000351,-0.000000159,0.000000513,-0.000000558,-1.065194371
1767544110.450566292,49.800000000,-1.723312779,-1.582104085,2.180472974,-0.601239726,1.407614248,1.366088854,-0.000000298,-0.000000186,-0.000000085,0.000000272,-0.000000296,-0.565194371
1767544110.550566435,49.900000000,-1.723000715,-1.580532611,2.178908871,-0.601247511,1.407927000,1.333678467,0.019514599,0.098266029,-0.097804220,-0.000487747,0.019557593,-0.105089565
1767544110.650566339,50.000000000,-1.721771793,-1.574344394,2.172749746,-0.601278238,1.409158621,1.346733571,0.000000143,0.000000102,0.000000068,-0.000000220,-0.000000063,0.354982530
1767544110.750566244,50.100000000,-1.721771768,-1.574344377,2.172749758,-0.601278278,1.409158611,1.407231564,0.000000349,0.000000248,0.000000179,-0.000000588,-0.000000136,0.854975230
1767544110.850566387,50.200000000,-1.721771722,-1.574344344,2.172749782,-0.601278358,1.409158595,1.517728773,0.000000568,0.000000403,0.000000314,-0.000001043,-0.000000174,1.354968737
1767544110.950566292,50.300000000,-1.721771641,-1.574344299,2.172749810,-0.601278459,1.409158623,1.678225252,0.000001174,0.000000472,0.000000100,-0.000000580,0.000001170,1.854961098
1767544111.050566435,50.400000000,-1.721771512,-1.574344247,2.172749821,-0.601278523,1.409158751,1.881931158,0.000001326,0.000000533,0.000000113,-0.000000655,0.000001322,2.094395102
1767544111.150566339,50.500000000,-1.721771369,-1.574344211,2.172749814,-0.601278552,1.409158895,2.091370668,0.000001450,0.000000338,-0.000000096,-0.000000250,0.000001448,2.094395102
1767544111.250566244,50.600000000,-1.721771223,-1.574344189,2.172749793,-0.601278555,1.409159040,2.300810178,0.000001457,0.000000116,-0.000000297,0.000000173,0.000001459,2.094395102
1767544111.350566387,50.700000000,-1.721771079,-1.574344181,2.172749761,-0.601278531,1.409159184,2.510249689,0.000001346,-0.000000115,-0.000000474,0.000000581,0.000001351,2.094395102
1767544111.450566292,50.800000000,-1.721770945,-1.574344193,2.172749713,-0.601278473,1.409159320,2.719689199,0.000001346,-0.000000115,-0.000000474,0.000000581,0.000001351,2.094395102
1767544111.550566435,50.900000000,-1.721770828,-1.574344222,2.172749655,-0.601278385,1.409159437,2.929128709,0.000001126,-0.000000337,-0.000000612,0.000000943,0.000001134,2.094395102
1767544111.650566339,51.000000000,-1.721770729,-1.574344265,2.172749590,-0.601278278,1.409159537,3.138568219,0.000000815,-0.000000532,-0.000000701,0.000001228,0.000000825,2.094395102
1767544111.750566244,51.100000000,-1.721770650,-1.574344319,2.172749519,-0.601278154,1.409159616,3.348007730,0.000000438,-0.000000684,-0.000000732,0.000001414,0.000000449,2.094395102
1767544111.850566387,51.200000000,-1.721770607,-1.574344387,2.172749446,-0.601278013,1.409159661,3.557447240,0.000000438,-0.000000684,-0.000000732,0.000001414,0.000000449,2.094395102
1767544111.950566292,51.300000000,-1.721770592,-1.574344463,2.172749375,-0.601277866,1.409159677,3.766690217,0.000000024,-0.000000764,-0.000000690,0.000001454,0.000000036,2.050063066
1767544112.050566435,51.400000000,-1.721770599,-1.574344530,2.172749316,-0.601277740,1.409159671,3.946696524,-0.000000289,-0.000000602,-0.000000459,0.000001063,-0.000000280,1.550063066
1767544112.150566339,51.500000000,-1.721770623,-1.574344581,2.172749278,-0.601277650,1.409159648,4.076702830,-0.000000196,-0.000000408,-0.000000311,0.000000720,-0.000000190,1.050063066
1767544112.250566244,51.600000000,-1.721770638,-1.574344612,2.172749254,-0.601277596,1.409159633,4.156709137,-0.000000102,-0.000000214,-0.000000163,0.000000377,-0.000000099,0.550063066
1767544112.350566387,51.700000000,-1.721409602,-1.572501999,2.170896734,-0.601268165,1.409521557,4.187717100,0.020020134,0.102175580,-0.102723801,0.000521802,0.020069344,0.089932978
1767544112.450566292,51.800000000,-1.720259511,-1.566632351,2.164995608,-0.601238209,1.410674467,4.173280161,0.000000036,0.000000134,0.000000148,-0.000000391,-0.000000154,-0.369778871
1767544112.550566435,51.900000000,-1.720259506,-1.566632329,2.164995632,-0.601238272,1.410674440,4.111302600,0.000000077,0.000000313,0.000000334,-0.000000866,-0.000000389,-0.869770876
1767544112.650566339,52.000000000,-1.720259496,-1.566632289,2.164995674,-0.601238379,1.410674388,3.999325840,0.000000104,0.000000483,0.000000496,-0.000001253,-0.000000658,-1.369764441
1767544112.750566244,52.100000000,-1.720259490,-1.566632231,2.164995729,-0.601238508,1.410674339,3.837349813,-0.000000022,0.000000693,0.000000626,-0.000001317,-0.000000033,-1.869755183
1767544112.850566387,52.200000000,-1.720259493,-1.566632155,2.164995797,-0.601238652,1.410674335,3.632957271,-0.000000024,0.000000776,0.000000701,-0.000001475,-0.000000037,-2.094395102
1767544112.950566292,52.300000000,-1.720259533,-1.566632087,2.164995870,-0.601238793,1.410674294,3.423517761,-0.000000433,0.000000681,0.000000729,-0.000001407,-0.000000445,-2.094395102
1767544113.050566435,52.400000000,-1.720259597,-1.566632027,2.164995941,-0.601238923,1.410674228,3.214078251,-0.000000807,0.000000531,0.000000697,-0.000001223,-0.000000817,-2.094395102
1767544113.150566339,52.500000000,-1.720259684,-1.566631978,2.164996009,-0.601239040,1.410674140,3.004638740,-0.000001115,0.000000337,0.000000609,-0.000000940,-0.000001123,-2.094395102
1767544113.250566244,52.600000000,-1.720259796,-1.566631944,2.164996070,-0.601239134,1.410674028,2.795199230,-0.000001115,0.000000337,0.000000609,-0.000000940,-0.000001123,-2.094395102
1767544113.350566387,52.700000000,-1.720259925,-1.566631929,2.164996119,-0.601239198,1.410673898,2.585759720,-0.000001333,0.000000116,0.000000471,-0.000000580,-0.000001338,-2.094395102
1767544113.450566292,52.800000000,-1.720260064,-1.566631928,2.164996158,-0.601239237,1.410673759,2.376320210,-0.000001443,-0.000000114,0.000000295,-0.000000174,-0.000001445,-2.094395102
1767544113.550566435,52.900000000,-1.720260208,-1.566631942,2.164996186,-0.601239250,1.410673615,2.166880700,-0.000001436,-0.000000335,0.000000096,0.000000247,-0.000001434,-2.094395102
1767544113.650566339,53.000000000,-1.720260352,-1.566631975,2.164996195,-0.601239225,1.410673471,1.957441189,-0.000001436,-0.000000335,0.000000096,0.000000247,-0.000001434,-2.094395102
1767544113.750566244,53.100000000,-1.720260486,-1.566632023,2.164996189,-0.601239171,1.410673338,1.748350038,-0.000001276,-0.000000514,-0.000000108,0.000000629,-0.000001271,-2.035373143
1767544113.850566387,53.200000000,-1.720260593,-1.566632071,2.164996175,-0.601239108,1.410673231,1.569812724,-0.000000794,-0.000000498,-0.000000227,0.000000730,-0.000000788,-1.535373143
1767544113.950566292,53.300000000,-1.720260659,-1.566632113,2.164996156,-0.601239047,1.410673165,1.441275410,-0.000000535,-0.000000336,-0.000000153,0.000000492,-0.000000531,-1.035373143
1767544114.050566435,53.400000000,-1.720260700,-1.566632139,2.164996145,-0.601239009,1.410673125,1.362738095,-0.000000277,-0.000000174,-0.000000079,0.000000254,-0.000000275,-0.535373143
1767544114.150566339,53.500000000,-1.719846714,-1.564490813,2.162821896,-0.601206628,1.411088236,1.333062034,0.020478673,0.105921918,-0.107549824,0.001601077,0.020534327,-0.076093539
1767544114.250566244,53.600000000,-1.718778472,-1.558965578,2.157211753,-0.601123122,1.412159372,1.348756609,0.000000152,0.000000109,0.000000072,-0.000000234,-0.000000065,0.383319775
1767544114.350566387,53.700000000,-1.718778447,-1.558965560,2.157211766,-0.601123163,1.412159362,1.412088482,0.000000356,0.000000254,0.000000182,-0.000000596,-0.000000134,0.883315418
1767544114.450566292,53.800000000,-1.718778400,-1.558965527,2.157211791,-0.601123245,1.412159346,1.525419667,0.000000578,0.000000409,0.000000325,-0.000001081,-0.000000152,1.383307686
1767544114.550566435,53.900000000,-1.718778317,-1.558965482,2.157211817,-0.601123342,1.412159381,1.688750112,0.000001169,0.000000471,0.000000100,-0.000000580,0.000001165,1.883299589
1767544114.650566339,54.000000000,-1.718778190,-1.558965430,2.157211828,-0.601123405,1.412159508,1.893732825,0.000001301,0.000000524,0.000000111,-0.000000644,0.000001297,2.094395102
1767544114.750566244,54.100000000,-1.718778049,-1.558965396,2.157211819,-0.601123431,1.412159650,2.103172335,0.000001422,0.000000331,-0.000000095,-0.000000243,0.000001420,2.094395102
1767544114.850566387,54.200000000,-1.718777906,-1.558965376,2.157211798,-0.601123431,1.412159792,2.312611845,0.000001429,0.000000111,-0.000000294,0.000000175,0.000001431,2.094395102
1767544114.950566292,54.300000000,-1.718777765,-1.558965370,2.157211764,-0.601123404,1.412159933,2.522051355,0.000001320,-0.000000118,-0.000000469,0.000000579,0.000001325,2.094395102
1767544115.050566435,54.400000000,-1.718777633,-1.558965382,2.157211718,-0.601123346,1.412160065,2.731490866,0.000001320,-0.000000118,-0.000000469,0.000000579,0.000001325,2.094395102
1767544115.150566339,54.500000000,-1.718777520,-1.558965413,2.157211659,-0.601123257,1.412160180,2.940930376,0.000001105,-0.000000337,-0.000000605,0.000000936,0.000001112,2.094395102
1767544115.250566244,54.600000000,-1.718777425,-1.558965456,2.157211594,-0.601123150,1.412160276,3.150369886,0.000000799,-0.000000529,-0.000000693,0.000001218,0.000000809,2.094395102
1767544115.350566387,54.700000000,-1.718777350,-1.558965511,2.157211524,-0.601123026,1.412160352,3.359809396,0.000000429,-0.000000678,-0.000000725,0.000001401,0.000000441,2.094395102
1767544115.450566292,54.800000000,-1.718777307,-1.558965579,2.157211452,-0.601122886,1.412160396,3.569248906,0.000000429,-0.000000678,-0.000000725,0.000001401,0.000000441,2.094395102
1767544115.550566435,54.900000000,-1.718777295,-1.558965653,2.157211382,-0.601122740,1.412160409,3.778158264,0.000000024,-0.000000745,-0.000000673,0.000001419,0.000000035,2.021583530
1767544115.650566339,55.000000000,-1.718777303,-1.558965720,2.157211325,-0.601122617,1.412160402,3.955316617,-0.000000278,-0.000000584,-0.000000446,0.000001032,-0.000000269,1.521583530
1767544115.750566244,55.100000000,-1.718777326,-1.558965768,2.157211287,-0.601122531,1.412160379,4.082474970,-0.000000187,-0.000000392,-0.000000300,0.000000693,-0.000000181,1.021583530
1767544115.850566387,55.200000000,-1.718777341,-1.558965798,2.157211265,-0.601122479,1.412160365,4.159633323,-0.000000095,-0.000000200,-0.000000153,0.000000354,-0.000000092,0.521583530
1767544115.950566292,55.300000000,-1.718321824,-1.556578129,2.154763145,-0.601062621,1.412617241,4.188042809,0.020575835,0.107851112,-0.110580820,0.002702946,0.020637195,0.062797106
1767544116.050566435,55.400000000,-1.717323241,-1.551343923,2.149396477,-0.600931462,1.413618792,4.171169541,0.000000039,0.000000142,0.000000156,-0.000000411,-0.000000160,-0.395669314
1767544116.150566339,55.500000000,-1.717323235,-1.551343900,2.149396502,-0.600931527,1.413618765,4.106602728,0.000000079,0.000000319,0.000000339,-0.000000877,-0.000000390,-0.895664896
1767544116.250566244,55.600000000,-1.717323226,-1.551343860,2.149396544,-0.600931634,1.413618713,3.992036612,0.000000103,0.000000485,0.000000488,-0.000001220,-0.000000664,-1.395657194
1767544116.350566387,55.700000000,-1.717323221,-1.551343802,2.149396599,-0.600931762,1.413618668,3.827471235,-0.000000022,0.000000695,0.000000628,-0.000001321,-0.000000033,-1.895649101
1767544116.450566292,55.800000000,-1.717323223,-1.551343726,2.149396668,-0.600931905,1.413618665,3.621982387,-0.000000024,0.000000768,0.000000694,-0.000001460,-0.000000036,-2.094395102
1767544116.550566435,55.900000000,-1.717323265,-1.551343659,2.149396740,-0.600932044,1.413618622,3.412542877,-0.000000425,0.000000675,0.000000721,-0.000001394,-0.000000437,-2.094395102
1767544116.650566339,56.000000000,-1.717323330,-1.551343600,2.149396810,-0.600932173,1.413618556,3.203103367,-0.000000792,0.000000527,0.000000690,-0.000001212,-0.000000802,-2.094395102
1767544116.750566244,56.100000000,-1.717323416,-1.551343552,2.149396877,-0.600932287,1.413618468,2.993663857,-0.000001094,0.000000337,0.000000602,-0.000000933,-0.000001102,-2.094395102
1767544116.850566387,56.200000000,-1.717323526,-1.551343519,2.149396937,-0.600932380,1.413618358,2.784224346,-0.000001094,0.000000337,0.000000602,-0.000000933,-0.000001102,-2.094395102
1767544116.950566292,56.300000000,-1.717323654,-1.551343504,2.149396985,-0.600932442,1.413618229,2.574784836,-0.000001308,0.000000119,0.000000466,-0.000000578,-0.000001313,-2.094395102
1767544117.050566435,56.400000000,-1.717323791,-1.551343504,2.149397022,-0.600932479,1.413618092,2.365345326,-0.000001416,-0.000000109,0.000000292,-0.000000176,-0.000001417,-2.094395102
1767544117.150566339,56.500000000,-1.717323932,-1.551343518,2.149397049,-0.600932490,1.413617951,2.155905816,-0.000001409,-0.000000327,0.000000095,0.000000240,-0.000001407,-2.094395102
1767544117.250566244,56.600000000,-1.717324073,-1.551343551,2.149397058,-0.600932466,1.413617810,1.946466305,-0.000001409,-0.000000327,0.000000095,0.000000240,-0.000001407,-2.094395102
1767544117.350566387,56.700000000,-1.717324204,-1.551343599,2.149397051,-0.600932410,1.413617680,1.737750949,-0.000001235,-0.000000498,-0.000000106,0.000000611,-0.000001231,-2.009297861
1767544117.450566292,56.800000000,-1.717324306,-1.551343647,2.149397037,-0.600932348,1.413617578,1.561821163,-0.000000766,-0.000000482,-0.000000221,0.000000708,-0.000000760,-1.509297861
1767544117.550566435,56.900000000,-1.717324370,-1.551343687,2.149397018,-0.600932288,1.413617515,1.435891377,-0.000000512,-0.000000322,-0.000000148,0.000000473,-0.000000508,-1.009297861
1767544117.650566339,57.000000000,-1.717324408,-1.551343711,2.149397007,-0.600932253,1.413617477,1.359961591,-0.000000258,-0.000000163,-0.000000075,0.000000239,-0.000000256,-0.509297861
1767544117.750566244,57.100000000,-1.716825769,-1.548695111,2.146655193,-0.600839683,1.414117738,1.332656043,0.020683249,0.109859653,-0.113725488,0.003839130,0.020750499,-0.051308025
1767544117.850566387,57.200000000,-1.715897546,-1.543764866,2.141551468,-0.600667404,1.415048969,1.350567155,0.000000160,0.000000114,0.000000076,-0.000000244,-0.000000065,0.406899259
1767544117.950566292,57.300000000,-1.715897520,-1.543764847,2.141551481,-0.600667446,1.415048959,1.416256749,0.000000361,0.000000257,0.000000184,-0.000000602,-0.000000130,0.906892025
1767544118.050566435,57.400000000,-1.715897473,-1.543764814,2.141551506,-0.600667528,1.415048944,1.531945551,0.000000580,0.000000411,0.000000325,-0.000001079,-0.000000146,1.406884212
1767544118.150566339,57.500000000,-1.715897388,-1.543764769,2.141551531,-0.600667621,1.415048985,1.697633610,0.000001162,0.000000468,0.000000101,-0.000000577,0.000001158,1.906876102
1767544118.250566244,57.600000000,-1.715897263,-1.543764719,2.141551542,-0.600667683,1.415049110,1.903556113,0.000001276,0.000000515,0.000000110,-0.000000634,0.000001272,2.094395102
1767544118.350566387,57.700000000,-1.715897123,-1.543764686,2.141551532,-0.600667707,1.415049249,2.112995623,0.000001395,0.000000323,-0.000000094,-0.000000237,0.000001394,2.094395102
1767544118.450566292,57.800000000,-1.715896983,-1.543764668,2.141551510,-0.600667704,1.415049389,2.322435133,0.000001402,0.000000106,-0.000000291,0.000000177,0.000001404,2.094395102
1767544118.550566435,57.900000000,-1.715896846,-1.543764663,2.141551477,-0.600667676,1.415049527,2.531874644,0.000001296,-0.000000120,-0.000000464,0.000000577,0.000001300,2.094395102
1767544118.650566339,58.000000000,-1.715896717,-1.543764675,2.141551430,-0.600667618,1.415049657,2.741314154,0.000001296,-0.000000120,-0.000000464,0.000000577,0.000001300,2.094395102
1767544118.750566244,58.100000000,-1.715896606,-1.543764707,2.141551371,-0.600667528,1.415049768,2.950753664,0.000001084,-0.000000336,-0.000000599,0.000000929,0.000001091,2.094395102
1767544118.850566387,58.200000000,-1.715896514,-1.543764751,2.141551307,-0.600667420,1.415049861,3.160193174,0.000000784,-0.000000525,-0.000000686,0.000001207,0.000000794,2.094395102
1767544118.950566292,58.300000000,-1.715896442,-1.543764806,2.141551238,-0.600667296,1.415049934,3.369632685,0.000000421,-0.000000672,-0.000000717,0.000001387,0.000000433,2.094395102
1767544119.050566435,58.400000000,-1.715896400,-1.543764873,2.141551166,-0.600667158,1.415049977,3.579072195,0.000000421,-0.000000672,-0.000000717,0.000001387,0.000000433,2.094395102
1767544119.150566339,58.500000000,-1.715896391,-1.543764947,2.141551097,-0.600667014,1.415049988,3.787579276,0.000000023,-0.000000728,-0.000000659,0.000001387,0.000000034,1.997832779
1767544119.250566244,58.600000000,-1.715896400,-1.543765012,2.141551041,-0.600666894,1.415049979,3.962362554,-0.000000268,-0.000000568,-0.000000435,0.000001004,-0.000000260,1.497832779
1767544119.350566387,58.700000000,-1.715896422,-1.543765059,2.141551005,-0.600666810,1.415049958,4.087145832,-0.000000179,-0.000000378,-0.000000290,0.000000669,-0.000000173,0.997832779
1767544119.450566292,58.800000000,-1.715896436,-1.543765088,2.141550983,-0.600666760,1.415049945,4.161929110,-0.000000089,-0.000000189,-0.000000144,0.000000334,-0.000000086,0.497832779
1767544119.550566435,58.900000000,-1.715366968,-1.540915412,2.138573042,-0.600539173,1.415581280,4.188185451,0.020514960,0.110413992,-0.115383131,0.004942843,0.020587288,0.040278813
1767544119.650566339,59.000000000,-1.714496103,-1.536228319,2.133675023,-0.600329369,1.416455205,4.169309832,0.000000041,0.000000148,0.000000162,-0.000000426,-0.000000164,-0.417005002
1767544119.750566244,59.100000000,-1.714496097,-1.536228295,2.133675049,-0.600329435,1.416455177,4.102609661,0.000000081,0.000000323,0.000000342,-0.000000884,-0.000000388,-0.916997995
1767544119.850566387,59.200000000,-1.714496088,-1.536228254,2.133675090,-0.600329542,1.416455126,3.985910275,0.000000106,0.000000488,0.000000490,-0.000001221,-0.000000655,-1.416990213
1767544119.950566292,59.300000000,-1.714496083,-1.536228196,2.133675146,-0.600329668,1.416455085,3.819211632,-0.000000022,0.000000695,0.000000629,-0.000001322,-0.000000033,-1.916982108
1767544120.050566435,59.400000000,-1.714496086,-1.536228121,2.133675214,-0.600329810,1.416455081,3.612920327,-0.000000417,0.000000668,0.000000714,-0.000001380,-0.000000429,-2.094395102
1767544120.150566339,59.500000000,-1.714496128,-1.536228054,2.133675285,-0.600329948,1.416455038,3.403480817,-0.000000417,0.000000668,0.000000714,-0.000001380,-0.000000429,-2.094395102
1767544120.250566244,59.600000000,-1.714496193,-1.536227997,2.133675354,-0.600330075,1.416454971,3.194041307,-0.000000777,0.000000523,0.000000683,-0.000001202,-0.000000787,-2.094395102
1767544120.350566387,59.700000000,-1.714496279,-1.536227950,2.133675420,-0.600330187,1.416454884,2.984601797,-0.000001074,0.000000336,0.000000596,-0.000000926,-0.000001081,-2.094395102
1767544120.450566292,59.800000000,-1.714496387,-1.536227917,2.133675480,-0.600330279,1.416454776,2.775162286,-0.000001074,0.000000336,0.000000596,-0.000000926,-0.000001081,-2.094395102
1767544120.550566435,59.900000000,-1.714496513,-1.536227903,2.133675527,-0.600330339,1.416454649,2.565722776,-0.000001283,0.000000121,0.000000462,-0.000000575,-0.000001288,-2.094395102
1767544120.650566339,60.000000000,-1.714496648,-1.536227904,2.133675563,-0.600330375,1.416454514,2.356283266,-0.000001389,-0.000000104,0.000000289,-0.000000178,-0.000001391,-2.094395102
1767544120.750566244,60.100000000,-1.714496787,-1.536227918,2.133675588,-0.600330384,1.416454375,2.146843756,-0.000001382,-0.000000320,0.000000094,0.000000234,-0.000001381,-2.094395102
1767544120.850566387,60.200000000,-1.714496925,-1.536227950,2.133675598,-0.600330361,1.416454237,1.937404245,-0.000001382,-0.000000320,0.000000094,0.000000234,-0.000001381,-2.094395102
1767544120.950566292,60.300000000,-1.714497052,-1.536227998,2.133675590,-0.600330305,1.416454110,1.729101095,-0.000001199,-0.000000484,-0.000000104,0.000000595,-0.000001194,-1.987794955
1767544121.050566435,60.400000000,-1.714497151,-1.536228045,2.133675575,-0.600330242,1.416454012,1.555321599,-0.000000741,-0.000000468,-0.000000216,0.000000688,-0.000000735,-1.487794955
1767544121.150566339,60.500000000,-1.714497212,-1.536228084,2.133675557,-0.600330185,1.416453951,1.431542104,-0.000000492,-0.000000311,-0.000000143,0.000000457,-0.000000488,-0.987794955
1767544121.250566244,60.600000000,-1.714497249,-1.536228107,2.133675546,-0.600330151,1.416453915,1.357762608,-0.000000243,-0.000000154,-0.000000071,0.000000226,-0.000000241,-0.487794955
1767544121.350566387,60.700000000,-1.713934914,-1.533161475,2.130440981,-0.600162933,1.417018389,1.332398924,0.020420669,0.111359733,-0.117457547,0.006071830,0.020498365,-0.030998040
1767544121.450566292,60.800000000,-1.713122617,-1.528731825,2.125768783,-0.599921421,1.417833767,1.352107883,0.000000165,0.000000118,0.000000078,-0.000000251,-0.000000065,0.426059489
1767544121.550566435,60.900000000,-1.713122590,-1.528731806,2.125768796,-0.599921463,1.417833757,1.419713333,0.000000364,0.000000260,0.000000186,-0.000000604,-0.000000127,0.926050441
1767544121.650566339,61.000000000,-1.713122543,-1.528731772,2.125768821,-0.599921546,1.417833743,1.537317940,0.000000579,0.000000411,0.000000325,-0.000001074,-0.000000140,1.426042555
1767544121.750566244,61.100000000,-1.713122458,-1.528731728,2.125768844,-0.599921635,1.417833788,1.704921801,0.000001151,0.000000465,0.000000101,-0.000000574,0.000001148,1.926034433
1767544121.850566387,61.200000000,-1.713122334,-1.528731679,2.125768855,-0.599921695,1.417833912,1.911526109,0.000001370,0.000000316,-0.000000093,-0.000000231,0.000001368,2.094395102
1767544121.950566292,61.300000000,-1.713122197,-1.528731647,2.125768845,-0.599921719,1.417834048,2.120965619,0.000001370,0.000000316,-0.000000093,-0.000000231,0.000001368,2.094395102
1767544122.050566435,61.400000000,-1.713122060,-1.528731630,2.125768823,-0.599921714,1.417834186,2.330405129,0.000001376,0.000000101,-0.000000288,0.000000179,0.000001378,2.094395102
1767544122.150566339,61.500000000,-1.713121925,-1.528731627,2.125768789,-0.599921684,1.417834321,2.539844639,0.000001272,-0.000000122,-0.000000459,0.000000574,0.000001276,2.094395102
1767544122.250566244,61.600000000,-1.713121798,-1.528731639,2.125768743,-0.599921626,1.417834448,2.749284150,0.000001272,-0.000000122,-0.000000459,0.000000574,0.000001276,2.094395102
1767544122.350566387,61.700000000,-1.713121691,-1.528731671,2.125768684,-0.599921536,1.417834556,2.958723660,0.000001064,-0.000000335,-0.000000593,0.000000923,0.000001071,2.094395102
1767544122.450566292,61.800000000,-1.713121601,-1.528731716,2.125768620,-0.599921428,1.417834647,3.168163170,0.000000770,-0.000000521,-0.000000679,0.000001197,0.000000780,2.094395102
1767544122.550566435,61.900000000,-1.713121532,-1.528731771,2.125768551,-0.599921304,1.417834717,3.377602680,0.000000413,-0.000000665,-0.000000710,0.000001374,0.000000425,2.094395102
1767544122.650566339,62.000000000,-1.713121491,-1.528731838,2.125768480,-0.599921167,1.417834759,3.587042191,0.000000413,-0.000000665,-0.000000710,0.000001374,0.000000425,2.094395102
1767544122.750566244,62.100000000,-1.713121483,-1.528731911,2.125768412,-0.599921025,1.417834768,3.795138797,0.000000022,-0.000000714,-0.000000646,0.000001360,0.000000034,1.978511387
1767544122.850566387,62.200000000,-1.713121493,-1.528731975,2.125768358,-0.599920908,1.417834759,3.967989936,-0.000000260,-0.000000554,-0.000000425,0.000000980,-0.000000252,1.478511387
1767544122.950566292,62.300000000,-1.713121515,-1.528732021,2.125768322,-0.599920826,1.417834738,4.090841074,-0.000000172,-0.000000366,-0.000000281,0.000000649,-0.000000167,0.978511387
1767544123.050566435,62.400000000,-1.713121528,-1.528732048,2.125768302,-0.599920778,1.417834726,4.163692213,-0.000000084,-0.000000179,-0.000000138,0.000000317,-0.000000081,0.478511387
1767544123.150566339,62.500000000,-1.712538772,-1.525512201,2.122340928,-0.599713987,1.418419864,4.188209072,0.020104826,0.111082886,-0.118241875,0.007133594,0.020187033,0.022104058
1767544123.250566244,62.600000000,-1.711771947,-1.521275355,2.117831045,-0.599441924,1.419189815,4.167734897,0.000000042,0.000000153,0.000000166,-0.000000437,-0.000000166,-0.434057408
1767544123.350566387,62.700000000,-1.711771941,-1.521275331,2.117831071,-0.599441991,1.419189787,4.099329653,0.000000083,0.000000326,0.000000344,-0.000000887,-0.000000385,-0.934048564
1767544123.450566292,62.800000000,-1.711771931,-1.521275290,2.117831113,-0.599442097,1.419189736,3.980925243,0.000000109,0.000000489,0.000000490,-0.000001218,-0.000000644,-1.434040709
1767544123.550566435,62.900000000,-1.711771926,-1.521275232,2.117831168,-0.599442222,1.419189699,3.812521579,-0.000000022,0.000000694,0.000000628,-0.000001320,-0.000000033,-1.934032593
1767544123.650566339,63.000000000,-1.711771931,-1.521275158,2.117831235,-0.599442363,1.419189693,3.605654353,-0.000000410,0.000000662,0.000000707,-0.000001367,-0.000000421,-2.094395102
1767544123.750566244,63.100000000,-1.711771972,-1.521275092,2.117831306,-0.599442500,1.419189651,3.396214843,-0.000000410,0.000000662,0.000000707,-0.000001367,-0.000000421,-2.094395102
1767544123.850566387,63.200000000,-1.711772037,-1.521275035,2.117831374,-0.599442624,1.419189585,3.186775332,-0.000000763,0.000000519,0.000000676,-0.000001191,-0.000000773,-2.094395102
1767544123.950566292,63.300000000,-1.711772123,-1.521274989,2.117831439,-0.599442735,1.419189498,2.977335822,-0.000001054,0.000000334,0.000000590,-0.000000919,-0.000001062,-2.094395102
1767544124.050566435,63.400000000,-1.711772228,-1.521274956,2.117831498,-0.599442827,1.419189392,2.767896312,-0.000001054,0.000000334,0.000000590,-0.000000919,-0.000001062,-2.094395102
1767544124.150566339,63.500000000,-1.711772354,-1.521274943,2.117831545,-0.599442885,1.419189266,2.558456802,-0.000001260,0.000000123,0.000000457,-0.000000572,-0.000001265,-2.094395102
1767544124.250566244,63.600000000,-1.711772486,-1.521274944,2.117831580,-0.599442919,1.419189133,2.349017291,-0.000001364,-0.000000099,0.000000287,-0.000000179,-0.000001365,-2.094395102
1767544124.350566387,63.700000000,-1.711772622,-1.521274959,2.117831604,-0.599442927,1.419188997,2.139577781,-0.000001357,-0.000000313,0.000000093,0.000000228,-0.000001355,-2.094395102
1767544124.450566292,63.800000000,-1.711772758,-1.521274990,2.117831613,-0.599442904,1.419188862,1.930138271,-0.000001357,-0.000000313,0.000000093,0.000000228,-0.000001355,-2.094395102
1767544124.550566435,63.900000000,-1.711772882,-1.521275038,2.117831605,-0.599442848,1.419188737,1.722134197,-0.000001169,-0.000000473,-0.000000102,0.000000582,-0.000001165,-1.974585439
1767544124.650566339,64.000000000,-1.711772978,-1.521275084,2.117831590,-0.599442786,1.419188643,1.549675653,-0.000000720,-0.000000457,-0.000000212,0.000000673,-0.000000715,-1.474585439
1767544124.750566244,64.100000000,-1.711773037,-1.521275122,2.117831572,-0.599442730,1.419188583,1.427217109,-0.000000476,-0.000000302,-0.000000140,0.000000445,-0.000000473,-0.974585439
1767544124.850566387,64.200000000,-1.711773073,-1.521275144,2.117831562,-0.599442697,1.419188548,1.354758565,-0.000000232,-0.000000147,-0.000000068,0.000000217,-0.000000230,-0.474585439
1767544124.945483446,64.294917087,-1.711773084,-1.521275151,2.117831559,-0.599442687,1.419188537,1.332235431,0.000000000,0.000000000,0.000000000,-0.000000000,0.000000000,0.000000000
