timestamp_absolute,timestamp_relative,shoulder_pan_joint_pos,shoulder_lift_joint_pos,elbow_joint_pos,wrist_1_joint_pos,wrist_2_joint_pos,wrist_3_joint_pos,shoulder_pan_joint_vel,shoulder_lift_joint_vel,elbow_joint_vel,wrist_1_joint_vel,wrist_2_joint_vel,wrist_3_joint_vel
1770058527.251577854,0.000000000,-2.088940922,-0.496965233,0.889020026,-0.364024941,0.962037027,1.558084965,0.000000000,-0.000000000,0.000000000,-0.000000000,0.000000000,0.000000000
1770058527.351577759,0.100000000,-2.087717016,-0.511177076,0.914019752,-0.376116638,0.963375026,1.581470191,0.024755563,-0.284635019,0.499971238,-0.241549901,0.027182445,0.470748452
1770058527.451577902,0.200000000,-2.083817057,-0.553482914,0.987677511,-0.411449881,0.967766080,1.653541257,0.054033878,-0.554260709,0.956346159,-0.455236367,0.062243672,0.970830069
1770058527.551577806,0.300000000,-2.076689582,-0.620501938,1.101586915,-0.464897497,0.976258058,1.775641713,0.089984525,-0.779120501,1.303654352,-0.601808138,0.110364904,1.471175905
1770058527.651577950,0.400000000,-2.065432279,-0.708156951,1.245023456,-0.529359267,0.990526230,1.947775376,0.137649055,-0.969913907,1.550071108,-0.674958808,0.179115841,1.971487388
1770058527.751577854,0.500000000,-2.049688763,-0.807406596,1.398990073,-0.593363401,1.011472843,2.155704620,0.171648974,-0.974525660,1.464162089,-0.575382960,0.232047763,2.094395351
1770058527.851577759,0.600000000,-2.031042857,-0.903216332,1.538045691,-0.644284069,1.036877101,2.365144144,0.202191100,-0.945229792,1.321782415,-0.443808800,0.276484776,2.094395277
1770058527.951577902,0.700000000,-2.009046432,-0.997048448,1.664054482,-0.682156651,1.066869441,2.574583666,0.238879751,-0.933926911,1.200873379,-0.313294486,0.323936292,2.094395159
1770058528.051577806,0.800000000,-1.983003890,-1.090430304,1.778541225,-0.706789623,1.101805478,2.784023186,0.283415231,-0.935471472,1.089768016,-0.178392006,0.375588372,2.094395199
1770058528.151577950,0.900000000,-1.952037306,-1.184425927,1.882071539,-0.717611065,1.142180080,2.993462710,0.337778165,-0.945501164,0.980616592,-0.036831495,0.433072088,2.094395116
1770058528.251577854,1.000000000,-1.917235484,-1.274410659,1.969771374,-0.714521781,1.185977514,3.191448331,0.349066076,-0.835116362,0.761460703,0.089770732,0.431311584,1.824881662
1770058528.351577759,1.100000000,-1.882328722,-1.352266810,2.036517796,-0.701267109,1.228378579,3.360680467,0.349066076,-0.726292388,0.583084052,0.168962467,0.417084117,1.571422809
1770058528.451577902,1.200000000,-1.847422122,-1.420352745,2.087941311,-0.681757198,1.269468593,3.507658645,0.349065864,-0.638267159,0.451750823,0.217120814,0.405084666,1.376261475
1770058528.551577806,1.300000000,-1.812515525,-1.480389040,2.127922213,-0.658519756,1.309463455,3.637298438,0.349065985,-0.564478810,0.352265985,0.244911429,0.395130194,1.222367370
1770058528.651577950,1.400000000,-1.777608931,-1.533582661,2.159136929,-0.633236696,1.348551369,3.753122601,0.349065961,-0.500906708,0.275186641,0.258913038,0.386891187,1.098438905
1770058528.751577854,1.500000000,-1.746917544,-1.575422668,2.180874924,-0.610225923,1.382295075,3.845633488,0.236976116,-0.306654553,0.150102089,0.178876116,0.258543322,0.684602640
1770058528.851577759,1.600000000,-1.731569394,-1.594783239,2.190078198,-0.598629329,1.398980597,3.889092027,0.066397999,-0.081790717,0.037801970,0.050187371,0.071951730,0.184572938
1770058528.951577902,1.700000000,-1.726539247,-1.600979494,2.192941989,-0.594827272,1.404431481,3.883214919,-0.000000024,0.000000121,0.000000093,-0.000000215,-0.000000026,-0.294800505
1770058529.051577806,1.800000000,-1.726539251,-1.600979472,2.192942006,-0.594827311,1.404431476,3.828735311,-0.000000066,0.000000327,0.000000250,-0.000000578,-0.000000071,-0.794793252
1770058529.151577950,1.900000000,-1.726539260,-1.600979429,2.192942039,-0.594827387,1.404431467,3.724256303,-0.000000108,0.000000533,0.000000407,-0.000000942,-0.000000115,-1.294786793
1770058529.251577854,2.000000000,-1.726539279,-1.600979369,2.192942089,-0.594827498,1.404431447,3.569777929,-0.000000386,0.000000586,0.000000642,-0.000001227,-0.000000396,-1.794780266
1770058529.351577759,2.100000000,-1.726539322,-1.600979304,2.192942161,-0.594827635,1.404431403,3.369316003,-0.000000451,0.000000684,0.000000749,-0.000001432,-0.000000462,-2.094395102
1770058529.451577902,2.200000000,-1.726539399,-1.600979248,2.192942233,-0.594827762,1.404431325,3.159876493,-0.000000840,0.000000529,0.000000716,-0.000001241,-0.000000850,-2.094395102
1770058529.551577806,2.300000000,-1.726539498,-1.600979204,2.192942301,-0.594827873,1.404431225,2.950436983,-0.000001160,0.000000331,0.000000625,-0.000000950,-0.000001168,-2.094395102
1770058529.651577950,2.400000000,-1.726539616,-1.600979173,2.192942362,-0.594827965,1.404431106,2.740997473,-0.000001387,0.000000107,0.000000483,-0.000000582,-0.000001392,-2.094395102
1770058529.751577854,2.500000000,-1.726539755,-1.600979162,2.192942410,-0.594828023,1.404430967,2.531557963,-0.000001387,0.000000107,0.000000483,-0.000000582,-0.000001392,-2.094395102
1770058529.851577759,2.600000000,-1.726539902,-1.600979169,2.192942445,-0.594828051,1.404430820,2.322118452,-0.000001502,-0.000000127,0.000000302,-0.000000167,-0.000001503,-2.094395102
1770058529.951577902,2.700000000,-1.726540052,-1.600979190,2.192942468,-0.594828052,1.404430670,2.112678942,-0.000001494,-0.000000350,0.000000097,0.000000261,-0.000001493,-2.094395102
1770058530.051577806,2.800000000,-1.726540201,-1.600979225,2.192942477,-0.594828026,1.404430521,1.903239432,-0.000001366,-0.000000545,-0.000000117,0.000000669,-0.000001361,-2.094395102
1770058530.151577950,2.900000000,-1.726540336,-1.600979278,2.192942466,-0.594827960,1.404430387,1.697367953,-0.000001243,-0.000000495,-0.000000106,0.000000608,-0.000001238,-1.905502782
1770058530.251577854,3.000000000,-1.726540434,-1.600979328,2.192942448,-0.594827892,1.404430289,1.531817675,-0.000000756,-0.000000467,-0.000000215,0.000000686,-0.000000751,-1.405502782
1770058530.351577759,3.100000000,-1.726540496,-1.600979366,2.192942431,-0.594827836,1.404430227,1.416267396,-0.000000487,-0.000000301,-0.000000139,0.000000442,-0.000000484,-0.905502782
1770058530.451577902,3.200000000,-1.726540531,-1.600979388,2.192942421,-0.594827804,1.404430192,1.350717118,-0.000000218,-0.000000135,-0.000000062,0.000000198,-0.000000217,-0.405502782
1770058530.551577806,3.300000000,-1.725484837,-1.595796914,2.187910512,-0.594979808,1.405487599,1.332933796,0.022985692,0.112837287,-0.109558855,-0.003309786,0.023022945,0.053022114
1770058530.651577950,3.400000000,-1.724936316,-1.593104256,2.185296100,-0.595058807,1.406036994,1.360464144,0.000000208,0.000000147,0.000000100,-0.000000322,-0.000000097,0.511885337
1770058530.751577854,3.500000000,-1.724936284,-1.593104233,2.185296116,-0.595058859,1.406036981,1.436652221,0.000000422,0.000000297,0.000000225,-0.000000736,-0.000000162,1.011876607
1770058530.851577759,3.600000000,-1.724936231,-1.593104196,2.185296145,-0.595058957,1.406036963,1.562839530,0.000000657,0.000000458,0.000000381,-0.000001266,-0.000000169,1.511869462
1770058530.951577902,3.700000000,-1.724936128,-1.593104148,2.185296166,-0.595059042,1.406037035,1.739026066,0.000001299,0.000000518,0.000000112,-0.000000639,0.000001295,2.011861245
1770058531.051577806,3.800000000,-1.724935991,-1.593104098,2.185296173,-0.595059100,1.406037172,1.947783767,0.000001479,0.000000346,-0.000000096,-0.000000258,0.000001478,2.094395102
1770058531.151577950,3.900000000,-1.724935843,-1.593104064,2.185296164,-0.595059126,1.406037320,2.157223277,0.000001479,0.000000346,-0.000000096,-0.000000258,0.000001478,2.094395102
1770058531.251577854,4.000000000,-1.724935694,-1.593104048,2.185296137,-0.595059116,1.406037468,2.366662788,0.000001487,0.000000124,-0.000000300,0.000000169,0.000001488,2.094395102
1770058531.351577759,4.100000000,-1.724935551,-1.593104047,2.185296098,-0.595059079,1.406037612,2.576102298,0.000001373,-0.000000108,-0.000000480,0.000000582,0.000001378,2.094395102
1770058531.451577902,4.200000000,-1.724935417,-1.593104060,2.185296049,-0.595059016,1.406037747,2.785541808,0.000001149,-0.000000332,-0.000000622,0.000000947,0.000001157,2.094395102
1770058531.551577806,4.300000000,-1.724935302,-1.593104093,2.185295986,-0.595058922,1.406037863,2.994981318,0.000001149,-0.000000332,-0.000000622,0.000000947,0.000001157,2.094395102
1770058531.651577950,4.400000000,-1.724935211,-1.593104141,2.185295917,-0.595058805,1.406037955,3.204420829,0.000000831,-0.000000528,-0.000000712,0.000001236,0.000000841,2.094395102
1770058531.751577854,4.500000000,-1.724935143,-1.593104200,2.185295845,-0.595058674,1.406038024,3.413860339,0.000000446,-0.000000682,-0.000000745,0.000001425,0.000000458,2.094395102
1770058531.851577759,4.600000000,-1.724935099,-1.593104269,2.185295770,-0.595058531,1.406038068,3.623299849,0.000000025,-0.000000780,-0.000000718,0.000001498,0.000000037,2.094395102
1770058531.951577902,4.700000000,-1.724935097,-1.593104345,2.185295700,-0.595058385,1.406038072,3.828682522,0.000000023,-0.000000705,-0.000000649,0.000001354,0.000000034,1.892979189
1770058532.051577806,4.800000000,-1.724935113,-1.593104408,2.185295647,-0.595058269,1.406038057,3.992980441,-0.000000265,-0.000000542,-0.000000421,0.000000964,-0.000000257,1.392979189
1770058532.151577950,4.900000000,-1.724935135,-1.593104452,2.185295613,-0.595058190,1.406038036,4.107278360,-0.000000170,-0.000000348,-0.000000270,0.000000618,-0.000000165,0.892979189
1770058532.251577854,5.000000000,-1.724935147,-1.593104477,2.185295593,-0.595058145,1.406038024,4.171576279,-0.000000075,-0.000000153,-0.000000119,0.000000272,-0.000000072,0.392979189
1770058532.351577759,5.100000000,-1.723846728,-1.587688234,2.179981644,-0.595161914,1.407128475,4.188170650,0.022143125,0.110189499,-0.108108106,-0.002111403,0.022184427,-0.066081145
1770058532.451577902,5.200000000,-1.723362698,-1.585279587,2.177618517,-0.595208097,1.407613393,4.159404573,0.000000051,0.000000190,0.000000214,-0.000000564,-0.000000226,-0.525373534
1770058532.551577806,5.300000000,-1.723362691,-1.585279560,2.177618547,-0.595208176,1.407613357,4.081867839,0.000000085,0.000000365,0.000000394,-0.000001008,-0.000000487,-1.025363420
1770058532.651577950,5.400000000,-1.723362681,-1.585279515,2.177618594,-0.595208295,1.407613294,3.954331867,0.000000104,0.000000530,0.000000540,-0.000001328,-0.000000786,-1.525356303
1770058532.751577854,5.500000000,-1.723362680,-1.585279450,2.177618655,-0.595208428,1.407613265,3.776796668,-0.000000024,0.000000750,0.000000690,-0.000001439,-0.000000036,-2.025347970
1770058532.851577759,5.600000000,-1.723362692,-1.585279375,2.177618727,-0.595208575,1.407613252,3.567834527,-0.000000442,0.000000679,0.000000741,-0.000001418,-0.000000453,-2.094395102
1770058532.951577902,5.700000000,-1.723362736,-1.585279307,2.177618801,-0.595208717,1.407613206,3.358395017,-0.000000442,0.000000679,0.000000741,-0.000001418,-0.000000453,-2.094395102
1770058533.051577806,5.800000000,-1.723362814,-1.585279253,2.177618872,-0.595208842,1.407613128,3.148955507,-0.000000823,0.000000526,0.000000709,-0.000001231,-0.000000833,-2.094395102
1770058533.151577950,5.900000000,-1.723362912,-1.585279210,2.177618939,-0.595208951,1.407613029,2.939515996,-0.000001137,0.000000332,0.000000618,-0.000000944,-0.000001145,-2.094395102
1770058533.251577854,6.000000000,-1.723363029,-1.585279180,2.177618999,-0.595209040,1.407612911,2.730076486,-0.000001360,0.000000110,0.000000478,-0.000000581,-0.000001365,-2.094395102
1770058533.351577759,6.100000000,-1.723363165,-1.585279169,2.177619046,-0.595209098,1.407612775,2.520636976,-0.000001360,0.000000110,0.000000478,-0.000000581,-0.000001365,-2.094395102
1770058533.451577902,6.200000000,-1.723363310,-1.585279176,2.177619080,-0.595209124,1.407612630,2.311197466,-0.000001472,-0.000000121,0.000000299,-0.000000170,-0.000001473,-2.094395102
1770058533.551577806,6.300000000,-1.723363456,-1.585279197,2.177619101,-0.595209123,1.407612483,2.101757955,-0.000001465,-0.000000342,0.000000095,0.000000254,-0.000001463,-2.094395102
1770058533.651577950,6.400000000,-1.723363602,-1.585279232,2.177619110,-0.595209095,1.407612337,1.892318445,-0.000001339,-0.000000535,-0.000000116,0.000000658,-0.000001334,-2.094395102
1770058533.751577854,6.500000000,-1.723363733,-1.585279285,2.177619099,-0.595209031,1.407612207,1.687486561,-0.000001202,-0.000000480,-0.000000104,0.000000590,-0.000001197,-1.879741302
1770058533.851577759,6.600000000,-1.723363827,-1.585279333,2.177619081,-0.595208964,1.407612113,1.524512431,-0.000000728,-0.000000451,-0.000000209,0.000000664,-0.000000722,-1.379741302
1770058533.951577902,6.700000000,-1.723363886,-1.585279370,2.177619063,-0.595208910,1.407612054,1.411538300,-0.000000464,-0.000000288,-0.000000133,0.000000423,-0.000000461,-0.879741302
1770058534.051577806,6.800000000,-1.723363920,-1.585279391,2.177619054,-0.595208880,1.407612021,1.348564170,-0.000000200,-0.000000124,-0.000000058,0.000000183,-0.000000199,-0.379741302
1770058534.151577950,6.900000000,-1.722232637,-1.579573225,2.171962995,-0.595260508,1.408745698,1.333201949,0.020975945,0.105801423,-0.104872185,-0.000957462,0.021020288,0.079878224
1770058534.251577854,7.000000000,-1.721822179,-1.577502947,2.169910914,-0.595279261,1.409157007,1.363284003,0.000000217,0.000000153,0.000000104,-0.000000334,-0.000000097,0.539928718
1770058534.351577759,7.100000000,-1.721822147,-1.577502924,2.169910930,-0.595279315,1.409156994,1.442276351,0.000000428,0.000000302,0.000000228,-0.000000742,-0.000000158,1.039919845
1770058534.451577902,7.200000000,-1.721822092,-1.577502886,2.169910960,-0.595279414,1.409156977,1.571267944,0.000000659,0.000000460,0.000000381,-0.000001265,-0.000000164,1.539912722
1770058534.551577806,7.300000000,-1.721821989,-1.577502839,2.169910979,-0.595279494,1.409157056,1.750258760,0.000001292,0.000000516,0.000000112,-0.000000638,0.000001288,2.039904318
1770058534.651577950,7.400000000,-1.721821853,-1.577502791,2.169910985,-0.595279549,1.409157192,1.959400727,0.000001450,0.000000338,-0.000000095,-0.000000251,0.000001448,2.094395102
1770058534.751577854,7.500000000,-1.721821708,-1.577502757,2.169910976,-0.595279574,1.409157336,2.168840237,0.000001450,0.000000338,-0.000000095,-0.000000251,0.000001448,2.094395102
1770058534.851577759,7.600000000,-1.721821562,-1.577502743,2.169910948,-0.595279561,1.409157482,2.378279747,0.000001457,0.000000118,-0.000000297,0.000000171,0.000001459,2.094395102
1770058534.951577902,7.700000000,-1.721821422,-1.577502744,2.169910909,-0.595279522,1.409157622,2.587719257,0.000001346,-0.000000111,-0.000000475,0.000000580,0.000001351,2.094395102
1770058535.051577806,7.800000000,-1.721821292,-1.577502759,2.169910859,-0.595279457,1.409157754,2.797158768,0.000001126,-0.000000332,-0.000000615,0.000000941,0.000001134,2.094395102
1770058535.151577950,7.900000000,-1.721821179,-1.577502792,2.169910797,-0.595279363,1.409157867,3.006598278,0.000001126,-0.000000332,-0.000000615,0.000000941,0.000001134,2.094395102
1770058535.251577854,8.000000000,-1.721821092,-1.577502841,2.169910728,-0.595279246,1.409157955,3.216037788,0.000000815,-0.000000525,-0.000000705,0.000001226,0.000000825,2.094395102
1770058535.351577759,8.100000000,-1.721821027,-1.577502900,2.169910657,-0.595279115,1.409158021,3.425477298,0.000000438,-0.000000676,-0.000000738,0.000001411,0.000000449,2.094395102
1770058535.451577902,8.200000000,-1.721820987,-1.577502968,2.169910583,-0.595278974,1.409158063,3.634916809,0.000000025,-0.000000772,-0.000000711,0.000001483,0.000000037,2.094395102
1770058535.551577806,8.300000000,-1.721820984,-1.577503044,2.169910514,-0.595278829,1.409158066,3.839099427,0.000000022,-0.000000687,-0.000000633,0.000001320,0.000000033,1.865115973
1770058535.651577950,8.400000000,-1.721821002,-1.577503105,2.169910463,-0.595278717,1.409158050,4.000611024,-0.000000254,-0.000000525,-0.000000408,0.000000935,-0.000000247,1.365115973
1770058535.751577854,8.500000000,-1.721821023,-1.577503148,2.169910430,-0.595278641,1.409158029,4.112122621,-0.000000161,-0.000000333,-0.000000259,0.000000592,-0.000000156,0.865115973
1770058535.851577759,8.600000000,-1.721821034,-1.577503171,2.169910411,-0.595278599,1.409158018,4.173634219,-0.000000068,-0.000000140,-0.000000109,0.000000250,-0.000000066,0.365115973
1770058535.951577902,8.700000000,-1.720655038,-1.571542225,2.163941927,-0.595272618,1.410326778,4.187616921,0.019832568,0.101390253,-0.101518241,0.000101471,0.019879531,-0.094862684
1770058536.051577806,8.800000000,-1.720309180,-1.569774099,2.162171591,-0.595270880,1.410673439,4.156126813,0.000000051,0.000000198,0.000000218,-0.000000566,-0.000000243,-0.555201599
1770058536.151577950,8.900000000,-1.720309173,-1.569774070,2.162171622,-0.595270960,1.410673403,4.075606900,0.000000088,0.000000372,0.000000400,-0.000001020,-0.000000488,-1.055195799
1770058536.251577854,9.000000000,-1.720309163,-1.569774025,2.162171670,-0.595271079,1.410673340,3.945087732,0.000000108,0.000000536,0.000000543,-0.000001334,-0.000000778,-1.555188703
1770058536.351577759,9.100000000,-1.720309162,-1.569773960,2.162171731,-0.595271211,1.410673316,3.764569343,-0.000000024,0.000000754,0.000000693,-0.000001445,-0.000000036,-2.055180295
1770058536.451577902,9.200000000,-1.720309176,-1.569773886,2.162171802,-0.595271356,1.410673301,3.555284225,-0.000000433,0.000000673,0.000000734,-0.000001405,-0.000000445,-2.094395102
1770058536.551577806,9.300000000,-1.720309220,-1.569773818,2.162171876,-0.595271497,1.410673256,3.345844714,-0.000000433,0.000000673,0.000000734,-0.000001405,-0.000000445,-2.094395102
1770058536.651577950,9.400000000,-1.720309298,-1.569773765,2.162171946,-0.595271620,1.410673177,3.136405204,-0.000000807,0.000000523,0.000000701,-0.000001220,-0.000000817,-2.094395102
1770058536.751577854,9.500000000,-1.720309396,-1.569773724,2.162172011,-0.595271726,1.410673078,2.926965694,-0.000001115,0.000000332,0.000000612,-0.000000937,-0.000001123,-2.094395102
1770058536.851577759,9.600000000,-1.720309512,-1.569773695,2.162172069,-0.595271812,1.410672961,2.717526184,-0.000001333,0.000000113,0.000000473,-0.000000578,-0.000001338,-2.094395102
1770058536.951577902,9.700000000,-1.720309646,-1.569773684,2.162172117,-0.595271870,1.410672827,2.508086673,-0.000001333,0.000000113,0.000000473,-0.000000578,-0.000001338,-2.094395102
1770058537.051577806,9.800000000,-1.720309788,-1.569773692,2.162172149,-0.595271894,1.410672685,2.298647163,-0.000001443,-0.000000115,0.000000296,-0.000000173,-0.000001445,-2.094395102
1770058537.151577950,9.900000000,-1.720309932,-1.569773713,2.162172169,-0.595271891,1.410672541,2.089207653,-0.000001436,-0.000000334,0.000000094,0.000000247,-0.000001434,-2.094395102
1770058537.251577854,10.000000000,-1.720310074,-1.569773749,2.162172176,-0.595271862,1.410672399,1.879768143,-0.000001313,-0.000000525,-0.000000114,0.000000647,-0.000001308,-2.094395102
1770058537.351577759,10.100000000,-1.720310202,-1.569773800,2.162172165,-0.595271799,1.410672272,1.676302414,-0.000001160,-0.000000464,-0.000000101,0.000000571,-0.000001155,-1.849981906
1770058537.451577902,10.200000000,-1.720310291,-1.569773847,2.162172146,-0.595271733,1.410672183,1.516304223,-0.000000698,-0.000000435,-0.000000202,0.000000641,-0.000000693,-1.349981906
1770058537.551577806,10.300000000,-1.720310348,-1.569773883,2.162172130,-0.595271681,1.410672126,1.406306033,-0.000000440,-0.000000274,-0.000000127,0.000000404,-0.000000436,-0.849981906
1770058537.651577950,10.400000000,-1.720310379,-1.569773902,2.162172121,-0.595271652,1.410672096,1.346307842,-0.000000181,-0.000000113,-0.000000052,0.000000166,-0.000000180,-0.349981906
1770058537.751577854,10.500000000,-1.719107454,-1.563541285,2.155869390,-0.595203134,1.411878183,1.333670823,0.018393931,0.095302299,-0.096374255,0.001047546,0.018442234,0.109306192
1770058537.851577759,10.600000000,-1.718827429,-1.562090484,2.154402285,-0.595187206,1.412158925,1.366445880,0.000000228,0.000000161,0.000000114,-0.000000368,-0.000000092,0.569202009
1770058537.951577902,10.700000000,-1.718827396,-1.562090460,2.154402302,-0.595187261,1.412158913,1.448365816,0.000000434,0.000000306,0.000000230,-0.000000749,-0.000000155,1.069196110
1770058538.051577806,10.800000000,-1.718827342,-1.562090422,2.154402332,-0.595187361,1.412158897,1.580284994,0.000000662,0.000000463,0.000000382,-0.000001265,-0.000000158,1.569188985
1770058538.151577950,10.900000000,-1.718827236,-1.562090375,2.154402350,-0.595187437,1.412158982,1.762203387,0.000001285,0.000000514,0.000000113,-0.000000636,0.000001281,2.069180581
1770058538.251577854,11.000000000,-1.718827102,-1.562090329,2.154402354,-0.595187488,1.412159116,1.971578701,0.000001422,0.000000330,-0.000000094,-0.000000244,0.000001420,2.094395102
1770058538.351577759,11.100000000,-1.718826960,-1.562090296,2.154402345,-0.595187513,1.412159258,2.181018211,0.000001422,0.000000330,-0.000000094,-0.000000244,0.000001420,2.094395102
1770058538.451577902,11.200000000,-1.718826817,-1.562090284,2.154402316,-0.595187497,1.412159401,2.390457721,0.000001429,0.000000112,-0.000000294,0.000000174,0.000001431,2.094395102
1770058538.551577806,11.300000000,-1.718826681,-1.562090286,2.154402276,-0.595187455,1.412159538,2.599897231,0.000001320,-0.000000114,-0.000000470,0.000000577,0.000001325,2.094395102
1770058538.651577950,11.400000000,-1.718826554,-1.562090303,2.154402226,-0.595187389,1.412159665,2.809336742,0.000001105,-0.000000331,-0.000000609,0.000000934,0.000001112,2.094395102
1770058538.751577854,11.500000000,-1.718826443,-1.562090336,2.154402165,-0.595187296,1.412159777,3.018776252,0.000001105,-0.000000331,-0.000000609,0.000000934,0.000001112,2.094395102
1770058538.851577759,11.600000000,-1.718826359,-1.562090385,2.154402097,-0.595187178,1.412159862,3.228215762,0.000000799,-0.000000522,-0.000000698,0.000001215,0.000000809,2.094395102
1770058538.951577902,11.700000000,-1.718826298,-1.562090445,2.154402025,-0.595187047,1.412159924,3.437655272,0.000000429,-0.000000670,-0.000000730,0.000001398,0.000000441,2.094395102
1770058539.051577806,11.800000000,-1.718826261,-1.562090513,2.154401953,-0.595186907,1.412159962,3.647094783,0.000000024,-0.000000764,-0.000000703,0.000001467,0.000000036,2.094395102
1770058539.151577950,11.900000000,-1.718826259,-1.562090587,2.154401885,-0.595186765,1.412159966,3.849843901,0.000000021,-0.000000670,-0.000000616,0.000001286,0.000000032,1.835737191
1770058539.251577854,12.000000000,-1.718826277,-1.562090647,2.154401836,-0.595186656,1.412159948,4.008417620,-0.000000244,-0.000000508,-0.000000395,0.000000904,-0.000000237,1.335737191
1770058539.351577759,12.100000000,-1.718826297,-1.562090688,2.154401804,-0.595186582,1.412159929,4.116991339,-0.000000153,-0.000000318,-0.000000247,0.000000566,-0.000000148,0.835737191
1770058539.451577902,12.200000000,-1.718826308,-1.562090710,2.154401786,-0.595186543,1.412159918,4.175565058,-0.000000061,-0.000000128,-0.000000099,0.000000227,-0.000000059,0.335737191
1770058539.551577806,12.300000000,-1.717601763,-1.555660918,2.147835852,-0.595052014,1.413388005,4.186915919,0.017118476,0.089884934,-0.091787927,0.001880412,0.017167943,-0.122847903
1770058539.651577950,12.400000000,-1.717371513,-1.554451936,2.146601298,-0.595026755,1.413618904,4.152952029,0.000000054,0.000000206,0.000000226,-0.000000584,-0.000000248,-0.581993776
1770058539.751577854,12.500000000,-1.717371506,-1.554451907,2.146601330,-0.595026837,1.413618868,4.069752931,0.000000091,0.000000378,0.000000405,-0.000001030,-0.000000486,-1.081987900
1770058539.851577759,12.600000000,-1.717371496,-1.554451861,2.146601377,-0.595026955,1.413618805,3.936554592,0.000000112,0.000000540,0.000000546,-0.000001337,-0.000000769,-1.581980781
1770058539.951577902,12.700000000,-1.717371495,-1.554451795,2.146601439,-0.595027087,1.413618786,3.753357041,-0.000000024,0.000000755,0.000000695,-0.000001448,-0.000000037,-2.081972377
1770058540.051577806,12.800000000,-1.717371512,-1.554451722,2.146601510,-0.595027230,1.413618768,3.543933581,-0.000000425,0.000000667,0.000000726,-0.000001391,-0.000000437,-2.094395102
1770058540.151577950,12.900000000,-1.717371554,-1.554451655,2.146601582,-0.595027369,1.413618724,3.334494071,-0.000000425,0.000000667,0.000000726,-0.000001391,-0.000000437,-2.094395102
1770058540.251577854,13.000000000,-1.717371633,-1.554451603,2.146601652,-0.595027491,1.413618645,3.125054561,-0.000000792,0.000000520,0.000000694,-0.000001210,-0.000000802,-2.094395102
1770058540.351577759,13.100000000,-1.717371731,-1.554451563,2.146601715,-0.595027594,1.413618546,2.915615050,-0.000001094,0.000000331,0.000000606,-0.000000931,-0.000001102,-2.094395102
1770058540.451577902,13.200000000,-1.717371846,-1.554451536,2.146601772,-0.595027678,1.413618430,2.706175540,-0.000001308,0.000000115,0.000000468,-0.000000576,-0.000001313,-2.094395102
1770058540.551577806,13.300000000,-1.717371977,-1.554451524,2.146601819,-0.595027736,1.413618299,2.496736030,-0.000001308,0.000000115,0.000000468,-0.000000576,-0.000001313,-2.094395102
1770058540.651577950,13.400000000,-1.717372117,-1.554451533,2.146601850,-0.595027757,1.413618158,2.287296520,-0.000001416,-0.000000110,0.000000293,-0.000000175,-0.000001417,-2.094395102
1770058540.751577854,13.500000000,-1.717372258,-1.554451555,2.146601869,-0.595027753,1.413618017,2.077857009,-0.000001409,-0.000000326,0.000000093,0.000000241,-0.000001407,-2.094395102
1770058540.851577759,13.600000000,-1.717372397,-1.554451591,2.146601875,-0.595027722,1.413617879,1.868417499,-0.000001288,-0.000000516,-0.000000113,0.000000637,-0.000001283,-2.094395102
1770058540.951577902,13.700000000,-1.717372521,-1.554451641,2.146601864,-0.595027661,1.413617755,1.666343077,-0.000001121,-0.000000449,-0.000000099,0.000000554,-0.000001116,-1.823008141
1770058541.051577806,13.800000000,-1.717372606,-1.554451687,2.146601845,-0.595027595,1.413617670,1.509042263,-0.000000671,-0.000000419,-0.000000196,0.000000620,-0.000000666,-1.323008141
1770058541.151577950,13.900000000,-1.717372661,-1.554451721,2.146601829,-0.595027545,1.413617616,1.401741449,-0.000000418,-0.000000261,-0.000000122,0.000000385,-0.000000414,-0.823008141
1770058541.251577854,14.000000000,-1.717372690,-1.554451739,2.146601821,-0.595027518,1.413617587,1.344440635,-0.000000164,-0.000000102,-0.000000048,0.000000151,-0.000000163,-0.323008141
1770058541.351577759,14.100000000,-1.716128146,-1.547829671,2.139774227,-0.594823620,1.414866066,1.334209173,0.015649628,0.083269243,-0.085853497,0.002563770,0.015699038,0.134896788
1770058541.451577902,14.200000000,-1.715945136,-1.546855963,2.138770316,-0.594793661,1.415049635,1.369237345,0.000000234,0.000000166,0.000000117,-0.000000377,-0.000000092,0.593653568
1770058541.551577806,14.300000000,-1.715945103,-1.546855940,2.138770334,-0.594793717,1.415049622,1.453602407,0.000000438,0.000000310,0.000000232,-0.000000753,-0.000000151,1.093647614
1770058541.651577950,14.400000000,-1.715945048,-1.546855901,2.138770365,-0.594793818,1.415049607,1.587966697,0.000000669,0.000000468,0.000000392,-0.000001300,-0.000000131,1.593638681
1770058541.751577854,14.500000000,-1.715944941,-1.546855854,2.138770380,-0.594793889,1.415049699,1.772330067,0.000001275,0.000000511,0.000000113,-0.000000633,0.000001271,2.092792119
1770058541.851577759,14.600000000,-1.715944809,-1.546855810,2.138770384,-0.594793938,1.415049830,1.981769028,0.000001396,0.000000323,-0.000000093,-0.000000238,0.000001394,2.094395102
1770058541.951577902,14.700000000,-1.715944669,-1.546855778,2.138770374,-0.594793961,1.415049970,2.191208538,0.000001402,0.000000107,-0.000000291,0.000000176,0.000001404,2.094395102
1770058542.051577806,14.800000000,-1.715944529,-1.546855768,2.138770345,-0.594793944,1.415050110,2.400648049,0.000001402,0.000000107,-0.000000291,0.000000176,0.000001404,2.094395102
1770058542.151577950,14.900000000,-1.715944396,-1.546855771,2.138770305,-0.594793900,1.415050244,2.610087559,0.000001296,-0.000000116,-0.000000466,0.000000575,0.000001300,2.094395102
1770058542.251577854,15.000000000,-1.715944272,-1.546855789,2.138770254,-0.594793833,1.415050368,2.819527069,0.000001084,-0.000000331,-0.000000602,0.000000927,0.000001092,2.094395102
1770058542.351577759,15.100000000,-1.715944164,-1.546855822,2.138770194,-0.594793740,1.415050477,3.028966579,0.000001084,-0.000000331,-0.000000602,0.000000927,0.000001092,2.094395102
1770058542.451577902,15.200000000,-1.715944083,-1.546855872,2.138770126,-0.594793622,1.415050559,3.238406090,0.000000784,-0.000000518,-0.000000691,0.000001205,0.000000794,2.094395102
1770058542.551577806,15.300000000,-1.715944025,-1.546855932,2.138770055,-0.594793491,1.415050618,3.447845600,0.000000421,-0.000000664,-0.000000723,0.000001384,0.000000433,2.094395102
1770058542.651577950,15.400000000,-1.715943990,-1.546856000,2.138769983,-0.594793352,1.415050654,3.657285110,0.000000024,-0.000000756,-0.000000696,0.000001452,0.000000036,2.094395102
1770058542.751577854,15.500000000,-1.715943988,-1.546856073,2.138769916,-0.594793212,1.415050657,3.858699542,0.000000021,-0.000000654,-0.000000602,0.000001256,0.000000031,1.811109422
1770058542.851577759,15.600000000,-1.715944007,-1.546856131,2.138769869,-0.594793107,1.415050639,4.014810485,-0.000000235,-0.000000492,-0.000000384,0.000000878,-0.000000228,1.311109422
1770058542.951577902,15.700000000,-1.715944026,-1.546856171,2.138769838,-0.594793036,1.415050620,4.120921427,-0.000000145,-0.000000305,-0.000000238,0.000000543,-0.000000141,0.811109422
1770058543.051577806,15.800000000,-1.715944036,-1.546856192,2.138769821,-0.594792998,1.415050610,4.177032369,-0.000000056,-0.000000117,-0.000000091,0.000000208,-0.000000054,0.311109422
1770058543.151577950,15.900000000,-1.714691788,-1.540104469,2.131742374,-0.594518900,1.416307160,4.186196517,0.014403111,0.077656864,-0.080828006,0.003152399,0.014452524,-0.146126461
1770058543.251577854,16.000000000,-1.714543038,-1.539302464,2.130907645,-0.594486379,1.416456403,4.150193839,0.000000056,0.000000212,0.000000231,-0.000000597,-0.000000250,-0.604181474
1770058543.351577759,16.100000000,-1.714543031,-1.539302435,2.130907678,-0.594486461,1.416456367,4.064775999,0.000000093,0.000000382,0.000000407,-0.000001035,-0.000000483,-1.104175539
1770058543.451577902,16.200000000,-1.714543020,-1.539302388,2.130907725,-0.594486579,1.416456305,3.929358935,0.000000111,0.000000540,0.000000535,-0.000001294,-0.000000769,-1.604166612
1770058543.551577806,16.300000000,-1.714543020,-1.539302322,2.130907786,-0.594486710,1.416456289,3.743952810,-0.000000024,0.000000752,0.000000692,-0.000001442,-0.000000036,-2.094395102
1770058543.651577950,16.400000000,-1.714543038,-1.539302251,2.130907857,-0.594486852,1.416456270,3.534513300,-0.000000417,0.000000661,0.000000719,-0.000001378,-0.000000429,-2.094395102
1770058543.751577854,16.500000000,-1.714543081,-1.539302185,2.130907929,-0.594486989,1.416456226,3.325073789,-0.000000777,0.000000516,0.000000687,-0.000001199,-0.000000787,-2.094395102
1770058543.851577759,16.600000000,-1.714543159,-1.539302134,2.130907997,-0.594487109,1.416456147,3.115634279,-0.000000777,0.000000516,0.000000687,-0.000001199,-0.000000787,-2.094395102
1770058543.951577902,16.700000000,-1.714543256,-1.539302094,2.130908060,-0.594487211,1.416456049,2.906194769,-0.000001074,0.000000330,0.000000600,-0.000000924,-0.000001081,-2.094395102
1770058544.051577806,16.800000000,-1.714543370,-1.539302068,2.130908116,-0.594487292,1.416455934,2.696755259,-0.000001283,0.000000117,0.000000463,-0.000000574,-0.000001288,-2.094395102
1770058544.151577950,16.900000000,-1.714543498,-1.539302056,2.130908162,-0.594487350,1.416455806,2.487315748,-0.000001283,0.000000117,0.000000463,-0.000000574,-0.000001288,-2.094395102
1770058544.251577854,17.000000000,-1.714543637,-1.539302065,2.130908192,-0.594487370,1.416455667,2.277876238,-0.000001389,-0.000000105,0.000000290,-0.000000177,-0.000001391,-2.094395102
1770058544.351577759,17.100000000,-1.714543775,-1.539302088,2.130908210,-0.594487364,1.416455529,2.068436728,-0.000001382,-0.000000319,0.000000093,0.000000234,-0.000001381,-2.094395102
1770058544.451577902,17.200000000,-1.714543911,-1.539302124,2.130908215,-0.594487332,1.416455393,1.858997218,-0.000001264,-0.000000507,-0.000000112,0.000000627,-0.000001259,-2.094395102
1770058544.551577806,17.300000000,-1.714544032,-1.539302173,2.130908204,-0.594487272,1.416455273,1.658186403,-0.000001086,-0.000000436,-0.000000096,0.000000539,-0.000001082,-1.800648694
1770058544.651577950,17.400000000,-1.714544113,-1.539302218,2.130908185,-0.594487207,1.416455192,1.503121534,-0.000000647,-0.000000406,-0.000000191,0.000000601,-0.000000642,-1.300648694
1770058544.751577854,17.500000000,-1.714544166,-1.539302251,2.130908170,-0.594487158,1.416455140,1.398056664,-0.000000399,-0.000000250,-0.000000118,0.000000370,-0.000000396,-0.800648694
1770058544.851577759,17.600000000,-1.714544193,-1.539302268,2.130908161,-0.594487133,1.416455113,1.342991795,-0.000000150,-0.000000094,-0.000000044,0.000000139,-0.000000149,-0.300648694
1770058544.951577902,17.700000000,-1.713285201,-1.532424307,2.123682333,-0.594140889,1.417718780,1.334735325,0.013000025,0.071019516,-0.074611361,0.003575064,0.013048226,0.155930074
1770058545.051577806,17.800000000,-1.713168899,-1.531789010,2.123014923,-0.594108930,1.417835494,1.371596553,0.000000239,0.000000169,0.000000120,-0.000000383,-0.000000090,0.613645752
1770058545.151577950,17.900000000,-1.713168865,-1.531788986,2.123014940,-0.594108987,1.417835482,1.457960810,0.000000440,0.000000312,0.000000233,-0.000000753,-0.000000146,1.113639762
1770058545.251577854,18.000000000,-1.713168809,-1.531788947,2.123014971,-0.594109088,1.417835468,1.594324278,0.000000668,0.000000467,0.000000391,-0.000001292,-0.000000125,1.613630815
1770058545.351577759,18.100000000,-1.713168702,-1.531788901,2.123014986,-0.594109155,1.417835563,1.780649366,0.000001252,0.000000503,0.000000112,-0.000000624,0.000001248,2.094395102
1770058545.451577902,18.200000000,-1.713168572,-1.531788859,2.123014988,-0.594109202,1.417835693,1.990088876,0.000001370,0.000000316,-0.000000092,-0.000000231,0.000001368,2.094395102
1770058545.551577806,18.300000000,-1.713168435,-1.531788828,2.123014978,-0.594109223,1.417835830,2.199528387,0.000001376,0.000000103,-0.000000288,0.000000178,0.000001378,2.094395102
1770058545.651577950,18.400000000,-1.713168298,-1.531788818,2.123014949,-0.594109205,1.417835967,2.408967897,0.000001376,0.000000103,-0.000000288,0.000000178,0.000001378,2.094395102
1770058545.751577854,18.500000000,-1.713168167,-1.531788823,2.123014909,-0.594109160,1.417836098,2.618407407,0.000001272,-0.000000118,-0.000000461,0.000000572,0.000001276,2.094395102
1770058545.851577759,18.600000000,-1.713168047,-1.531788842,2.123014858,-0.594109092,1.417836219,2.827846917,0.000001064,-0.000000330,-0.000000597,0.000000920,0.000001071,2.094395102
1770058545.951577902,18.700000000,-1.713167940,-1.531788875,2.123014798,-0.594109000,1.417836326,3.037286428,0.000001064,-0.000000330,-0.000000597,0.000000920,0.000001071,2.094395102
1770058546.051577806,18.800000000,-1.713167862,-1.531788925,2.123014730,-0.594108881,1.417836406,3.246725938,0.000000770,-0.000000515,-0.000000684,0.000001194,0.000000780,2.094395102
1770058546.151577950,18.900000000,-1.713167806,-1.531788985,2.123014660,-0.594108751,1.417836462,3.456165448,0.000000414,-0.000000658,-0.000000716,0.000001371,0.000000425,2.094395102
1770058546.251577854,19.000000000,-1.713167774,-1.531789053,2.123014589,-0.594108613,1.417836496,3.665604958,0.000000024,-0.000000748,-0.000000689,0.000001437,0.000000036,2.094395102
1770058546.351577759,19.100000000,-1.713167772,-1.531789125,2.123014523,-0.594108475,1.417836499,3.865836705,0.000000020,-0.000000639,-0.000000589,0.000001229,0.000000030,1.790952134
1770058546.451577902,19.200000000,-1.713167792,-1.531789181,2.123014477,-0.594108372,1.417836480,4.019931918,-0.000000227,-0.000000479,-0.000000374,0.000000855,-0.000000220,1.290952134
1770058546.551577806,19.300000000,-1.713167810,-1.531789220,2.123014447,-0.594108303,1.417836462,4.124027131,-0.000000139,-0.000000293,-0.000000229,0.000000524,-0.000000135,0.790952134
1770058546.651577950,19.400000000,-1.713167820,-1.531789240,2.123014431,-0.594108268,1.417836453,4.178122345,-0.000000051,-0.000000108,-0.000000084,0.000000193,-0.000000050,0.290952134
1770058546.751577854,19.500000000,-1.711911557,-1.524835610,2.115641815,-0.593690891,1.419097737,4.185515215,0.011867504,0.065688578,-0.069646427,0.003942611,0.011914870,-0.164982022
1770058546.851577759,19.600000000,-1.711817601,-1.524315556,2.115090455,-0.593659714,1.419192050,4.147879232,0.000000057,0.000000216,0.000000235,-0.000000605,-0.000000251,-0.622044562
1770058546.951577902,19.700000000,-1.711817593,-1.524315526,2.115090487,-0.593659796,1.419192014,4.060675107,0.000000091,0.000000383,0.000000401,-0.000001008,-0.000000488,-1.122035867
1770058547.051577806,19.800000000,-1.711817583,-1.524315480,2.115090535,-0.593659914,1.419191952,3.923471769,0.000000114,0.000000541,0.000000534,-0.000001290,-0.000000756,-1.622029644
1770058547.151577950,19.900000000,-1.711817583,-1.524315414,2.115090596,-0.593660044,1.419191940,3.736346163,-0.000000024,0.000000744,0.000000685,-0.000001427,-0.000000036,-2.094395102
1770058547.251577854,20.000000000,-1.711817602,-1.524315343,2.115090666,-0.593660184,1.419191920,3.526906653,-0.000000410,0.000000655,0.000000712,-0.000001365,-0.000000421,-2.094395102
1770058547.351577759,20.100000000,-1.711817646,-1.524315279,2.115090737,-0.593660319,1.419191875,3.317467143,-0.000000763,0.000000513,0.000000680,-0.000001189,-0.000000773,-2.094395102
1770058547.451577902,20.200000000,-1.711817722,-1.524315228,2.115090805,-0.593660438,1.419191798,3.108027632,-0.000000763,0.000000513,0.000000680,-0.000001189,-0.000000773,-2.094395102
1770058547.551577806,20.300000000,-1.711817819,-1.524315189,2.115090867,-0.593660538,1.419191700,2.898588122,-0.000001054,0.000000329,0.000000594,-0.000000917,-0.000001062,-2.094395102
1770058547.651577950,20.400000000,-1.711817931,-1.524315163,2.115090921,-0.593660618,1.419191587,2.689148612,-0.000001260,0.000000119,0.000000459,-0.000000571,-0.000001265,-2.094395102
1770058547.751577854,20.500000000,-1.711818057,-1.524315151,2.115090967,-0.593660675,1.419191461,2.479709102,-0.000001260,0.000000119,0.000000459,-0.000000571,-0.000001265,-2.094395102
1770058547.851577759,20.600000000,-1.711818193,-1.524315161,2.115090996,-0.593660693,1.419191324,2.270269591,-0.000001364,-0.000000101,0.000000287,-0.000000178,-0.000001365,-2.094395102
1770058547.951577902,20.700000000,-1.711818329,-1.524315184,2.115091013,-0.593660686,1.419191189,2.060830081,-0.000001357,-0.000000312,0.000000092,0.000000229,-0.000001355,-2.094395102
1770058548.051577806,20.800000000,-1.711818462,-1.524315220,2.115091017,-0.593660654,1.419191056,1.851390571,-0.000001240,-0.000000499,-0.000000111,0.000000617,-0.000001235,-2.094395102
1770058548.151577950,20.900000000,-1.711818579,-1.524315267,2.115091007,-0.593660596,1.419190939,1.653864593,-0.000001036,-0.000000416,-0.000000093,0.000000515,-0.000001032,-1.749235254
1770058548.251577854,21.000000000,-1.711818656,-1.524315311,2.115090988,-0.593660533,1.419190863,1.503941068,-0.000000610,-0.000000384,-0.000000182,0.000000570,-0.000000606,-1.249235254
1770058548.351577759,21.100000000,-1.711818705,-1.524315341,2.115090974,-0.593660488,1.419190815,1.404017542,-0.000000366,-0.000000231,-0.000000109,0.000000342,-0.000000363,-0.749235254
1770058548.451577902,21.200000000,-1.711818729,-1.524315357,2.115090966,-0.593660465,1.419190790,1.354094017,-0.000000122,-0.000000077,-0.000000036,0.000000114,-0.000000121,-0.249235254
1770058548.551577806,21.300000000,-1.711916628,-1.524850653,2.115682972,-0.593717050,1.419092320,1.353163370,-0.001076240,-0.005885263,0.006508862,-0.000622236,-0.001082519,0.230185708
1770058548.651577950,21.400000000,-1.712141670,-1.526079154,2.117040113,-0.593845404,1.418865975,1.401181579,-0.003425334,-0.018685906,0.020633082,-0.001942831,-0.003445124,0.730179529
1770058548.751577854,21.500000000,-1.712603437,-1.528590448,2.119807467,-0.594100878,1.418401574,1.499198907,-0.005809468,-0.031539246,0.034714850,-0.003168219,-0.005842372,1.230171022
1770058548.851577759,21.600000000,-1.713306206,-1.532390984,2.123979926,-0.594471906,1.417694888,1.647215599,-0.008262474,-0.044496521,0.048714950,-0.004207886,-0.008307723,1.730163555
1770058548.951577902,21.700000000,-1.714248051,-1.537443741,2.129497523,-0.594935543,1.416747968,1.843387928,-0.010114946,-0.054034724,0.058838076,-0.004790394,-0.010168462,2.094395102
1770058549.051577806,21.800000000,-1.715266852,-1.542858274,2.135372931,-0.595395108,1.415723896,2.052827439,-0.010253261,-0.054244185,0.058679612,-0.004422230,-0.010305250,2.094395102
1770058549.151577950,21.900000000,-1.716299669,-1.548294057,2.141232473,-0.595817535,1.414685962,2.262266950,-0.010394525,-0.054458561,0.058521410,-0.004049406,-0.010444969,2.094395102
1770058549.251577854,22.000000000,-1.717346803,-1.553751589,2.147076176,-0.596202349,1.413633867,2.471706460,-0.010538824,-0.054677943,0.058363437,-0.003671800,-0.010587705,2.094395102
1770058549.351577759,22.100000000,-1.718408563,-1.559231376,2.152904060,-0.596549062,1.412567303,2.681145971,-0.010686247,-0.054902423,0.058205662,-0.003289288,-0.010733545,2.094395102
1770058549.451577902,22.200000000,-1.719485269,-1.564733937,2.158716143,-0.596857175,1.411485954,2.890585482,-0.010836886,-0.055132098,0.058048054,-0.002901741,-0.010882581,2.094395102
1770058549.551577806,22.300000000,-1.720577247,-1.570259797,2.164512440,-0.597126176,1.410389494,3.100024994,-0.010990835,-0.055367065,0.057890580,-0.002509028,-0.011034907,2.094395102
1770058549.651577950,22.400000000,-1.721684836,-1.575809494,2.170292963,-0.597355538,1.409277587,3.309464505,-0.011148194,-0.055607429,0.057733207,-0.002111015,-0.011190621,2.094395102
1770058549.751577854,22.500000000,-1.722808384,-1.581383576,2.176057721,-0.597544723,1.408149887,3.518904016,-0.011309066,-0.055853294,0.057575904,-0.001707562,-0.011349825,2.094395102
1770058549.851577759,22.600000000,-1.723948248,-1.586982600,2.181806718,-0.597693175,1.407006039,3.728343528,-0.011473556,-0.056104769,0.057418637,-0.001298529,-0.011512626,2.094395102
1770058549.951577902,22.700000000,-1.724973766,-1.591972755,2.186895452,-0.597790380,1.405977129,3.914209608,-0.008942958,-0.043296033,0.043986938,-0.000678893,-0.008971656,1.608868636
1770058550.051577806,22.800000000,-1.725731981,-1.595633993,2.190607982,-0.597840653,1.405216519,4.050096387,-0.006224181,-0.029933048,0.030261224,-0.000319789,-0.006243349,1.108866740
1770058550.151577950,22.900000000,-1.726215019,-1.597953889,2.192950987,-0.597863110,1.404732005,4.135983030,-0.003434427,-0.016461576,0.016600850,-0.000134639,-0.003444783,0.608866112
1770058550.251577854,23.000000000,-1.726417695,-1.598924517,2.193929216,-0.597870437,1.404528722,4.171869630,-0.000615590,-0.002945657,0.002966888,-0.000020399,-0.000617426,0.108865943
1770058550.351577759,23.100000000,-1.726512765,-1.599379375,2.194387312,-0.597873547,1.404433368,4.159075511,-0.000000245,-0.000000337,-0.000000172,0.000000509,-0.000000244,-0.373645635
1770058550.451577902,23.200000000,-1.726512806,-1.599379431,2.194387283,-0.597873462,1.404433327,4.096711540,-0.000000573,-0.000000788,-0.000000403,0.000001191,-0.000000571,-0.873638538
1770058550.551577806,23.300000000,-1.726512880,-1.599379532,2.194387231,-0.597873308,1.404433254,3.984348043,-0.000000902,-0.000001240,-0.000000634,0.000001875,-0.000000898,-1.373631456
1770058550.651577950,23.400000000,-1.726512934,-1.599379575,2.194387221,-0.597873256,1.404433199,3.821985084,-0.000000023,0.000000705,0.000000643,-0.000001349,-0.000000034,-1.873626871
1770058550.751577854,23.500000000,-1.726512937,-1.599379498,2.194387291,-0.597873403,1.404433195,3.617419845,-0.000000451,0.000000688,0.000000747,-0.000001433,-0.000000462,-2.094395102
1770058550.851577759,23.600000000,-1.726512982,-1.599379429,2.194387366,-0.597873546,1.404433149,3.407980335,-0.000000451,0.000000688,0.000000747,-0.000001433,-0.000000462,-2.094395102
1770058550.951577902,23.700000000,-1.726513052,-1.599379370,2.194387439,-0.597873678,1.404433078,3.198540825,-0.000000840,0.000000533,0.000000714,-0.000001243,-0.000000850,-2.094395102
1770058551.051577806,23.800000000,-1.726513145,-1.599379322,2.194387508,-0.597873794,1.404432984,2.989101315,-0.000001160,0.000000334,0.000000623,-0.000000952,-0.000001168,-2.094395102
1770058551.151577950,23.900000000,-1.726513261,-1.599379289,2.194387570,-0.597873889,1.404432868,2.779661804,-0.000001160,0.000000334,0.000000623,-0.000000952,-0.000001168,-2.094395102
1770058551.251577854,24.000000000,-1.726513397,-1.599379276,2.194387619,-0.597873951,1.404432731,2.570222294,-0.000001387,0.000000109,0.000000482,-0.000000584,-0.000001392,-2.094395102
1770058551.351577759,24.100000000,-1.726513542,-1.599379278,2.194387658,-0.597873986,1.404432585,2.360782784,-0.000001502,-0.000000126,0.000000302,-0.000000168,-0.000001503,-2.094395102
1770058551.451577902,24.200000000,-1.726513692,-1.599379295,2.194387684,-0.597873995,1.404432435,2.151343274,-0.000001494,-0.000000350,0.000000097,0.000000261,-0.000001492,-2.094395102
1770058551.551577806,24.300000000,-1.726513842,-1.599379330,2.194387694,-0.597873969,1.404432286,1.941903763,-0.000001494,-0.000000350,0.000000097,0.000000261,-0.000001492,-2.094395102
1770058551.651577950,24.400000000,-1.726513980,-1.599379381,2.194387686,-0.597873910,1.404432148,1.733397200,-0.000001303,-0.000000521,-0.000000110,0.000000638,-0.000001298,-1.997805947
1770058551.751577854,24.500000000,-1.726514087,-1.599379430,2.194387671,-0.597873844,1.404432041,1.558616605,-0.000000806,-0.000000499,-0.000000228,0.000000731,-0.000000800,-1.497805947
1770058551.851577759,24.600000000,-1.726514154,-1.599379472,2.194387652,-0.597873783,1.404431975,1.433836011,-0.000000537,-0.000000333,-0.000000152,0.000000487,-0.000000533,-0.997805947
1770058551.951577902,24.700000000,-1.726514195,-1.599379497,2.194387641,-0.597873747,1.404431935,1.359055416,-0.000000268,-0.000000166,-0.000000076,0.000000243,-0.000000266,-0.497805947
1770058552.051577806,24.800000000,-1.725895558,-1.596344977,2.191435174,-0.597956639,1.405051602,1.332809940,0.023499655,0.115267618,-0.112150326,-0.003149157,0.023538776,-0.039106737
1770058552.151577950,24.900000000,-1.724910374,-1.591512611,2.186733504,-0.598088674,1.406038414,1.351887506,0.000000171,0.000000121,0.000000082,-0.000000264,-0.000000079,0.419827669
1770058552.251577854,25.000000000,-1.724910346,-1.591512591,2.186733518,-0.598088719,1.406038402,1.418869947,0.000000380,0.000000269,0.000000197,-0.000000643,-0.000000155,0.919820762
1770058552.351577759,25.100000000,-1.724910297,-1.591512557,2.186733545,-0.598088808,1.406038385,1.535851605,0.000000610,0.000000429,0.000000346,-0.000001152,-0.000000176,1.419812977
1770058552.451577902,25.200000000,-1.724910207,-1.591512510,2.186733570,-0.598088904,1.406038431,1.702832519,0.000001240,0.000000496,0.000000106,-0.000000610,0.000001236,1.919804872
1770058552.551577806,25.300000000,-1.724910073,-1.591512457,2.186733581,-0.598088968,1.406038564,1.909223186,0.000001479,0.000000346,-0.000000097,-0.000000257,0.000001477,2.094395102
1770058552.651577950,25.400000000,-1.724909925,-1.591512422,2.186733571,-0.598088994,1.406038712,2.118662696,0.000001479,0.000000346,-0.000000097,-0.000000257,0.000001477,2.094395102
1770058552.751577854,25.500000000,-1.724909777,-1.591512402,2.186733548,-0.598088992,1.406038860,2.328102207,0.000001487,0.000000123,-0.000000300,0.000000169,0.000001488,2.094395102
1770058552.851577759,25.600000000,-1.724909631,-1.591512397,2.186733513,-0.598088962,1.406039006,2.537541717,0.000001373,-0.000000110,-0.000000480,0.000000583,0.000001378,2.094395102
1770058552.951577902,25.700000000,-1.724909494,-1.591512408,2.186733465,-0.598088904,1.406039143,2.746981227,0.000001373,-0.000000110,-0.000000480,0.000000583,0.000001378,2.094395102
1770058553.051577806,25.800000000,-1.724909378,-1.591512440,2.186733404,-0.598088812,1.406039260,2.956420737,0.000001149,-0.000000334,-0.000000620,0.000000949,0.000001157,2.094395102
1770058553.151577950,25.900000000,-1.724909281,-1.591512485,2.186733337,-0.598088700,1.406039358,3.165860247,0.000000831,-0.000000532,-0.000000710,0.000001238,0.000000841,2.094395102
1770058553.251577854,26.000000000,-1.724909206,-1.591512541,2.186733265,-0.598088573,1.406039434,3.375299758,0.000000446,-0.000000686,-0.000000743,0.000001426,0.000000458,2.094395102
1770058553.351577759,26.100000000,-1.724909161,-1.591512610,2.186733191,-0.598088430,1.406039480,3.584739268,0.000000446,-0.000000686,-0.000000743,0.000001426,0.000000458,2.094395102
1770058553.451577902,26.200000000,-1.724909152,-1.591512686,2.186733119,-0.598088282,1.406039490,3.792983276,0.000000024,-0.000000743,-0.000000678,0.000001421,0.000000035,1.985056082
1770058553.551577806,26.300000000,-1.724909163,-1.591512752,2.186733062,-0.598088159,1.406039481,3.966488884,-0.000000282,-0.000000581,-0.000000447,0.000001029,-0.000000274,1.485056082
1770058553.651577950,26.400000000,-1.724909186,-1.591512800,2.186733025,-0.598088074,1.406039458,4.089994492,-0.000000187,-0.000000385,-0.000000296,0.000000683,-0.000000182,0.985056082
1770058553.751577854,26.500000000,-1.724909200,-1.591512829,2.186733003,-0.598088023,1.406039444,4.163500101,-0.000000092,-0.000000190,-0.000000146,0.000000336,-0.000000089,0.485056082
1770058553.851577759,26.600000000,-1.724246208,-1.588216305,2.183492066,-0.598144503,1.406703703,4.188546549,0.023242939,0.115567864,-0.113618529,-0.001980633,0.023287328,0.025632207
1770058553.951577902,26.700000000,-1.723337132,-1.583696225,2.179048245,-0.598221991,1.407614505,4.168218681,0.000000042,0.000000158,0.000000176,-0.000000466,-0.000000186,-0.433545258
1770058554.051577806,26.800000000,-1.723337125,-1.583696200,2.179048272,-0.598222062,1.407614474,4.099864610,0.000000081,0.000000337,0.000000364,-0.000000944,-0.000000431,-0.933536913
1770058554.151577950,26.900000000,-1.723337116,-1.583696158,2.179048316,-0.598222175,1.407614416,3.981511348,0.000000102,0.000000504,0.000000517,-0.000001291,-0.000000724,-1.433529244
1770058554.251577854,27.000000000,-1.723337112,-1.583696097,2.179048374,-0.598222306,1.407614374,3.813158827,-0.000000023,0.000000720,0.000000656,-0.000001375,-0.000000035,-1.933521157
1770058554.351577759,27.100000000,-1.723337117,-1.583696021,2.179048444,-0.598222453,1.407614368,3.606308022,-0.000000442,0.000000683,0.000000739,-0.000001420,-0.000000453,-2.094395102
1770058554.451577902,27.200000000,-1.723337161,-1.583695952,2.179048518,-0.598222595,1.407614323,3.396868512,-0.000000442,0.000000683,0.000000739,-0.000001420,-0.000000453,-2.094395102
1770058554.551577806,27.300000000,-1.723337231,-1.583695895,2.179048590,-0.598222724,1.407614251,3.187429002,-0.000000823,0.000000530,0.000000706,-0.000001232,-0.000000833,-2.094395102
1770058554.651577950,27.400000000,-1.723337324,-1.583695848,2.179048658,-0.598222838,1.407614158,2.977989492,-0.000001137,0.000000335,0.000000617,-0.000000945,-0.000001145,-2.094395102
1770058554.751577854,27.500000000,-1.723337437,-1.583695814,2.179048719,-0.598222933,1.407614043,2.768549981,-0.000001137,0.000000335,0.000000617,-0.000000945,-0.000001145,-2.094395102
1770058554.851577759,27.600000000,-1.723337573,-1.583695802,2.179048768,-0.598222992,1.407613908,2.559110471,-0.000001360,0.000000112,0.000000477,-0.000000582,-0.000001365,-2.094395102
1770058554.951577902,27.700000000,-1.723337715,-1.583695805,2.179048805,-0.598223026,1.407613765,2.349670961,-0.000001472,-0.000000120,0.000000299,-0.000000171,-0.000001473,-2.094395102
1770058555.051577806,27.800000000,-1.723337862,-1.583695822,2.179048830,-0.598223033,1.407613618,2.140231451,-0.000001465,-0.000000342,0.000000096,0.000000254,-0.000001463,-2.094395102
1770058555.151577950,27.900000000,-1.723338009,-1.583695857,2.179048839,-0.598223007,1.407613471,1.930791940,-0.000001465,-0.000000342,0.000000096,0.000000254,-0.000001463,-2.094395102
1770058555.251577854,28.000000000,-1.723338143,-1.583695907,2.179048831,-0.598222947,1.407613337,1.722860557,-0.000001260,-0.000000505,-0.000000107,0.000000619,-0.000001256,-1.971589318
1770058555.351577759,28.100000000,-1.723338246,-1.583695956,2.179048815,-0.598222882,1.407613235,1.550701625,-0.000000776,-0.000000483,-0.000000222,0.000000709,-0.000000771,-1.471589318
1770058555.451577902,28.200000000,-1.723338310,-1.583695996,2.179048796,-0.598222823,1.407613171,1.428542693,-0.000000512,-0.000000319,-0.000000146,0.000000468,-0.000000509,-0.971589318
1770058555.551577806,28.300000000,-1.723338348,-1.583696020,2.179048786,-0.598222788,1.407613134,1.356383761,-0.000000249,-0.000000155,-0.000000071,0.000000227,-0.000000247,-0.471589318
1770058555.651577950,28.400000000,-1.722618880,-1.580070017,2.175447250,-0.598248218,1.408334155,1.332581261,0.023128336,0.116561355,-0.115774459,-0.000817821,0.023178283,-0.011785727
1770058555.751577854,28.500000000,-1.721796985,-1.575927895,2.171333102,-0.598277294,1.409157814,1.354232228,0.000000180,0.000000128,0.000000086,-0.000000277,-0.000000080,0.448332629
1770058555.851577759,28.600000000,-1.721796956,-1.575927875,2.171333116,-0.598277340,1.409157802,1.424065108,0.000000387,0.000000274,0.000000200,-0.000000651,-0.000000152,0.948325498
1770058555.951577902,28.700000000,-1.721796906,-1.575927840,2.171333143,-0.598277430,1.409157785,1.543897204,0.000000613,0.000000432,0.000000347,-0.000001152,-0.000000170,1.448317802
1770058556.051577806,28.800000000,-1.721796814,-1.575927793,2.171333167,-0.598277521,1.409157838,1.713728555,0.000001233,0.000000494,0.000000106,-0.000000609,0.000001230,1.948308252
1770058556.151577950,28.900000000,-1.721796682,-1.575927742,2.171333176,-0.598277583,1.409157970,1.921033307,0.000001450,0.000000338,-0.000000096,-0.000000250,0.000001448,2.094395102
1770058556.251577854,29.000000000,-1.721796537,-1.575927708,2.171333167,-0.598277608,1.409158115,2.130472818,0.000001450,0.000000338,-0.000000096,-0.000000250,0.000001448,2.094395102
1770058556.351577759,29.100000000,-1.721796391,-1.575927690,2.171333143,-0.598277602,1.409158261,2.339912328,0.000001457,0.000000117,-0.000000297,0.000000172,0.000001459,2.094395102
1770058556.451577902,29.200000000,-1.721796249,-1.575927687,2.171333107,-0.598277571,1.409158403,2.549351838,0.000001346,-0.000000113,-0.000000474,0.000000580,0.000001351,2.094395102
1770058556.551577806,29.300000000,-1.721796115,-1.575927698,2.171333059,-0.598277513,1.409158538,2.758791348,0.000001346,-0.000000113,-0.000000474,0.000000580,0.000001351,2.094395102
1770058556.651577950,29.400000000,-1.721796002,-1.575927731,2.171332998,-0.598277419,1.409158651,2.968230858,0.000001126,-0.000000334,-0.000000613,0.000000942,0.000001134,2.094395102
1770058556.751577854,29.500000000,-1.721795909,-1.575927777,2.171332931,-0.598277307,1.409158745,3.177670369,0.000000815,-0.000000529,-0.000000703,0.000001227,0.000000825,2.094395102
1770058556.851577759,29.600000000,-1.721795837,-1.575927834,2.171332860,-0.598277179,1.409158818,3.387109879,0.000000438,-0.000000680,-0.000000735,0.000001413,0.000000449,2.094395102
1770058556.951577902,29.700000000,-1.721795794,-1.575927902,2.171332787,-0.598277038,1.409158863,3.596549389,0.000000438,-0.000000680,-0.000000735,0.000001413,0.000000449,2.094395102
1770058557.051577806,29.800000000,-1.721795787,-1.575927978,2.171332716,-0.598276891,1.409158871,3.804093248,0.000000023,-0.000000725,-0.000000661,0.000001386,0.000000034,1.956712451
1770058557.151577950,29.900000000,-1.721795799,-1.575928042,2.171332661,-0.598276772,1.409158859,3.974764493,-0.000000271,-0.000000563,-0.000000433,0.000000998,-0.000000263,1.456712451
1770058557.251577854,30.000000000,-1.721795822,-1.575928089,2.171332625,-0.598276690,1.409158837,4.095435738,-0.000000178,-0.000000370,-0.000000285,0.000000656,-0.000000173,0.956712451
1770058557.351577759,30.100000000,-1.721795835,-1.575928116,2.171332604,-0.598276641,1.409158825,4.166106983,-0.000000085,-0.000000177,-0.000000136,0.000000313,-0.000000083,0.456712451
1770058557.451577902,30.200000000,-1.721027469,-1.572003277,2.167394782,-0.598264677,1.409929046,4.188521566,0.022777295,0.116346733,-0.116731177,0.000354202,0.022832280,-0.003469389
1770058557.551577806,30.300000000,-1.720284344,-1.568207393,2.163586372,-0.598253145,1.410673952,4.165482413,0.000000045,0.000000167,0.000000186,-0.000000489,-0.000000193,-0.463358804
1770058557.651577950,30.400000000,-1.720284338,-1.568207367,2.163586400,-0.598253217,1.410673921,4.094147020,0.000000085,0.000000344,0.000000371,-0.000000958,-0.000000433,-0.963350665
1770058557.751577854,30.500000000,-1.720284328,-1.568207324,2.163586444,-0.598253330,1.410673863,3.972812423,0.000000106,0.000000510,0.000000521,-0.000001297,-0.000000718,-1.463343058
1770058557.851577759,30.600000000,-1.720284325,-1.568207263,2.163586502,-0.598253461,1.410673826,3.801478573,-0.000000023,0.000000724,0.000000659,-0.000001382,-0.000000035,-1.963333520
1770058557.951577902,30.700000000,-1.720284332,-1.568207187,2.163586572,-0.598253606,1.410673818,3.593757392,-0.000000433,0.000000677,0.000000731,-0.000001406,-0.000000445,-2.094395102
1770058558.051577806,30.800000000,-1.720284375,-1.568207120,2.163586646,-0.598253747,1.410673774,3.384317881,-0.000000433,0.000000677,0.000000731,-0.000001406,-0.000000445,-2.094395102
1770058558.151577950,30.900000000,-1.720284447,-1.568207063,2.163586716,-0.598253874,1.410673701,3.174878371,-0.000000807,0.000000527,0.000000699,-0.000001222,-0.000000817,-2.094395102
1770058558.251577854,31.000000000,-1.720284539,-1.568207018,2.163586783,-0.598253985,1.410673608,2.965438861,-0.000001115,0.000000334,0.000000610,-0.000000939,-0.000001123,-2.094395102
1770058558.351577759,31.100000000,-1.720284651,-1.568206985,2.163586843,-0.598254078,1.410673495,2.755999351,-0.000001333,0.000000115,0.000000472,-0.000000579,-0.000001338,-2.094395102
1770058558.451577902,31.200000000,-1.720284784,-1.568206974,2.163586891,-0.598254136,1.410673361,2.546559840,-0.000001333,0.000000115,0.000000472,-0.000000579,-0.000001338,-2.094395102
1770058558.551577806,31.300000000,-1.720284925,-1.568206977,2.163586926,-0.598254167,1.410673220,2.337120330,-0.000001443,-0.000000114,0.000000295,-0.000000173,-0.000001445,-2.094395102
1770058558.651577950,31.400000000,-1.720285069,-1.568206995,2.163586950,-0.598254172,1.410673076,2.127680820,-0.000001436,-0.000000334,0.000000095,0.000000247,-0.000001434,-2.094395102
1770058558.751577854,31.500000000,-1.720285213,-1.568207029,2.163586959,-0.598254148,1.410672933,1.918241310,-0.000001436,-0.000000334,0.000000095,0.000000247,-0.000001434,-2.094395102
1770058558.851577759,31.600000000,-1.720285343,-1.568207079,2.163586950,-0.598254086,1.410672803,1.711130017,-0.000001217,-0.000000488,-0.000000105,0.000000600,-0.000001212,-1.941810128
1770058558.951577902,31.700000000,-1.720285441,-1.568207127,2.163586933,-0.598254021,1.410672705,1.541949004,-0.000000746,-0.000000466,-0.000000215,0.000000685,-0.000000740,-1.441810128
1770058559.051577806,31.800000000,-1.720285503,-1.568207166,2.163586916,-0.598253965,1.410672644,1.422767992,-0.000000487,-0.000000304,-0.000000140,0.000000447,-0.000000483,-0.941810128
1770058559.151577950,31.900000000,-1.720285539,-1.568207188,2.163586905,-0.598253932,1.410672609,1.353586979,-0.000000228,-0.000000143,-0.000000066,0.000000210,-0.000000227,-0.441810128
1770058559.251577854,32.000000000,-1.719463684,-1.563952576,2.159275701,-0.598198423,1.411496661,1.332508577,0.022083953,0.114323783,-0.115844161,0.001491262,0.022142983,0.017516570
1770058559.351577759,32.100000000,-1.718802950,-1.560532143,2.155809792,-0.598153821,1.412159147,1.356820132,0.000000189,0.000000135,0.000000090,-0.000000290,-0.000000081,0.477128995
1770058559.451577902,32.200000000,-1.718802921,-1.560532122,2.155809806,-0.598153869,1.412159136,1.429532815,0.000000397,0.000000281,0.000000210,-0.000000685,-0.000000140,0.977122392
1770058559.551577806,32.300000000,-1.718802870,-1.560532087,2.155809834,-0.598153960,1.412159120,1.552244750,0.000000617,0.000000435,0.000000348,-0.000001153,-0.000000165,1.477116602
1770058559.651577950,32.400000000,-1.718802776,-1.560532040,2.155809856,-0.598154047,1.412159180,1.724955926,0.000001228,0.000000493,0.000000107,-0.000000608,0.000001224,1.977107049
1770058559.751577854,32.500000000,-1.718802645,-1.560531991,2.155809864,-0.598154105,1.412159311,1.933019165,0.000001422,0.000000330,-0.000000095,-0.000000244,0.000001420,2.094395102
1770058559.851577759,32.600000000,-1.718802503,-1.560531958,2.155809855,-0.598154129,1.412159453,2.142458675,0.000001422,0.000000330,-0.000000095,-0.000000244,0.000001420,2.094395102
1770058559.951577902,32.700000000,-1.718802360,-1.560531942,2.155809830,-0.598154121,1.412159596,2.351898185,0.000001429,0.000000112,-0.000000294,0.000000174,0.000001431,2.094395102
1770058560.051577806,32.800000000,-1.718802222,-1.560531940,2.155809793,-0.598154087,1.412159734,2.561337696,0.000001320,-0.000000116,-0.000000470,0.000000578,0.000001325,2.094395102
1770058560.151577950,32.900000000,-1.718802091,-1.560531953,2.155809746,-0.598154027,1.412159866,2.770777206,0.000001105,-0.000000334,-0.000000607,0.000000935,0.000001112,2.094395102
1770058560.251577854,33.000000000,-1.718801980,-1.560531986,2.155809685,-0.598153934,1.412159977,2.980216716,0.000001105,-0.000000334,-0.000000607,0.000000935,0.000001112,2.094395102
1770058560.351577759,33.100000000,-1.718801891,-1.560532033,2.155809618,-0.598153821,1.412160067,3.189656226,0.000000799,-0.000000525,-0.000000695,0.000001216,0.000000809,2.094395102
1770058560.451577902,33.200000000,-1.718801823,-1.560532090,2.155809547,-0.598153694,1.412160137,3.399095737,0.000000429,-0.000000674,-0.000000727,0.000001399,0.000000441,2.094395102
1770058560.551577806,33.300000000,-1.718801780,-1.560532158,2.155809475,-0.598153554,1.412160181,3.608535247,0.000000429,-0.000000674,-0.000000727,0.000001399,0.000000441,2.094395102
1770058560.651577950,33.400000000,-1.718801776,-1.560532233,2.155809406,-0.598153409,1.412160186,3.815199123,0.000000022,-0.000000707,-0.000000645,0.000001352,0.000000033,1.927792753
1770058560.751577854,33.500000000,-1.718801789,-1.560532296,2.155809353,-0.598153293,1.412160173,3.982978398,-0.000000261,-0.000000545,-0.000000420,0.000000967,-0.000000253,1.427792753
1770058560.851577759,33.600000000,-1.718801811,-1.560532341,2.155809318,-0.598153214,1.412160152,4.100757673,-0.000000169,-0.000000354,-0.000000273,0.000000629,-0.000000164,0.927792753
1770058560.951577902,33.700000000,-1.718801823,-1.560532367,2.155809298,-0.598153168,1.412160140,4.168536948,-0.000000078,-0.000000163,-0.000000126,0.000000290,-0.000000076,0.427792753
1770058561.051577806,33.800000000,-1.717943060,-1.556027080,2.151199333,-0.598049614,1.413021427,4.188337729,0.021568059,0.113151121,-0.115779762,0.002600403,0.021631403,-0.030876161
1770058561.151577950,33.900000000,-1.717347376,-1.552901988,2.148001660,-0.597977820,1.413618847,4.162843765,0.000000048,0.000000175,0.000000193,-0.000000509,-0.000000199,-0.489699934
1770058561.251577854,34.000000000,-1.717347370,-1.552901961,2.148001689,-0.597977893,1.413618815,4.088874008,0.000000083,0.000000348,0.000000369,-0.000000943,-0.000000443,-0.989693310
1770058561.351577759,34.100000000,-1.717347360,-1.552901918,2.148001733,-0.597978006,1.413618758,3.964904997,0.000000106,0.000000511,0.000000512,-0.000001261,-0.000000722,-1.489686190
1770058561.451577902,34.200000000,-1.717347357,-1.552901856,2.148001792,-0.597978136,1.413618726,3.790936751,-0.000000023,0.000000726,0.000000662,-0.000001385,-0.000000035,-1.989677974
1770058561.551577806,34.300000000,-1.717347366,-1.552901782,2.148001861,-0.597978280,1.413618715,3.582594429,-0.000000425,0.000000671,0.000000724,-0.000001392,-0.000000437,-2.094395102
1770058561.651577950,34.400000000,-1.717347408,-1.552901715,2.148001934,-0.597978419,1.413618672,3.373154919,-0.000000425,0.000000671,0.000000724,-0.000001392,-0.000000437,-2.094395102
1770058561.751577854,34.500000000,-1.717347480,-1.552901659,2.148002004,-0.597978544,1.413618599,3.163715409,-0.000000792,0.000000524,0.000000692,-0.000001211,-0.000000802,-2.094395102
1770058561.851577759,34.600000000,-1.717347573,-1.552901615,2.148002069,-0.597978652,1.413618505,2.954275899,-0.000001094,0.000000334,0.000000604,-0.000000932,-0.000001102,-2.094395102
1770058561.951577902,34.700000000,-1.717347684,-1.552901584,2.148002128,-0.597978743,1.413618394,2.744836388,-0.000001308,0.000000117,0.000000467,-0.000000577,-0.000001313,-2.094395102
1770058562.051577806,34.800000000,-1.717347814,-1.552901572,2.148002175,-0.597978801,1.413618262,2.535396878,-0.000001308,0.000000117,0.000000467,-0.000000577,-0.000001313,-2.094395102
1770058562.151577950,34.900000000,-1.717347953,-1.552901576,2.148002209,-0.597978830,1.413618124,2.325957368,-0.000001416,-0.000000109,0.000000292,-0.000000175,-0.000001417,-2.094395102
1770058562.251577854,35.000000000,-1.717348094,-1.552901595,2.148002232,-0.597978833,1.413617982,2.116517858,-0.000001409,-0.000000327,0.000000094,0.000000240,-0.000001407,-2.094395102
1770058562.351577759,35.100000000,-1.717348235,-1.552901627,2.148002241,-0.597978809,1.413617842,1.907078347,-0.000001409,-0.000000327,0.000000094,0.000000240,-0.000001407,-2.094395102
1770058562.451577902,35.200000000,-1.717348362,-1.552901678,2.148002230,-0.597978747,1.413617715,1.700846876,-0.000001178,-0.000000473,-0.000000102,0.000000582,-0.000001173,-1.915285128
1770058562.551577806,35.300000000,-1.717348455,-1.552901725,2.148002214,-0.597978682,1.413617622,1.534318363,-0.000000718,-0.000000450,-0.000000209,0.000000663,-0.000000713,-1.415285128
1770058562.651577950,35.400000000,-1.717348515,-1.552901762,2.148002196,-0.597978628,1.413617564,1.417789850,-0.000000464,-0.000000291,-0.000000135,0.000000429,-0.000000461,-0.915285128
1770058562.751577854,35.500000000,-1.717348548,-1.552901783,2.148002187,-0.597978597,1.413617530,1.351261337,-0.000000211,-0.000000132,-0.000000061,0.000000195,-0.000000209,-0.415285128
1770058562.851577759,35.600000000,-1.716450685,-1.548128490,2.143070876,-0.597821746,1.414518273,1.332571278,0.020836799,0.110773131,-0.114439993,0.003639779,0.020903591,0.042769161
1770058562.951577902,35.700000000,-1.715921340,-1.545314420,2.140163665,-0.597729297,1.415049300,1.359117225,0.000000196,0.000000140,0.000000094,-0.000000300,-0.000000081,0.501146003
1770058563.051577806,35.800000000,-1.715921310,-1.545314399,2.140163680,-0.597729346,1.415049289,1.434231361,0.000000401,0.000000285,0.000000212,-0.000000690,-0.000000137,1.001136960
1770058563.151577950,35.900000000,-1.715921259,-1.545314362,2.140163708,-0.597729437,1.415049274,1.559344720,0.000000624,0.000000440,0.000000358,-0.000001188,-0.000000141,1.501129813
1770058563.251577854,36.000000000,-1.715921164,-1.545314317,2.140163728,-0.597729520,1.415049340,1.734457309,0.000001219,0.000000490,0.000000107,-0.000000606,0.000001215,2.001121596
1770058563.351577759,36.100000000,-1.715921035,-1.545314269,2.140163736,-0.597729575,1.415049469,1.943026199,0.000001395,0.000000323,-0.000000094,-0.000000237,0.000001394,2.094395102
1770058563.451577902,36.200000000,-1.715920895,-1.545314237,2.140163726,-0.597729599,1.415049608,2.152465709,0.000001395,0.000000323,-0.000000094,-0.000000237,0.000001394,2.094395102
1770058563.551577806,36.300000000,-1.715920755,-1.545314222,2.140163701,-0.597729589,1.415049748,2.361905219,0.000001402,0.000000107,-0.000000291,0.000000176,0.000001404,2.094395102
1770058563.651577950,36.400000000,-1.715920620,-1.545314222,2.140163663,-0.597729553,1.415049884,2.571344730,0.000001296,-0.000000118,-0.000000465,0.000000576,0.000001300,2.094395102
1770058563.751577854,36.500000000,-1.715920492,-1.545314236,2.140163616,-0.597729492,1.415050012,2.780784240,0.000001084,-0.000000333,-0.000000601,0.000000928,0.000001092,2.094395102
1770058563.851577759,36.600000000,-1.715920384,-1.545314269,2.140163556,-0.597729399,1.415050121,2.990223750,0.000001084,-0.000000333,-0.000000601,0.000000928,0.000001092,2.094395102
1770058563.951577902,36.700000000,-1.715920297,-1.545314317,2.140163489,-0.597729286,1.415050208,3.199663260,0.000000784,-0.000000522,-0.000000688,0.000001206,0.000000794,2.094395102
1770058564.051577806,36.800000000,-1.715920232,-1.545314374,2.140163419,-0.597729158,1.415050274,3.409102771,0.000000421,-0.000000668,-0.000000720,0.000001386,0.000000433,2.094395102
1770058564.151577950,36.900000000,-1.715920190,-1.545314441,2.140163347,-0.597729020,1.415050317,3.618542281,0.000000024,-0.000000760,-0.000000693,0.000001453,0.000000036,2.094395102
1770058564.251577854,37.000000000,-1.715920188,-1.545314516,2.140163279,-0.597728877,1.415050321,3.824341626,0.000000022,-0.000000690,-0.000000630,0.000001321,0.000000033,1.903602954
1770058564.351577759,37.100000000,-1.715920203,-1.545314577,2.140163228,-0.597728764,1.415050307,3.989701922,-0.000000251,-0.000000530,-0.000000409,0.000000940,-0.000000244,1.403602954
1770058564.451577902,37.200000000,-1.715920223,-1.545314620,2.140163194,-0.597728687,1.415050287,4.105062217,-0.000000162,-0.000000341,-0.000000263,0.000000605,-0.000000157,0.903602954
1770058564.551577806,37.300000000,-1.715920235,-1.545314645,2.140163175,-0.597728643,1.415050276,4.170422512,-0.000000072,-0.000000152,-0.000000118,0.000000270,-0.000000070,0.403602954
1770058564.651577950,37.400000000,-1.714998679,-1.540350269,2.134985760,-0.597516794,1.415975040,4.188053354,0.020233899,0.108998702,-0.113675912,0.004651089,0.020304299,-0.053837554
1770058564.751577854,37.500000000,-1.714519570,-1.537769345,2.132294107,-0.597406690,1.416455803,4.160538945,0.000000050,0.000000181,0.000000199,-0.000000523,-0.000000202,-0.511462964
1770058564.851577759,37.600000000,-1.714519563,-1.537769318,2.132294135,-0.597406764,1.416455771,4.084393109,0.000000086,0.000000352,0.000000372,-0.000000949,-0.000000441,-1.011454177
1770058564.951577902,37.700000000,-1.714519553,-1.537769275,2.132294180,-0.597406877,1.416455714,3.958248043,0.000000109,0.000000514,0.000000513,-0.000001261,-0.000000712,-1.511447037
1770058565.051577806,37.800000000,-1.714519550,-1.537769212,2.132294239,-0.597407005,1.416455685,3.782103748,-0.000000023,0.000000726,0.000000662,-0.000001386,-0.000000035,-2.011438820
1770058565.151577950,37.900000000,-1.714519561,-1.537769139,2.132294308,-0.597407148,1.416455673,3.573353037,-0.000000417,0.000000665,0.000000716,-0.000001379,-0.000000429,-2.094395102
1770058565.251577854,38.000000000,-1.714519603,-1.537769072,2.132294379,-0.597407286,1.416455631,3.363913527,-0.000000417,0.000000665,0.000000716,-0.000001379,-0.000000429,-2.094395102
1770058565.351577759,38.100000000,-1.714519675,-1.537769018,2.132294448,-0.597407409,1.416455557,3.154474017,-0.000000777,0.000000520,0.000000685,-0.000001201,-0.000000787,-2.094395102
1770058565.451577902,38.200000000,-1.714519767,-1.537768975,2.132294513,-0.597407515,1.416455464,2.945034506,-0.000001074,0.000000333,0.000000598,-0.000000925,-0.000001081,-2.094395102
1770058565.551577806,38.300000000,-1.714519877,-1.537768944,2.132294571,-0.597407604,1.416455354,2.735594996,-0.000001283,0.000000119,0.000000462,-0.000000574,-0.000001288,-2.094395102
1770058565.651577950,38.400000000,-1.714520005,-1.537768932,2.132294617,-0.597407661,1.416455225,2.526155486,-0.000001283,0.000000119,0.000000462,-0.000000574,-0.000001288,-2.094395102
1770058565.751577854,38.500000000,-1.714520141,-1.537768937,2.132294650,-0.597407689,1.416455089,2.316715976,-0.000001389,-0.000000104,0.000000290,-0.000000177,-0.000001391,-2.094395102
1770058565.851577759,38.600000000,-1.714520280,-1.537768956,2.132294672,-0.597407690,1.416454950,2.107276465,-0.000001382,-0.000000320,0.000000093,0.000000234,-0.000001381,-2.094395102
1770058565.951577902,38.700000000,-1.714520418,-1.537768989,2.132294680,-0.597407666,1.416454812,1.897836955,-0.000001264,-0.000000509,-0.000000111,0.000000627,-0.000001259,-2.094395102
1770058566.051577806,38.800000000,-1.714520542,-1.537769039,2.132294670,-0.597407604,1.416454689,1.692439221,-0.000001142,-0.000000460,-0.000000100,0.000000567,-0.000001138,-1.893353421
1770058566.151577950,38.900000000,-1.714520631,-1.537769085,2.132294652,-0.597407540,1.416454600,1.528103879,-0.000000694,-0.000000437,-0.000000203,0.000000644,-0.000000688,-1.393353421
1770058566.251577854,39.000000000,-1.714520688,-1.537769121,2.132294636,-0.597407488,1.416454543,1.413768537,-0.000000445,-0.000000280,-0.000000130,0.000000413,-0.000000441,-0.893353421
1770058566.351577759,39.100000000,-1.714520720,-1.537769141,2.132294626,-0.597407458,1.416454511,1.349433195,-0.000000196,-0.000000123,-0.000000057,0.000000182,-0.000000194,-0.393353421
1770058566.451577902,39.200000000,-1.713573390,-1.532598376,2.126851573,-0.597136383,1.417405403,1.332702068,0.019456593,0.106197946,-0.111790051,0.005567174,0.019529704,0.063494314
1770058566.551577806,39.300000000,-1.713145757,-1.530264320,2.124394625,-0.597014042,1.417834628,1.361062859,0.000000202,0.000000144,0.000000096,-0.000000306,-0.000000080,0.520723738
1770058566.651577950,39.400000000,-1.713145727,-1.530264299,2.124394640,-0.597014091,1.417834618,1.438134549,0.000000404,0.000000287,0.000000213,-0.000000691,-0.000000132,1.020712709
1770058566.751577854,39.500000000,-1.713145676,-1.530264262,2.124394668,-0.597014183,1.417834603,1.565205454,0.000000624,0.000000440,0.000000357,-0.000001182,-0.000000134,1.520705544
1770058566.851577759,39.600000000,-1.713145579,-1.530264217,2.124394687,-0.597014262,1.417834673,1.742275584,0.000001208,0.000000486,0.000000107,-0.000000602,0.000001204,2.020697326
1770058566.951577902,39.700000000,-1.713145452,-1.530264171,2.124394694,-0.597014315,1.417834800,1.951171330,0.000001370,0.000000316,-0.000000093,-0.000000231,0.000001368,2.094395102
1770058567.051577806,39.800000000,-1.713145315,-1.530264139,2.124394684,-0.597014339,1.417834937,2.160610841,0.000001370,0.000000316,-0.000000093,-0.000000231,0.000001368,2.094395102
1770058567.151577950,39.900000000,-1.713145177,-1.530264126,2.124394658,-0.597014326,1.417835075,2.370050351,0.000001376,0.000000102,-0.000000288,0.000000178,0.000001378,2.094395102
1770058567.251577854,40.000000000,-1.713145045,-1.530264127,2.124394621,-0.597014289,1.417835208,2.579489861,0.000001272,-0.000000120,-0.000000460,0.000000573,0.000001276,2.094395102
1770058567.351577759,40.100000000,-1.713144921,-1.530264142,2.124394573,-0.597014227,1.417835332,2.788929371,0.000001064,-0.000000332,-0.000000595,0.000000922,0.000001071,2.094395102
1770058567.451577902,40.200000000,-1.713144814,-1.530264175,2.124394513,-0.597014134,1.417835440,2.998368882,0.000001064,-0.000000332,-0.000000595,0.000000922,0.000001071,2.094395102
1770058567.551577806,40.300000000,-1.713144731,-1.530264223,2.124394447,-0.597014021,1.417835524,3.207808392,0.000000770,-0.000000518,-0.000000682,0.000001195,0.000000780,2.094395102
1770058567.651577950,40.400000000,-1.713144668,-1.530264281,2.124394378,-0.597013894,1.417835588,3.417247902,0.000000414,-0.000000661,-0.000000713,0.000001372,0.000000425,2.094395102
1770058567.751577854,40.500000000,-1.713144629,-1.530264347,2.124394307,-0.597013757,1.417835628,3.626687412,0.000000024,-0.000000751,-0.000000687,0.000001438,0.000000036,2.094395102
1770058567.851577759,40.600000000,-1.713144626,-1.530264421,2.124394239,-0.597013616,1.417835632,3.831694550,0.000000021,-0.000000676,-0.000000618,0.000001294,0.000000032,1.883863114
1770058567.951577902,40.700000000,-1.713144642,-1.530264481,2.124394189,-0.597013506,1.417835617,3.995080862,-0.000000243,-0.000000516,-0.000000399,0.000000917,-0.000000236,1.383863114
1770058568.051577806,40.800000000,-1.713144662,-1.530264523,2.124394157,-0.597013431,1.417835598,4.108467173,-0.000000155,-0.000000329,-0.000000255,0.000000586,-0.000000151,0.883863114
1770058568.151577950,40.900000000,-1.713144673,-1.530264547,2.124394138,-0.597013389,1.417835587,4.171853485,-0.000000067,-0.000000143,-0.000000111,0.000000254,-0.000000065,0.383863114
1770058568.251577854,41.000000000,-1.712184924,-1.524956924,2.118755622,-0.596683716,1.418799216,4.187728717,0.018847809,0.104232393,-0.110730288,0.006473906,0.018923983,-0.072411100
1770058568.351577759,41.100000000,-1.711794773,-1.522799309,2.116463522,-0.596549735,1.419190931,4.158598753,0.000000052,0.000000185,0.000000203,-0.000000532,-0.000000203,-0.528921665
1770058568.451577902,41.200000000,-1.711794766,-1.522799282,2.116463551,-0.596549809,1.419190899,4.080707267,0.000000088,0.000000355,0.000000374,-0.000000951,-0.000000436,-1.028910879
1770058568.551577806,41.300000000,-1.711794756,-1.522799238,2.116463595,-0.596549921,1.419190842,3.952816555,0.000000112,0.000000515,0.000000513,-0.000001258,-0.000000701,-1.528903721
1770058568.651577950,41.400000000,-1.711794754,-1.522799176,2.116463654,-0.596550049,1.419190817,3.774926621,-0.000000023,0.000000724,0.000000661,-0.000001384,-0.000000035,-2.028895323
1770058568.751577854,41.500000000,-1.711794766,-1.522799103,2.116463722,-0.596550190,1.419190804,3.565916758,-0.000000410,0.000000658,0.000000710,-0.000001366,-0.000000421,-2.094395102
1770058568.851577759,41.600000000,-1.711794807,-1.522799037,2.116463793,-0.596550326,1.419190762,3.356477248,-0.000000410,0.000000658,0.000000710,-0.000001366,-0.000000421,-2.094395102
1770058568.951577902,41.700000000,-1.711794879,-1.522798984,2.116463862,-0.596550447,1.419190689,3.147037738,-0.000000763,0.000000516,0.000000678,-0.000001190,-0.000000773,-2.094395102
1770058569.051577806,41.800000000,-1.711794970,-1.522798942,2.116463925,-0.596550552,1.419190597,2.937598227,-0.000001054,0.000000332,0.000000592,-0.000000918,-0.000001062,-2.094395102
1770058569.151577950,41.900000000,-1.711795079,-1.522798912,2.116463982,-0.596550639,1.419190487,2.728158717,-0.000001260,0.000000121,0.000000458,-0.000000572,-0.000001265,-2.094395102
1770058569.251577854,42.000000000,-1.711795205,-1.522798900,2.116464028,-0.596550696,1.419190361,2.518719207,-0.000001260,0.000000121,0.000000458,-0.000000572,-0.000001265,-2.094395102
1770058569.351577759,42.100000000,-1.711795339,-1.522798905,2.116464060,-0.596550722,1.419190227,2.309279697,-0.000001364,-0.000000100,0.000000287,-0.000000179,-0.000001365,-2.094395102
1770058569.451577902,42.200000000,-1.711795475,-1.522798924,2.116464080,-0.596550723,1.419190090,2.099840186,-0.000001357,-0.000000313,0.000000092,0.000000228,-0.000001355,-2.094395102
1770058569.551577806,42.300000000,-1.711795610,-1.522798957,2.116464088,-0.596550698,1.419189956,1.890400676,-0.000001240,-0.000000500,-0.000000110,0.000000617,-0.000001235,-2.094395102
1770058569.651577950,42.400000000,-1.711795730,-1.522799005,2.116464078,-0.596550638,1.419189836,1.687313609,-0.000001091,-0.000000440,-0.000000097,0.000000543,-0.000001087,-1.842354580
1770058569.751577854,42.500000000,-1.711795815,-1.522799050,2.116464061,-0.596550576,1.419189751,1.528078151,-0.000000656,-0.000000415,-0.000000194,0.000000613,-0.000000651,-1.342354580
1770058569.851577759,42.600000000,-1.711795868,-1.522799083,2.116464045,-0.596550526,1.419189698,1.418842693,-0.000000412,-0.000000260,-0.000000122,0.000000384,-0.000000408,-0.842354580
1770058569.951577902,42.700000000,-1.711795897,-1.522799102,2.116464037,-0.596550499,1.419189670,1.359607235,-0.000000167,-0.000000106,-0.000000049,0.000000156,-0.000000166,-0.342354580
1770058570.051577806,42.800000000,-1.711877786,-1.523246371,2.116959679,-0.596598769,1.419107300,1.349746676,-0.000640496,-0.003498861,0.003877373,-0.000377706,-0.000644262,0.137021086
1770058570.151577950,42.900000000,-1.712059027,-1.524235131,2.118054445,-0.596704548,1.418924998,1.388448537,-0.002987589,-0.016281191,0.018013947,-0.001728994,-0.003004987,0.637014871
1770058570.251577854,43.000000000,-1.712476300,-1.526504107,2.120561264,-0.596941864,1.418505317,1.477149558,-0.005368237,-0.029113975,0.032110011,-0.002989260,-0.005398887,1.137006365
1770058570.351577759,43.100000000,-1.713133573,-1.530059284,2.124475394,-0.597299987,1.417844332,1.615849901,-0.007798241,-0.042021253,0.046147740,-0.004116613,-0.007841593,1.637000171
1770058570.451577902,43.200000000,-1.714036393,-1.534905675,2.129784191,-0.597761248,1.416936573,1.804367587,-0.010089795,-0.053932572,0.058910143,-0.004964745,-0.010144009,2.094395102
1770058570.551577806,43.300000000,-1.715052376,-1.540309530,2.135667155,-0.598239062,1.415915246,2.013807097,-0.010227588,-0.054141168,0.058752311,-0.004598079,-0.010280283,2.094395102
1770058570.651577950,43.400000000,-1.716082316,-1.545734538,2.141534317,-0.598679897,1.414880115,2.223246608,-0.010368317,-0.054354675,0.058594752,-0.004226770,-0.010419475,2.094395102
1770058570.751577854,43.500000000,-1.717126513,-1.551181197,2.147385703,-0.599083280,1.413830883,2.432686119,-0.010512065,-0.054573182,0.058437433,-0.003850694,-0.010561667,2.094395102
1770058570.851577759,43.600000000,-1.718185273,-1.556650014,2.153221336,-0.599448728,1.412767243,2.642125630,-0.010658920,-0.054796783,0.058280323,-0.003469727,-0.010706948,2.094395102
1770058570.951577902,43.700000000,-1.719258914,-1.562141505,2.159041236,-0.599775741,1.411688882,2.851565141,-0.010808975,-0.055025574,0.058123391,-0.003083742,-0.010855408,2.094395102
1770058571.051577806,43.800000000,-1.720347762,-1.567656197,2.164845417,-0.600063809,1.410595474,3.061004652,-0.010962323,-0.055259654,0.057966604,-0.002692606,-0.011007142,2.094395102
1770058571.151577950,43.900000000,-1.721452153,-1.573194625,2.170633894,-0.600312409,1.409486687,3.270444163,-0.011119064,-0.055499125,0.057809930,-0.002296186,-0.011162246,2.094395102
1770058571.251577854,44.000000000,-1.722572432,-1.578757338,2.176406676,-0.600521002,1.408362176,3.479883675,-0.011279298,-0.055744094,0.057653338,-0.001894342,-0.011320822,2.094395102
1770058571.351577759,44.100000000,-1.723708957,-1.584344891,2.182163769,-0.600689036,1.407221587,3.689323186,-0.011443131,-0.055994668,0.057496793,-0.001486934,-0.011482975,2.094395102
1770058571.451577902,44.200000000,-1.724776750,-1.589544388,2.187483703,-0.600808052,1.406150180,3.883368053,-0.009435545,-0.045712973,0.046598207,-0.000872648,-0.009466540,1.702033596
1770058571.551577806,44.300000000,-1.725585306,-1.593449735,2.191455767,-0.600873689,1.405339016,4.028571308,-0.006729009,-0.032383908,0.032849275,-0.000456362,-0.006750240,1.202031550
1770058571.651577950,44.400000000,-1.726119888,-1.596017095,2.194056010,-0.600905856,1.404802769,4.123774411,-0.003958981,-0.018957735,0.019158942,-0.000195897,-0.003971089,0.702030518
1770058571.751577854,44.500000000,-1.726375013,-1.597238086,2.195289447,-0.600917960,1.404546867,4.168977455,-0.001142118,-0.005459943,0.005511043,-0.000049567,-0.001145574,0.202030349
1770058571.851577759,44.600000000,-1.726486432,-1.597770680,2.195826993,-0.600922762,1.404435110,4.165177290,-0.000000184,-0.000000253,-0.000000129,0.000000381,-0.000000183,-0.280420955
1770058571.951577902,44.700000000,-1.726486467,-1.597770727,2.195826968,-0.600922690,1.404435076,4.112135648,-0.000000512,-0.000000703,-0.000000358,0.000001061,-0.000000509,-0.780413938
1770058572.051577806,44.800000000,-1.726486535,-1.597770820,2.195826921,-0.600922550,1.404435008,4.009094492,-0.000000840,-0.000001154,-0.000000588,0.000001742,-0.000000837,-1.280408403
1770058572.151577950,44.900000000,-1.726486605,-1.597770898,2.195826888,-0.600922440,1.404434938,3.856053904,-0.000000021,0.000000674,0.000000609,-0.000001283,-0.000000032,-1.780403311
1770058572.251577854,45.000000000,-1.726486607,-1.597770822,2.195826957,-0.600922584,1.404434935,3.656473945,-0.000000025,0.000000793,0.000000717,-0.000001509,-0.000000037,-2.094395102
1770058572.351577759,45.100000000,-1.726486644,-1.597770751,2.195827031,-0.600922728,1.404434896,3.447034435,-0.000000451,0.000000693,0.000000744,-0.000001435,-0.000000462,-2.094395102
1770058572.451577902,45.200000000,-1.726486707,-1.597770689,2.195827104,-0.600922863,1.404434833,3.237594925,-0.000000839,0.000000537,0.000000712,-0.000001245,-0.000000850,-2.094395102
1770058572.551577806,45.300000000,-1.726486794,-1.597770637,2.195827174,-0.600922985,1.404434745,3.028155415,-0.000001160,0.000000337,0.000000622,-0.000000953,-0.000001168,-2.094395102
1770058572.651577950,45.400000000,-1.726486910,-1.597770603,2.195827236,-0.600923081,1.404434628,2.818715904,-0.000001160,0.000000337,0.000000622,-0.000000953,-0.000001168,-2.094395102
1770058572.751577854,45.500000000,-1.726487042,-1.597770586,2.195827288,-0.600923149,1.404434495,2.609276394,-0.000001387,0.000000111,0.000000481,-0.000000585,-0.000001392,-2.094395102
1770058572.851577759,45.600000000,-1.726487185,-1.597770583,2.195827330,-0.600923193,1.404434352,2.399836884,-0.000001502,-0.000000125,0.000000302,-0.000000169,-0.000001503,-2.094395102
1770058572.951577902,45.700000000,-1.726487335,-1.597770596,2.195827360,-0.600923210,1.404434202,2.190397374,-0.000001502,-0.000000125,0.000000302,-0.000000169,-0.000001503,-2.094395102
1770058573.051577806,45.800000000,-1.726487484,-1.597770631,2.195827370,-0.600923184,1.404434052,1.980957863,-0.000001494,-0.000000351,0.000000098,0.000000261,-0.000001492,-2.094395102
1770058573.151577950,45.900000000,-1.726487626,-1.597770678,2.195827366,-0.600923132,1.404433911,1.771519479,-0.000001364,-0.000000547,-0.000000114,0.000000668,-0.000001359,-2.091039489
1770058573.251577854,46.000000000,-1.726487742,-1.597770729,2.195827353,-0.600923068,1.404433795,1.587415515,-0.000000856,-0.000000532,-0.000000241,0.000000778,-0.000000850,-1.591039647
1770058573.351577759,46.100000000,-1.726487815,-1.597770774,2.195827333,-0.600923002,1.404433724,1.453311550,-0.000000587,-0.000000365,-0.000000165,0.000000533,-0.000000583,-1.091039646
1770058573.451577902,46.200000000,-1.726487860,-1.597770802,2.195827320,-0.600922961,1.404433679,1.369207585,-0.000000318,-0.000000198,-0.000000089,0.000000289,-0.000000316,-0.591039647
1770058573.551577806,46.300000000,-1.726265851,-1.596682646,2.194766368,-0.600950463,1.404656067,1.334407978,0.017977628,0.088109408,-0.085905461,-0.002228185,0.018008327,-0.131974819
1770058573.651577950,46.400000000,-1.724884434,-1.589912283,2.188165367,-0.601121690,1.406039835,1.344945066,0.000000133,0.000000095,0.000000064,-0.000000206,-0.000000061,0.326842535
1770058573.751577854,46.500000000,-1.724884411,-1.589912266,2.188165378,-0.601121728,1.406039825,1.402629112,0.000000342,0.000000243,0.000000176,-0.000000579,-0.000000138,0.826835462
1770058573.851577759,46.600000000,-1.724884365,-1.589912234,2.188165402,-0.601121808,1.406039808,1.510312374,0.000000564,0.000000399,0.000000313,-0.000001041,-0.000000179,1.326828896
1770058573.951577902,46.700000000,-1.724884287,-1.589912188,2.188165432,-0.601121913,1.406039828,1.667994910,0.000001180,0.000000473,0.000000099,-0.000000581,0.000001176,1.826821227
1770058574.051577806,46.800000000,-1.724884156,-1.589912136,2.188165443,-0.601121978,1.406039959,1.870274098,0.000001353,0.000000543,0.000000114,-0.000000666,0.000001349,2.094395102
1770058574.151577950,46.900000000,-1.724884010,-1.589912098,2.188165437,-0.601122010,1.406040104,2.079713608,0.000001479,0.000000347,-0.000000097,-0.000000257,0.000001477,2.094395102
1770058574.251577854,47.000000000,-1.724883862,-1.589912074,2.188165417,-0.601122015,1.406040253,2.289153118,0.000001487,0.000000122,-0.000000300,0.000000170,0.000001488,2.094395102
1770058574.351577759,47.100000000,-1.724883714,-1.589912065,2.188165385,-0.601121994,1.406040400,2.498592628,0.000001373,-0.000000112,-0.000000479,0.000000584,0.000001378,2.094395102
1770058574.451577902,47.200000000,-1.724883577,-1.589912076,2.188165337,-0.601121935,1.406040538,2.708032139,0.000001373,-0.000000112,-0.000000479,0.000000584,0.000001378,2.094395102
1770058574.551577806,47.300000000,-1.724883456,-1.589912104,2.188165279,-0.601121849,1.406040659,2.917471649,0.000001149,-0.000000337,-0.000000618,0.000000950,0.000001156,2.094395102
1770058574.651577950,47.400000000,-1.724883354,-1.589912145,2.188165214,-0.601121743,1.406040763,3.126911159,0.000000831,-0.000000535,-0.000000708,0.000001239,0.000000841,2.094395102
1770058574.751577854,47.500000000,-1.724883272,-1.589912199,2.188165143,-0.601121619,1.406040846,3.336350669,0.000000446,-0.000000690,-0.000000740,0.000001428,0.000000458,2.094395102
1770058574.851577759,47.600000000,-1.724883227,-1.589912268,2.188165069,-0.601121476,1.406040892,3.545790180,0.000000446,-0.000000690,-0.000000740,0.000001428,0.000000458,2.094395102
1770058574.951577902,47.700000000,-1.724883210,-1.589912344,2.188164997,-0.601121329,1.406040910,3.755203008,0.000000025,-0.000000782,-0.000000707,0.000001490,0.000000037,2.078060712
1770058575.051577806,47.800000000,-1.724883215,-1.589912413,2.188164936,-0.601121198,1.406040906,3.938009080,-0.000000300,-0.000000620,-0.000000473,0.000001095,-0.000000291,1.578060712
1770058575.151577950,47.900000000,-1.724883240,-1.589912465,2.188164896,-0.601121106,1.406040882,4.070815151,-0.000000205,-0.000000424,-0.000000323,0.000000748,-0.000000199,1.078060712
1770058575.251577854,48.000000000,-1.724883256,-1.589912498,2.188164871,-0.601121049,1.406040866,4.153621222,-0.000000110,-0.000000227,-0.000000173,0.000000401,-0.000000107,0.578060712
1770058575.351577759,48.100000000,-1.724619963,-1.588604436,2.186876181,-0.601140773,1.406304673,4.187213514,0.018742520,0.093113339,-0.091732825,-0.001405604,0.018779126,0.118321260
1770058575.451577902,48.200000000,-1.723311568,-1.582104298,2.180472430,-0.601238915,1.407615617,4.175409515,0.000000033,0.000000125,0.000000138,-0.000000366,-0.000000146,-0.340792290
1770058575.551577806,48.300000000,-1.723311562,-1.582104276,2.180472453,-0.601238977,1.407615591,4.116330593,0.000000074,0.000000305,0.000000327,-0.000000851,-0.000000387,-0.840783827
1770058575.651577950,48.400000000,-1.723311554,-1.582104237,2.180472495,-0.601239083,1.407615539,4.007252504,0.000000101,0.000000477,0.000000492,-0.000001246,-0.000000663,-1.340777356
1770058575.751577854,48.500000000,-1.723311547,-1.582104180,2.180472550,-0.601239214,1.407615484,3.848175141,-0.000000022,0.000000690,0.000000622,-0.000001310,-0.000000033,-1.840769726
1770058575.851577759,48.600000000,-1.723311549,-1.582104104,2.180472619,-0.601239358,1.407615481,3.645168952,-0.000000025,0.000000785,0.000000708,-0.000001491,-0.000000037,-2.094395102
1770058575.951577902,48.700000000,-1.723311588,-1.582104034,2.180472692,-0.601239501,1.407615441,3.435729442,-0.000000442,0.000000687,0.000000736,-0.000001421,-0.000000453,-2.094395102
1770058576.051577806,48.800000000,-1.723311651,-1.582103973,2.180472764,-0.601239634,1.407615377,3.226289932,-0.000000823,0.000000534,0.000000704,-0.000001234,-0.000000833,-2.094395102
1770058576.151577950,48.900000000,-1.723311738,-1.582103922,2.180472833,-0.601239753,1.407615289,3.016850421,-0.000001137,0.000000337,0.000000615,-0.000000947,-0.000001145,-2.094395102
1770058576.251577854,49.000000000,-1.723311852,-1.582103888,2.180472895,-0.601239848,1.407615174,2.807410911,-0.000001137,0.000000337,0.000000615,-0.000000947,-0.000001145,-2.094395102
1770058576.351577759,49.100000000,-1.723311983,-1.582103872,2.180472945,-0.601239914,1.407615043,2.597971401,-0.000001360,0.000000114,0.000000476,-0.000000583,-0.000001364,-2.094395102
1770058576.451577902,49.200000000,-1.723312123,-1.582103870,2.180472986,-0.601239955,1.407614902,2.388531891,-0.000001472,-0.000000119,0.000000299,-0.000000171,-0.000001473,-2.094395102
1770058576.551577806,49.300000000,-1.723312271,-1.582103883,2.180473014,-0.601239970,1.407614755,2.179092380,-0.000001465,-0.000000342,0.000000097,0.000000254,-0.000001463,-2.094395102
1770058576.651577950,49.400000000,-1.723312417,-1.582103918,2.180473024,-0.601239945,1.407614608,1.969652870,-0.000001465,-0.000000342,0.000000097,0.000000254,-0.000001463,-2.094395102
1770058576.751577854,49.500000000,-1.723312555,-1.582103965,2.180473019,-0.601239892,1.407614471,1.760303557,-0.000001320,-0.000000530,-0.000000111,0.000000649,-0.000001315,-2.064362301
1770058576.851577759,49.600000000,-1.723312666,-1.582104015,2.180473006,-0.601239828,1.407614360,1.578867327,-0.000000825,-0.000000515,-0.000000234,0.000000754,-0.000000819,-1.564362301
1770058576.951577902,49.700000000,-1.723312736,-1.582104058,2.180472986,-0.601239765,1.407614291,1.447431097,-0.000000561,-0.000000351,-0.000000159,0.000000513,-0.000000557,-1.064362301
1770058577.051577806,49.800000000,-1.723312779,-1.582104085,2.180472974,-0.601239726,1.407614248,1.365994867,-0.000000298,-0.000000186,-0.000000084,0.000000272,-0.000000296,-0.564362301
1770058577.151577950,49.900000000,-1.722997462,-1.580516234,2.178892571,-0.601247592,1.407930260,1.333661048,0.019573714,0.098563698,-0.098100489,-0.000489225,0.019616838,-0.104261270
1770058577.251577854,50.000000000,-1.721771793,-1.574344394,2.172749746,-0.601278238,1.409158621,1.346792714,0.000000143,0.000000102,0.000000068,-0.000000221,-0.000000063,0.355814600
1770058577.351577759,50.100000000,-1.721771768,-1.574344377,2.172749758,-0.601278278,1.409158611,1.407373913,0.000000349,0.000000249,0.000000179,-0.000000588,-0.000000136,0.855807300
1770058577.451577902,50.200000000,-1.721771722,-1.574344344,2.172749782,-0.601278358,1.409158595,1.517954328,0.000000569,0.000000403,0.000000314,-0.000001043,-0.000000174,1.355800807
1770058577.551577806,50.300000000,-1.721771641,-1.574344299,2.172749810,-0.601278459,1.409158623,1.678534013,0.000001175,0.000000472,0.000000100,-0.000000581,0.000001171,1.855793169
1770058577.651577950,50.400000000,-1.721771512,-1.574344247,2.172749821,-0.601278523,1.409158752,1.882279695,0.000001326,0.000000533,0.000000113,-0.000000655,0.000001322,2.094395102
1770058577.751577854,50.500000000,-1.721771368,-1.574344211,2.172749814,-0.601278552,1.409158895,2.091719205,0.000001450,0.000000338,-0.000000096,-0.000000250,0.000001448,2.094395102
1770058577.851577759,50.600000000,-1.721771223,-1.574344189,2.172749793,-0.601278555,1.409159041,2.301158715,0.000001457,0.000000116,-0.000000297,0.000000173,0.000001459,2.094395102
1770058577.951577902,50.700000000,-1.721771079,-1.574344181,2.172749761,-0.601278531,1.409159185,2.510598226,0.000001346,-0.000000115,-0.000000474,0.000000581,0.000001351,2.094395102
1770058578.051577806,50.800000000,-1.721770945,-1.574344193,2.172749713,-0.601278472,1.409159320,2.720037736,0.000001346,-0.000000115,-0.000000474,0.000000581,0.000001351,2.094395102
1770058578.151577950,50.900000000,-1.721770828,-1.574344222,2.172749655,-0.601278385,1.409159437,2.929477246,0.000001126,-0.000000337,-0.000000612,0.000000943,0.000001134,2.094395102
1770058578.251577854,51.000000000,-1.721770729,-1.574344265,2.172749590,-0.601278278,1.409159537,3.138916756,0.000000815,-0.000000532,-0.000000701,0.000001228,0.000000825,2.094395102
1770058578.351577759,51.100000000,-1.721770650,-1.574344319,2.172749519,-0.601278154,1.409159617,3.348356267,0.000000438,-0.000000684,-0.000000732,0.000001414,0.000000449,2.094395102
1770058578.451577902,51.200000000,-1.721770607,-1.574344387,2.172749446,-0.601278012,1.409159661,3.557795777,0.000000438,-0.000000684,-0.000000732,0.000001414,0.000000449,2.094395102
1770058578.551577806,51.300000000,-1.721770592,-1.574344463,2.172749375,-0.601277866,1.409159677,3.767031307,0.000000024,-0.000000763,-0.000000690,0.000001453,0.000000036,2.049230995
1770058578.651577950,51.400000000,-1.721770599,-1.574344530,2.172749316,-0.601277739,1.409159671,3.946954407,-0.000000289,-0.000000602,-0.000000459,0.000001062,-0.000000280,1.549230995
1770058578.751577854,51.500000000,-1.721770623,-1.574344581,2.172749278,-0.601277650,1.409159648,4.076877506,-0.000000195,-0.000000407,-0.000000311,0.000000720,-0.000000190,1.049230995
1770058578.851577759,51.600000000,-1.721770638,-1.574344612,2.172749254,-0.601277596,1.409159633,4.156800606,-0.000000102,-0.000000213,-0.000000163,0.000000377,-0.000000099,0.549230995
1770058578.951577902,51.700000000,-1.721406267,-1.572484975,2.170879619,-0.601268078,1.409524901,4.187731998,0.020069112,0.102425544,-0.102975105,0.000523078,0.020118442,0.089104771
1770058579.051577806,51.800000000,-1.720259511,-1.566632351,2.164995608,-0.601238209,1.410674467,4.173218555,0.000000036,0.000000135,0.000000148,-0.000000392,-0.000000154,-0.370610942
1770058579.151577950,51.900000000,-1.720259505,-1.566632329,2.164995632,-0.601238272,1.410674440,4.111157788,0.000000077,0.000000313,0.000000334,-0.000000867,-0.000000390,-0.870602946
1770058579.251577854,52.000000000,-1.720259496,-1.566632289,2.164995674,-0.601238379,1.410674388,3.999097823,0.000000105,0.000000483,0.000000496,-0.000001254,-0.000000658,-1.370596512
1770058579.351577759,52.100000000,-1.720259490,-1.566632231,2.164995729,-0.601238508,1.410674339,3.837038590,-0.000000022,0.000000693,0.000000626,-0.000001318,-0.000000033,-1.870587254
1770058579.451577902,52.200000000,-1.720259493,-1.566632155,2.164995798,-0.601238652,1.410674335,3.632608734,-0.000000024,0.000000776,0.000000701,-0.000001475,-0.000000037,-2.094395102
1770058579.551577806,52.300000000,-1.720259533,-1.566632087,2.164995870,-0.601238793,1.410674294,3.423169224,-0.000000433,0.000000681,0.000000729,-0.000001407,-0.000000445,-2.094395102
1770058579.651577950,52.400000000,-1.720259598,-1.566632027,2.164995941,-0.601238924,1.410674228,3.213729714,-0.000000807,0.000000531,0.000000697,-0.000001223,-0.000000817,-2.094395102
1770058579.751577854,52.500000000,-1.720259684,-1.566631978,2.164996009,-0.601239040,1.410674140,3.004290204,-0.000001115,0.000000337,0.000000609,-0.000000940,-0.000001123,-2.094395102
1770058579.851577759,52.600000000,-1.720259796,-1.566631944,2.164996070,-0.601239134,1.410674028,2.794850693,-0.000001115,0.000000337,0.000000609,-0.000000940,-0.000001123,-2.094395102
1770058579.951577902,52.700000000,-1.720259926,-1.566631929,2.164996119,-0.601239198,1.410673898,2.585411183,-0.000001333,0.000000116,0.000000471,-0.000000580,-0.000001338,-2.094395102
1770058580.051577806,52.800000000,-1.720260064,-1.566631928,2.164996158,-0.601239237,1.410673759,2.375971673,-0.000001443,-0.000000114,0.000000295,-0.000000174,-0.000001445,-2.094395102
1770058580.151577950,52.900000000,-1.720260208,-1.566631942,2.164996186,-0.601239250,1.410673615,2.166532163,-0.000001436,-0.000000335,0.000000096,0.000000247,-0.000001434,-2.094395102
1770058580.251577854,53.000000000,-1.720260352,-1.566631975,2.164996195,-0.601239225,1.410673471,1.957092652,-0.000001436,-0.000000335,0.000000096,0.000000247,-0.000001434,-2.094395102
1770058580.351577759,53.100000000,-1.720260486,-1.566632023,2.164996189,-0.601239171,1.410673337,1.748011393,-0.000001275,-0.000000513,-0.000000108,0.000000629,-0.000001270,-2.034541073
1770058580.451577902,53.200000000,-1.720260593,-1.566632072,2.164996175,-0.601239107,1.410673231,1.569557286,-0.000000794,-0.000000498,-0.000000227,0.000000729,-0.000000788,-1.534541073
1770058580.551577806,53.300000000,-1.720260659,-1.566632113,2.164996156,-0.601239046,1.410673165,1.441103178,-0.000000535,-0.000000336,-0.000000153,0.000000492,-0.000000531,-1.034541073
1770058580.651577950,53.400000000,-1.720260700,-1.566632139,2.164996145,-0.601239009,1.410673125,1.362649071,-0.000000276,-0.000000173,-0.000000079,0.000000254,-0.000000274,-0.534541073
1770058580.751577854,53.500000000,-1.719843303,-1.564473169,2.162803981,-0.601206361,1.411091656,1.333049440,0.020517853,0.106124563,-0.107755583,0.001604140,0.020573613,-0.075261961
1770058580.851577759,53.600000000,-1.718778472,-1.558965578,2.157211753,-0.601123122,1.412159372,1.348820468,0.000000153,0.000000109,0.000000073,-0.000000234,-0.000000065,0.384151846
1770058580.951577902,53.700000000,-1.718778447,-1.558965560,2.157211766,-0.601123163,1.412159362,1.412235548,0.000000356,0.000000254,0.000000182,-0.000000597,-0.000000134,0.884147488
1770058581.051577806,53.800000000,-1.718778400,-1.558965527,2.157211791,-0.601123245,1.412159346,1.525649938,0.000000578,0.000000410,0.000000325,-0.000001082,-0.000000152,1.384139757
1770058581.151577950,53.900000000,-1.718778317,-1.558965482,2.157211817,-0.601123342,1.412159381,1.689063589,0.000001170,0.000000471,0.000000100,-0.000000580,0.000001166,1.884131659
1770058581.251577854,54.000000000,-1.718778190,-1.558965430,2.157211828,-0.601123405,1.412159508,1.894081362,0.000001301,0.000000524,0.000000111,-0.000000644,0.000001297,2.094395102
1770058581.351577759,54.100000000,-1.718778048,-1.558965396,2.157211819,-0.601123431,1.412159650,2.103520872,0.000001422,0.000000331,-0.000000095,-0.000000243,0.000001420,2.094395102
1770058581.451577902,54.200000000,-1.718777906,-1.558965376,2.157211798,-0.601123431,1.412159792,2.312960382,0.000001429,0.000000111,-0.000000294,0.000000175,0.000001431,2.094395102
1770058581.551577806,54.300000000,-1.718777765,-1.558965370,2.157211764,-0.601123404,1.412159933,2.522399892,0.000001320,-0.000000118,-0.000000469,0.000000579,0.000001325,2.094395102
1770058581.651577950,54.400000000,-1.718777633,-1.558965382,2.157211718,-0.601123346,1.412160066,2.731839402,0.000001320,-0.000000118,-0.000000469,0.000000579,0.000001325,2.094395102
1770058581.751577854,54.500000000,-1.718777520,-1.558965413,2.157211659,-0.601123257,1.412160180,2.941278913,0.000001105,-0.000000337,-0.000000605,0.000000936,0.000001112,2.094395102
1770058581.851577759,54.600000000,-1.718777425,-1.558965456,2.157211594,-0.601123150,1.412160276,3.150718423,0.000000799,-0.000000529,-0.000000693,0.000001218,0.000000809,2.094395102
1770058581.951577902,54.700000000,-1.718777350,-1.558965511,2.157211524,-0.601123025,1.412160352,3.360157933,0.000000429,-0.000000678,-0.000000725,0.000001401,0.000000441,2.094395102
1770058582.051577806,54.800000000,-1.718777307,-1.558965579,2.157211452,-0.601122885,1.412160396,3.569597443,0.000000429,-0.000000678,-0.000000725,0.000001401,0.000000441,2.094395102
1770058582.151577950,54.900000000,-1.718777295,-1.558965654,2.157211382,-0.601122740,1.412160409,3.778494615,0.000000023,-0.000000745,-0.000000673,0.000001418,0.000000035,2.020751460
1770058582.251577854,55.000000000,-1.718777303,-1.558965720,2.157211325,-0.601122617,1.412160401,3.955569761,-0.000000278,-0.000000584,-0.000000446,0.000001031,-0.000000269,1.520751460
1770058582.351577759,55.100000000,-1.718777326,-1.558965768,2.157211287,-0.601122531,1.412160379,4.082644907,-0.000000186,-0.000000392,-0.000000299,0.000000692,-0.000000181,1.020751460
1770058582.451577902,55.200000000,-1.718777341,-1.558965798,2.157211265,-0.601122479,1.412160365,4.159720053,-0.000000095,-0.000000200,-0.000000153,0.000000353,-0.000000092,0.520751460
1770058582.551577806,55.300000000,-1.718318397,-1.556560167,2.154744729,-0.601062171,1.412620677,4.188053191,0.020607536,0.108017277,-0.110751190,0.002707110,0.020668990,0.061966289
1770058582.651577950,55.400000000,-1.717323241,-1.551343923,2.149396477,-0.600931462,1.413618792,4.171103626,0.000000039,0.000000143,0.000000156,-0.000000412,-0.000000160,-0.396501385
1770058582.751577854,55.500000000,-1.717323235,-1.551343900,2.149396502,-0.600931527,1.413618765,4.106453607,0.000000079,0.000000319,0.000000339,-0.000000878,-0.000000390,-0.896496967
1770058582.851577759,55.600000000,-1.717323226,-1.551343860,2.149396544,-0.600931634,1.413618713,3.991804286,0.000000103,0.000000485,0.000000489,-0.000001221,-0.000000664,-1.396489264
1770058582.951577902,55.700000000,-1.717323221,-1.551343801,2.149396600,-0.600931762,1.413618668,3.827155703,-0.000000022,0.000000695,0.000000628,-0.000001322,-0.000000033,-1.896481172
1770058583.051577806,55.800000000,-1.717323223,-1.551343726,2.149396668,-0.600931905,1.413618665,3.621633850,-0.000000024,0.000000768,0.000000694,-0.000001460,-0.000000036,-2.094395102
1770058583.151577950,55.900000000,-1.717323265,-1.551343658,2.149396740,-0.600932045,1.413618622,3.412194340,-0.000000425,0.000000675,0.000000721,-0.000001394,-0.000000437,-2.094395102
1770058583.251577854,56.000000000,-1.717323330,-1.551343600,2.149396810,-0.600932173,1.413618556,3.202754830,-0.000000792,0.000000527,0.000000690,-0.000001212,-0.000000802,-2.094395102
1770058583.351577759,56.100000000,-1.717323417,-1.551343552,2.149396877,-0.600932287,1.413618468,2.993315320,-0.000001094,0.000000337,0.000000602,-0.000000933,-0.000001102,-2.094395102
1770058583.451577902,56.200000000,-1.717323526,-1.551343518,2.149396937,-0.600932380,1.413618358,2.783875809,-0.000001094,0.000000337,0.000000602,-0.000000933,-0.000001102,-2.094395102
1770058583.551577806,56.300000000,-1.717323654,-1.551343504,2.149396985,-0.600932442,1.413618229,2.574436299,-0.000001308,0.000000119,0.000000466,-0.000000578,-0.000001313,-2.094395102
1770058583.651577950,56.400000000,-1.717323791,-1.551343504,2.149397023,-0.600932479,1.413618092,2.364996789,-0.000001416,-0.000000109,0.000000292,-0.000000176,-0.000001417,-2.094395102
1770058583.751577854,56.500000000,-1.717323932,-1.551343519,2.149397049,-0.600932490,1.413617951,2.155557279,-0.000001409,-0.000000327,0.000000095,0.000000240,-0.000001407,-2.094395102
1770058583.851577759,56.600000000,-1.717324073,-1.551343551,2.149397058,-0.600932466,1.413617810,1.946117768,-0.000001409,-0.000000327,0.000000095,0.000000240,-0.000001407,-2.094395102
1770058583.951577902,56.700000000,-1.717324204,-1.551343599,2.149397051,-0.600932410,1.413617680,1.737416643,-0.000001235,-0.000000498,-0.000000106,0.000000611,-0.000001230,-2.008465790
1770058584.051577806,56.800000000,-1.717324306,-1.551343647,2.149397037,-0.600932347,1.413617578,1.561570064,-0.000000765,-0.000000482,-0.000000221,0.000000707,-0.000000759,-1.508465790
1770058584.151577950,56.900000000,-1.717324370,-1.551343687,2.149397018,-0.600932288,1.413617515,1.435723485,-0.000000512,-0.000000322,-0.000000148,0.000000473,-0.000000508,-1.008465790
1770058584.251577854,57.000000000,-1.717324408,-1.551343711,2.149397007,-0.600932253,1.413617477,1.359876906,-0.000000258,-0.000000162,-0.000000074,0.000000238,-0.000000256,-0.508465790
1770058584.351577759,57.100000000,-1.716822324,-1.548676817,2.146636256,-0.600839044,1.414121193,1.332647574,0.020708078,0.109991532,-0.113862008,0.003843739,0.020775409,-0.050476311
1770058584.451577902,57.200000000,-1.715897546,-1.543764866,2.141551468,-0.600667404,1.415048969,1.350634938,0.000000160,0.000000114,0.000000076,-0.000000244,-0.000000066,0.407731330
1770058584.551577806,57.300000000,-1.715897520,-1.543764847,2.141551481,-0.600667446,1.415048959,1.416407738,0.000000361,0.000000258,0.000000185,-0.000000602,-0.000000131,0.907724095
1770058584.651577950,57.400000000,-1.715897473,-1.543764814,2.141551506,-0.600667529,1.415048944,1.532179746,0.000000580,0.000000411,0.000000325,-0.000001080,-0.000000147,1.407716282
1770058584.751577854,57.500000000,-1.715897388,-1.543764769,2.141551531,-0.600667621,1.415048985,1.697951010,0.000001162,0.000000469,0.000000101,-0.000000578,0.000001158,1.907708173
1770058584.851577759,57.600000000,-1.715897263,-1.543764718,2.141551542,-0.600667683,1.415049110,1.903904650,0.000001395,0.000000323,-0.000000094,-0.000000237,0.000001394,2.094395102
1770058584.951577902,57.700000000,-1.715897123,-1.543764686,2.141551532,-0.600667707,1.415049249,2.113344160,0.000001395,0.000000323,-0.000000094,-0.000000237,0.000001394,2.094395102
1770058585.051577806,57.800000000,-1.715896983,-1.543764668,2.141551510,-0.600667704,1.415049389,2.322783670,0.000001402,0.000000106,-0.000000291,0.000000177,0.000001404,2.094395102
1770058585.151577950,57.900000000,-1.715896846,-1.543764663,2.141551476,-0.600667676,1.415049527,2.532223181,0.000001296,-0.000000120,-0.000000464,0.000000577,0.000001300,2.094395102
1770058585.251577854,58.000000000,-1.715896716,-1.543764675,2.141551430,-0.600667618,1.415049657,2.741662691,0.000001296,-0.000000120,-0.000000464,0.000000577,0.000001300,2.094395102
1770058585.351577759,58.100000000,-1.715896606,-1.543764707,2.141551371,-0.600667528,1.415049768,2.951102201,0.000001084,-0.000000336,-0.000000599,0.000000929,0.000001091,2.094395102
1770058585.451577902,58.200000000,-1.715896514,-1.543764751,2.141551307,-0.600667420,1.415049861,3.160541711,0.000000784,-0.000000525,-0.000000686,0.000001207,0.000000794,2.094395102
1770058585.551577806,58.300000000,-1.715896442,-1.543764806,2.141551237,-0.600667296,1.415049934,3.369981222,0.000000421,-0.000000672,-0.000000717,0.000001387,0.000000433,2.094395102
1770058585.651577950,58.400000000,-1.715896400,-1.543764873,2.141551166,-0.600667157,1.415049977,3.579420732,0.000000421,-0.000000672,-0.000000717,0.000001387,0.000000433,2.094395102
1770058585.751577854,58.500000000,-1.715896391,-1.543764948,2.141551097,-0.600667014,1.415049988,3.787911675,0.000000023,-0.000000728,-0.000000659,0.000001387,0.000000034,1.997000709
1770058585.851577759,58.600000000,-1.715896400,-1.543765012,2.141551041,-0.600666894,1.415049979,3.962611746,-0.000000268,-0.000000567,-0.000000434,0.000001004,-0.000000260,1.497000709
1770058585.951577902,58.700000000,-1.715896422,-1.543765059,2.141551005,-0.600666810,1.415049958,4.087311817,-0.000000179,-0.000000378,-0.000000289,0.000000668,-0.000000173,0.997000709
1770058586.051577806,58.800000000,-1.715896436,-1.543765088,2.141550983,-0.600666760,1.415049945,4.162011887,-0.000000089,-0.000000188,-0.000000144,0.000000333,-0.000000086,0.497000709
1770058586.151577950,58.900000000,-1.715363552,-1.540897029,2.138553831,-0.600538350,1.415584707,4.188192085,0.020534338,0.110518286,-0.115492118,0.004947512,0.020606735,0.039447711
1770058586.251577854,59.000000000,-1.714496103,-1.536228319,2.133675023,-0.600329369,1.416455205,4.169240367,0.000000041,0.000000149,0.000000162,-0.000000427,-0.000000164,-0.417837073
1770058586.351577759,59.100000000,-1.714496097,-1.536228295,2.133675049,-0.600329435,1.416455177,4.102456990,0.000000081,0.000000323,0.000000342,-0.000000885,-0.000000388,-0.917830066
1770058586.451577902,59.200000000,-1.714496088,-1.536228254,2.133675091,-0.600329542,1.416455125,3.985674398,0.000000106,0.000000488,0.000000490,-0.000001222,-0.000000655,-1.417822283
1770058586.551577806,59.300000000,-1.714496083,-1.536228196,2.133675146,-0.600329669,1.416455085,3.818892550,-0.000000022,0.000000696,0.000000629,-0.000001323,-0.000000033,-1.917814178
1770058586.651577950,59.400000000,-1.714496086,-1.536228121,2.133675214,-0.600329811,1.416455081,3.612571790,-0.000000417,0.000000668,0.000000714,-0.000001380,-0.000000429,-2.094395102
1770058586.751577854,59.500000000,-1.714496128,-1.536228054,2.133675285,-0.600329949,1.416455038,3.403132280,-0.000000417,0.000000668,0.000000714,-0.000001380,-0.000000429,-2.094395102
1770058586.851577759,59.600000000,-1.714496193,-1.536227997,2.133675354,-0.600330075,1.416454971,3.193692770,-0.000000777,0.000000523,0.000000683,-0.000001202,-0.000000787,-2.094395102
1770058586.951577902,59.700000000,-1.714496279,-1.536227950,2.133675420,-0.600330187,1.416454884,2.984253260,-0.000001074,0.000000336,0.000000596,-0.000000926,-0.000001081,-2.094395102
1770058587.051577806,59.800000000,-1.714496387,-1.536227916,2.133675480,-0.600330280,1.416454776,2.774813749,-0.000001074,0.000000336,0.000000596,-0.000000926,-0.000001081,-2.094395102
1770058587.151577950,59.900000000,-1.714496514,-1.536227903,2.133675527,-0.600330340,1.416454648,2.565374239,-0.000001283,0.000000121,0.000000462,-0.000000575,-0.000001288,-2.094395102
1770058587.251577854,60.000000000,-1.714496648,-1.536227904,2.133675563,-0.600330375,1.416454514,2.355934729,-0.000001389,-0.000000104,0.000000289,-0.000000178,-0.000001391,-2.094395102
1770058587.351577759,60.100000000,-1.714496787,-1.536227918,2.133675588,-0.600330384,1.416454375,2.146495219,-0.000001382,-0.000000320,0.000000094,0.000000234,-0.000001381,-2.094395102
1770058587.451577902,60.200000000,-1.714496925,-1.536227950,2.133675598,-0.600330361,1.416454237,1.937055708,-0.000001382,-0.000000320,0.000000094,0.000000234,-0.000001381,-2.094395102
1770058587.551577806,60.300000000,-1.714497053,-1.536227998,2.133675590,-0.600330304,1.416454110,1.728770367,-0.000001199,-0.000000484,-0.000000104,0.000000595,-0.000001194,-1.986962885
1770058587.651577950,60.400000000,-1.714497151,-1.536228045,2.133675575,-0.600330242,1.416454012,1.555074078,-0.000000740,-0.000000468,-0.000000216,0.000000688,-0.000000735,-1.486962885
1770058587.751577854,60.500000000,-1.714497212,-1.536228084,2.133675557,-0.600330185,1.416453951,1.431377790,-0.000000491,-0.000000311,-0.000000143,0.000000457,-0.000000488,-0.986962885
1770058587.851577759,60.600000000,-1.714497249,-1.536228107,2.133675546,-0.600330151,1.416453915,1.357681501,-0.000000242,-0.000000153,-0.000000071,0.000000225,-0.000000241,-0.486962885
1770058587.951577902,60.700000000,-1.713931514,-1.533142937,2.130421427,-0.600161922,1.417021802,1.332393834,0.020434806,0.111436823,-0.117538857,0.006076033,0.020512556,-0.030166092
1770058588.051577806,60.800000000,-1.713122617,-1.528731825,2.125768783,-0.599921421,1.417833767,1.352178855,0.000000165,0.000000118,0.000000078,-0.000000252,-0.000000065,0.426891559
1770058588.151577950,60.900000000,-1.713122590,-1.528731806,2.125768796,-0.599921464,1.417833757,1.419867510,0.000000364,0.000000260,0.000000186,-0.000000604,-0.000000127,0.926882511
1770058588.251577854,61.000000000,-1.713122543,-1.528731772,2.125768821,-0.599921547,1.417833743,1.537555323,0.000000580,0.000000412,0.000000325,-0.000001075,-0.000000140,1.426874625
1770058588.351577759,61.100000000,-1.713122458,-1.528731728,2.125768845,-0.599921636,1.417833788,1.705242390,0.000001152,0.000000465,0.000000101,-0.000000574,0.000001148,1.926866504
1770058588.451577902,61.200000000,-1.713122334,-1.528731679,2.125768854,-0.599921696,1.417833912,1.911874646,0.000001370,0.000000316,-0.000000093,-0.000000231,0.000001368,2.094395102
1770058588.551577806,61.300000000,-1.713122197,-1.528731647,2.125768845,-0.599921719,1.417834049,2.121314156,0.000001370,0.000000316,-0.000000093,-0.000000231,0.000001368,2.094395102
1770058588.651577950,61.400000000,-1.713122059,-1.528731630,2.125768823,-0.599921714,1.417834186,2.330753666,0.000001376,0.000000101,-0.000000288,0.000000179,0.000001378,2.094395102
1770058588.751577854,61.500000000,-1.713121925,-1.528731627,2.125768789,-0.599921684,1.417834321,2.540193176,0.000001272,-0.000000122,-0.000000459,0.000000574,0.000001276,2.094395102
1770058588.851577759,61.600000000,-1.713121798,-1.528731639,2.125768743,-0.599921626,1.417834448,2.749632687,0.000001272,-0.000000122,-0.000000459,0.000000574,0.000001276,2.094395102
1770058588.951577902,61.700000000,-1.713121690,-1.528731671,2.125768684,-0.599921536,1.417834557,2.959072197,0.000001064,-0.000000335,-0.000000593,0.000000923,0.000001071,2.094395102
1770058589.051577806,61.800000000,-1.713121601,-1.528731716,2.125768620,-0.599921428,1.417834647,3.168511707,0.000000770,-0.000000521,-0.000000679,0.000001197,0.000000780,2.094395102
1770058589.151577950,61.900000000,-1.713121532,-1.528731771,2.125768551,-0.599921304,1.417834717,3.377951217,0.000000413,-0.000000665,-0.000000710,0.000001374,0.000000425,2.094395102
1770058589.251577854,62.000000000,-1.713121491,-1.528731838,2.125768480,-0.599921167,1.417834759,3.587390728,0.000000413,-0.000000665,-0.000000710,0.000001374,0.000000425,2.094395102
1770058589.351577759,62.100000000,-1.713121483,-1.528731911,2.125768412,-0.599921025,1.417834768,3.795467980,0.000000022,-0.000000713,-0.000000646,0.000001359,0.000000034,1.977679316
1770058589.451577902,62.200000000,-1.713121493,-1.528731975,2.125768358,-0.599920907,1.417834759,3.968235911,-0.000000260,-0.000000553,-0.000000425,0.000000980,-0.000000252,1.477679316
1770058589.551577806,62.300000000,-1.713121515,-1.528732021,2.125768322,-0.599920826,1.417834738,4.091003843,-0.000000172,-0.000000366,-0.000000281,0.000000648,-0.000000166,0.977679316
1770058589.651577950,62.400000000,-1.713121528,-1.528732048,2.125768302,-0.599920778,1.417834726,4.163771775,-0.000000084,-0.000000179,-0.000000137,0.000000317,-0.000000081,0.477679316
1770058589.751577854,62.500000000,-1.712535426,-1.525493711,2.122321246,-0.599712800,1.418423224,4.188212681,0.020114809,0.111138040,-0.118300583,0.007137135,0.020197057,0.021272227
1770058589.851577759,62.600000000,-1.711771947,-1.521275355,2.117831045,-0.599441924,1.419189815,4.167662594,0.000000043,0.000000153,0.000000166,-0.000000438,-0.000000167,-0.434889478
1770058589.951577902,62.700000000,-1.711771941,-1.521275331,2.117831071,-0.599441991,1.419189787,4.099174145,0.000000083,0.000000326,0.000000344,-0.000000888,-0.000000385,-0.934880635
1770058590.051577806,62.800000000,-1.711771931,-1.521275290,2.117831113,-0.599442097,1.419189736,3.980686529,0.000000109,0.000000489,0.000000490,-0.000001219,-0.000000645,-1.434872780
1770058590.151577950,62.900000000,-1.711771926,-1.521275231,2.117831168,-0.599442223,1.419189699,3.812199659,-0.000000022,0.000000694,0.000000628,-0.000001321,-0.000000033,-1.934864663
1770058590.251577854,63.000000000,-1.711771931,-1.521275158,2.117831235,-0.599442363,1.419189693,3.605305816,-0.000000410,0.000000662,0.000000707,-0.000001367,-0.000000421,-2.094395102
1770058590.351577759,63.100000000,-1.711771972,-1.521275092,2.117831306,-0.599442500,1.419189651,3.395866306,-0.000000410,0.000000662,0.000000707,-0.000001367,-0.000000421,-2.094395102
1770058590.451577902,63.200000000,-1.711772037,-1.521275035,2.117831375,-0.599442625,1.419189584,3.186426795,-0.000000763,0.000000519,0.000000676,-0.000001191,-0.000000773,-2.094395102
1770058590.551577806,63.300000000,-1.711772123,-1.521274989,2.117831439,-0.599442735,1.419189498,2.976987285,-0.000001054,0.000000334,0.000000590,-0.000000919,-0.000001062,-2.094395102
1770058590.651577950,63.400000000,-1.711772229,-1.521274956,2.117831498,-0.599442827,1.419189391,2.767547775,-0.000001054,0.000000334,0.000000590,-0.000000919,-0.000001062,-2.094395102
1770058590.751577854,63.500000000,-1.711772354,-1.521274943,2.117831545,-0.599442885,1.419189266,2.558108265,-0.000001260,0.000000123,0.000000457,-0.000000572,-0.000001265,-2.094395102
1770058590.851577759,63.600000000,-1.711772486,-1.521274944,2.117831580,-0.599442919,1.419189133,2.348668754,-0.000001364,-0.000000099,0.000000287,-0.000000179,-0.000001365,-2.094395102
1770058590.951577902,63.700000000,-1.711772622,-1.521274959,2.117831604,-0.599442927,1.419188997,2.139229244,-0.000001357,-0.000000313,0.000000093,0.000000228,-0.000001355,-2.094395102
1770058591.051577806,63.800000000,-1.711772758,-1.521274990,2.117831613,-0.599442904,1.419188861,1.929789734,-0.000001357,-0.000000313,0.000000093,0.000000228,-0.000001355,-2.094395102
1770058591.151577950,63.900000000,-1.711772883,-1.521275038,2.117831605,-0.599442848,1.419188737,1.721805667,-0.000001169,-0.000000473,-0.000000102,0.000000582,-0.000001164,-1.973753369
1770058591.251577854,64.000000000,-1.711772978,-1.521275084,2.117831590,-0.599442786,1.419188643,1.549430330,-0.000000720,-0.000000457,-0.000000212,0.000000673,-0.000000715,-1.473753369
1770058591.351577759,64.100000000,-1.711773037,-1.521275122,2.117831572,-0.599442730,1.419188583,1.427054993,-0.000000476,-0.000000302,-0.000000140,0.000000445,-0.000000472,-0.973753369
1770058591.451577902,64.200000000,-1.711773073,-1.521275144,2.117831562,-0.599442697,1.419188548,1.354679656,-0.000000231,-0.000000147,-0.000000068,0.000000216,-0.000000230,-0.473753369
1770058591.546328545,64.294750673,-1.711773084,-1.521275151,2.117831559,-0.599442687,1.419188537,1.332235431,0.000000000,0.000000000,0.000000000,-0.000000000,0.000000000,0.000000000
